sk_movie_id,sk_company_id
e29030913ade50c6cda78634d5fccfa83815d00a742a03afa1b5489c15431e6d,1f8f6ef3aa3c98b5d69b497a62e79574ea53844a4e0d1542cd0bdb88f21c751f
6b6046f45bcfc7aa212f5e36e5e210c81c5759f14dd586de9fcc002176045f16,a9a882b74da46264cad751912a581b59ee00fbb975f9d9dd33f066801ec079bd
5d7c6ff74d1f637a936cf28b8a05717df7c58cfed958cc3f75318a5fea2c6200,c987b192b5a51685b4a8c6111239bb0ce748d522a1124a3c118b2f0a8a49888e
5e75a078ae73e4b38f3f0b2614b20d876f089cf8db7b8f2a2002dbd314226cab,9d7fa8b620a2895db676e6c9fde7194734f5fb984f9ba810fd33357b4c14a5ac
e9e69db60a943ff186018a01ce28aa819f1d685b1c1dcd319411115447b9bb23,0fda042c7b1d7289bc400dd69561fd386d8c8e4f9407e815158ca39524071b28
e40c3c7345afce281a8899a58646d2c1cae1feaca58f3e92bc700609bb3c6df0,78f02ee07537510bf70568a04e686bb63301713ac3df151b2cf516b78620f508
e854d77be577f439550bb5db04fd9d79c458755d7dd614d23be3da3e7fa6fd7a,322af38493d2475e647a450d5b2d6d7c3b105fab7a8ec294e5b81749a5b3cd78
6d475c37d74081b5e5c1c240f06f0c93d2fcd72f07b0cb384d6b5814894cf6dc,54bf45fa43a0fa31a9810fd0e4e839e3e5c3dfd0b0a39371ca0254c5b2b6c9ff
fcb17c206e7c28312f69734cecb1138747742b39661f451dc27df5df8fc3c2e6,c6e2832ccde239660bbd9b5738cf649899eb168f7f25195a8e7d987a829163a0
15b5c0336b4bc37ab9c11a62d28cc565dac99e5f62fafac91ccc9bd1018e7af6,8654fe730befeccdd23cf688b890670e88f6e410888abff085bbb20d16180088
c7ef16a2003698fb2840f9b797bfb4116ad27630d7ee58d1839113bc04e8b2c5,9422d805a52e97282902aa8ab2e0353500869d5f71f4f336c6bd334666f8c1c3
6c79325eab75fbcd7d371cadd0ac8ec404ac94acfe9925b96dd373df17985cb6,45a3e0a94c2cbfb6ddea03fc057177cf5ea785a6d276a6040291adf92580eb0a
7267c76d0a733a17c69860a5748999c681c761e191b502ae500c4f6418a1e739,135fcf324e2ef25bc4f53458909a7c170a2e91d215ef315c9ff387ec59684772
0917df312515921036628069ad728cd86f22ffd75935bbbb309b48040120cfd3,ac452f2c82e35f7bb2ad33c4835d79a2fefacd1f581c6c0ab5b407660399ab79
e9ea8305dee03814d0b2c4e2ff004e36dcf1a89ab5a219152b4a7f57aaa3587f,1f5a539b100ece250606820ec999e702cd760daf4431cce121607e89c670ba2b
eb0ceb39ff28dd6f054a40de7fe2b11f50f07ea6bc89ffedcf710d1c1537c446,dc7d478141dedcfe64d104161cff4fef211d6f9c27cd831945068a924badb539
9065818667c2e37494c483268e59119ccb6cf5bb2804ba88ac0c5949c3f93b13,60527f27b277160813cc2a3fd785d63f2d9fbe1394973821e62e226c99791b82
f29201903f9c0222f02beb9e5402539f56cc93da573235c7f44af1b6be7b3d50,7391a841dafec1817200414ab154ce12d591280c97b4427bd87dabe4647bf766
bcd7cb79966a5f76e69b811f1efa4f83db023572c3196dd656e2bbe530191aad,c6db4f44a684dafd244056a61201ef51b0f5c38d1c7681d8a3aee206ad6df35e
b08e317b87bba2d1eeb7d26cef76dd5a302e50b922753117a58a5d7f8091776c,a2511f8894e6941914067c7177411715261a8fee057d31523e9fee388ad17a53
0d7ae2a4bdbd3e5951467686c48b6e3dc68964720f96b5ecd1aa27d05af21db5,52846b08df3ad05ba3c36316e903da5e844b386ab1554c0802f7f74a83499de5
603f0b39e72be591ffe5e9821558039e4852025b37eb92439ea5dca39b51eb10,0a25013467dc4ffb3ff7a3d9dd16311079c11d5620d5e672e836913984a8c303
0821b10093d3242a3432628d1bebe9feb40d4fdf6608ef2a81114db26b36de68,6265a9a562bbb90737a8b3b947c7b3e84d6d05a38b4f9143cf7c605b05e00fb7
4b1fcda3a211471910bf9facd1d88b3348d214b3982d59cc7af09a5d5394895a,c98cca7f150cccb4a196c9a3ac64575a5cc2b2df9e5ad1870db24b709c2ee76b
bfb37f91700e0aa6364eaee85fa3e87a5d67764cb11a2b089147387b31e20d34,dcedf24e91e96a996e4ce3ab986753434977b2a3214c4e2c3fc44f142d4bb6e5
c6bb38fe3debae78f813f40110dc59e61392adcbc12a9180905af38940b68aeb,d6aabc1bfec4214d7d12538a734726cb256373fadf9f2e865cdafc31a08965d3
b1f28043de9628ba2d58bca5fab65b1c0e8230667399ecefab92a19e4ecfeb32,946e4f95f5a89de2b0e0b495f76f53aa8af2839eb836ac52ab155da6bef9693c
95b24b7f5d3664feeb74daf192bf230263b04f2c7d1e9dd3570d3ca544b57167,da1f7cc70ce19963eba7d163d1813204dde3f7a33e041a60f4b083f7214b55df
a3602b6a4be4c1baebeed47b8462330b0a446a44a11fc553330ce51d280a8c8e,5cc352b38b09eaa19dadf1e37a2dbda6ae9d15e7271973813d25c0263be67364
951eaff42967a63a979bd781d3574c1d5ff0a219ae490e58a8243cd2403898d4,f714327760e8e99cbbd42ec88212955a85be42bfb5b4a75fb200bc5e93e799e5
2416199e2c7bc909c4a2301a77ff9c9fbe7b5aa34a514833b1b48a7ef7a8e056,04ecb4e656a3c5a577981f43bb55dd126641acc9503168e5faa5712ace5b543e
e9bcdee433f789948d6fca9f84df444cab1b7629587ac56cc757fc3c4c93b165,a2fd9be759742008ce9efd9c717f13edfcf5164e5c5e94312acdc545f6243b0a
a6df5b992f85f2ccf294e073eac7a934a31738992369be97395aab21519e5fd2,c12dd0837e8ebdd39cc37adeaef5b6f1abb14ff998146ffa89c44dd37078c6d2
a2fef7ddbcf10e4da73a2ad5ec18cfa9c3cdf25f29fdd1e14b0cec81328b82e7,2bc4062760761984f1339ecfe63832775537dcee192f687ac3b8c1ded82e7187
871a0d1bb54953e37acd305afb63efb40f29cb3830bb5a189e28003548f227de,cb0d17e333ffd317e525a99b2e7249f3dbd67bd19ec5106ce55e5fe52f1c5109
7281b33df73374d4a22bd7e6a73963172b334a9ac529d9386f32903516f3a3ab,621e84f51f529fa50d5cea8ecc182367cebcb55201b8dc15e5030fc4dc720d35
80d514ac67e22fab68cd2b3c0b2af0ac8eb76da5a4e4edb61c4202677143ad71,0ffebbd50151f1d5e67823ecdeff0e7dcf4133367e40aff670ca40c5cf8d27b6
93f94facd94c2575ed8432af31759f1541cfd38bac23c51ff3765ebe51f06305,6ba92fb6dfa7e30c5c1453f4d02635d2d01574355488a110ab3ac0aed1ceeabf
76c4264052f3ff5180846e9e1f6a76c66652e657efb0b76fa380cf0825f338d2,4105d6c74ffa1d3e733be0465c45d3a752c3be8cfb30686fe9f7b4f1b7706bd1
03d4b3c99beb8f652848517b992c90b3f19dfcd743c44947569e0d34f93530e4,fc63ec13f6e14a9f875531dcff6d6979f49a8c55e88b2c933ca90222a1666d5a
4ea27d30fb568104e9c38c2431867c148d06f4b19c2a39ade5b41c0ec1075890,165710ada5fc4fe3324b5d75a649e63202831bd49bfc91433468d997c2864d7a
d5516903e7b6b2eb00e89aa0003a022e8621cc8cd1cc1132773badde9b0383bf,95d0d6e74c6f268463cacb79fcb8f0b9c3044f9724bcc8ec6cff892e948f1371
a6f8844232d420a49be700da0e434085be59a052e55c21cdd0442dd6bb59a4e4,9180c60a8756300a9cd7650597478485e0c9cf9a915208367b5e5e937c8ad525
b818efe09fe8bab858461a4e10ac1dcde8b7e029adcad086641da3417876839c,047f528fc4831b9dbae4eb0fba7ff8aff3a02c8333bc6fc58a8583cf2fd29b06
1196577a59e58888e1b0770a28ef1b89d54e56b1c67c455e4213eaea31ff4eab,c4b5fd5d7070dffa02cf3082b6ba0c403c86e4aaffb8a5ed0f612958e1c552c7
ba24dc3b66e6eb11befd8f8db696e77347518ecf0e79b50a52e887f2fcde58b3,8bacae85f3fa3d05d0c86d1e4ce04268d5497ebead54b68751db06e1977c293e
56fe8e75985fee08ae0bbc34220642ac5166c8679fb65644b861b882a1641abb,d7c5ace117dd5cd71a12c3f982fcc6207d43f632ae5d2a8ca0665e45de0380a6
ed5c529489742bc703b5f8aece99eafbd9fddac8fd81d8a40c4c81e9fc75ed0a,2d0c3986ce123c597fa73846923cf12a93db5619fdbca747d4cb3330b44864e4
ed37bbf7d5047823b16831a41ad1fdf7507615ee47560d88925bb57a840a06bc,2d07f7324c1f0dcc10391e3fd4776292a4f8a8d9d461f50b115e6208f371e611
595ee5b2040fb75b46c7113a94ceaaf68f797745405e4c9c919da9f3430bdfff,1b7456de031fa17fb0779394a613f80cb308626a032123a4c3c9cbdd15ebd81b
86c4a4c39bfedc164c7b263323c6b1d0945fd56200e786c15acbc60acf6de565,85b9e6b93e42c654d569035ab9f6170fee5ed3f0f8574062f187c35b782c3e88
9c729c8e65492a6e02f53d1a705aae821c5f1d2951f173b39552efd850e52bbe,f9ad1c78952f6f61cc1929859f775d0df57e0c68e7dc1360dc76a45a75457cf8
520be131d1695695c6fbd9a1841432c81908dc92ffee9035fe08964508daa98a,b41fd4d7f7debbb7ad4f1b4d63f3cd3c09df146f949baf2fe272075e04b0cee5
14088e5c16cd891a291b2025f1bc61b875fb261147f6e2737e93a9b5e9f010e8,aa512548c965964e445cceab28b1b3ebfbfc1879178ea25de6c57d4e0238b3d4
6427536c9b0348612a39c664bd0c5aca58d8e0f0eb7909680aee2f85b49cbb7b,8ad8dd9e88252317347390d08d83ff7247796b1200d70fdeb6a211c9e8c5d0f2
e0ef2105a76f7bfd486729a238e08c492585ac9df4e10a567633090707f2eeae,845c49e7738f7acc0da4f3ef29095da7f3b813b7e510b4bfdb6ab4dc937b2020
8f4db1ab0b4140331f99283c2ca3c8be014c0db196caf86e212766f8ea60eaeb,8de8314e7c417761cc3715e03413fd03a90507a5a4ce18b5cb950f0da57f5b55
e80821390e98fd974a3fca59261ea4313289621fcc3329a31adfcb9931f86060,c76a6c8976a2618b05982808adb80896136f07503da27d07b5bf0ce8dc87ae7f
917c25a6cbb2f8e2e1728539fc3158926a2b520900adfc20d2c1339428da4a71,0e6d0a09e9ce84740a44f5c86c013e4121c1dfe5c3f09878a7e09c6e55f0c63d
de38f47975306f3814669f657acd85dd6db588dd6476b45fde98ce7547aa9b7c,b812bab2a7ae658e8518408cfc8e5c253ad447ab2e84a6dca98bd9687a22af9e
dd40f9142144ccb4df5f3db4b233e6be794f8f13b38752e28fb16233e16b846a,ab683efd1d86548774630b62068e0cacbe30158bc70c32dbadcadfdf4c724dfe
59e2b5c0d79bffdc121faa24f435134baf2993e55bb128317209df3228eef8c4,16657657bfc65396178e0378ea77d7ec3de5c23b4c4de22c26d06a191149e5e5
a3602b6a4be4c1baebeed47b8462330b0a446a44a11fc553330ce51d280a8c8e,158ebf6ae9c8359f727fad9eb59b6b7fe6359093c1cc83a7a9be077f3f3fb0a0
a2711957d970f04faba9e001ecc47f0764fe30aab543b320ee014f79857993e2,f36a67cb2ee4805322ffb2458ee3934bb0b0a5c003e0967d6c0302a35521d301
2a7890f24c346e744f67a4d46a5e5f3af32d87df61eebe9fa5fbf1e6deb99a16,e09813f3a41a518b2495821e47e0d8c1856d60a75b33f5dc849e92a5a1ca9df3
4837ccb387f7515c3ab8fe90ff5c2394d345f8c3558e7398e12ff38b5328a501,386108b3f6509c1bdb0ab863c2cbeed99f287dc4eb8abb2283806219df494797
65b7c77cc6a36271f7332d5edefaecd812b8702a2334fe542bff11c15e1d53b6,0814da34530b28efad3c4dd2ab0c42102047c20c4faa0d07b706fdbd0ecd62f0
8035193c70202833399d99f6a8e698559ba11d2fef5923e53cdeb298b0364ea9,391e5a0f8f29ad5a657350f1b6ee6b0f5bb0b1644b87614f6c7f28c53c15f14c
5816d6c2ca8999d935ac47f68ba6543a894af394006a9428518f28c5bc93a099,cd926de65571f75925eb67c5d4e1e2eb5ca0483afd0f51a5da152bb4e84060ab
aed405d04b367c677eee26577cc05a0740aa0b2daf986d0cea92d5e218506683,25429724965bb1a292e5fc63cfa42c0e245a30035bde15e103938cd42c5aeea7
65b7c77cc6a36271f7332d5edefaecd812b8702a2334fe542bff11c15e1d53b6,039d5df2f7b2af1177c8d38edc27ba7b9b0027aa03514ec57a2c799a1c2a530e
4d81da0bfeaa92b62a76ea12295933ffee06fda2fdbb3a69e95ac09b6879e480,582184971c798590658f33bf3761b4b3172766eeacc76142451bc1ab2a8cd02a
f0cec13fd54d2ea9aab8f921b73600439e61139a93631cbc5fed55621c54cccf,a4b3ebb6f9898c9456bd8a8462fc26c77d1c7a8d26aaf81f66eb6b764b5bb3a2
5351ed6c15c1297e5c88a6d832e3de9a920be554793e3552714ecb99d11a5157,19ef9903bbbd58466278aab9b62d139262866322063690285c4029ec50b754bd
185e6376479a50ea8c867167aa3e23bef7b4e6a310afa4f65d20a7814beeb958,9dc9bd590c746ae37642015d1c4f9be1b794932e417d9f0580a328c05b0ae10b
d5f7a0e49675792916f3c88790012baa8055fbcbdfb425f30623dcd9d7e72728,bbaa4d9101400da25175cabfac68fbe8bd2e6f2bb453c8a79f866f6d421672a6
62b22423ae2aad6bb02627da5171e44a4f42b59dcbc37f5995e40f221a440072,70140d87caaa9148d64730eb7e494caa5003629d9fd114b7ada7707d5822655d
148c43e26e1e42820c7f994865247902e44bd7e4d2784bb1e1e866014a21ff44,aadf2142c57286618d8bae859b1c61325b1dae683f208788be9c9c8bb82a1ba4
c305eab58f997cff27e7cd707acd7c411718cf0990ec73d6abfac23dc2d65172,11ce2787da1a27986975f2bbfd8cecf6880f4da62fa091b2cc1db05714fc629c
2d2214d89f3cf2efced13733b0175d9306a28ac8f117a624d25871805a1ae7b5,133d1f217c234a14c1c6e6e2a16d3cbb25ed71ca2a284a5581692e3180744ebb
97e01b4470bfefc38cd5390277724d947e60058a308cb43246b628ef4f9924ab,d406c146fe995a85b1bccd0f5c0028cbdf9170d4da86cfeb5012a9365f1e7593
8a0558d8cc4dc036d87cd437d3a301ac946bbbe14b062a3cf4d2b97808ee5c45,530192a97c4443afd064fa4cd73c053d89f3c043b7a28e1e0291b1e9f10a794d
9ec474cab8a14130845a50f492cf4192e006355d211540279cc18a9ea3605580,59c918aa41e7a9070ec0e12aef185bce7bb469bb9c4104e287d78629ef8edba5
481aa762996522e4a866ed2022066333ee25f1ca3277884cf0edb19869b5d23c,707a8cd6d0e748d8fb08fb3e9f346c7498f451d13c4080e0d35dda9034daa076
ba6e8fbd102b685e2bc4fddcc05e3be5c051800cbf87ef5cfab60f5563b2f509,8c66cf68138d8204a84d7e72899c0132b8fe7f916fb30bfb477b0f4436a5b64a
efa0a5eaaf5eca4c83b5eb38d840e0b3d60008307f7f2df72005f3dc6e139ddf,d7306a94ef0a4f589329eb2ebc3ceafed7450970f5edffe2a942ea7481f62552
85233d2d523123160b2149619bc5129649c266ecde338921b873b7096728383b,45b787c3b43037d1423731c883a89178a30df2a24a19936a615a60ec1d9d44ee
50af7b882accdef758dbc479e3be11df39451d38c698219f385e80e833c0d12e,56628e374627d042d605c00a4ad31169968a7cfac112e611f7d640962246abbf
3a5730ac121d74b4f219abfa0ab5815499021c9f698b5ae0405fb0bf57f91ab2,c63782a197160806eba4702f75f48efdecc928daba43b0e5d20853291a44e997
53984ff39fdb3c0c38cffe9f228e663750e2e27eb490885fea79c493812f051f,381ad67865d836280be5837c23ef84a16e72504c5b63415317a502fa90133552
23a1181b3eb2071939f774a09877c1ec92e6d1b66d262da9cd8f4d0cd6d82cc5,c5fede755b9216a1ac19d7dc9bb8c887f52e08e877b0abca2b79bc3b9a760b32
6c79325eab75fbcd7d371cadd0ac8ec404ac94acfe9925b96dd373df17985cb6,3356d748c612036e5c871a3a1586fdf1de81f53c8215ad84bab3a7720b5c380e
f4de931fdccacd9f1ee08306bb2a102a2923ca96c357af3d7587c33aceea2ba5,e5a18858f7012927cad367c1d6a29e2b21d177a81c223969ca2109b3b1cb1592
bad207aee6e760719bad0965b9a9257d33a3629296df139f5d9b23f03090ac31,a8d79c2967cb124b9ff9ff3f938ed3adcb4692e02cbe00c108b4caff5651ddca
8caa7cb25929bb6eb38e8af31396326fd27dba88143cd05a08a8b416900f9bc3,921c1a4a4fa87c7a60916c9545afbbbca0a13c4fb247cac1b79a90fefcf0927d
855b209a1f9fcd67de80b37aab239cb78af829cb988bba5128e5c237b1e5c02a,76bcd6ea7d608f260ecc105f796297c06c34a699f9e5a00ee72431ef38eb0fbf
3d0986c4ed9059654b57a4a1d67b7c807c3ad2f13bfc04b661a16f6604566c27,de53443e450d368621046053a6ee0403ee6186bca95f179350e13d5bfa2e044f
9e173c5b917883b8f8ca3316c3d404a366aa05e6e94207d4989a4998c842fa66,d4af6a5631b7310cd8e4f31d6e372319ee18a8c212947da03794a50032b76c55
6a55e418dc50922127eb101e0ba2150b3a6c8165095878f55a53ea80913d5119,06e51a382a9c559f9c62eda2fe8d52ad2798dbfedbcdff9250baeccac0895d8c
0651764346b9ac81eb83252fbbb0d7bfcd94329149abb1d68f11f1d19003f7d2,905eb0c3c18e3a4eae37aa40d4c0738658ecd5299f87ace917c597f457f9b22d
1532c2dabf35dcfc6416e47af73c60aa6a18714dc4dd74d2dac37e7704299158,c17dc20748b8af6eb069e6c00b1b8a6528004c2abad75ae09003b224c33750c2
445ac036ff45f180ec55480cea608901bdf66592682073fe6cc8ba8eb8659331,60f21c7e453cd52e761d41805f7b5cc906fe2b37aa8df62e3f684f0e0fa90096
909de89051f9af4e4cbcd543bc1b2e0298b2ec3982e549aed350663bb180a767,736c28324cbd083daa130d20c58e7a79089b3dd2048618fcca25cfe1ef639696
eff25be77a063a3ce26a37ad26c1c5c58e8f15dca1317c1a9136f6fb3e0f61a2,c0e12826e8f10419e8e2dfba0815f586860f7c2394d84bf3ada2a9c1448b6d91
b08e317b87bba2d1eeb7d26cef76dd5a302e50b922753117a58a5d7f8091776c,eafc4e9b832cf9108cb70d745cedfbd0a37e76862058d44850290f8223cc3ada
3f98d3c2ac940387a700bc9b5f2ea688d2af48729b6f44f5838282779a55dc39,eb5f60f815cb49f83e617b609aafe90b52b7d9370b34d6558cd30d1b54a779d8
e3407cf6c73f0dcaa84102c41eae6f7232d5f60523cb77805ae861f7ab359056,8c9b8b734c0bb84df9796b5c7f6fa687d457e732604777f840e298a77e671170
a6b9612064a467c1eb8a5ccf441247a06fd32f93b191c71d63be119767245095,54bb5d4b4d37964efe30e7e239caa8d511b20234dc1d4bcac262956824204e56
3554fb92b826fb5ab54b70942fd574e4a34e9524c7ca35b418477a3c3fd26584,52bdea7a400bff652c7fa92739e238e5cd7e21a686da4b19498d982cfe5a166a
f2d1c98109ba324c693befb9759d920699a61ac922db3eb8e9a783b2a3884522,725889c3572d5a3485a874e2238e2be69b5afd219cffb539ade3a017239ba91e
2e121f2e8ecf599032537b7b9bb093c0f329d808cd9cbf9d2701f99904139cd9,60dd28ade3d468ea09fdfef8d4136ad04bba1c6f6b721629bb690b0001bff231
2544ebc5a747fcf12c73e4e29f5ea8bf03e340e042137fd01e4f13be7d7cb156,cc8a4af9b67a9c661c00e99b309b5c8a27df938da650b1189ec4e697e9bf8a19
9065818667c2e37494c483268e59119ccb6cf5bb2804ba88ac0c5949c3f93b13,08abca0212afe46f429377cf9871612b66f3461db2d259aa318b6dd97e468562
3d38d7b1f2f4a5c73b57c03fc9d530f962192cf2b361bdcc00c53a880156bfa5,b358d6650a0638367c8bde9b1a070b5d16349d5dc28aabcae86f0733e41b8da2
7e540c82d189e61ce405f19e5cc3d97c0882e92e802469e0976acf640fdb0230,83164f89b067a6bf8a29dc73eeaba66b264747823c540855a0c750516cf3b5d1
06b60ebfebc3a85fa968d80d24204553399b9c756a9ce5997ad7daad22151780,cd20775af3468703b115780b7c73bb27de1effff37cfea97f2f0ae91b5274fb1
c04d4f6792556a44220c0929736b2334bbd3f8d8d51d2c0bb2da0723c12f8fba,ad76e997a4fd95db69b7afa18b7da3967d0539752be9f1b3b154b6ebc1e3a38c
bf7e0628dba954dfee8d8f37a27470a79e54fa1dfa49d66a5781b33a4d83a11b,9e78b3a99e52e551686c992938867dc9950b813f396d906e86af6dd367f1e281
b527961ea6b98d6e2da526167520e0a0d1a5b46c35ce1eb59869b78b900e1d49,9666b8c7978b3c16a0671ab5c539ecf2e484194561fd045eff704ba407632f01
150965650f92fc5c292e627c22e3aa476f51a2b41a9b8d838add8fbc3d6384dc,af6e71bc3288e8932253940639741d7d96673a0768de840dfd522f5b6c8ccd5b
d97338017a291efb30cdfe85ff18900df3e758a268b1bb3f15b53332f6cc6fcb,adbccfe65232d472dd7c50b27a01c79e43727c53af3b0e8dd906a839a659b46b
eea8f9d2863ab2305ec55b9f99223431d68cf530bf1a38e89ccdff506d1ad72a,64e986b3ea9953fdbb9c39e6a1f59f585813d2d55b20767129f963f0d4f238d4
11eeacad4375826cb74f6c44e4e85c5e717687212e5dcae0cec09422e3defffc,2c692271404b59d28299f7296f3e9af8a68d751f4104389947c79defffbad289
e9e69db60a943ff186018a01ce28aa819f1d685b1c1dcd319411115447b9bb23,4bb8df5d52c9038317f31f8f9a138c734a95d4430de689b86233e202caeb6e9a
0efd1be187bcb5a9901cf8945cb31cb3af3e853ecdb4c5a944d7f3a325e4c85c,b89642f2a99a549d95b595bc38cab915e978eb2d62c388bc3abca9827d2e1e74
250a6c3bf968726e8fd2fc84f7d4b8e897378a54b462f093aa0cd3b65f54bdbf,24631230192a9ea39b9f0385cacbd0f1ade276e2f9c7ced41e832c5c49a90f58
a96f0a726e6ce0499cc4e5883dc672193d8fe063d882349aefa290ea5607b203,618484e2c549451830e2b2c19b498d90b4fc8d206174f13c43ed058e6470ee2f
c58e57bac3981918ce5435cbd4c222fc4091533b00b031642b62ab5e01d96ab0,813530dcd0732d61cf33a5b36272df566d6be8015dc5df29d12e71dcdb4d7e86
82b57fca517baa37129e197a65c2cf412890ef7626b697efba7eb63ae808c56d,c0e12826e8f10419e8e2dfba0815f586860f7c2394d84bf3ada2a9c1448b6d91
67e579da5edfc042b1d3ffac9ccb1633b2e70b5610e748f6e7eb5850e41f53ad,7511c58ae8522e09fee878932637fa61b19b157ddd80f19cb0527bfd72554f37
d2440537d40f501584370e35ffb0ff18e7a6759687e2a7d1ee50617ca9200b48,9b64784c01c1da8fbe1ad0d443c1c4a42a67a72219ff0f8b5aff677e210338cd
c6bb38fe3debae78f813f40110dc59e61392adcbc12a9180905af38940b68aeb,41b9eab6870e04b08dddf4c9ac7e5287505fe8489a27e09732b5366ae4b7ec92
fcbe2e9766f0fe40ff3708dd84fd32a02f0db7b01c00b04d49c5baa9307f8533,ce7afd74382ffaeb7cb79178ac7ab34c81c768d540e1499a81c36f0e6abd7d3d
39d407edcdb72ed0b280b7fe0dcb053c76086194c70570fd661421b0a7bb2526,a2e87751ffbc6872825e0e57a190f8a2e54ac3e7d0df2dac75b91b040271ac26
c9ff63299c4f087798ab1d40b7baa20dbb7b59c10dd7bab98746b74db035063e,e8fc19bac67c906a34249a9fc70e829e10fb8634656072f2c7b66c14b22fef07
4949b0dae44ece55fe083f975533e8518550a49914ace75e37a3b7f9c58d21bc,cb6f982f3e78b194d6887eea20e0fa45c804e958874b45691bc7aee0b54ea6aa
8bac785b07cbed9da5ee536389a788f207b28c4dc0531ae448e183ed77d0d04d,912c2da8e4ed34032db290579138d0e8bfd7d565f19fba51f33fe8a64b0177dc
6b8128aa2b4eab7658f71d2a77a0331b367b8d51ccbc3cd25df71201d1e25d2d,38c660da086869e3cd9086896bf76c7d3d279351cde9109f4338ab193dad785f
8b4fa3bef38cd3f103e638269d9929e3f9e597ff91d0e120cc53918bd99cfce6,ffe200c0f88f8c612b067b5fee6ba6a8bb9c4d33143f4aa7823bfb1db4085572
16346454b0206275ff931cd736b3d95fd1748cb1956d7f1fa26f60ee8a1f60f6,b0ae6133f151d83ae61f78f6d414f2597527b20ecd24ee02a32cbf3b42a43532
133135654f48174ce102b6e9daee4814e52447f098461d64fdff015d3c6fef0d,17671af7788370655b57eb1165e4bc524e8b6e2934fa2cd4c0005b2e50f2d652
8fdfe51d0089889ee3f99f848567b34d0eae6e48e52e2b8c980d727c00a9dd5d,6e58d514af65b248b4919979747394a370ff972c2cbcd92d77212556296f8550
1f5b488a026d2c0362f3e4cc4580632591a9344ae2393362cae5a55978266a53,af6e71bc3288e8932253940639741d7d96673a0768de840dfd522f5b6c8ccd5b
3f98d3c2ac940387a700bc9b5f2ea688d2af48729b6f44f5838282779a55dc39,005b56c56db9217e29d9d0cd10979adeac9a7e46e1b6e10e0f8431b339072821
61623278b7f38f163210ebeff2a42d30b59892996cfc9c59b0b233bc81c64009,e9beddf56dcd6a1e48bafc93348f1a62460411f77a529ccd8b822610572fbe27
59e2b5c0d79bffdc121faa24f435134baf2993e55bb128317209df3228eef8c4,bb5524c535c9d937ae3edaa1f36891bb782b32b4e0c55238dce545b83bdfa01a
f020077c12e237e1ca4750af941cf3b5426f15bf33e5bd54f7871784218428ac,b421dbde94f668cc1985ad98351b6d2fa1947f18ef8ffc7583758eae1a2f95c7
e9e69db60a943ff186018a01ce28aa819f1d685b1c1dcd319411115447b9bb23,e980231b5bd4ec4343e723f65c6fddce803c9ed18962e06331665636bfdc225e
bd2970e4af2b46ab7141614ca43d84746acf590ef8da2cd3625628fdb2aa3558,baad5321b01cdd7b010068a2544e030f41226369b930d2bc319be544f2abd282
8a0558d8cc4dc036d87cd437d3a301ac946bbbe14b062a3cf4d2b97808ee5c45,8a06e6a8ae25251199378d6374ffd437662ede03fa6f7693f6ee7e6c86ec2a56
40e7f9359dea38dc2df0527d7276afe2867c7514548154c10d62ad21fdcdfd54,3d465c48fc97a867bb13bb4711669ee9269f67a62893b7a36e827677336478b1
3c35c85d3a3e66d544b86eff09b2c937166ab39ee9bf4137f77202b279e28dd8,ab4290df5eed26a78e49270026aee4d624008d6a57fa83d99b817927c78ec90a
6d475c37d74081b5e5c1c240f06f0c93d2fcd72f07b0cb384d6b5814894cf6dc,87d1f9c16924eeeb9edfb8c0f261936b405bda59717f6c6420f054927c49da3b
02aff76621ed2b80a5229b2ae1fe1e123b7c664477f3c577606df44257b123fc,ebfcfb7a82d01a52a4df74c4dd42e94b0ce7f24c63d8a9cb636495c8c03355bb
5af91edf17a69e1330ad9d13fdae227992d23d0bf07a39e1af864b1a3ff4ae78,72e0d6bf4deb649ddc9e7818f210f9dbb487eaef4a53a6262716887d0ad1ff71
6790bd53b75b6cc060ad5eb443fe116cc482f157f006dfde719d046073b30c00,8d0a8a8ef2e2af66fecbe66a9ccf72b0e01dbe05fb8675e48ff9f4083ab68928
65b7c77cc6a36271f7332d5edefaecd812b8702a2334fe542bff11c15e1d53b6,633c206439de3413a2920d4a551e72d14c92e1574062ebe055756be56de68e82
0e128822b069642e471c6f025d619408203a9869dbadbab8152555157edfe2a9,650d9c1201039d4aee484f5ce8e92b34d454fc31323f3780af1de81e2d12ee61
807c127bbfc2784e4e2ce5f34932638d4d60e5cee70314ab7d8bf4e1578d64ea,845a725cc940469d952af34da471cc936d22db843872feb0b1e19f173415f5ab
ec762bd47c54ab524cf1aed78e7b3c2d2966204010656555a0c744ad62bbbba5,1bbe0e5b52c0aa535465c616b072904e26c2f62232875ba55414cedfbda9908d
f51b089e5ae5b522c64e0dea649d6da1ecdb2c946ea1b8efaded1b33472c2eda,36309ed414832eb6bfcbf8ce964ed60b3af61a0322d2635449afaa67d1ef2122
82c9a786dfb72d9ab739ec9664182207c5cd28ad5fdbcc564cd582be60b78c53,472415ed044977c73f29122dd5e549a9d6960e261d849fef3017578b57233bda
92d419a6968a962e793e88672b674dbd4bfb60c776b00488bc3639a26dd858fc,535eea8fd0e588f17ae0ce77618124fe65b68a72a08abc54f3dd07eb5f8146e4
7a36e5f5391e7c25f241ac0eaef8c4c2824db28c1b436e6a1b92dcf836ec65a7,72e0d6bf4deb649ddc9e7818f210f9dbb487eaef4a53a6262716887d0ad1ff71
41bc220bc7bc1a328f2e1ab9d7ab9288a46f278ea5d9938f8ffab38bfe6af570,e55c3d2fa107f428b1eef34d6e9702f145e53dfe6e931c373c139de9f418a292
a06071bd556319d17dfb24d572debb7ad200e6bc644033f041c53060b87e9127,5c42c4a57baef3dcec381cefeac92712d60120c666ef5b7a91bba6ae74dcd2f4
490bb2a1191b60cd753e5eaf7e815f646aedc96e0e6e40073f3d0b41873dd376,2e8b883ba0aff1fabe90a979aa0f56185f7e81cc7c62988287d138ba8a5ee4e9
f279ec73bc44f3146f4349b8aaf74259d6c43656cbc21c13a0e73a4ec1260bfd,8251b49c71d0760b9387694af94a343240f88673344d5a122fff6f330c1b2779
c97703809d935bd659e0f356be3d850af99042f5ecd5fde61f4b4ea20e59f8ea,f5b38e01d7607b756a2602a8ea385a1b36e9e068e2478e32506da05edb1662ef
623bfeb5e79a03a8579f9961eb9060d03bb4228926350d697bfda59664eb210a,6e58d514af65b248b4919979747394a370ff972c2cbcd92d77212556296f8550
8a0558d8cc4dc036d87cd437d3a301ac946bbbe14b062a3cf4d2b97808ee5c45,dd1b3b7c5c5f09af7ba557eb2edbe645826581b027505c3f6dd80462ea1cbba0
850acad7e0bc467572dba78f30f924cce0ed6882a0a11d26cb8de161297cf5ab,807b7af6ab71a66295ea2f87f5f81bee2fc3ebdf9436c7ce7381199a5daa6ecd
a5b64b63e781ce063fdd16ed05594621fa83fcedf62899ef919856108315d1e4,8774da253df120f518d66487dd56593d64faf015601dfe824cc7df875b003a54
5438fcb48e51ee69d681872a989dd68ad488db7a639b693892d405a00cf9b0da,319f46228a5d6a15ee185e246eb65241d40ddce8bfcc40da2fb9080252ffb97e
37ba00d7f4467e0c2742faf493ccaaf7da42a73f70f34be83186cc538abc75d0,c6af9ec65586cc9f6a7bd8f88ef24542f2277b68d2ff6d94f2a655c5dce00568
d111af5ebbd6fe61a518324de516a43c811979319166e3462986240d05b48456,56628e374627d042d605c00a4ad31169968a7cfac112e611f7d640962246abbf
dda8cab6082a591a6ed0d9a8e2a62177653f42a03f230770949347892fbee4bd,948210df647fb54bdc24e4f6a209c32ff9b0ffa83ae21ec3117896e6faba1811
bb0e8ca6296df5ed3a1c379d01ec19f92f557293c638dac1ca067fe28d309df8,01fbec622960231e0a5b727b8a8dc6f6c8f6dcf26872c259b6314b67b67aca02
308dccff0a1769af0e0df704c99703036aa3c714f4c498eb5d00c81a44e41ba4,f5b38e01d7607b756a2602a8ea385a1b36e9e068e2478e32506da05edb1662ef
604f58c1b95a76d9516a0048ad028d54f39347e33471dee29a95c2baec8672b9,4bd6d2602653b0d0a222a00f310a6f5154b868651a1cafb55517856484018c6c
3431243f59c246d73829d4a3eadc513359dd295b108af7e657deaab4916ca1e9,15506804bcfe6ba7acf565fc8da01e30e60378884d592ce82aa07a79fd0eb18e
bf0b2e4f0c693d98a63598491e33117341853390ac9d95b84a85090055815fcb,c2e48c3a1e09650cf46ad6af0913c46f0b7fae85be791eefff71bd36b1dfbe1f
24856d6e6f8b78bc72a66dbeb0cd61fe1771b8a4b34a4c1a03e7dd1e736ea514,78882691a0d2dfbcb284708aebad904855dd0d39e536ac0f5ab2800e19d30624
e3233f29ad75e68fb951398e1ba3dcb3133015627b0122dd871f06c49ff8477c,c527559859396bd13bc1b28b3246a676576ec781b33d02bb79597a7ff0bffb58
6b33f73f4bea06362d0e25d3c02377001f254671e397c028ca6f2f13831ee65e,f5b6eb02249cc0ad6cc87947418ebf71d00424fa7ff141427db20a4dc949f780
dda972878e8fd4bfeecdea2884574108cd059bccee17b01ddd036d51078f1093,dd68d4d180c1746c971e35e61bd6df0d9aeff0be491a918a3d92b25daa98d218
9feeb6211355c64d507ba546734870e7ca328dacaccf01f3ad685426dfa12361,04d69de2543b1143a389b00e813d54fa165b03e4ae036ea5a74dad7e90d3e434
1196577a59e58888e1b0770a28ef1b89d54e56b1c67c455e4213eaea31ff4eab,ec71dc01198c1fffb800ba86ce317f5477864f627ce063b9977c4d6a6706bdfd
e534e489095006585991dc0b7d408dcddbaa56bfc4db9fc80978624d76732bd7,8b039f66a3da094f6efb4b5c99025ac2fd56809bc8fe311f89ee2eee466d9902
d4d1305003969ddbdbd8e112d5219986ed9421f66409f65c6e0cce954550dd54,66e53bb49af676cbe4fefeacdbd9bdb7c41a71cd44677e181c525282211cd100
0f8d9b7cc9c95e63ec7d58477e49505631f1693a46e9f2d806a6840c30e7eca4,f0b2d1ac0d2c681702537f64ca4e3c5607d5982b96765d03c3860cfbbd1e8a63
2ceaf24f15e396d2305fabcf4aeb3b19a5de352c87b796c3eaa297ec56e13319,0020e4f68b98f6a1eb298ba1a74e0d832048c73b55bfb5b61b62c5203f83a984
69c392bb664c1a2cbac48b5b437ac736626bb473fbed6aa9d7e1c4193bf6d122,e24796187b40510601ca36c3e0a6c863321d01a85856513a9ada4b794ef3b84c
36c928b78bfc079b207d3c6a8ae485b405a170dc5a0c8b4431f3276c9b75546a,e980231b5bd4ec4343e723f65c6fddce803c9ed18962e06331665636bfdc225e
d841468ad796107c872c522eacc09bb8319e4a7f08c6457e7d795f3081b86d7c,60dd28ade3d468ea09fdfef8d4136ad04bba1c6f6b721629bb690b0001bff231
104776c120de998a1477fb1971dec73803e8a7edcb2f2f406ed0abfdc1f482f3,47c5cf89bddb823cfda3f4084de39b881716f779ccfb35852f3e584f3bb07800
c65cbce3a845b156dc3cc1056876a31798e67ffcbe605310cd63e16c75ad7736,d4b854d7cb73146e87c6000f21c174037595878599fcd381f1d61e67d1f11b61
8279f80cb560058caabeb71c8bfebe313cb259b8f1f6715ac16fc3f385c392e3,e980231b5bd4ec4343e723f65c6fddce803c9ed18962e06331665636bfdc225e
951eaff42967a63a979bd781d3574c1d5ff0a219ae490e58a8243cd2403898d4,472415ed044977c73f29122dd5e549a9d6960e261d849fef3017578b57233bda
3554fb92b826fb5ab54b70942fd574e4a34e9524c7ca35b418477a3c3fd26584,56628e374627d042d605c00a4ad31169968a7cfac112e611f7d640962246abbf
06f2bb96971e7d9ff0fbf41459bcd3c693f9c3fdb2de3f9b3b901f7d6a88357e,eb1bfc067bc4cd3c8ef9aa9dd0baac533ecd77817c7c1e3bf4e7047b8c2d09f3
0bbe417162d5afc5fc223e35a9089d8331eceba9210db51a4aee024b6c234c88,128816dd3191a0d4d060b7ddd526d76c908ee8ccda6e4ac029a0be2988396a99
cec729899b32708b27c7e4923943c2253b0ce0c722910a2189f364f1a0940742,cdb10a330080b6f93e901d241e1a8b0f210bcc17dc45fd0feda004ceb052263e
93db2d3f8fb58a45c0eb27276407b3d6ad442e1a73bad25ffe75e16d9927f1ea,06e51a382a9c559f9c62eda2fe8d52ad2798dbfedbcdff9250baeccac0895d8c
4837ccb387f7515c3ab8fe90ff5c2394d345f8c3558e7398e12ff38b5328a501,4ba4e9372bc6938d10a38f0534768654a9fac9ddbdfc2409722c6feae468fcc3
605be16f9b3faa8f0ae2553b676eb33add60480d7c03da169dc942efcbe5d397,06e51a382a9c559f9c62eda2fe8d52ad2798dbfedbcdff9250baeccac0895d8c
aeb3c76d064c36494e7e3c316b18ede0a1dd8f05db075604b6444909d47b93cc,8b039f66a3da094f6efb4b5c99025ac2fd56809bc8fe311f89ee2eee466d9902
7a36e5f5391e7c25f241ac0eaef8c4c2824db28c1b436e6a1b92dcf836ec65a7,5f57c7b6dbd1ee1511a2935f4fa4dfc3a3502f0fd146e2a857482f7bcbbf85aa
6bdbe9444eb53574987474afdcdbee3393a76df0979182a3eb5ceb8e1e892b69,fcb98743a2e0aa46fb855e7e834aa5e846e047c9bced7f5006ec09a4dcc7a9e2
4a3ab543044a345cddd1aabde2304b3c6eea33a96318d3b251159d721b8aa7b0,472415ed044977c73f29122dd5e549a9d6960e261d849fef3017578b57233bda
807c127bbfc2784e4e2ce5f34932638d4d60e5cee70314ab7d8bf4e1578d64ea,952b8f12823d2a9b4e9e4f48634cb8d6d6bdbb96852c28b27a4a45c9aac1e354
81396c4ecff73eda31aae3baae11f600a87f9d582dd183bf4cc7ac0e107eb10b,472415ed044977c73f29122dd5e549a9d6960e261d849fef3017578b57233bda
d5f7a0e49675792916f3c88790012baa8055fbcbdfb425f30623dcd9d7e72728,6b89a96c7777c8f09a7e927b4e91a351faccd8eed75e135f7d5e9663e61ca456
6d475c37d74081b5e5c1c240f06f0c93d2fcd72f07b0cb384d6b5814894cf6dc,3b94b232fd5f4327445df99b4a3631627aa9092e31bac6db862ad293ebba8c9b
4763470d4aa1ae4ca9548413181682c0a64896e09cf43966d3bf7b890b6747af,f71e5608dd437a93be43cca967bc2d6c1d937c9377023694045e98cb6044dcee
b6916540fa74fc753cae3e78133d5a07f0cb4fba7073f5b0d4e908f21f1b34d7,81b027399e50c77d18cf47b490dd7bd7db28f9e21364f866830053f8a3751cfd
5d772a96b85321f66223c0b9913cfad5522fd95782e3c91abddbd9adc466fae0,f8842d106329c8678edb6f79e4d9ceb2c540a61a5683e3e349b65ff067e76fdf
4949b0dae44ece55fe083f975533e8518550a49914ace75e37a3b7f9c58d21bc,b6f04b8d84f807140b291673786f64be153371cf5ef4088d4e9ac5aabd0860a8
a8edc4dd1664ae19b6ca7834c3a69eac7fc6161e577146a001f68c1ea2fd1ea7,0803bd2970992d7c650c590192f841ab6e3e20434154b0f1c6b8719c2d8d4bad
cbc5dce0bdabaaf6e4bfbeedcc72b2ddf2f0df61c5e02f96492da494cff2adc9,d13fbd666024460170e8a4b6816c093cb591ca77aab163c0b439fa7e9ace4da2
07a62829e4eefbce4290f8fd0ed2d5a118adc92435a595a6f89ebdec5d90e4d9,98d5f245eeefa6d1d2d62cd352db172df565178170c8ae33bf5f6951c81cfef0
abaa87f5d5c6d505cb562b773484ac3451500cb9cbe58ecf3ad7cb5ed2428e04,c94da1e56c174fdcd98c8157fd4eaba14a5bf6f49069ec1bc101acef3a32de13
af532c18cc70115e42d84d0f6bc2d32ed983ef339d518740863cd398419b7140,aa6c84b5ce5637f0bbd11d6749803488b79d3bc755ccd2a53cf8ffe37c27a520
685de0e3b7cbef86ac68864af66d54061640cb681df9220da28e9c2f3b02ba3f,7c1f4e82a8c621f6d1858fccac7ee7dc4e1a2f2c0701ee226eab51b698d07874
15b5c0336b4bc37ab9c11a62d28cc565dac99e5f62fafac91ccc9bd1018e7af6,3a2bf0b6099118fb1a4eaa9dacf6e9dcd3664a21f5187b84ca3b0fe109f2d3ac
2a067a2b6e1196f0dde9a21bf074c176fd669ba48b005e308a6fad94d684a551,e3cdbc151a27b1d15281a97500c28f4126acd4bd866b590c92ae8f160ce05b22
5bf6d5303df0c340d092ab86196b245a6f3edd5ca3c03c648b58d06a001c4cef,d1e9c001426b230c058806427fd63b2fa9ccd02e1afad3e1e04570915a14c17a
1544365948b349144daa5cbd37c07c74baf6a14280d647ecc458a75874101fbb,1e2c6009dc2ff0e31f51017c9b0e8d0079bd4809ab049aaac48fbce3b67de15f
beb395aa4ac532ddb34a89cf1d39cb8fafebca037c1a2c61d0ed891a6de1ca62,beb140afc8c9c1eddfdec2cd891f28c8c2e7eea608f8fb566f932eddda536bcc
9f2111265047e506b06050a6b875b4f960ae69ef5c6bb601dcad7eed92435d82,bd4bdff361ab77efc540afa56eeff1a7c32ba9c66229c70e793e4feee95088f3
db96727bc6e5607054ac4389d43025fd0af4c904a866d2fce0f0bed8626a2f75,fd20b822164eee78d5d05eadb1f26dedb6c88ecfe194f353a21a590342c95d50
0821b10093d3242a3432628d1bebe9feb40d4fdf6608ef2a81114db26b36de68,beec23a0b83c822387f94128b5c4144c3c2894bc647ee3713a253a3e5fe8fa30
e3233f29ad75e68fb951398e1ba3dcb3133015627b0122dd871f06c49ff8477c,12331d7dbf01a4d9c9d8b9b7c263acadf4bfdd58f46dbf7eaba6271d661e3f6b
9a278a53d40b54df4fa0a08994c77736243557fac398db09c8dda823b492027f,c9dc109f32bad5a4ec764dd0a3f810fc3f3b998aca327a2c0866645b31770281
7d96b87c274220bdb6bc8cf40e2bacf9c9a35dc6a80e6a9fea8f6ab153e3ae75,596178ac008821fdf4d7fa0ade0990b8936bad782ba885cb4b9ad2daeae3f2a5
f51b089e5ae5b522c64e0dea649d6da1ecdb2c946ea1b8efaded1b33472c2eda,a855ef2b96a34d74229a4de382b683c170ec0fec61145eccb0812b1ea9d8c5c9
127493369bcbacc8648b79ccafb2928d12a1e56240d1c3cbe43e1e3a700e18e8,2eb91d04b9059e499c388fece3ba59c404ab6469365252d116a7c385559e88bf
0fab9e448b93219de0a43322fa2cbbe75f4e3b9bf4d74f1dbd99e921d6aa463a,32c2962e179f97f61bd1bc8129a3c7f2a6088e6b97d08172495a01a2e9caa754
0c8a88669a80ee097a92fd15d4207ea6a410f68a3816926df0245132749a9143,c2f211e5ee81cd7b0e02df249797034de91513b1fde5b3c8431615832cabf6ea
40e3ff8d0f762bf08cd014ce3cf1bfb678fc5849ea80cc8da7c28dc9a7d96b13,c8850ed63a5224f3e2750925437698be7c1931d1d146e309392b87e7b39945a7
cdd86fe680abbe214d3087debb4195bc886e8f86bdd41caea1395948eaba7d83,9178a4b4e22b9e7261d4036f0c4d4b08338de3c14d93386535c24f50bac1b884
f0cec13fd54d2ea9aab8f921b73600439e61139a93631cbc5fed55621c54cccf,6d47435d4988e4b88cb459528a45f1f3f8ef3f72c85e936f5b487a670c998f43
2a3fdc1ae76130547dd4f19c439d0f8095074edbf940e0b603041321d9ca9499,999172939291432ed64da3f3f902ca5807d5ff7d54168576296e4718c50eb851
287f7983e06f870aaf8342c61e8c08aa80df98ae69ad4c419ea5fb400513f57f,ababb2c6561a88a34e15e713b7514b1b749d090ca7b84b2c15d300924587f2fe
d2e42ade071aed6b3571e3951c571b6047311d59e36bf2b33b8bcec808202047,9d3caa348896b7da7c31c93f14662c9c12e0a1eae1c9e8f7365750f55108e53d
ae0edfea6f24dc6c328d4e774a93ab8a3fec9569768edb98d9f391f7bc66722e,c118a01a1958395fac6160e29cdd943464009b9ee2bab1d7107a1f252d7f8225
d3aea58c28607326e1dfacf2beff0ab6b0cc24feb4f2cb87abe752864c312546,dcdd59fa11e3efe60f0b27b2c75faf861ed25162ebe220de5da222da516afdf5
8f1d64122f03ab882bb1ad25967e9d3a690dfaa2d0e4f4a1a6068f5072c67850,7674fb8cba1352dcb12c16b5686a00dc4d9dd48df1fe9bef5c9f31adb41ba254
229676e5e2895b23b7092c6758fcafbdc47e50f47ad80e2a5486f8de9c7565d6,91d3fd9135c0c4fb36f6f42f6f2901ec73e2060c39b7db0e250b9abf61260370
0d0ada61ee3584d0e543b355a8af351db8a2fc30ba5e7e7fa8fb948601b4aa4e,3596d8fd5682170bc781197696fd8355124d956e8ca162eee48481b7ffb539b0
51c3021a5eae0bf95a862b1859a79463d878f48a0a27d3cf0d1d38e275c054f2,ae855b34c86b95ca28015ecdde638d49030ce4f5a6b83876c48ce521de8080a0
5521d5d2ad3063abfa9ce36ddfe7344a7bef76e19c01054894a880e317174b39,9df2bd707c06222aeab28e82d7465abadba7345334a99eb6549814fcc4fdb4ac
b0e3c997cd49f3621bd9aa2ace28420e3c8df5bbd04e4c3f51cb3e3a1a8d9344,1ead3e6d6314867732c46b68c5518fbad02d6ecdd4f2c05540bc7bc5fdca617c
9c0d5e211e546c6a2aae0581b3531a46309f0c71f155f400844dc461a0df3a88,d9fa1b68745c20bc8f93466ac004a7a4bcedb90195661812d6d33542fd116306
61221cbd351beb372c7345918c1fb149b84c91905b0e283a1d679dfda65bcf08,28054b09fcca83a270b823fd0d97256945894c07b21be7134a67caa09b26eb55
7e11ff701da42eb2940d42f8c4d468db11d4dd3447ecbe1404be2a46814bdfdd,5c94aff5c88c14f1a5351a83379ec56bc0b22affdaec3155f637507d09ca76ff
2ddf66574b5fa80234a4ae58ffca8dd1a2fe4473bb61bc8baa47b7bbfd708744,a1863bdbf26a9765714288d18b31770c5f8af8577c44b9f13a7163ab2082a3a5
5b46741c9c54efbc0d0a469141bb215f0b0fd18b0acb0dad4f78ae963b59d293,d4e7e63ec82ad15239e6515da171b32074b9301108cd386d2b617df9bd5bbf4e
c6bb38fe3debae78f813f40110dc59e61392adcbc12a9180905af38940b68aeb,716e52dc288833250eb228aed9c232dee63d293d3168f236d3fdb83fb706be6f
c2f02046ea22dc7c7bf8a618888f95baf1336ea2943bfd66906aafcb9721ac6b,b261a4d1f98d406c94ea7a1f45cc16897e0743e8c86420f9ecbae4d926a83639
287f7983e06f870aaf8342c61e8c08aa80df98ae69ad4c419ea5fb400513f57f,4d7e2b36695fdcd3933dd1e3f639d50ba3091c7ff8acfa16b9f20bba6eed6a89
3004d74d5d14e5dfe6af9f307e98941dcf1a09beb5c8c57282229d1caefcd067,399ee0f024235e4f6b3ab3604ca2bb1eee7b45a499da230794df2a96a7e99ae8
4a3ab543044a345cddd1aabde2304b3c6eea33a96318d3b251159d721b8aa7b0,14959a5e5c919d0635f3f2a8567f89b53f54824e6668978bcb3196651da27eca
d4d1305003969ddbdbd8e112d5219986ed9421f66409f65c6e0cce954550dd54,58213bdb3f033862116a8ca9e41d17e0d7fef453c230d69135bc91a72538c198
8416f77b5707ebe93852d78b355ef19bfb6e3e484d732f2317c538f662c08173,dffe8406b61822f1534428d6f2ef1653654f047293bc63a92d857f3083f1098f
349e847be9793d7831e2bdae5330387886b289f4dbec3bd6cdcdb5f406e9512b,a46ca008b45a156e63c7cad50029b609d73b8aaba03ec4ac7b54fcbc0d58ef1c
467b773241d5f8fe4eb4c25c9f1eae47697273f35c5e72a6bda21af7cef11594,77fa2b29f888f25bcb1ef3c2f26dcc70230df0ddf3912c554cf4e8bc951360f8
8d37ac90942425e0095c77d4b6041b6ab6440dede2a9b04f633872a7d5543e37,23ebfbd18b39713aaeb9cae354ddb3d82395254897bbb6bf8d4b7468dc8ba2f0
bc856bf1ad0f6bb513cbe10070400328763f7058504a8181d6627d0b07c0a9a4,bf6ddbe7954ed247bd1bb2bd84541cab8edd23d5e33de8416674c0188c7ccb12
fc0e68b0baf0f26c6b1c8b87298f17b3656eb8460c53ec591dbc54b1d17878fb,7ecdaa3e2bd4972075588baf38dc43cd4abb77b0a62dba24461cd071f5cf68fa
07248f9784b0221c8ed7352b56ea6f17e6fa626ca50ea6c195311577e602c010,3d07999fd6d8f01948c5a89f877cce9e6aadc72bb0f8425d4a440c41148d5a02
12a8d300dca37540693126864979d2c597be4693a1077ed02e1d8d4ead8224be,bf6c1ac72e09a9b1b347bd2b71dba7d21b0fab9d214cf1c37ef83e2e2cd51c9f
fd0a0b5eead5b1fc498015d1be3eb06736ac24b51a775eb7eceddb79275e6369,88ea0c2562991d906fd3540b3a27c654397249ee1b54fc885c01eab1b44cf0e8
e877fb85381db0adfde6219ba4f0b69362bc709a04020ecc1a8a0bcf53b14541,32c4c941af60a6b7ef917b8f78b09cf2489f38b47003166e8aadaedf0bb5843e
711e0f8d72d7e0370442942324079740899d6a4b0b8fd7bbae00612b64855efd,cab3f76951df312c2eb4a1d37d6a0062482870a521f43fa091a4f26ca4263c55
0d3f25f8b95c704514ee3a79b9a60c9903850b47443328999d62a58e0d631149,f4ed6bccdcb2fed356619faacb429508efb379f0b4f67c327313183825a37bdd
2dffa80ceb7049e2c1770f560eab8e8c36d6f249ad21b0d68ba39b711be516c7,c22b6562f6bbaf3fbbbad29bf91cef836d830d903d28afe55b55cc806b6dc355
738b341f2eecdbe721aaa1537f45f111169165934b7541ea02aa1c3696aaedc4,afb2621b373c2e622606f65559902165cf3d432aadb2b40c086abc49e4c7d8a3
0e8c409668dcc57b7991b3440bc3ba9b8145b7dc31adac8f3bace642eeec28d1,a32d232be1426ad6c8f98fb0e71f23f93fca5a9b00ef5a14654fba618d5025c7
b0e55303a04a62f18352cf3b8b8fad0746456a90d104f32d8f4c20b3d64c4d6a,cde1e431808c214394dcfb57934277bfb72d1726734060c123c769957f06ad27
43928f8d780cd956a8ebccbbb870c91f1d7e5608eae0caa4545cd10ab4b32250,ab3e2821eb8f17311284e1ead1816bb752e2ad28ae94bc9d52b29a5e103cc5a3
4762d8543e630ec5e6d542ca11cd750e5f08e6cf8e18423745f8187c4dc7520e,9cadb69ec433f8dda08a705c42150d19f46f5f2123600e01c2667cf302987cc6
8f1a457f9a8cf5029d7701246a2380794df7d545492c752b2fea9467a843ebfc,c5eb4a644c2d5f39bd3425ff00175e204f18876b224d5c7aa09855dfda8b4556
9d8f7dd93b9c7202fb8af11e0fcf7918bf888310e5d4f8fba89aad4692886348,79fde12f00f62f744771379dae1985e8037e219542785df6044173d34b55591d
552faa4407556e1b44acc1e0b356a665692e34fb5b302eed4e4a824f167554ee,dd54fe4f57ee817cf19fdf705f9edfd39afbd414e2130f7d33547d8e57891ff5
c7cac25c425a7cfad18bd8b430f346808fb51464af1c8f0d8379b90cf430f476,07ac728941536860d1868ab7e420f6077497b367a98a5058c789497d9aa249f9
6894051a175ec19877d688bef802663414f5afc085a671bdc3be8a9885b396af,d3f645a3b33142ef3383bd776ea055ff495b1f3ba8345d1948fee18584050c83
c21cb4e51c32a16c3c03c8b1e2aae09e438f3dfdfbb7c39f9618a42d639689bd,2cf0f1c658298dc88ad156e2f38ad33ee1b5d27fdfa04cc2938c45bb2cccf4e2
f0674c94a664d9d41b51a95506e9a9ee97e8658ed63aa409004c2f1c5e394361,950ef96ecd775217beb30b92639665f6c76b3f6c6cd434b9dadd5b6c0cd0c4a0
f9f67c0912da8851e4898a9e05154114ec18e323c32a27640cb443aaf584427a,efe0f4e6e9b264cb01166f354c2d3285870aa8bf11d2ac8569d50de826d11723
8aa00c63eda0f7377ca75f379329d560053202bb39d4c660239c741556479f91,9f72858be0a6e313ad8c40a55bd37ca40dfa0c28bab08f8b48920bdaeeaa0578
3674d2abf431047a7fe3bbb1cb55551edf05a578786b799ad40bc9a75b0a0002,ef5bc86ef89d89665c2169a0a33b7fa3b203ae9cd23411461b6837102417c03a
836a2b5f7f0085954e4b21c05ef62c68be4084e55ddcd61fb85bba6d46f0ced5,ade70b3e5c185b9e5b1b0050329d88036c1fcf03dcb88c1f23995b677440ad67
ff80a66b1ea54626a79a64dcd6b5f09c5b8b799bc9a7c9c9f7d026ed85ad5f57,707c4504fc69f81bf29fdf5cc15f19f0380bfd05815092f27c702d4ff5c4b0d5
83126b40aa10fab8aeb69cab26b5fee2473a42a4559cb2e3bd380b1ed31251c2,a7ca0f04158b1af4e76e93b3c5f0436a308c4a743960ae744091797ba773dff0
c6bb38fe3debae78f813f40110dc59e61392adcbc12a9180905af38940b68aeb,20b80d65963b15c1dd0938e70063cefee060cc79879e184624061dd907f905d9
1381a1ccb9ab53e7d3c166fd60567b27324d322856fab32c8703d320e062a888,6aa08497a19041a015552fcdbf4c3facc7dcf73359c94e5bc6c263e11c0b8bef
63c6468d02fa856694ed9eb49117d2c49dff5932257d5834005c8a9cd472dc2c,b1cc27af41315147837dbb3e92da45af44bb9ed52cae84476d6c3006f21666b3
61be8724c3bf03d5947cabd0eebb29c3e72f9865614253b98d11031ee0283a52,346b5589e14314c212dd2f79a1a6a91006e461ae1613cf4cd16d317cb4293ce9
3e59766404a55e65d2cea69450ac06bdbf902273a884c949d8af4af734ff7d49,11653de6686fafd579115a318624d50ab686c0a4b5cd06c8269a40c90da49391
f34113ba5dcd0630bf2cc39b5da2f06ff84fb2dd2cd4878824d1afa3bb89d0bf,7bce7984497c92c189e162bfbd83d67ece4f7d257d8393f942e9106a2b4d5e30
75c7e03720ef47504754f629a657578b910a46d9c9c6b85df70369874ccaa3eb,7e1ee3f92d6e06708e3cd98e4451ff5e4fac17573f3806e841ebc8ef2d090d1a
f0674c94a664d9d41b51a95506e9a9ee97e8658ed63aa409004c2f1c5e394361,e1b4f5824e4202e2abca196679ff3657567980c74d0bc0a7f84ef1df590bbed3
30e1a3f5305a71aed432f85a02f6b9bd8d074622c598a20f9b676e28bbc01343,417e7bf05b8a618184590d0bdd0735b0d229be99ddd3cde09fc2f824384d8b64
5ee0a7eb096487e66cd4296c1f77acc63ed5668b9232593c858ade015effc81e,61691cf3c044a4023b2d127e506fa7c3721e6d5dcd4d6d1b3a571c60e012b6dc
2dffa80ceb7049e2c1770f560eab8e8c36d6f249ad21b0d68ba39b711be516c7,ec9029771163e9e6b1c172d58a951ebe9a87900a58c8845f822e982ef5322b90
6b8128aa2b4eab7658f71d2a77a0331b367b8d51ccbc3cd25df71201d1e25d2d,520151d0a96666d6c82dd1186cc851727b4ca3b42561acd95f0ab63c5b7cf9fe
08b3624d37ab364d672c7cda82f2f94f63927b1b14c10519ac09e5965ebb3a1d,2d0767c0e3120a22a40cce4265a9b5f93ad9c67a7d7a4c5bb94012faaf2a723b
aa994dfd4da265182ef268d8f105de19cbfea643608be6e7d5020cab63deb85e,e90ec1e4d275becc13126da9bc6b0116ab4adec8bff86b47941ef48ed8efc9d9
5cff76d9e0c68d025857bcf49dd8941621137eb9047380d16e59b0dca43fcc34,72e49b38eef16e0b6b916e4d71f296856ace2b1da88c40618bbfc366d24edcd5
d0dde6953506a9716109ec47630b93aa0ae286c711140877c1fdf90935b58f2f,16b737c428845dc95589e08bad0cba953f1735c8651a43f58a38786a4d76e66f
c38b7573aa858600710f6150718745d8429eaf0c9656c303fb088ab3cc7ff7fc,4bb0f4175cbaa89cd8dd84445b27277c5333d0af57c6badf553a32e39e91a79f
a71a58cecd5236a72a87dde71b6b039949fe2ae70ff788dea5bb3a0e84b78dfd,4919889838418434b34f8e472f263d6226d08e25a16a95e66f98e53b4a4b6155
7095d0e5a0fceaa93a2d8ebc068abb6815ac3ae85e60353f30da753eda95e54a,177aeef17e5a9d3889908980d47d30b9bacafba87373408cf13c28754f316ca5
0d7ae2a4bdbd3e5951467686c48b6e3dc68964720f96b5ecd1aa27d05af21db5,87c05d9ce8d24dc43539a86e6af8ba318b22a544925d9a140d848dd1a51b6702
13ac0928a1e4a96638df5c2126da7beeb589d86cfd4e04bbe27a63b18427fc8f,1da1ce686115ec7ee04be319f4d471b4684428123e992b188142f8533bfe59e4
144bff0202b22c2f7c9d96bb5c57412feffd63f770c047a7210feeb0877df55a,7b9c115b67417e0d031db57f482086919694ed4a39a731ba5ccb0d0a98639d81
36515c4574832f948ec17dd2d16cab0f67b4b7bbbb94ea550958da36931eb664,24f0ab0306d224e8551ca25132e175eef6bc68a746cbdd606f619fec7427e7a4
897f3f5d86e017e9567f5e29e9c121877d72572eaba582b915afed84c3d203c2,b51c354d4bd129d1fa5ed55bd883e21cab6d1f3468157f0a7796a7a2fcb66855
a2faca423047e8c1c31c1c5db5e895659b51e845144af5f36204f5ff3b8d8fde,885e79dfac02470cf6672021daecbe2c9e5da27589dfc4cd657438836e295f4f
22ac6b0801fbf237549faedd2a325e141dba625013b3f815fb878a06d0e44fe6,8956fd02ca745c2dd65f04b4a5f06f9fabf0d93389e5928ebd6f49d465be27b2
916d701d66bcee44c3949e5675b2460c97962270428da8bfc35b96d96c9eb850,a131a08822b545a8762030aeb46f88dd6ea3a5ba788c0690b9fe826acd28f21e
bad207aee6e760719bad0965b9a9257d33a3629296df139f5d9b23f03090ac31,d39864ad3dcdba2166d922473914783aff5d5dc052cc71a8152eef02419ecfc7
10d9c3a29528c2d99952a564563c299e3876e2bf04dd98e278bbc8ff2588a5be,7fb5d5935659bdf89c6cae36490dfbf98ac08851cb2c241161a5c19f645c6a9c
4ea27d30fb568104e9c38c2431867c148d06f4b19c2a39ade5b41c0ec1075890,329559e400df10174ac1cd0abb7a04d953047b14bd894e420d546eab5d406cbd
110aa5053aa3b77fa364d044720e2ac0c5caca3c23212972b8cd975b4873ced9,bf5e15a7a220998d4b36e1037dac20c2c9db5cec76e54e2966572ed21c865e0e
015d4533f1aae61947d692c29dd6fcc49d75504b91d271ea073481cf2cdd9f3c,8419d7edf6ebb1c0367e57180bc94277a949d697f97e95643ce92d34480e21ea
4762d8543e630ec5e6d542ca11cd750e5f08e6cf8e18423745f8187c4dc7520e,b5a84acd787b57613dd4f276432c2c2d6546d026e1359cbab90247ac54015efa
c588a318687db2ffc0e543a7d3caab074eb15e77982b4466f21e3482601ca31c,7abd378e2147e2f8404697a97689e75b5a2527d3777789e56768b3dba01c944d
88950b5cbcd974f7422318f40c9fc513524ccb957f65e61283eb21471d9b5b14,13397d74c15273c2cbc2ccbf20c580bf4d92e73867fe3168ed1a76254bf7352c
86aeef67fc162b085705007b1b1e95b129b897e09516c7b538345a4ebef37bab,ec5eac30d5830932c9c2c095450ab3c9f1d93465b518aa55420b3eb62a251bcb
e100f075daccc290f4f0eef524c455dec61e59447dfd807810caca026cf10502,3404e1a0c2d0b2b0f3cc91d31dd90342fd9a61069bc645ddc43694c86ecf5546
2304bf17c1980a4582d82631ff7addf1c697fdc30de9fb36c569f51463ce5b8c,166e395d7df268afcd243bcc9ee4ab8da777863dcafc21d7e3858b5e0eae1801
e96dd2a6db0a00b1d970375f378ec8b870b9ec55c8625ccb9c7e14299f28e2a7,6862402b18dd6ff1c4c7d0b7ea1109087548cdcbd17e080e7c8015788d58d1cb
3004d74d5d14e5dfe6af9f307e98941dcf1a09beb5c8c57282229d1caefcd067,c9813a87dd973e331c00a3f633d8dc520e258a7d6321616a8de07367853efee9
99ce29462dc73977da95c10e51a3b80da5a2c9939c58aa2f81b327094c97c425,26463e385b24ad2ce41beb3954fdfd6e8a34cd0c8494cf72deb287bd384a746c
61f527c4799c7397c75960290e358f583ebfe49f894609a170f5bf4b07c18492,8ef087d096fc568c5dcd966efdd799e21fb03fe5438c6a76ce7a1e51a5738d2c
de38f47975306f3814669f657acd85dd6db588dd6476b45fde98ce7547aa9b7c,1c84023ea1f7bfeb70dc61c09048d25f40e7a523e64c107b3e6aa939fde8e6ec
8bd739b057ef220b8be238cd7a4e1c14a4c59d4ee4d0003a0e71da2228df7e6c,367abadcaac71fd1391ffc1ea37bdf400113f3aca8551222a9c658e41527e683
c969dd60d7d03c1af9722e300889fa6a7a8efe99581c5e2fe535808ab050884f,b13fe8d9b0813858415a0959a18b876009878a6221e8dcb139deea4ee11797f4
2c4fc1fbb3d615ec9a1ebf6d789bc9778b479386119cd18ded22eb4f30617b51,b363098181d8f720c6a8f74fc7f89b4952f6ac885e5fb4366a60302aaaa72e99
2f4739d8db82402952538351d8ff33759f24f77724357871a66a43862219f2e0,ec9029771163e9e6b1c172d58a951ebe9a87900a58c8845f822e982ef5322b90
e117113dc3992abe0edef00919fe5099ef10e1274c56b07d7c7e13d34280fbf4,91d3fd9135c0c4fb36f6f42f6f2901ec73e2060c39b7db0e250b9abf61260370
e40c3c7345afce281a8899a58646d2c1cae1feaca58f3e92bc700609bb3c6df0,bb0470c934329315e01e126b7453e32f06d6259b925a0bb773836743f7035438
62b22423ae2aad6bb02627da5171e44a4f42b59dcbc37f5995e40f221a440072,8516a2a1903d692e579a3ecc1b0ae2103bfdbd75ba98119b16f4358a1c5d5797
ad5e56062a69465d1b25bed21c398de426ac03edb9dfadca02fbc1f6ac1c18cb,669e11619e4d7f77905e4a1625c54ccfb35794b0b573d0ff9510cbd55518833f
5d8f6af64068053691dec5c5db911120eab5b1d08af40e0429a8ed421e3cbd42,276528a64de60ee9ec95c2302020715ab45a3ce1ed030f507a174b0cca3507e6
f020077c12e237e1ca4750af941cf3b5426f15bf33e5bd54f7871784218428ac,26463e385b24ad2ce41beb3954fdfd6e8a34cd0c8494cf72deb287bd384a746c
33cedb67c1369a3fbcff7fe7f7f787aa5b292265bba562da936a979fa209788d,11653de6686fafd579115a318624d50ab686c0a4b5cd06c8269a40c90da49391
7b21be7b344e9c6938e5dd90b731a9cacf968fc5e27ae1dee3b4fa8aa92e9ff1,2d18de810fa36aac39d5f4c57b44ce99e3c562ffe07c6a9e43d03fa098dd4d9f
5c8aa7c7edee51c8d08c97ff988858b6b56d2451ba97fe718f2ea6a36c8e12c2,451c81bc565949baa0435df7e1c5fdf1fe8ab9e4a57f0bf6dea410301bf326d5
98a2abd251d0148856deb746214283a58bf274aafd7895bb51cdde94586d1e8e,9015275151b669bc18e9b0f40c1d5412f938020214543eae52d33a7699daeced
903faaa6087748a01cd738fe2c0c7d4453e1232e10a0f6d01ecf4d6a33728a88,f1836927195cd7151bb0782237d9e9267e28735c683f365c2fddbaa71d461e4b
ed5c529489742bc703b5f8aece99eafbd9fddac8fd81d8a40c4c81e9fc75ed0a,178e297553a95880de9aaceb5ae685525b6cd3375518102a333001ddc23cad4a
afcdb99aa50d5764a59ed853d33fc7aae264f9a48a14449e6ea640ecfe17575b,11653de6686fafd579115a318624d50ab686c0a4b5cd06c8269a40c90da49391
220237080ec72c279b81b3a7d5ec96424e11f31750a339714b47c834b5ec1a0d,a855ef2b96a34d74229a4de382b683c170ec0fec61145eccb0812b1ea9d8c5c9
862f7427bfcab6ea7465e437cec0607e226362104211079249fd3c1f88238443,46208fdac9e1ada75bd3cd2d1a911315a97c15958889ecb227659d0c5b3e880b
99836e150fe529a16d24343abc19f83e09b4d923fae7a9209291baaf32ab2d6b,254b60efb2dbd4390cef67d0d4906b8f476bfb49a5eef2964a3b2bbebe723940
cc0fed0ad496c53a034630f3a44b3d2f198ed2405ebf3a5f0fd6afd520f0537a,185a42e6f3709323bf301469d0546a5c02d577d3d8033c49d6a3f2e1d9f93c18
98535ab34e2dbd96a00c445a76a45ec76f5b5bf9fbac05db5e18e5cfda6c6bdf,5089aa7f9a141bbce9f3767311964a8f977c575d4d4673ec1df804c4cc1f5e3e
2b93fb04670d4876ba7a4afdf37af0fd12b4dcdd04764dcff6027d4b47c15764,9505d17ee5dda2df4d6a3acabd00e6ad18dc2386951ccb68cb08691c984d2bb7
8279f80cb560058caabeb71c8bfebe313cb259b8f1f6715ac16fc3f385c392e3,c97b25c13c3221c0dd1223bf00bd91a6907255d023dbed0f4a489b60a0bd37d9
f25782127c0674583c7a85b6798d1b44ff9b3bab2d78fcd0982892388bd3d2ec,374fb5d17b83cbd0d8b368323724f10b854a021284ba61b5abd068aa15c5951d
7e540c82d189e61ce405f19e5cc3d97c0882e92e802469e0976acf640fdb0230,b1931719a336e9110efd801dfd01f5e7ed1500abecaf3eef9387dd0c0ea304ec
8167110434a0d706c9001315b2f2c3f70222a64cd16fb7131c083b6d0a033399,950ef96ecd775217beb30b92639665f6c76b3f6c6cd434b9dadd5b6c0cd0c4a0
7062cd829c976c41a999e91821dddc1130d40b62614f1e291ebdbf2ffca8fc46,f3627ef7532b0f405042d9751387df04187bd85495076b25407f2a79e2ada202
604f58c1b95a76d9516a0048ad028d54f39347e33471dee29a95c2baec8672b9,e8ec7f5c8e7adf9c9487eddfc05c206181eda366a04f73dcc26aa78a017ea03c
089a872e68a3c9e134495071cd57c2fe132add8af6a3b9032b821ff5fc435382,45e54117bfa3249ac033f41fd81a4abe0ecbac8d7a5b5b97dc73fd6366650dfb
283ffcd1e0b4cfbfd6aee4d0ec651972ceb16898eb574c94b73315b2ceb37462,6fa3f1806211f9804042645ca0aa9caa414b64cda5d60c2984ac50d785c0119c
8b4fa3bef38cd3f103e638269d9929e3f9e597ff91d0e120cc53918bd99cfce6,134384deeed448ba3d6f54f8ea0d9d9b78a46acf9082eebda17704d088370289
3a21ee6e5aa932c406cce849d2817a7b6d39acb772d92d2eda9ce9c9941eab4c,3110e85077b51e171e141cdd4ee6ca4bcf9888a4378ee16d8282a890b5475843
cd2141556b70cb7f2cfcd245a143192c35c4d6d3b810aabd80418f8b39ea00ca,6991e1c8a4884e485c48c47ecdc56ac10834c67ca5ce4ccd89020f809868fd4e
9cea5e5540dd848a75cdda93e67166f17985757d2116f86ed105a7785e53379a,596178ac008821fdf4d7fa0ade0990b8936bad782ba885cb4b9ad2daeae3f2a5
22ac6b0801fbf237549faedd2a325e141dba625013b3f815fb878a06d0e44fe6,c97b25c13c3221c0dd1223bf00bd91a6907255d023dbed0f4a489b60a0bd37d9
6bac71dd124086a163db10e3a3ab28b8b83b1c77c296b63e050aa8afa7bdfc8c,9971ca4d496d4f9908db64addcd005ee8ad47d2bda0ee1a8af31f4a9ec5819b0
aeb3c76d064c36494e7e3c316b18ede0a1dd8f05db075604b6444909d47b93cc,0ad16f19ab7c2535c08fb70bfcbf5bb5407b53cb48712f17496866826363d113
52f9fcc8db4be52d256fc84915829260e1e31aa95c9f5a0bfdbe1b3c3c7c5cd9,c97b25c13c3221c0dd1223bf00bd91a6907255d023dbed0f4a489b60a0bd37d9
eaf7d178ce4a8bade402a349c92de2d2d92aa59e6cbd8793a35a81124d3ca958,35f3cbb567b6a2e9f00d22dc74526507c95daaadce8afc06f8821c23a7efcf2c
76a32cf18fb7704c7b3cdc952759f669dd5eea1c076ac3f0c5c3b253055b56cc,dd9ddd09a04e1218db65902ff11cb3f3163eb24f358732a8bfaf857d6ebb0343
bb0e8ca6296df5ed3a1c379d01ec19f92f557293c638dac1ca067fe28d309df8,9505d17ee5dda2df4d6a3acabd00e6ad18dc2386951ccb68cb08691c984d2bb7
3328634de9eccb595c8e129616aabddb2c6c92ca56c22e5aeea9cadd703ea60d,947bd4a58de170ae99e618f4914bb93804460a70dbcab20881aa6064af0d56a7
afaaeba05e3c6817a1dc3b6cf020223fe86066f11cffd726d6f1455453c8bbec,e88ae3eb674106bb80be8e18527352de9fbfb47428d7b95d3ce3ad408016fe4a
af9cedda69741d46418198ee4db7d7a014fd6943aac79a8f9ac043eae01b289c,625548046a703d62ebd26b1aac2d3d65f891ad1eda4a4681819aee1dafcab6f9
1e074ad606ad2b108abad94c82f9bb6fdd3ded2faa0f2b85080ad0ad6654c2fa,35f3cbb567b6a2e9f00d22dc74526507c95daaadce8afc06f8821c23a7efcf2c
4837ccb387f7515c3ab8fe90ff5c2394d345f8c3558e7398e12ff38b5328a501,1beffdff66f55b66260d2c84c7db180f5208c3519ffaac6ab143cd41fa8a1ed0
d4d1305003969ddbdbd8e112d5219986ed9421f66409f65c6e0cce954550dd54,e19b0338f44649e702bcb77bc76a0e44a526d2ba796b4eff7e28aa6f397ca749
aeb3c76d064c36494e7e3c316b18ede0a1dd8f05db075604b6444909d47b93cc,1b1453e99366ef9bd759582ab5f9d893f61b43be2a2cac724d5218032ae17161
06f2bb96971e7d9ff0fbf41459bcd3c693f9c3fdb2de3f9b3b901f7d6a88357e,a4c7bb64247c459fa6585f6f5730e1ac62945e7b9b956a1ef8280691c181011e
9f2111265047e506b06050a6b875b4f960ae69ef5c6bb601dcad7eed92435d82,e3b6b633b92d1a204fe0a09359475476fb477bba85ab7180a1f3570fd26ccae1
015d4533f1aae61947d692c29dd6fcc49d75504b91d271ea073481cf2cdd9f3c,7b0ed138c8829fe3a3e8611c1b38f3be2e287022e7c1c27acb4e779082723519
c1826a9f450e6e0562cdc4f496d7bcff3827020358819ccd650c8de43ff2c176,1b1453e99366ef9bd759582ab5f9d893f61b43be2a2cac724d5218032ae17161
374f8a41ad3633e3e67a38bec5a830f4e9e5e1faeada76dfdbd4bd2326d9122b,3596d8fd5682170bc781197696fd8355124d956e8ca162eee48481b7ffb539b0
fb9bd4af012b6a78e5891910f48ceeca05dd4bf178e0f8e56a06f52b37dafca0,eae219fb7ade6480cf3f225f8a4c3f78f8362f5be90f0f8daf6f0de3d52cfca9
eea8f9d2863ab2305ec55b9f99223431d68cf530bf1a38e89ccdff506d1ad72a,eae219fb7ade6480cf3f225f8a4c3f78f8362f5be90f0f8daf6f0de3d52cfca9
a979556cbef3a3696a720fb3d1a75574d80a9032d549493ee81c6dedddcd3f2e,11653de6686fafd579115a318624d50ab686c0a4b5cd06c8269a40c90da49391
f5c4f234cd3d059d02f3509239f9869f416b29b344f3dd03ccbd6fabc94d0f40,947bd4a58de170ae99e618f4914bb93804460a70dbcab20881aa6064af0d56a7
41bac1e6fe7bda58e541ba48789704e1a89bb0925bf38064e6581a51658a09f2,ca7c02c113c68751a6449380a03b72302ecfbf4bea0f34b8928a8e8fd15d7faf
3d6971774a49fcb8378b16d506f6b0cdbc1a4936ae0c9b0aa5b523d98b43edff,35f3cbb567b6a2e9f00d22dc74526507c95daaadce8afc06f8821c23a7efcf2c
e3e342024dd9a1b6b587a353ad58a01d3735a55ca0dda3c77fa76d5020577998,11653de6686fafd579115a318624d50ab686c0a4b5cd06c8269a40c90da49391
e5d6e492b39f9ab47fe277df1ff122a2b39077a9458cd8d845bb32d9371ae98f,3110e85077b51e171e141cdd4ee6ca4bcf9888a4378ee16d8282a890b5475843
761357254ab61c5bd6c955c471c3727f49de6504c53d55367b3a62dba0e2194c,7b0ed138c8829fe3a3e8611c1b38f3be2e287022e7c1c27acb4e779082723519
96b2a1b167b76a5bd4de0541ba6342bff1a8f1e899596275e19a409cfb2030b6,e3b6b633b92d1a204fe0a09359475476fb477bba85ab7180a1f3570fd26ccae1
32ee3ded7b76f99792353d9f1b61ae9cd7139bde8b36a82d2bac192e33b68a05,cec5ca65dd7b775847bf437d26424016b7726f0a2826afe34c955223f09c567e
e9e69db60a943ff186018a01ce28aa819f1d685b1c1dcd319411115447b9bb23,c97b25c13c3221c0dd1223bf00bd91a6907255d023dbed0f4a489b60a0bd37d9
f34113ba5dcd0630bf2cc39b5da2f06ff84fb2dd2cd4878824d1afa3bb89d0bf,36a37da087096c2cbe048def509531a3939c284e2180c7b46e0b746a34a927d5
d13c254a41a1c32171ecbec3b61a904fbd7adf3d1e0ab2e300050efd4b9c591d,7d6aa4b89bb5eb22daf96682d5355f9ca44858bf90fe8a380fbd9f1a9cc2a29f
f2f515e1332e78ffa1d9ef780f5df1246b0d3861085eb8ff10d4d1542031ff77,dbe6659d4c16223663eefd67c1e85ea799a9dccf48fb6116a85f064a9e7db7d3
656989b7ae622e20079a0dff04cec1924b77fd39c5f07484059767b32078ed7b,5f95449b6e68a0a1d0dc589fdd152c713e3a9c98d64b3462b450ae3a82fe0657
22128432edf2bd4c0aeabc159bc930dfa9d2a1f1fba673eab0fd248c3bd96b5d,9e256389c7723c79afa140798747ba74b28d3cb0e754e5b89fa475062ec018ca
ffffc9a0c08c76ad36c5d2fe3a4257c8722d6999ba9ba2405253e32767480982,89d1f486664861f74e66041b78a5fc134c8f1a6e657cbb8bd669daf560f8214f
a071648367230ef5e9dbea949295befb463684ee14423074f495b497841d9ca3,56bf55244ed6f98c41c5a410fedf16db4ff43a86c807f2d554e85581b944635f
0d3f25f8b95c704514ee3a79b9a60c9903850b47443328999d62a58e0d631149,7d61a2d9dbdebbc556a573503def28b6b84cd432c6bea0580d9f6835aa81ec44
038c4be49db8402a00bc77fb60cb3acfd686bd97954a1bd725c3b10c34eab650,863c5b9fd2080b7b156c511f2c25406d65a0ac64554b57674a1dfff37b07e9e2
8d07c05c9cf9ecc42be7a3b73131cbba78e074165ab7930926babacbb5f9df3c,39798353420ed1b1cf67b4b83527cd619b0fb495f55f8e8d675595e13f13211f
f0cec13fd54d2ea9aab8f921b73600439e61139a93631cbc5fed55621c54cccf,845542545e8ad9c5a2dcbb6fff9d724e9970d44ffdc0b23e829f40f4c7c6dceb
69c392bb664c1a2cbac48b5b437ac736626bb473fbed6aa9d7e1c4193bf6d122,644dd0f3032106412b72c70ae0d8418e8b65b00bb65cdffbb0b5af7abb0f1e39
4e824b5dadbb17a5ae5f9a186b438fbb979513f1a4291c8b1b404b094a4863bd,b82c8a2a3a066346a469bdc618b0312fae6715698f63fdd2978abdab58d7de4b
d138521771b55c0b0f8742131a7a7afdbfa74955d0815507c390ef58ec217dc6,acb3ac069f66cf7774ed29c5809a05cfb3ffae4e1c926b76e2401a676f89e0e4
aba9455151c61220d970e7cb606ea3ab133348690430e434f3a87b086172fe16,065f622ec4ea3216d03fd17eed65cb8b26692eba918631865cdc1a55751ac5e2
e6c93c2e21687e63f11cc09f8bf31ac80e77cebac9525d3d773b31179eb9961d,a0288d2a33a3ebf069433527ab491243367c5f8b37b360eeae9a9fd65a37c0d1
29d0efb8dd7f69ffb711ffcff9edf03f85755004c07d66f8a1459163eda5ec59,5341ece450b0793dc62ab9016060409866a16a68637bf830bbe43d1db77dcf93
d0dde6953506a9716109ec47630b93aa0ae286c711140877c1fdf90935b58f2f,cd83e6731d2b17369af0704c1f52ff42262363a5521f650c36383b48bd35833b
ff07c34398648cd06e1f99f4f268acf71fbd02b6a4bac5cc28b54bf0d8ff8971,240406c252bf0a8c191c9a1c4d58a9537266dab2c787b26eed9327c0c7f1aab5
d841468ad796107c872c522eacc09bb8319e4a7f08c6457e7d795f3081b86d7c,14c3797572abe6ff8f23d3da9cebfcd98f4977242d6545852aad0ee6cb73a9cb
b1fdc404a03c9b6640b327b339e229b059e41ea5781eab01657f8b4cc4a84191,d1d917d489d1961841580c5d4b20bebe3bf47399dff9f63afca8d82ac8854b34
ec8241c067c0867e0db6b348351039183cade3a13818c9558a198394a64e96e9,63c7620f7a5467eed9b41c83c07f086383b0e342340b4ca83177c207bc040ba5
5bf6d5303df0c340d092ab86196b245a6f3edd5ca3c03c648b58d06a001c4cef,733e06d46148f21b12c09a36ea44e45795fb0ddfe847ae7150ae0e52bb4e36e1
238b2d2ed5d3738e2b0cebd20e4d5fb4b97ace7df09b099efa5ed02310042ed3,f59bce3db4d64485bc620d7b4c74b59f2ab68a02b3810c980abc8321a213d7b3
c21cb4e51c32a16c3c03c8b1e2aae09e438f3dfdfbb7c39f9618a42d639689bd,bc1594252b38d8f752a56a7f20a6bd84b0564a58e3fd746f43e82f4b2c777ad4
908d12dbd97c28d7b4c71b9233babdd7947499f95a98f9fd1cfa5edccb428498,ef6a358d25a45e1970ff1bc013c023236c5a804d38985df92c956074354a5ca8
76c4264052f3ff5180846e9e1f6a76c66652e657efb0b76fa380cf0825f338d2,28ba70d32f642c86233b38dc8c435503fdcd4271b3060101bb0fba39369e6461
8279f80cb560058caabeb71c8bfebe313cb259b8f1f6715ac16fc3f385c392e3,4dcb41eb01ebc66a2d9db89aa47fe7870d38b6f60b3cc898120cbe35bbb9dabb
36515c4574832f948ec17dd2d16cab0f67b4b7bbbb94ea550958da36931eb664,f72ff8dfab49a91f70a5dfeb56affbc096cb31076a9f71342cdc95a2235b00f5
38b6c9b2efc59ffd0bac6202eb078600b835e93b0d101488261f2e80f13584a0,197ace72e888a9093f79b0ed96df54510b07289f715fe672b9d7c4df3b414522
26fc85d1526691e15e80642dd49aa9c68b4fa0be2ef1fac2604145e9ec7fd077,1b358c9a9903d1d7b412b0a1b53074b04b23c0280ed625270d8cd3d5b86d820c
bd09bb88cf7997e5b5bf0f519c087d228fcf4a9366d1dee5bd33927db522c54b,fbfe1043ca47e49206a75cc4bbefc4e194f736d6911c4b9b0a3be1badb9be4a6
abaa87f5d5c6d505cb562b773484ac3451500cb9cbe58ecf3ad7cb5ed2428e04,bc4f3079685e298051f4788605d755546a9ead8fd1b4bcc24716d380e5a6ca25
762e2443fa1921ad2d32e6105586f56e99b1f5bd857dedcf3d33c7189fb1f437,25e0eb402fa3877c9d601fdab2fa00fe5a564563d7cef89af62d823ad07dcbd6
f19d4ba18e645b5b1938c34d6225106b6ec7f1cb8564b2989244db9aef09b248,edb6c6762feba4bde2b186d74dfe8f4db2703f0678571e79f30c5e07054f8571
253ebcd5838095155e900afd268e5b88292eb98770e6fae235af3c34ab103e58,0cdbc0e997276523125ca0a549cf09eec755b7755384be974f437f137a0bc157
c179093358093677b8bbbdc67b015de6ed924136e1eaca60755f4bf9ba23f9ca,9d8d887f42fe93b2d22a78be947628939210bceccc4d4851dfacf0239cc06178
39e7588c834b1dbb52604884c6b577a70f5f1c914eed89ad410f68bbcc4fe43b,655ae0e151a9c4d9f65ce9455202b3bb8e44ffdca44e8d197ecbca697d64c362
c099d9babfd08a066b426ca5400c7fd1ab2bd263c4829dbfafd0dc5f0783ea07,ec2ed073fefb33d13af2e791b31241d86e9ba5e44eb565f6c8540d5d9af3506f
63c242f206113320c927fa14b93f5a66ae51438de42cc9afccb9c2ab74beee93,8eab2a48b01c3ad227f55ff562d7a5369308e6bfef7909d97819ea0bd26a7491
5816d6c2ca8999d935ac47f68ba6543a894af394006a9428518f28c5bc93a099,765c81a0775d2cfc52aa0b107a65515d4a770fbb3b50f1d40158520bdb047273
0cf08c3fb3849602056eae125a314ce3fc57e4f3c3176d73ea917818f4247112,7a8742acf0330eab3fc22ec56cdba907f927239649c950098888a19dcefbee08
a33adc27296d7f54a1efdbb29eb60196f342cbc40db5f08cf910281cd63daba3,0d332c316f881a04796ec7d5dd42401301b4e1c19b34116d687fa3f9f4293e0f
d97bc7ef68297362a0e12db39d6cf313fd88d2ae96592219cb0bece424b3a463,aa42fc669267451e55bf6072c9fe235d6182e6c44d2137a9a05bce32bfeea1c7
c4bd03aeb22a66020a05f299a2430b481485ae2c17909e3ce79cc665d6f21cae,20b57ca989340714f4807b46dfac25be78df041afc528c1d13c2382b212afdaa
399c1404a2e5967a3fa3dcd445dd0b347f3e38d491dac3579855f6e76a931723,7d3aceeb85be59d3802eef33e18e2b2cb3eb53d9287cac4f117209f555e5c787
4d1a3d2d3785c6370ee706ca269dd18518510bbe4479e5df7caf7fc64a76094a,5203325dad0160fca7e05ccce4a6c35c37bdb6f16dde45e1464cd3db2cc4afbd
e7864e7d663d7c4145dacfe639a35bdd029b97e89d3393b4ad68d240c38f5077,32ba5dfc0e532d0fd87fccd4b7e0853e2c42b78cb1e3f96ff32893e1fda22bbe
b005c6e6950babb92b175b7a644108b88b91559f50b33c21769d97f017e25e55,6b27fee44c3e0b75e4ea8b06d47b1feb33ffd37fc7a1ce0c1325243236cd7c24
b0caff459c8ddaaf11ebf470b75583d43a0f7cc57fd5f6c29fcbdaf1b0186192,7bcc4ea6a34e16971f2769f0878fccd49e2e6e7f40356ce933be224faddbd886
813d84207c68ed900065e14d39015305ac4ebfba14406a9803efa3689a6b5e82,4719eb69a4d0197d54a865b7135e853bfde4c8a9e59afd9501d066869a045a4f
194f1539ab22b4d97edf48e06423651cd309680df8195ac0f11ef1006a11918f,52e4376d8177ea25dac674caa1e2bff31420300a8cde78a6e22c053b363f2fc4
f85764f5f6e63dbd9adbac25ebc1ee057a3f528f67745701228277a79fc39bf1,66536a0317f0b3c01a3a066ac03590005fcb19f2b4ed1946f508ee068939919c
7c2501de83f0cc139c3c99179033cb4cc7c364da992f852e7297ea20200dce1a,21a266258b10044aee9f07bc7d1a0ae02c32d0cb3756e2797ccb6eb3d7fa371f
842f2c03b48e363e84a876b6b3c189e95066ce69edcd9c4dc7a11b4faf76a524,91b8c15ce4133a9b62d4eda30b8f8ded7afc2e65ad5e0c2acf72c4727f00b36d
642728f704230cc5b300c6a7fba357b1d491c48124c6a6a66cea9003745a0836,40c8f31d76562c2219e22b192eb1195c01b2c86fe4d631c60407041fb0b604cf
d070a2eddec34ce3bb3a64236e5c6830afdc930b1dc2105d613cfe7b6580197c,1a4a9ed10ccda5b0a3c41fa8f12ccc5c5848a68d246a1c0bc325737c6dcfe7f7
594e53e86a0af7cde0e3db3a43d4c759ded8332bb561e4063bea8ed6bdc8bca5,ded4d1c0d81702785bc91e1538e9e1aa3de29bf3c1fd3a54884ebc4412d03c74
38b6c9b2efc59ffd0bac6202eb078600b835e93b0d101488261f2e80f13584a0,9a9a7ef299e1ec8362f5b15963504068cf544f81eb4c78c8914de697b2a266e8
985e4842d08c86db7cec0c0d2dd8cc6d434df4cd205c3f98ada40c36d68be7d1,160570fdd15bcb8b3dc22b971cef1379894264b6d461ea4f4bd0bcdc151a876f
657fcc15f7f1bfd6ffbfd1cb20e004a266204bcfcf73b59e56dae1d47fb19987,d331239dd4868fa2eedb555bacd5603393bf2d9fea7336835063520aafc6297e
4d17e8b9f038f08d16d2762125549d9ec209844cc709b294303c6dc0e5027288,aaaf39c8c46411af83d6de747630abc2bd6620fffbb78b18e1c2d49264d7e04a
9df00f89389993611ba6e788e91075190e579e03007075607333abc9bbb79edc,a96af186daa8114d57a34b422b2d9a15ef8893923cea16c6b62a1ffb044d3443
82e38b7f52d3cfc679cf1b1c51442e13c6b899f5c294cbb0cab9ff0e9bc066a7,8cb849fd9af9dfbbe211f0045cf873049d36e58f37d5fe1da9e7dd801aac8d7e
59f1017c9fda82077b10f590bbe8499d5b9fb25e6b29ff93911aaef078b83ec2,a602926bdbecf4191b07800809bf5f557fafc6ceeca606b39c9ba8fbd9fe12a9
f24bc51ec4211d408127a487109b85fadaa77d86432b834e23a9ac8a48d384f2,df25917acf8ca369ba232d836e9bdad62ba5f0534d37775cc9b8b982587bccc1
9ba4e8b01626ca01c1835fde4fb9b96fcfcad627ca02f6288ee82965ad1aec48,96fa2584e9943ec68b8145516f6947bbe862cb93b6108a5ea1298ff0356d3f2b
9df76ef7abfeb205f9d01c58088e1b2d54c43702a21330c575784265cbef704f,92502261b7713b0723af7d13eb0281414bab1e23f49d2aa2aab5e5a0335e9b08
a1b2fa985e78a0c87057bb73f3542e3c23099f1a640cf7433524105637359bad,1c1b169ccc1467cc477bbae78fd85bc794313494b87ac4dea9573271833481d4
4ca6d8ea8c8f2723546aaccac1643d6a231461c3a3775614ad36d70ffd30856a,c8fbe8487aeed0532766c2d95d9967bccb02dfd07c7f738cd00f4a334ecc9bd1
8a4e2a22c9e6810847eb023a901a22684223254b1dcf4fdef64ebb8f31ddb94e,19b04c77ad87ae30472f2fe87ea0c6ddc84fd5ed1267b56af9479d0c51d24431
aba9455151c61220d970e7cb606ea3ab133348690430e434f3a87b086172fe16,4966fc141d1ab1bb453e3a496c939812262fa016fa647c35f9c10c96fa6500b5
3004d74d5d14e5dfe6af9f307e98941dcf1a09beb5c8c57282229d1caefcd067,cce3694fb64b7fc05a507b1ccbd3ee83955bf57b2360daa0a6aa798ed8c67ed3
cd2141556b70cb7f2cfcd245a143192c35c4d6d3b810aabd80418f8b39ea00ca,bb539e43d50804370e8dd99a344fba5b75b38021a2f46d007bec79b3943812db
4b00ab5f7d776ba0e5e7115209e7f3378f0d7947546d2d43f7a4b5628048cd07,c9569f6a98d81b6f4764a89e365a0e20ccb9c89a546555b0ef6f4f3b0ee75886
d56b85fb169f73239aabaa79112f0a97326d72fbdd0c09929fab928dafb5bfd5,badfee0eb4c0bd86f446508cb38d516b98c6e99dcef58f28d45c10f7a98f7b17
15c2e0e28014434bec78a0c4b5d0437e03c5a7f531e9abb23a8e5db74940b377,1b51143fe8b2009d495a429819295a41af0294e6033f221744c35da943a2fc4c
6329e84ca8d582788c7373d5ac274dca07c47e85bddb0149d7883033d32a913c,8c7464575591ea2b9e4b22d940a87cbd4a68726fd0c977da636205c81b846d49
a7882f4135d33cdf05bb17eb55b7124b181e239bf3b3f44c33ed98b2973dcc03,ff3aac3f2618865387a10aca64cae03376a6c3750bf6563d578540e8df3936d0
bb0e8ca6296df5ed3a1c379d01ec19f92f557293c638dac1ca067fe28d309df8,cbceea9fa3803643e89c458ceed11e5c153ebfae453b16e72d52c316eab19fe7
af9cedda69741d46418198ee4db7d7a014fd6943aac79a8f9ac043eae01b289c,6ff6af230c1eb1034db172d88286b93ca257e0f908904ad3606f0ca40d581094
07a62829e4eefbce4290f8fd0ed2d5a118adc92435a595a6f89ebdec5d90e4d9,0b98d3fa8c755b0773682b5aa0f781089dd97444c69cc16ed7cadb3909caafab
481aa762996522e4a866ed2022066333ee25f1ca3277884cf0edb19869b5d23c,40009c9c5c7c3374c544d6c8df0141bab42cae96603d17e2f7e809d81dad0299
6cccced5850f56113adc57900013c2c5f0a2839f5f055bcb789874af55599d9f,375ba73ae6c6f705357ee9a3d862c30b45a60b52ed0f36f0b3b39c3ca259aaf6
0a5a04596b28eabd9cb7ecfd9f6a5b588e3c73c565d3afb82e07922bb15f0354,0dd0f438d7ba5bb7f52ef35baf0b4aecf1a6bf576bd01c2c90017885ef0f9643
eb609a7e169f780c6ffaf06daaca7484d9aaeae98406d24f79c473424ecd4c0c,d6f12e8e1c88ee323e345629175bdadd2e123ac366e56b2e4dc49b13f6ff3adc
ae2af765d276ea8cf68c7134bf19a2ae25a78c4e20b521ddec7342fa13e5221e,8c43a18694df700d6e482a30b9c663acccbcdb644e11043cd52d5020b2b1d851
564e1a09c46b25d2459b2bb26b63283ecf6bd6aa322c1ffca0390142a20da728,37be0ca655eb94dd08c66df2191cf34fbf3b85ebb542e14a58a6c43921ad56dc
ab2e5baf757590193de77095d378c138485810882d60f0395cf51b08653afde5,e53cd385a7f19fb5db9a32bd29b3cc9916caaccccd082d6319b2862a723995a7
fa8928f5d0ea2bd982e758ebdbc766eebd26d7c499f1be71f55fa2d578d9c5f2,843cc68d280ae3e8f8bb846b1c190da0e7078085501e6c75cefc4efa1c325600
672fb5ef18bcb8b793a60fe4947d83b34f08fb91a2ab95661431f55e782664eb,d43c3fdbbb506ce23a50916d3cc7e401f055b61a7e89b18c77e6ebb96971acfd
6cd6c83510c30a5a9d3178cf4ba855c58d210fdbc928fd5ac2dd0858590cd26a,1d5a975310aa45294a2b77b244eccde70d1f5e6936f2a5205ee96f98e8544e53
af75e4aa0531f11a90e4cb9ff2a5ce4149ac17aa06b17e80ac02712977656cc9,db6881274c57cf7375ba314247e1f82b13cd115f7a6204b07307f685d55d956b
c0bed3d0f1d23395ea3ad287246eca491fd7c61f33f5a12cf4db04c6052f3296,1f7d57ca71605e5db291958c75ddeb2cdba52c629e9da5a0f18a73512fd33214
7e58b24571b4e8149ac9563d3d7c7c5756a1123a9ee53c785a70395d0de2f8ab,2bdb5e4ec231845519455368380640a858443c7105427061ea552de6de7c74d0
9c405a4f9ec590342ebd9e1189f8f2b4b9dc12ed9d0e4ebf4ff6e03da1742202,f46022dcd6d6c43e59f95246eb1d3604b29da3fd434c0a5407f6db9490e00436
bc210be589630dd2c1db766af68ea84a3838ee6e49755bede8e9a59f9359c7bf,8473cb358a05373c1d6308460a0f255c13d0c90deb2f1a5de0ae47fa948062b5
c67331bb07ab428cab12793b760a1794032f3b592ff15ba44c0e16973be44748,45f08b89ec9b45a04989b7c6e3ac36de5844dd505dcc313d49f07c3d616eeb5a
96a11aded81d5dc2c12cad33065b2d6f29571166babd325f3f65d072b97b0a94,acb3ac069f66cf7774ed29c5809a05cfb3ffae4e1c926b76e2401a676f89e0e4
07d95cebb011e0f312d8e73662b1869184275619c620a70971a9dfa857aa91d9,7e7d8dacb0514bf0ed8078d1706e341206961276b0626f1434afabd62938ee2a
738bc25127651b3b1fef64f2f21cc6fd723505a394ee549aa11f6993c58b6c5e,e89a0b24a614217c966bdd4ba5aa0b93240fbdd5da9bd02d7c2239b75531af9a
d962761cac228a6cb0206879a8fc2515dfb6732404601de1c2e4769d6b88984b,3d88032d5b5ce8f29ada5205f619cd50ca4215b4291c89b9983db45cd3a712a9
22b76625ffc90a7198fc91320218ea6168212b9790b7759dc5140b433bc44589,e6e84a0312812cc5d4ea0ee312420acd00353626149f8eec6dcf43e2e8c0ee7a
70179dedc0dce29482a04d8c216add7b349225e4997977072e50976eab595090,66e93f108026d8860ff3a76cee15eb6661f1ba1c46fee3a4f0f3d3ad21c08ebd
c6bb38fe3debae78f813f40110dc59e61392adcbc12a9180905af38940b68aeb,259796f679bb146dc6eb3d82b670fefdf7709fa82edc5ac6ba97ad372e549215
446f8c66d9f548e6aede984dda32b5f7a34943ed9922df6a11a6c922530a5571,7a6dc6572cca26200a397c0b49c5e5ce3cb20f430cbaf4b79a8c96589e2c3167
cbc5dce0bdabaaf6e4bfbeedcc72b2ddf2f0df61c5e02f96492da494cff2adc9,552df7aa0f9a6d0a05671876be71926d100aaa01d65ad83f8ec45bb0dcb95833
5e45c6de0fb2c67d0b06d81f925e98ff6bb2b8a254b435506e9317cece3e3a7c,0c3c737918133e257fdda3e882efd9c199e61c0ae3ed1d9573c36152d5a67890
85894875f0f6765bb15c2e7b08961b28fc53b2f252aac19bb6afd688bb6cdbf3,db4380af426f84a38c7aee4e7cf491cc612d936260802f0a01e5390817455a5a
330a241fa08dcb8ae0af8eaf03c690513ed66fda56e42e7711459bdbe12d6528,5f53e1987bfe4e40d769b3bb29fa582bc599c0b75946b944019a21841119932d
cd0bb7545e2de283b51dca04d4a4d9f7c4f46f6326904fc495893b3ec1b3ad6d,9c5ce12b4dd92ded48db7af0cb8a87e3c2a90204ac93c4628e1823ee7a18bea8
5fefcfff2e500f52d4ca34b4838dcb8dcc7cb7e3877b3868c9036dcc9fb01b82,f521e58da7cbfae0604103a993f06fdd5947ce9cd08dba67f3919172f379a8b6
4e384ad8da9a9a90fd148bed377d1af79464f22371ded0ca8bb6732f7c6593b2,0f74b6e4d00e1bd02ce9cddd9fc4582bd4e51bf8750c3e77da7564cc8141a118
fae9bf7a8ca8a578c8c251eb0ae3d6d7a5c869e6f43dab30f1bb3d408f6e380b,205589dcd9f4b57aea873d735a046cab38b621f53116bc3b4ffe7d51d08f02c9
4de8b002200aa71ba7ee0a6349d421d52352f7498b0e45c33ca69be5dd47762a,5c7f688f80622a57e1293afda18737e4cdb3a906b3c9fe9fe6bc5a83c65b0f24
7853da9f97e2127ee248d1db8111fbf9f99291eaebe79a9c5dc33acf4dc40257,858a6555a03ad8230e0061858498019d7f644fbe9a6567ce7ee8e8052ddd063b
fffefe3d2393b9d46a19376be0071b092a4369f5e19302636f7574ab4be5bd40,4c8670d4f43842e902e7c6facfbe33a8e8abb90e3d14c12b079fbe36d7054c10
afd3bf1ebc0b1b461756f32be53f08c3b9c600d5f7ec966591603cc6887eadd5,40e52a3796146b92bfeb2eeafe5454dfe6f392b81043c77083242c457bab67d5
e3e342024dd9a1b6b587a353ad58a01d3735a55ca0dda3c77fa76d5020577998,5b01854a9d8657407362d6414dae33ac99fa2daa480398888cc3de22ba463ba1
38b6c9b2efc59ffd0bac6202eb078600b835e93b0d101488261f2e80f13584a0,c9f28a4fa1f2d30d60487fc524622eaa5a2c9657b9509e30f19e705cee5f5766
43824e5f3f7300d9fe9c21c580308ed9037f713f00df5e4d6ba8c8e9b1655215,8b703ab2f9e6ca4a4cf3c8f42dd66462db7b7fe08f39b52f4e6d3f6c9054ef01
eb410f61a54b02a556e9146d8c27c18c9bb144a465e05ea8f364316c0dd6513a,1d7a1b15fe3938ebf43fa746d226ec777b1db0e17fb4956e11ce03904a176f61
f8d2915c4069fcec8eac96d6493145f620cff850c2ebd49531f9ee84b5e610f8,a9112e047615f164456bad87ea683b0b1b621b5788e95e67ed73b633dffcc8e3
90d6409bc9970e27bc896df473049cfba3ea388942a96115df7b9dd0aecb383d,f9d76c293c67777996e70301b09d768f9a1278cc157cbd878ea007b4c2fe3b5e
63c242f206113320c927fa14b93f5a66ae51438de42cc9afccb9c2ab74beee93,47e4a7339bbc240630eef851d1200b8e95cce165adb8b7a4c332628552afc6d1
35b4b33ec1b81662982bdea18c57751aebf2f2dad30e9c40d721f91fb6154889,51f0e9c7a39c1e9208968a03f3277b6d2eb74adb5e2261269ef8332516887a39
ebeaba7c1865bf0a398f2510082ad1a46c9f8ddef3aafa2b0a19e51ef03252a7,0ad32900d0313174d4404153ad74ddcf016a6f2ed10043a6583fdd2854fcbc64
ddf968a768fd32daa168e82a96b1da3cc6d85ea61f47c7f04f2e62e030d1c610,bc83407340466c454e45c83bc1914eca9fb8c486b593833badf95510e9146e93
1196577a59e58888e1b0770a28ef1b89d54e56b1c67c455e4213eaea31ff4eab,d9822126378b0a81d1d57b1a644cb8c98496a0527fc0c462a23f0f5b09341c6d
814ed60abb498369f6fbbef682177e507c5f84a00c2ff857e87f9cd86efad025,1ad08bb88ac3974963cd0cb24d53390a0c92b8b8c9db452ec86c4657192008f5
564e1a09c46b25d2459b2bb26b63283ecf6bd6aa322c1ffca0390142a20da728,21ab108ff6e3df91f2ea6f575f527c995387280645d26a52367adc41b603390d
6051c662c59258741b0ae25398148e56aceb147ea459970040648361d8daccff,7f8164ebc8fccaf966b4c7e628f3e400cdcbdc292dafc28b4ee3db65b3291551
b527961ea6b98d6e2da526167520e0a0d1a5b46c35ce1eb59869b78b900e1d49,386642b3a9f27ac160ddd18e8aa7a176985c73d24a02efb479d71273318246ba
ed7a1809f179ee7502ab67c4c542d4787d06780a4bd3c39bb94bb7573dd27f6b,d6da6d1e4a5441c534b34406bc28b3ea1250de48bf6c89fd7f47e8e0a883fe4d
4e6cf275b7f3c84aac52bf8dc1602651ccbae0aafdba9f6f9770145d700fd5b6,4cdc623d33461a220d0bd20797863c07c23d253ffb64299cedf198f0e32c329e
3328634de9eccb595c8e129616aabddb2c6c92ca56c22e5aeea9cadd703ea60d,c074bbc52e708795c12e88df5bf1569f001f2ab98b7de6eab8cd21679c9b1e4e
e620ebe65c8f122acd77f84f0b2914f055e7bf9185291672838d8f339e904fab,54d5a7c2cf2eec102123db578c5e13952ba7933a5f8bb3315b9bb5ca7bab5724
6b043e5b07efdef0311745d701126cdaa7d058994d4b4b8998ce728f0f126c0b,588d25f5b7bd4a5a62241d383e98db146aaaa7eb2c4123e00eaf3ae0621a9d81
de0da916187fda2630eeb380e6b5a468cf7db36238f5b5fb7e0c9cc178d3f617,161046ff2933138c2a784cf3af0ce31400c208f0296cb3b0ef75fb8cdff641a6
490bb2a1191b60cd753e5eaf7e815f646aedc96e0e6e40073f3d0b41873dd376,29dd18e40c77e5c2782e9cb302fa11f46d7fd1b618de345c41b1bdc396f53c9f
a746200a64bb8cbc9a9c9bd94bf371fb6fd780e0e001508516a064e865e74112,4ed13241067d27b36700d9f584a9df58170c0db96aba4fb447447095098ec337
4d81da0bfeaa92b62a76ea12295933ffee06fda2fdbb3a69e95ac09b6879e480,fc11b0558c9b01248c5bfb0c2e169bfb29538ce466fa5eb2c96432c7c0451ef8
3efdb60fdf5fd937110d2cfb2ee9fb6c8b9145982f7d1166cdf407719c4e0cd4,7da093c78bc66325c498d3fdeff6b41c9f469a97886b8fb439305c7fa1644302
9a6615f77199b731841bc043f4cea5397eb684600e57124cdd278b65465a711e,140796af0c511fd5135e86d8f9aeaf6320364d394e1dd05d7c6b8c3685511ef1
8ea5e69b93ca54401cbe135139f48ec3ef3e15c1a098e32b35ae2bb4a0ffa53a,a2cde3dfee8b16b1a6d0a6cf3dc7bc355c1f67896cc995c10e7eb4ce3f74e9e8
abaa87f5d5c6d505cb562b773484ac3451500cb9cbe58ecf3ad7cb5ed2428e04,0565713e79f0f2792a60d059759f0143cd375444192668fd0cd6b7f7b85a3310
36515c4574832f948ec17dd2d16cab0f67b4b7bbbb94ea550958da36931eb664,04465a9d70e5fd386411bb35e9fa91afed84fce3d33d8789343c4e30f17f00ce
eea8f9d2863ab2305ec55b9f99223431d68cf530bf1a38e89ccdff506d1ad72a,2cb84d189bc282007b4d9453ca39f82d012d4c3f0c91187ceca01e752dbc870f
98796abd2e35abc7dffd8115342c91f3ce37d0d60f9768b0d0ff20dc897a4b55,1781bdbaedf19821816809a4ac12711136f762560757aa325fff5e5250b7c08c
b5c2b6deb59cf9eac39365b1faf5d38def6508d8c37d0fbf035484d6ce4778a3,ffbe07003a2552e44ade2c84500c506eebc04541c6de0f611d752de8135987cd
4b656b6e3d3e7ee8cc9c57712bfdb65723a464948446f83bede21df3409cd12f,97b3ed3c6cfc35ccc82a9705963055d367f5df5cffc162a24db064274d2f83cb
015d4533f1aae61947d692c29dd6fcc49d75504b91d271ea073481cf2cdd9f3c,9fa672136dfa64293311c625490bc38003ca38d77c29983c50b3493bd872c839
b5b6d4f53544128acda4a86bbe71c76c67508359239966e470c8ef2640dc3e11,fcd326c90536e9962ca9a252ebaea43d3f7300990a1c0fcf83e3aa9d651c8314
05f9d5c61c83a42b4da57a01ef938c0a89bc2e4a8755dca5fbc03f5ee1517c67,b398595a058c5192115ae8f74fcf210cf9243e2ae2a56ff20a3d26b270c6ac32
10a2c5e3b9565e9e8332bb443d992b08acd5fb2c8d5bfac3a43dc2f3d2ea702e,4444d57ee93ffd0c68052bb8edb8e87727395924bc6f6e71a36832fbe073b01d
8f6ea9e01579e3e83af3f3571ea151334b50bbad61978c77752649617f1a28e4,9c77c9f299b3d7c7177274df5afef84a5e366e1ac603d0a9d4a3063ad9d980b0
481aa762996522e4a866ed2022066333ee25f1ca3277884cf0edb19869b5d23c,86506be230730ad32b02ad3729e57075f151aba302d89e4c6fe9fb966fd1c2b4
2ceaf24f15e396d2305fabcf4aeb3b19a5de352c87b796c3eaa297ec56e13319,dace1ae4008f52895b8966cd1d40c78ba621b35e518d09d05175a1d9eac99093
3439bfce680ade7470749855b66a01298e1546c9cd3f26507b6111225ca4573c,ae0ccc3e67c9eab0adc339323d497ffb48061a78581dbc0a16c2382e7d5080b8
f823e05688e99cf02162ea4ab02990248eb7e773b46fed7da715f5372c46d8b5,6000e0694a283d122c5aa342dd513293097813bffdd45020c17a5c266a946c58
0efff5d0deced7e352ce4860ab8fb6b9ddb221cc404c527e942621e340a15200,26106c195980bd27aa838c3b825691fa05e8944fa74348e62a708c1ded35bffc
8388f719f161a066455121732d399e92e891c3b6295e8438d9814d801403bbb3,54d5a7c2cf2eec102123db578c5e13952ba7933a5f8bb3315b9bb5ca7bab5724
133135654f48174ce102b6e9daee4814e52447f098461d64fdff015d3c6fef0d,ea5c06f3a63b103cd3592939deaea64ea9395a4ed4f1aab674f76e498d629d6e
455b8771f9b3d612c0ba0a043ef33f0c0b1c44d5ca4950b6e0b6f8abeeb73e67,c7c1b47f6477e7f6fd29c985922376f45dda2b34e65cec57b3b20c82b75fd457
6051c662c59258741b0ae25398148e56aceb147ea459970040648361d8daccff,96f81ca00e806070825305b6abc71aae693c9e540aee9479a94db0e3f2449a48
442156933068f72019dcabd3bcf5931db2fdc5189db2b9349d6f0a6206153bff,cef48094c18a91b355d1487eb22191bd3c42c46b460ae2133ef044be93e3fb4d
41bc220bc7bc1a328f2e1ab9d7ab9288a46f278ea5d9938f8ffab38bfe6af570,1781bdbaedf19821816809a4ac12711136f762560757aa325fff5e5250b7c08c
2544ebc5a747fcf12c73e4e29f5ea8bf03e340e042137fd01e4f13be7d7cb156,e4ded708fc2ab394cafbf56406683d56918c9cdcf46682f4361abbb898049564
aae790d91036e689a2f5c90484395f14f1840b020243955005fc1a07c81e4029,542968a3466b79eaf4c0c48775ec5381b084e0145237c2aee93b57758b04a573
7518a427524b0a6f0da518275ed5a4d47c30fba25006217990ee84de7ea08b68,542968a3466b79eaf4c0c48775ec5381b084e0145237c2aee93b57758b04a573
96b2a1b167b76a5bd4de0541ba6342bff1a8f1e899596275e19a409cfb2030b6,ffbe07003a2552e44ade2c84500c506eebc04541c6de0f611d752de8135987cd
68651a5bdbb5cda9b5c759db99bbf103158f2337aaaea5485c14334a7b570810,0fea8d68b34c3902363e2dd1d66be10712248f61a39e24c5853edab328ad8a99
dda972878e8fd4bfeecdea2884574108cd059bccee17b01ddd036d51078f1093,1781bdbaedf19821816809a4ac12711136f762560757aa325fff5e5250b7c08c
c2f02046ea22dc7c7bf8a618888f95baf1336ea2943bfd66906aafcb9721ac6b,97a1fa3c09593cb9af9ccd6c59ee9dd78431a9412b8a481d313ead3fa1ad45dd
af9cedda69741d46418198ee4db7d7a014fd6943aac79a8f9ac043eae01b289c,d3f8333a8d1f8242699456d1121181fe1805315fe8334cf861bab448ae5c36a1
faeddcbd6dec42c2c7595374e0e1ea983cb2211e67ed5e616d0d7e4deec1dbfb,84245cf442086682f873b8dd52b17b95604ff51ec820857b37d1adf5f80d0db1
c643a77899c21d7c2130fa3df685131ed7f87d4baa4d49a1b25746fb385926a8,98dde581e94a9836fde41110fc841e2f5966e0c76badb57146fcd8e87bf2f104
220237080ec72c279b81b3a7d5ec96424e11f31750a339714b47c834b5ec1a0d,a1f2f26ef8c4db06a065d235ede108a99ab989dbfa13601198c950c9dbf5e0e3
f34113ba5dcd0630bf2cc39b5da2f06ff84fb2dd2cd4878824d1afa3bb89d0bf,7211903446d8474eaa5828605caf5f5666825fb7a31730084c69bf799e7877dc
3e59766404a55e65d2cea69450ac06bdbf902273a884c949d8af4af734ff7d49,5b01854a9d8657407362d6414dae33ac99fa2daa480398888cc3de22ba463ba1
d769e0ca9d6d4b7115d0d1e414e1dbc5dd8c37f10a54f2d4732aaec005722ed7,b398595a058c5192115ae8f74fcf210cf9243e2ae2a56ff20a3d26b270c6ac32
deb87a1a67540813df4510ae153c68319b1b9ac7074db387ac97ecdf7f5ef923,033d9c43d64586765eaeb2b220263dd89606546e45a7aa13c285bd455939eb07
82e38b7f52d3cfc679cf1b1c51442e13c6b899f5c294cbb0cab9ff0e9bc066a7,75903981f4b05dc8dd2dcfe03fde79e2b6e62381ca90d13e944eb757b374983c
c7ed12f55bd09355af2d8dabf858eefa650f0db91928b81618a50bb7cf32677a,0a8e2fc24c1fafdb532b8ba44cff05d6a5a074c602a91bf0b56cbf1da1f6cedc
a520ce51a62a6c67183ce160e9d695cd5295c3f15a906d1a92728f807562be04,0a8e2fc24c1fafdb532b8ba44cff05d6a5a074c602a91bf0b56cbf1da1f6cedc
cce8275cb0866b713f47188313db9dd41db423a272063c7c85a62bbec1475a99,cef48094c18a91b355d1487eb22191bd3c42c46b460ae2133ef044be93e3fb4d
1efb75d000cb1734b2afca9d55c1a2bc6de4b33b46b90dbe03a52eb87f7be2f5,f14ab965ef8f846568aa0f526981fc573035e88d3aedf09544cce645007ebff9
aeb3c76d064c36494e7e3c316b18ede0a1dd8f05db075604b6444909d47b93cc,c87583bc7feb9e7589a11464f1499eee24de7959a92ac05657451ee06fd0a126
51c3021a5eae0bf95a862b1859a79463d878f48a0a27d3cf0d1d38e275c054f2,5b01854a9d8657407362d6414dae33ac99fa2daa480398888cc3de22ba463ba1
fa8928f5d0ea2bd982e758ebdbc766eebd26d7c499f1be71f55fa2d578d9c5f2,c188eeb794d0cdc11dad3281c0bfbeda548f099734ccfd227e46ba6a528f68e8
4837ccb387f7515c3ab8fe90ff5c2394d345f8c3558e7398e12ff38b5328a501,d3f8333a8d1f8242699456d1121181fe1805315fe8334cf861bab448ae5c36a1
501b5471ac260089ce6d952d50177bcc530dad5117e25759bcecf82c1b2d949b,a5bed08e112da765cedfe593264d3a089b5a50f751a9a74b391943560f389009
85d1020c64dd7ae2e11207eee6d982851c80340f94e6bdc72ad645ce2506512e,81f2b142723ac1b127e03a6562856db6ff1461f6745db1e518ac7540206bdc26
fdac62d7284ed2e76d62d948fbd45208fefde87cd26553d413293b84ca15c77d,a3377ed1d42d34be85b0d4223626a6a6a1fdeab2bb2bc59dce1e96e1b12c9618
d58124a9f36574fdffba0cfa894de3c29883b44e7ba6e19ab08d5aa91ee68a45,c6fa25ff812cf5e1d7c39e831a72eb649b6281d08ad07b2376046030fdcf17d7
b46760ee6ecd91935f10afc9b9c3b6d26d0e4dbcf47da0fb93ef6bf866d26502,6c29cefb49d131643bd16e0577f72b2e1b17f078e3d1c29561956976293b1fad
9d36dddf995cf2020475d15437993afb527879d3cee1d826809501ac518faa4c,47b1505433603569dd9132bbc75ee74f67ae6411dacf70a49a27cc9e1068da1a
ca9d8f488f4f3ab4073e0c4834829680341df29b2afda1a5588e997c3cbbaa2b,9283add8448fa9d746c350c68bd1686908f7f088a48cdbc07403cc8ff745df3a
36a5a028652dfd98a6c3bf3e4e6191316d11e744410e935bbc9b59741f83ae91,c5b11d75fd080303f31e070544f0bcf6aa9a776fd24f0121c13e372fab9f224b
f0cec13fd54d2ea9aab8f921b73600439e61139a93631cbc5fed55621c54cccf,4d2efc2783e1d84d4b13fdf0d6fd95c1b09aa9ac60cbee0f4c6e7bfb663e60f3
079ada55f58e980a667980fe7859a6da49cd9e125546d1384052eb6678342647,bbed3e99e955e0c5fac22b5ea4a4caaaaa1ed6be2a389705269fb84a466ae89e
82e38b7f52d3cfc679cf1b1c51442e13c6b899f5c294cbb0cab9ff0e9bc066a7,1050b774f848539a3509ca28e5be451a592b92df5184a91293bf53d780724671
e117113dc3992abe0edef00919fe5099ef10e1274c56b07d7c7e13d34280fbf4,0e086c3205069ee6eaf1310717795733a1561f0cbccc1bdef882c2cf5de8e38d
774a00e038d366910055cc9e0daf6d4ef7249ac991ffc5f3afa28cf888c52fd1,fd283d4969ab45895d73baf4f6557e2d3de228644f34b34bdcba1b29684ecf26
07d95cebb011e0f312d8e73662b1869184275619c620a70971a9dfa857aa91d9,c346be8c9c918f2dba5d8399a0b4438a9574f626d236719127836511993d1c89
fc79a3d97eb64db4694886f05ebfcb41060dceab71c66adfe23ad6033a8c1385,d99392a55e9b02ed5e2062879a748f7725e44be5a2171abce5a379ff7ffb391d
08b3624d37ab364d672c7cda82f2f94f63927b1b14c10519ac09e5965ebb3a1d,661b815a6b7730a8532123e7c4ba40ad6605969e47a25dd2d32e3f971b062100
61221cbd351beb372c7345918c1fb149b84c91905b0e283a1d679dfda65bcf08,16c3c838bba66f4f1da19c3f43cf5deab338319452393e2a0a8523a38235d82a
8b1691b4db798dab15cf776aa252c698d63cec7320feb76b67abb863b2f71cf2,95580ff31bee1da138edb4775b3add1eb15121d3baf6bfc20bc97913878491e2
c79d2ae26a92ec8e2ba6b882e76127ccf2509a4f3334925bb95babdd4cea724a,7604799ef518ee2a335a549bc536d94bb2124c26722551f6933e84b8c91ad5c0
d3f3e2bd122594c2372dec62dbb817fb9bd6351dcb097cab6b3d82de5743465a,dc358378880c5f9cf74b5dabdec166ae0c50277426777a99021472aab448d854
6dd8155c3c59f425d3684d1da9686ce71c9c66e9974e8aa735155163fc31dccc,9d16b5c38358d81eb94ad0c9127388edcbdcca3903b0c3dea5b387ad89d87bd1
87853e55b16140b82149917a1d9b342d0ffb48e1a3e26a51318add7776a37cc6,0f30eabc755b493812a7c3f639e4ea24759856f2ccd1705f702988daaf0f4cdf
451f9daad710a7312d04306185330f699c88fec598bc7b73471605557c6c293b,16ce210fe69052ff1be9f5aa5471a3324879d4df24c507b17faea3dfcabbccb5
c5ecbe282153cf13c54a96f2ca99a0ab64c145f2b4175281119a44d30a6cf133,b22e529f7569d22e75ba74f0f577dfbd72ffd41dd211ad9bc071c79865394dc8
f2bffe9efc96ff98b1936ae23935015ab41bf4cc65208fb931b210f1511d623d,8ded1a6a8cdf9cb0788a38014077121d040714879bc3ddcfe65d65e14e2a9d0d
a6b9612064a467c1eb8a5ccf441247a06fd32f93b191c71d63be119767245095,83f8876f94f208fe652b98a5a0514aa55dafc6c3e01d9062c139982a345f3345
fa3296dc55874280b8e2f17b2598a97dcfa3ec651c52473f094b6ff93828e7aa,2e786c488b83f8be6227bd1b9f3fcab07f0a54e31c228694c842752303351448
715e7f58845f76061861d5ff028709ad74416a8cf4cb66f939a2ae1f01846148,c4adb14c454bbeb74bbb4a7fa54ed6e63c9f5deae50e83c3beabff2a0a893d18
b0caff459c8ddaaf11ebf470b75583d43a0f7cc57fd5f6c29fcbdaf1b0186192,ef044616adb33962bbe6e27ffa1a74c47d92596b09bb8465adf5097e1e3fe1b5
38c96f5e62ac37f9f17328f0aa1645a8a1543c5af74338f15c9e7d0ad6051897,efce3e8304e6eacc3c0c292d39815de49984628b9f8b736e7feb03fc645bd407
594e53e86a0af7cde0e3db3a43d4c759ded8332bb561e4063bea8ed6bdc8bca5,baeb4a3f57f6947c1257378883a0c77cb9f2f0b7dbd4ce3466df4f1d10e9fafe
185e6376479a50ea8c867167aa3e23bef7b4e6a310afa4f65d20a7814beeb958,edb9c1b54dbdb3086dfa15c733948e0db8bb65830037e13c35a9355c9e42da94
d5f7a0e49675792916f3c88790012baa8055fbcbdfb425f30623dcd9d7e72728,a8554668b3f79d866c36edf8a8a639a03058b567cbbd508fbd0f3125b717c5bf
5b4510bd8641fa84f80d6bc8354b8e6f6d4961f2a67cd691de45a6548fe50b02,3101fc6dd9425e28e3e042df4c178eab762cdd285d8745ad9a659ceedae91d88
53629876268665f7f5b32f469dfec865bac097bfb72b408f9c535897bb89f9d3,1d3f1d1073945832a92a83e9c993c566a91409559b6ec9da029acba539b254f6
3d38d7b1f2f4a5c73b57c03fc9d530f962192cf2b361bdcc00c53a880156bfa5,dccbed38a37a4108a65f1eb5f4e3dba3add962d98e2103ba2ad9eecaac7f8339
44f9dbdd5b466b7ce861209488a16512902da166cb475e774cd9653178552025,f2e4d4bc5075d7c65c59f651a89243b08a7c751a8c342cca99a7beb54f6c7102
6e106f1e8cda1d07ab083399ad34142d8eaf605ca33086d57f369bd77f9ac7c4,24006c010f2ca9ec0394cf989ccc19d5bdb3c5958e5b6888f1b24f286bb35bd2
c1826a9f450e6e0562cdc4f496d7bcff3827020358819ccd650c8de43ff2c176,13a61eaba21f01017dcafaa04021bf80d6920ffde259ae75ccb8b1c6ab706b03
fb9bd4af012b6a78e5891910f48ceeca05dd4bf178e0f8e56a06f52b37dafca0,6a155a2b71338d2d63e22d84bc87e7726a2210283930bbaaa0b8227a7cddf838
d36aa9baa8d8bccb2e40a5c8c7f1a490a347714750bc5501fdb4c4142fbc1347,073faac19b5afb17b493f9d9c153766a0d8138342edefcf1006837942caa962a
f58ba40de764ba719ffc6834dae7d8259f34c8c349f8fd31bc97c85224e6fe9a,4ba76ed0d0f312fcb3ca3f7ccd8430aeffcafe4167dcfaa8183b7a127e7f93f3
e199edd7e05a9cd969f08e66fa6c07a5770e1c24e59db13df909996271338043,d26730138dcd1de596ecac6b77a4fa8e3340ad2be65aee042fcc0bc8fb04fcf1
d5f7a0e49675792916f3c88790012baa8055fbcbdfb425f30623dcd9d7e72728,f6ea10a3df5daff32482bd326bb8b8f4dc234c62c49eb3421b46677a220aec42
abf213f544813abbb93dbfc3d270b900d8261aaa18ec23cad3c7f597754ad6d2,6a52b0d637ecc8262f92aa869bdfcb6ad45cd191d599a963ce1a61a18991186d
897f3f5d86e017e9567f5e29e9c121877d72572eaba582b915afed84c3d203c2,a5d5f549108ed3859aca29e0a93680794a55de8b36d04815c280dfe5be93d875
85164f19379732d1d51a8af920e749068202c6496ec47daad6aa5791c6e54f23,071f1486fb744b7af432de76934fe4819b35de66aa901fe9f7fcf24dcd119be6
1d7887fae6b9814c3bd576121855f9191625867443e19d93c8f0b95cab86fe83,0bc42cf0a62b0d9a6396302be2e82b52cfadcac1ff22b44ad48ffb2f6697f74c
442156933068f72019dcabd3bcf5931db2fdc5189db2b9349d6f0a6206153bff,b118d045b1a01be1509be2dbcebebd3c699f1b351d3e57095701ae4b26c6dbe3
009d5b0c923954e219e479f2dc51f6e3aefbabd990c2b11365d963a9378f84d1,f6ce1203a2d7d5321ee4d2dd45b10d50c6319b4e352141a839bdc846d899d4d9
b4da6f800ab5786ca30af3310c96550e9e3e9f750b5308980d7ddacebffd8467,753e1acfc228031c6bf954e95fcfc0e352905f37af586589bdc7d46a4b0ba589
9c28ead347d3d9ee723ca77d6979024ab5b2027b2cdbd79a7ff227b5d46c06df,e9c3b45569c3eb81e0d080038442039da3f35050a5992fa78af64df901c8dc76
0dca204f34a25d67102dea27d345eac2044de3287be7536c809a61db8489b67e,33430d28886b533fea40dc15de69c687b912fd7aebd8777396053946eb98a827
29d0efb8dd7f69ffb711ffcff9edf03f85755004c07d66f8a1459163eda5ec59,fd4706b80333b125cb14a1ad0eadd27425078e57dc0df88f4cb65ff16c2d999f
0074daf92d2e3ae706256db3357acb8e7d4b1b46fc7b0b7a58f9bf0f0c6f03a5,775ad972536bf0b87cd75b108d05c4a04040085aa5236b448759f21f20e84997
9891ddfa991c0e8ecc96d25b6687a285a585b5b4cd02120e42d935299140e424,308513879fbbb7e41cfa9ec729112eb06e8d0d68affb1ac001cac7242ecb788a
5d8aa269ce30a2ca5c466ef198a393c23fe8be798db7bd4f3ce66368afe00364,2da288668152a53105e68504a56477703906584faa4c3f019e631ed4e669b608
259ae67455096ea5ba59fc8455957a87d2e020d4b7448198cdb24d23a6bdd2dc,83502f14ea0d1f78be889f654e644d36ae93bc73508f65100484b95d6f33df8c
65b7c77cc6a36271f7332d5edefaecd812b8702a2334fe542bff11c15e1d53b6,50f4e66cb0c266024f73cf77af128657f5b31c124962793af89f3facd6856504
089f052e973c2aa7a3ca89e14c38b04b0726ae0e299ccdd1b93466236f56d83d,444952c3a861b245eb96a7250122286fc47e9ef484684515b0e387e1634715e5
6dd8155c3c59f425d3684d1da9686ce71c9c66e9974e8aa735155163fc31dccc,13c3e8dfebd5eec3002eff0e6b31ca4802d32c43875c07ef204fc7ac232c013d
13f7cc902ef8c1198c8ac12a45475a1c68ce6321f01cec70fb9ae33ae17fd4cb,d4ca33ec401726acb4caf953e1cf86d8be7520656882258cfb84a96c57fad5a2
aed405d04b367c677eee26577cc05a0740aa0b2daf986d0cea92d5e218506683,45a6b219cef62e294d2242e16be82ba42d1f8afc9b694d59106ba6112de07a2b
8aaecc90f5e933dfc0e9d037e14239dd43748a77a7bcb8dd63f8fcc444956f4c,e349a1aa6cdbb4b01d84c27e624a5f2638bc428271bf168023c17fc8b225819b
67e579da5edfc042b1d3ffac9ccb1633b2e70b5610e748f6e7eb5850e41f53ad,be11a9348a278e3d9484c637562b3123ec42d0ba0fe1c649f77e8eb1cfe4dc59
5de1cdacead60f2f7e4da6df3452430e5400e11f71f21965510c0c58bbf62eeb,d5f77d7956a379c50b310aef86c7196c5573f8960d92a26855dbeefd8dd8b42b
50c1eba92234a664189cfe4deb9ca874b8934cd7b601209aeb608d47234c882c,a0ea8971d4e902cfe7587424ff43187dfc3537b65f40a8dac6cd9a0a38c95863
26adef694c4736339fd2a80be1a8e6f63166433376d7f694efba9af48379725b,740e0be1cb510dcbef7845f6507a8fb61d5a0e79908f467536b07155e47c77ce
b9a44a7bf089f9fea33cc865cfd673f30f9cae97ff54e6e2e36e749c7a67470a,241d177d7fefea5277085cb80dfdade77da0b88dd4a3b05bdb9b8b1e6a30b146
1f24702150c4eaddb44f090ff763d0ae7e9cb2f7d3ed64f52c4fe8865d907398,3c218db6cff457002d28054625a9131e5accaf6f47cd01df223165120cb90eec
9c0d5e211e546c6a2aae0581b3531a46309f0c71f155f400844dc461a0df3a88,cd8b640fe6e302341fb53d28f136bda06611769ca3a8c8fbc416056090564806
802c392930a46404ae684fc2525f7d82ebb5083edb0c13d86e1ff9e260793a89,0e4a9036bd4acba2147c762c9e7f5fc3af32f53e21d9c2aed0500d7d19b68565
81f55b12ea511759ca63f4b6a23e7642f39e9ff5e8112c7928329f04346058bf,11d44d669ff3e7dfabcaca47757d75014c7a220c48ff96f17744be7d542adc74
e620ebe65c8f122acd77f84f0b2914f055e7bf9185291672838d8f339e904fab,0efadf261af8cb2a1f746cf6b7fcaccc10c340cc061d53a90d3d384b46f3e9b8
eea8f9d2863ab2305ec55b9f99223431d68cf530bf1a38e89ccdff506d1ad72a,853d66303bb635a3222939103f644db9bf434f5e39f1bcc5399d151c5c0ff871
7421f80d9cc2bc88313d39ccdf7fa5090819c728f087b95b773b05b4f8632caf,f1162adb148cc330846fafe004e12ecd4b3ebc15b6af233087d5fd33ed771700
79f65925f225e4fb85df921d9577f59d960d2073e05c584af9190a9a1543d036,e3c742e88c10672690732de36180e29998638e128502b9af01147d54fadb8de0
6427536c9b0348612a39c664bd0c5aca58d8e0f0eb7909680aee2f85b49cbb7b,a6442ff4cd6c2b9fb2ffd897d01762fce4d057165bfd4ba9f9bff8abe4bbdd35
77b5da65518ba442c860911190b31e63d3571c987048bfeacaef7509e86f9b8e,6d689b719529e074fc9992d9dc1ff6d88440123e2e1ae1d6481ee164c153c15c
f226f22bfff403e866c95ebd8f905d87b1333665bd6fa1c529b3dd065c267436,35c3cec99cb88014811b372dcf570adccbde673c16997cecd5c74ce36e1b2c4f
6fd08a96de8087309dd4a8b0c7c924fa8345bb9136b88ab6c102a69a7275ed80,b88b97f816c98aa1edba07b62b9ca8a7b7041cae2bc58c4ba68445c95bcdc68f
d6c6f389916774f7a7581de47fc057e242fc0cc87ad57fafc5cbc5bf926fa33b,89070d2aa38df70e7480e3f299a975a0872bba33bfac4b585fb8d0392af5c14b
d71a5e65408290042b67e581e000819a344d0d9aa0896c5416e9b21462212870,2d1d74c1e0998c6b322edb6db85cf271a953d7d8d8c4727b776fb9d7d5dd2262
8a4e2a22c9e6810847eb023a901a22684223254b1dcf4fdef64ebb8f31ddb94e,7182b3a90c169ba7b583bc3ce3be176943189053aa70166abd88389398c1c6c1
82b57fca517baa37129e197a65c2cf412890ef7626b697efba7eb63ae808c56d,e9f3304dd8391dfb129c45b33e4aeb848f307f1ec5a782aeb93f3041bea5849a
82080ce81065a60895b65b2f993f8d6c207d97030e764af44af427d6dbdf506d,0c67a43585f7fe722834ae36dfb746992866447fda8b6fafe337cf5bcd38d216
ff94373dc3b67566fc42b16b973db15c03b7c4230c44942a40da8da7632390d2,dda0fb7a90eff32b3408a2e392e203cc8b419cf7f71ce6847684b7972092b591
1381a1ccb9ab53e7d3c166fd60567b27324d322856fab32c8703d320e062a888,ef65f8c39daccbe59ec81a86d0fc2fb4fc21b8c0c3d388f4fec7e9965076948b
e81276ce9fc82770969ed0f4740037abb9af55bcbc18677d27565d53d0eaaa0c,ef871320196bf110b7f0cb2b875a840c0fa45cfa5d342163565e7ce7f9eccef6
36c928b78bfc079b207d3c6a8ae485b405a170dc5a0c8b4431f3276c9b75546a,7457c116040b08db454a20162efb53529f4892bbd797961b335f2920e182d5e7
cd6fedf40cf24524f7543c911ef7593301d725b1c0bde2d93832d4adf86e13ce,c9749c22c4ab0b9485632bb318e4f0ce04578d1fe5f13e561072be29e049b3ca
3431243f59c246d73829d4a3eadc513359dd295b108af7e657deaab4916ca1e9,05052b14e64c741a318f77c5c48ace2d48fe611acf77998ea6277bcadd10287b
f34113ba5dcd0630bf2cc39b5da2f06ff84fb2dd2cd4878824d1afa3bb89d0bf,e83e5f4029a42e629842322b544f9fe09f00df7eff8c84ea4a4f0feef2e8012a
f1f9b1b0c42ae3209752cc102aa2fd703e7452da9f8d71c99b04caa50754ae5e,a2906e1f6b94b28e5088d5291f5f35c2fa7553c6c599ee610f91015860f2385a
ed72d2622c4ef62f2c0411697d343d453c72b83da14c6e3759707cdfd758c5d2,baf25bee043f2d9a7b8234f7a5cb737cefb7d8c6bd333f448aba42157dbe7b15
220237080ec72c279b81b3a7d5ec96424e11f31750a339714b47c834b5ec1a0d,a557fbe79a78c50203885213d0eaa6ee3baba5771bfccd98cda2d701ec9e2d6b
871a0d1bb54953e37acd305afb63efb40f29cb3830bb5a189e28003548f227de,f3f7ce75c3bba196cb56b60738a87ad9ba2bf441faff5b849c7ec31dca3052bd
f2bffe9efc96ff98b1936ae23935015ab41bf4cc65208fb931b210f1511d623d,7b1f4016a470c6ab0ec6d3a1cadcc633316de87781754cda018ba1079a7803e2
d97338017a291efb30cdfe85ff18900df3e758a268b1bb3f15b53332f6cc6fcb,4ea4e87d182e4592ab4684dd30efa4e4ff3bb18c76e49f20e842147e3d78d053
aba9455151c61220d970e7cb606ea3ab133348690430e434f3a87b086172fe16,969fc3b16a53a7332e073765d9f9ceea0b5d84a9e5a24291eb4d22bc102616c2
ed2119211bc375dbe7a4118ca8ebf77a03053a0d42763e7268ffbe734d2a0b55,4925f55162c8ab3e616b2a1577b4bf6626fe5be50347881fb28d638db6b1b4b4
128a1fde92e77d987a13a617b1b61204a4bf00aea18aa4ff69b97b4d6c86c851,fef682acd8eac0d82df812f0c59c98fc5e25ee1b2afe582b9bc36b0b4ff43144
006f7a263bb17d77eaffbb8672d837ee3fb708269daa45fa817a0101fb89e543,cd8b640fe6e302341fb53d28f136bda06611769ca3a8c8fbc416056090564806
4e54a87437b744fa053422b28fd6e12819daebae3f5a9e413b9d8fdf32fcab13,ef46704d33c3e2d22f0787095ed021070db654f731cb0d6ca9f903cbf94544d7
a4e096b9ea7f976f97d7a00d63b9cd53ef0cb063a4eb79ecb806356b21c4cfde,dbaf9aa4d283e49015e1907edd3ed2938889f81efb4799616d6e40c274f2d64f
eff25be77a063a3ce26a37ad26c1c5c58e8f15dca1317c1a9136f6fb3e0f61a2,e9f3304dd8391dfb129c45b33e4aeb848f307f1ec5a782aeb93f3041bea5849a
6ec375ed9c84264f03ab9eaa11865a884592c5ef8a3262e88e617eea178e43d1,7aef66c2859446169be65ce8486b814adc9c234f47f54cc51cc9001cf1665c03
abf213f544813abbb93dbfc3d270b900d8261aaa18ec23cad3c7f597754ad6d2,10f008b43cb64363b40750bc5fd7aa68aeb7f12a7da2cdebf0e0afa7c246fab6
3c33f26b0d7c522a559db9ffed63db047a9643198deee1bc243fceaff215b469,2545fd853271fe04363b12dfef4420404e261d653788cd7c3de962783065f6c2
dacd493bd6c58e0e7df58d029418dd9b2eeb76719349866e2fa83b53d8b90b5a,0499fe8f2864f647e4b9fd681d50a22932317066ddfb4d28e459e65bc0afeddc
eea8f9d2863ab2305ec55b9f99223431d68cf530bf1a38e89ccdff506d1ad72a,e21f5f313a99bdb52a3f4aa73db2d4961aa258a3fa860e75738ec357ea8b5c18
632e831a529677c9c24d508bef58420896bd1eb6d58c4829ee70cbe6f3a80502,ada1c4cff25647ab3781df842e9488bf446363a20438da434f436cc51eed5c7f
93f94facd94c2575ed8432af31759f1541cfd38bac23c51ff3765ebe51f06305,6e0641150aa1f5f1b47899bc98f6515f9a98655a8ad0787b9a87333cacf7f0d1
535d1c7d606de946014da6364a32f90f36c6690204b804025225530f916231f1,6c8cd4058111ca19208954827514024b4dae470fb35c05b20ec8822fda3ed882
564e1a09c46b25d2459b2bb26b63283ecf6bd6aa322c1ffca0390142a20da728,c0e550c1e899a39bc2a57c045323523a300b80e92c5e3ea1c572257bf6eebe6c
4e5583a14d17ce3ab688633b8f663ead0d70bf08e3296ead7a2426d035e85250,0b2228add96bc531fb740513780229d42560a1732d2e8c066d40c97e0d0138b6
8279f80cb560058caabeb71c8bfebe313cb259b8f1f6715ac16fc3f385c392e3,2cbde7529d165c59662693d6b53f0d7f45dd49d790677e502f42f8a4589e02a7
2ceaf24f15e396d2305fabcf4aeb3b19a5de352c87b796c3eaa297ec56e13319,aa3abcb828853547a4633a81200205a09d2ee9ca2c589dee034ed798fbae85dc
f1dbf857dd33a33e31ea1ae32fa3a53eb090917f6092a6f8eafe6197c8e1fca9,d2bb63657e055b34ada916e896ea015e6821270ba9f260d3cf2fcb4f38392e46
1c64f43cf8f9d4b11b568ad5044a2e8d6882d2e5dcee022fff23c522c9fdb541,3614397d19df9d25027ed39451c5b8b72551820ae9cdb0696da1aa2e2046943c
23b7fab7f9c3510e928fcb51c9b273e22aaa924b770adeee94a962108810189f,dbb1d227ceb7e0b2bf0e6375694dd24ec84e0096727f3bc83e7a31e1cfdea1bf
ed5c529489742bc703b5f8aece99eafbd9fddac8fd81d8a40c4c81e9fc75ed0a,811cad960c74f8963ded7cba8f0659fb94cc26d27969d47480ec19797f5554c2
d7d588866f8e53f1daf66e805b66efed7f43c5f00274b9dffa7c19dc8fce2657,7ea52a8628b127658e89fc0b10305f0c5abdc4a613fadc213a5e2497c1f79251
a6f8844232d420a49be700da0e434085be59a052e55c21cdd0442dd6bb59a4e4,2e9b2585ddec33ef60d7de2549512f605c3c9fd0766855c5f1af1e1913bd15f1
61be8724c3bf03d5947cabd0eebb29c3e72f9865614253b98d11031ee0283a52,09e7788eb82acd9b3b0c3ee6396e3d6d8a90a713e7f2b4483f0191659c17e74a
bbf0f8d21c5bcd283794218f82b78ce4eb2a1a030da6856ed818b759af211a14,8230d1860c074dae3e59eaec4bc61826426e2b65b2a9922bf32a76a2cf0cc993
f2d1c98109ba324c693befb9759d920699a61ac922db3eb8e9a783b2a3884522,ec53fd9eb07fefffe83c01d69b223c8cea676a18835ba2fd25270613605fb3d6
ba6f40cd0d6d1853375962d7d2a68891176b8d989568ba7265c9aff229487cc2,993c056ec7711392f57ff1c021b58199efe123f5d3337bbd49a6802851697664
9cea5e5540dd848a75cdda93e67166f17985757d2116f86ed105a7785e53379a,2096fe3ef19aa2316c19e9b5c259f3ffec61b0c359187e50f9b0ce204f274ed7
d3344ced5ac63afe7d0ac1133ccec0cfbdf35b2a61ff60bc5257b4eb5138521a,c346be8c9c918f2dba5d8399a0b4438a9574f626d236719127836511993d1c89
b1afa6d802442dc1374776fc7bcc0ce89b7963a6ab54045c1cda9fd1df16e570,cab6deca20dbdf7ca21473fde1bd91a3810ebd48a16f5ec38ba9f8ab6fbc034e
c2f02046ea22dc7c7bf8a618888f95baf1336ea2943bfd66906aafcb9721ac6b,ba5cafbd0dec3a6e9a6d07c9a74ec31b906958f24f32ee734cb879ac23a72259
c643a77899c21d7c2130fa3df685131ed7f87d4baa4d49a1b25746fb385926a8,071f1486fb744b7af432de76934fe4819b35de66aa901fe9f7fcf24dcd119be6
e877fb85381db0adfde6219ba4f0b69362bc709a04020ecc1a8a0bcf53b14541,595a8912f6c4338c0e4e58eb93061e6824c2ad8584dc98399ce9cfa6c4676d7a
92d419a6968a962e793e88672b674dbd4bfb60c776b00488bc3639a26dd858fc,43c659655ef5b396e589f5f61f07b5acd2ec89a93c7150c7b5135050f0d5c90e
4b656b6e3d3e7ee8cc9c57712bfdb65723a464948446f83bede21df3409cd12f,828a68e0b0b0e48cab8b195a58825acbad9541eb1e189173becaac21badf8fbf
cff079c10bf953f637a46112cf39ef67487fc8155aecbb76ee399885f272d396,c3d88713f4a1652652e6054cac2b3b4a145a139837b38d91db4529816e16e18d
8f2da2c7d6d5718f5578c29d8631d13a7ce5f7b93cc0cc9eabad8ca24e84ab19,277e28629dd81843f531f56cc2d73ed64c05af874f7e3f38004fa2a619a0acfb
36c928b78bfc079b207d3c6a8ae485b405a170dc5a0c8b4431f3276c9b75546a,33cdeeccdbef4731bef8c57c83a189b2c7edf5af0e714f0dfc25a13e334ad0ca
1196577a59e58888e1b0770a28ef1b89d54e56b1c67c455e4213eaea31ff4eab,9f755f18a58d56b7292b56ad4d3d4774bbd9e7002a8575cbc51f88d528f48244
89136d5eea529edd221d85197ae21ece0abd5f7269ebd4e83a0856853394fe0e,5e224d280116c772265cde29492afb033852e5484d79c58859c77415b079d2f8
50bae8a1793f3627b67d56c9383c4a6ab5e7a20d599e1511b39804f3e9a7a769,ada2cda6e2a843d3e3dab4f65b15e4adb3100047658825e53c19cc0367eb5de5
69c392bb664c1a2cbac48b5b437ac736626bb473fbed6aa9d7e1c4193bf6d122,9f779543064af0ba6030cb45b332f86646773a5a91044f0fea87cbbb73d7c329
8f2da2c7d6d5718f5578c29d8631d13a7ce5f7b93cc0cc9eabad8ca24e84ab19,637ecaffa496f5848dae02f08bc882de019b78a0c34b224f2aaef8b6528ebfa2
81a3e69140bc2e65e86b752cdbd9d64f595470e5601117efae2385cd6cc93ecd,f1b6a35f2fa79386078247e43ca80186edc266beb08c09a912efff44d17fc94e
78e92b80784bb79025794cbdcda3bdba0a14c184e3afd9de8256a8d5ef207118,ee653ce0727dc1567b854a0eff111a5c88b10ce2ae541310d71ada9d95864aff
a9042d81b5a132b7500431cf6e342ef73a09c786bb43189c07974f1266e60f35,d780cfc1269d7538d6133756be4936a91126515c77c04e45dc9b178502e549f8
9df00f89389993611ba6e788e91075190e579e03007075607333abc9bbb79edc,4a5af294319ccec25127a5b6623067995a6b39dcc844f68e540747fb410bfc5b
b1fdc404a03c9b6640b327b339e229b059e41ea5781eab01657f8b4cc4a84191,4345dd30cf67b33b52ebcf43460ed5f8229b8dd4d4da22503582ac1e5ab14536
06f2bb96971e7d9ff0fbf41459bcd3c693f9c3fdb2de3f9b3b901f7d6a88357e,b38442d9fa393d7bfe2f5d4ab66f16a8f3ffc86ada74496041d1642b7e395440
36a69bf154b391991aa6e8e2be160a5635fc6742fa3f25a73d7bbf8c9680934a,0e8badaa3451b514e55670d50c5ec9d4888bdbb2fadc3a1d4bcf012b5a6ad141
0dca204f34a25d67102dea27d345eac2044de3287be7536c809a61db8489b67e,f223faa96f22916294922b171a2696d868fd1f9129302eb41a45b2a2ea2ebbfd
2899e6138505825e9c3c6c5c520fe8e4a1dc86dd201f3edd1e6d879c0e028b3e,ca0220ee7a6364463086422c95267551b4119c243eb1bd0bed900a5a36b146c9
b5c2b6deb59cf9eac39365b1faf5d38def6508d8c37d0fbf035484d6ce4778a3,19dd83f117525b931fccdafe808aaa6939af792ee549f359eff13fac0d622f5d
b1afa6d802442dc1374776fc7bcc0ce89b7963a6ab54045c1cda9fd1df16e570,bc4eff02f54d700eaca13fb9977fcde889aac5e3c01d9deb4cda3eb00cbb0791
f8a336676512d2fdac857a7c4fd40d05d83008680000ef3c3bd8b08f9d887590,98cdb61d430dac9ac09b276e207aa2a02b77da669c39d7434dd3c4b003503300
41a1f30208ee3b61b089dcf835eb8428f6dbe154ccf309d523daec0fa40d9845,baf25bee043f2d9a7b8234f7a5cb737cefb7d8c6bd333f448aba42157dbe7b15
8f2da2c7d6d5718f5578c29d8631d13a7ce5f7b93cc0cc9eabad8ca24e84ab19,e9caf460a28f06fed03716944deb146886da0aab8433dbbe5483606dfeb98f13
8f2da2c7d6d5718f5578c29d8631d13a7ce5f7b93cc0cc9eabad8ca24e84ab19,a56d94a6f37b8b29b5b9c38c72c9ab10e1aa561ec96c8080421c8bb72f3a23b6
4f9b036d7a6b73dc3b34c4e06bb1cff5dd9fbaf3803b01e257bf15d6f22aeeaa,baf25bee043f2d9a7b8234f7a5cb737cefb7d8c6bd333f448aba42157dbe7b15
d6620ecb93eb7394a1145c5bfc1bc033f7d5f15a6d1eba79f49bc6c5de517b04,03e04f5c60ebbbccebf7e5a4ffbd0aa564c4ede6e340ba329299c687323674b7
53593161635d16fb7a2048e22c166b9c6ef7313be355250ce735bc32fed97391,789dac793ce5ca4bcb74f2d5339cbc53563c885a50ff7c8b547861698e513bb4
e7864e7d663d7c4145dacfe639a35bdd029b97e89d3393b4ad68d240c38f5077,db0ef9193b9899f564d515a3a6de28f5acd7bc37721648d9ef8998490ef91bcc
1a05b7f22ba37c25e7c70303a5e4425cc777cd86234effa5501ef9375331bede,9827cf8a30fee9a092b394193c65cb48b0f1017b725892233445ec1e98397295
f8d2915c4069fcec8eac96d6493145f620cff850c2ebd49531f9ee84b5e610f8,edeb9ede115d18182f1dee3914e3b135c79dde89772ae080090561aa8a75d1d5
37ba00d7f4467e0c2742faf493ccaaf7da42a73f70f34be83186cc538abc75d0,19dd83f117525b931fccdafe808aaa6939af792ee549f359eff13fac0d622f5d
63c242f206113320c927fa14b93f5a66ae51438de42cc9afccb9c2ab74beee93,ec53fd9eb07fefffe83c01d69b223c8cea676a18835ba2fd25270613605fb3d6
bd09bb88cf7997e5b5bf0f519c087d228fcf4a9366d1dee5bd33927db522c54b,6f93e7968843963d7e17580ead38b683ec8e9ac72cca87aeacf544bf64d0f324
95d96a64f01ced50dbfb9bbcde6d48a167b5db76e652746506f7da8f2819f873,4345dd30cf67b33b52ebcf43460ed5f8229b8dd4d4da22503582ac1e5ab14536
11eeacad4375826cb74f6c44e4e85c5e717687212e5dcae0cec09422e3defffc,0297420bfce9595a83d1c3af4b9e7d0480004e18b96f8b2be0652c48986dc8d2
6bac71dd124086a163db10e3a3ab28b8b83b1c77c296b63e050aa8afa7bdfc8c,b8ad8dba0adf2f7ed437ae4ca9bd4b29dde20e364e6e3795c0e1d1f4e241df50
e80821390e98fd974a3fca59261ea4313289621fcc3329a31adfcb9931f86060,d42818827e9786874764f560f7bd6ac6d738ea2e3b517efa31f5d91758729fdd
7f65f4b6ce905e3b216224bbaa287d0de26cd7aff6cc6a0e2df8ddb96f2e17fc,d6cdae794693dc9bd2f93582b6321c7d4de1f9673767d4e00736d034d773e967
e3fc4aebeabd8112960bac68d374417b105d116d1ba375c5724474c4a83ef9be,3d16adf6ce565e92531094252098658f393d5c2e48e9d73f093ac2a0ac86f8aa
dd76cfbdab95636e3dae36de47a33fb8bb352cb7095948404a3abe7d0d54490a,8f82b33987500faa439ba574da72da6b73891ed7cff7c039f236e60525312aa5
30c1620ab95ce85bd98d818ad8ca8c45442754e8f7ef5ee166d06a225bc10a23,2fc1a025a71d70562be6a341d8235bcca7393e0786e69820df739538efacb44e
5d8aa269ce30a2ca5c466ef198a393c23fe8be798db7bd4f3ce66368afe00364,72705be5593f2e1c4b352598a6b958f1be09352cd02ec59aa3b82ac0063c21b0
6051c662c59258741b0ae25398148e56aceb147ea459970040648361d8daccff,0e9ebd85df6b3a273e651d2390e016f3328b617ad3df926ccf39d3a157c4809b
5958f9792f193f5da413c17a5903d3dbfb0a02ea2f7556c30890e961608d3280,ad4fcf9850bfcbd7bf3cefabd1dc66fc9351981a16ef1262a29415b03bde2514
197caf0e6611c8e9ae1cc46a5968aeb40609619160101aeef575e3b79f9eb695,c23224d4c9c0c0a2daf6e17997e010696cec337f0cd8073fc3e17b6fe650fd9e
0dca204f34a25d67102dea27d345eac2044de3287be7536c809a61db8489b67e,f3c867be58b5574070e30e85d24277418b16a11db25a3f3b1016d432486c5158
bdddfc7f0ff6be0eac21f138ac7124ddabb55cac2e2a29317b847dab1b0c6bb7,20efd63597637466876cc7dbc5c4884d4d9a3f9a194e4e8edc81b560a3b83838
de0da916187fda2630eeb380e6b5a468cf7db36238f5b5fb7e0c9cc178d3f617,05d7a6c41d9466621f5d43af1f9fc009d6093222d944169b8dcd9a0b82bfcb39
3554fb92b826fb5ab54b70942fd574e4a34e9524c7ca35b418477a3c3fd26584,2f7a3150253132fc6657f324190d7087ee52979afd4270d9131fd5fbbe407943
3c89c18df3cc9469f39e3fa85c9294b9f35a9d9202d6cdbef6ac578afb37a4c9,c173168cb991b91f62c8b8076d57e3b8ad9087eb12008e3a0f2df9900098da73
3c35c85d3a3e66d544b86eff09b2c937166ab39ee9bf4137f77202b279e28dd8,18d96ccb64fbb0423a3eba9303e2e9210e5bebb11744a1aac25a338bbe4fcc36
dc0f783f61c83f88ead609745cb4774c88cc36dfa1af60bff8e82576d030cd60,aff0e5be24de26f502be5520dbcd12e42c142f24fda1a0bc034b46b56c8f3408
eb3180bc59fa66829c4752d46c1610cd9d17f2496565d45b987f3ba00175eda2,f2dcc8c496c66801ad48334a9fe3dada24323a002c1cbe9de6639ae71edd1228
5e58316d73d3b0f6e56955e675d515a3a2845a1da1f12ec818aead48154ffcbf,1a6616bd78f976a089c1e8190a6989839fe66daa8b46606d233e8878e1d60af1
43824e5f3f7300d9fe9c21c580308ed9037f713f00df5e4d6ba8c8e9b1655215,3d2b15e4b94a9de1b897545e9886856c5f76870ce127cc672fc6bf5f3458abdd
229676e5e2895b23b7092c6758fcafbdc47e50f47ad80e2a5486f8de9c7565d6,0fe069b9d8686664d70132a567b5cb096ed49a85a7dc471845ee4e1d096ae630
84a39769de9ae56506a21f78c24b24ff0a267e591d7701043759c305be5932d2,6b64139d648fdd564c779f6dab3958f4e4525338999005ab4de4e586bfd46758
f34113ba5dcd0630bf2cc39b5da2f06ff84fb2dd2cd4878824d1afa3bb89d0bf,fc74b356cf7cc3562c5c96736198932b9f8a4034a96608734f0f6ca60311cf9e
ba24dc3b66e6eb11befd8f8db696e77347518ecf0e79b50a52e887f2fcde58b3,07cf04f9f731624ea63ccf7f586ab9d08e4eda7a3158e04813a0b9ac1860499b
7267c76d0a733a17c69860a5748999c681c761e191b502ae500c4f6418a1e739,e6bedcdb706d60e7746a1e25276cde3ad718617f26443c9065d85f46c2f64357
e6c93c2e21687e63f11cc09f8bf31ac80e77cebac9525d3d773b31179eb9961d,de0e6c2d9c58dee7f2e313661b12d7da7715bd626a0d524709eca66f9ec30d6b
a18bfcb865aa5c007b19ff4dc0fbc1d185e1f155cc7d7fbede64aaaeea773d00,7352c494e0b3877b59257497fdf1d747cc8ae5a6948e901dfda57e5eef60353a
ab2e5baf757590193de77095d378c138485810882d60f0395cf51b08653afde5,53ad94ae8fb93878cb5479cbac7fb8988f06d06905f83eb1e2591b0f64e118bb
26a42ef86aeb5fa4bc2d10b6ff39daa0363b549a98d91eaa68eb19008d9a079d,0272bc23eb16a7e613b5c95810d8ffaed1337b5cab74030b6dd8272bc77817b9
73c123b6ab7c8e3713ff33cb72bde95a770c42074c96c12c870dfcf8b8fe335a,f79acde63d8f8bf27560c78ffbf75be7b5c09501e57d3203affa8ff5563a0acd
82574487b0bc45edc59d0e1db06b4f7ff29906a2e2da3e1362ac19900bbb4c54,6982340e7d254c572c975b01459a7151128a95882f5176169094878d699baf83
0019ddcd5a49dc7c49799e4e264ac3957bfeb4d5a8db48731f366603da9d0366,71037f27c05831510d2fcb2afa1877d030cb7811318098a49a4413d42e167f65
708fe8d8e6ac3a42d5b70e11525ac67c0fb0ffa7ba9448c98de6efe000002ad1,f9c34c963bddfbab5c475e9060b63eb4b60e76fb140e84719218a7bc164248f8
4e9d91ba6f55c2afe3f8b441bffd1d5cca7b382c1fe4592aab63dc420459910c,d7dd9e6afa16b86df1a96264961fa0bb022c94379923c63f779e421c687387a4
cf86825c636df84c6b2c1f46b2d18377434147cec6205f59497498cfd00f96e4,096a5b646aa90743b5f39cdd522c3d16c0f8cf079e7b19ba7aa5403933df3a66
1719ccce90779ee6fc9c2b7937df2da61fe1fce978b11655b9c7d17cd1816ffb,a12657c43c7bd420a3065e9a89319ffdb6c7e93f99f02147c608a7bb7e64108e
c04d4f6792556a44220c0929736b2334bbd3f8d8d51d2c0bb2da0723c12f8fba,df558d7c25bebf48f0ce1459f52d20c00c3f52b40e4a508e7052472b3948d3fe
ff80a66b1ea54626a79a64dcd6b5f09c5b8b799bc9a7c9c9f7d026ed85ad5f57,669109d3b5828de727e851940d9202e4c34cd867a6c90258fd80143ef6cb4fc6
cec0d9476f2c948ec879d13c547c3f0f77eeb0a14f628063de3c430f814f08c7,4309a95701f3c584c210cdf327ca6d87b1caa006b3a151a8b283b52dc524a918
3dc6be57514f664252acbee70fa78b4980c0f3450bcfad5eea7e7cc2e5c3f5b5,a2f4a21ffde0f90445f567e702c35a32df55d07f943e9c61c50ee7a08773bf4e
ad90f93dd59ed7e19b17345c94b354c7effd72dcd9639027d9b52cadf6fbbaaf,009b93b8b2acae2f98374cea343b3a88789c5f34b70e70b930a9bbed27c64100
6b1a93d3616cb37ae073699638bb97f2689cd0614c9f3113f2af66594c71db5e,a2e426e44ae0dc8f6093aa38cccbbc8684f65a95e1d8ed130946698c25069c48
c3401608e80f37e41f5153d58f7360e7cdbb2901692c26789f548111ffc9b58a,6ea34f519832a4ea26ea39d745446d2e7c5898b2e3dca60888e6e256d6811936
13e356f03307aae6efcdabe3e6a44391dd60c4f2e4bc4f2400e08081ea39535b,f02b3fa4d2bf689ace0d9af55f3af6ba9f7cc9d1f6c98201dea98c75c1eed177
ddf968a768fd32daa168e82a96b1da3cc6d85ea61f47c7f04f2e62e030d1c610,a940eca8e699cebe6b3bda8b54eb3e1f44a3b4decfe690c04c77c336a0e24635
dda972878e8fd4bfeecdea2884574108cd059bccee17b01ddd036d51078f1093,421276877bbe9ea4f4ad87a96e14fe8ccc724c9a7dbd7f41442e1ef0871a84f5
000f65a96c97d5e1723b46203d0802be76501d43476e4fbe32e46fa5bb1dbd16,8d6b5697294bab6285deda4d17d49c3e0b51744dcc50a884f63929791fb960aa
9b99f7bb5fabf1101ad112f237d1add9aa8230153384e4f8910dea4ea876948d,e23693efea6bc0f74fb88856a87b757452f0f43ffb35d2508f1cd5ac987dde83
a6f39aadbb4c2b48e3284814593eaeadaa0c1d62747282713cdcb3507460de52,3779528b711a8379cc0a51f1a0aa7f50c2b0aab700d4d602a25180121dbf0577
2ceaf24f15e396d2305fabcf4aeb3b19a5de352c87b796c3eaa297ec56e13319,1ff390baed63a5c262f85e6582f7fb8e5699251a79a1f0e8308d892fa6e18ed1
2d3801f09c77575be9701c674db4883310eb88a7a69aa506526ea287b48544b3,a05707aea5f06dbfd60ec470bd4670fc88ccf4c546bd6e985c25b57f16a93d5c
9c0d5e211e546c6a2aae0581b3531a46309f0c71f155f400844dc461a0df3a88,06106e2d96d3dff6747685c0a8baed54cd88e687f7dae657be8effd8dfd2137b
30c1620ab95ce85bd98d818ad8ca8c45442754e8f7ef5ee166d06a225bc10a23,9cc5035bc58c642200da0ccdc77e75d24c6a87e272834764804a7650318f745f
2da450168c44d4d6c3a312030882e9b225711605c68d505dd9c198b6a95bd2fb,57ee6df5140ac3728a309e9ca88389fcc0894cf2af7b7c83cafb4adf534204e9
97aa579aeb9030fd643bf4198e6c8d32bfdf31a77f96bff15eaa2715d991cf24,6b58ab95c24bf3c8652f82c99804db96528c01820f5812b6ccd610953e010c81
29d0efb8dd7f69ffb711ffcff9edf03f85755004c07d66f8a1459163eda5ec59,d315258a9900257c59e91a8796a453349599c3beced08ffd8e3bf688b623fe57
43824e5f3f7300d9fe9c21c580308ed9037f713f00df5e4d6ba8c8e9b1655215,af7ae395649ac4eab637647c1a855f91856ac488c4ee8f8a351124365f5cf7a8
99bc30ce234a22c80b4c9bc36ec8ce89c6ebd05016f05872115be5a1768cb4d7,83c5d26e347d0178f3d148a78a6bc9d005d8d65ce9c69a5c6a31117dcd6484e5
51c3021a5eae0bf95a862b1859a79463d878f48a0a27d3cf0d1d38e275c054f2,e84b677caa81f0b2ce53a732ca3bd7b20063bf05216e1c19967d2e774ba5e65b
98a2abd251d0148856deb746214283a58bf274aafd7895bb51cdde94586d1e8e,aa43280deefb0a6a2dcdda2ccf545548c86022b96fc87e99e379a79144afa1e7
a83ed1aa57161e07bfc9fd05ccd977066867c1a445349d3d6c61ead0245566a1,e5e66c2bd06bb9af3fafe94805c36a5b5ab78df05999626975ceb880396b347a
7fd7d17db66c439a6d66c7d6d722ccb05792f776c270c7dd559f9dfeb391b13b,1d9035ef5f88d9f234b6897cd16a515105142cdf0252a97bf7c09b6524f090dc
9feeb6211355c64d507ba546734870e7ca328dacaccf01f3ad685426dfa12361,54b95a13ee2706dccde41e2de3cc107c8e8189eee191875c4432c0daa42f789f
43824e5f3f7300d9fe9c21c580308ed9037f713f00df5e4d6ba8c8e9b1655215,b63c8bccae4e5c7f15a629b7c3580902dd09f8944937e92ff7832c56e799ab35
5e6e8d202b0738f8a083d915f83c315cec482a19462a8239600d33763d50afb8,5b2c899193f8e5bc2688a39ddbf4036354a4476cdd808712b5f7adc543be4b35
5e410dc3b25a2d6ea0e2df8263cf8af6722826daf8f3683234529a2c4bbcb9de,51ce6b45672a6981ad29f2cb5f1da9a56ee7e23cfe417067ac31cc3bf73a5b42
ec9ab651cee7433c0232eee02ad5f3bbcf2727f5d1f3124eae035154738ead1d,3ae8282539d4ba2a5f307373cc17edf6710e4a6b8e1803442e884eecc6a4c477
da1434a41ea5194f9c05a43c6be62158bc91a11fea75f07871c0a075bad6a0db,27e2e5639f7ba9e9b2519daaba2d687de97d25df305b4ce5433a60f3fb236136
7281b33df73374d4a22bd7e6a73963172b334a9ac529d9386f32903516f3a3ab,fcda444d66dba6fa6848593b7c30dec21e3a65a8c66bf6067b2c3e27de913105
f5bd34383e0cfee33ec387a24e07fa9c6e4560beabb27e5737023b1ab6d31621,cc633951eefd15a2c12cb0d93f12468a52b9721399b16e39caba74bdd8989c7f
7897761c28b08de9a0b008b24bc8851333ec1b84df016a95165d4810607792ac,3c773c85a8073a65c8ad6f4995105826fd9c9ab3371e83d04ff3904d18008210
20b6604c5ebcca3d5694b4b6fe6fffc15b0e7640b66cc40aba1c1fdc7f972f4c,22c2849834eb1c21c9ccb5857969daf981c395b73689858b908b45c265f4be37
cb72d5ec85a0931637190a49b0df4f12c38ed5821ffbd8c2b14423a6dd701755,4f358ba24fa63cb46a6742643aa275651a9edd71b908876b8f451dc157e952ee
ea1b5e74d01b86d342ecdd6bf1f403f443cab753235abfb45866d2f14256f93b,0bf2035981c773e3e7445264df3c750e962bed9869858ce7cb3e5628839584a5
d5f7a0e49675792916f3c88790012baa8055fbcbdfb425f30623dcd9d7e72728,609ae1ba8b23585a0bd54f2d51416fb59a150505355fb41a08961342c7d3e009
e03ac6864a1fdcbea521db7a1df66175ea757a266e13cc0cace65557082fffd9,e1a8ced37c802b077c1bb4fed11f369d1328beb172acf6aea366ee83c4a4cc0a
0983194a0fc8905e80fc1e7dd8c61dcbeb380683a83e7930a75a7a63e563a251,8588b85d7843b62ac24e0025fbc0c91932744f2474cb0d27ba01895fbda4104f
a478c5b687e94908a3e07e442100dc71760652a7f2f21365d0cc50fbc9117fa5,06b208cb703d310f6893195c815556afa753d62eeeeed97592575d09c8a93aa8
9b076195028ed5ef7da856a706ed73de222c08790fc896860263a60e07b2e709,8b5ffd80273578e545e09f5165147c226fd991117d5565bc03e838e0a6e8fc7a
c1826a9f450e6e0562cdc4f496d7bcff3827020358819ccd650c8de43ff2c176,9410e8c2616211ec8d1b6b1650fe9e257a6468411d9037a96b9d5e163c97fd7f
8167110434a0d706c9001315b2f2c3f70222a64cd16fb7131c083b6d0a033399,03b500fe7c2b848d9d543a7d4372ee08cfd9e7f4c5132a991de61f251b5f8a65
16346454b0206275ff931cd736b3d95fd1748cb1956d7f1fa26f60ee8a1f60f6,2bc5ce95581f4e93612636a421e46be80062ab2402987e628d22eefeb73d5dc6
67fc33999aab323c22c708321c2b9216c583a95da8a504abb384b9b60caa677f,3609c1c30f8c689de1a57a8b72d33243fcc1061f2275adedb06ea3e766b14c34
5879a260d75f1bba0d2e96c7be4b14f1bd9673bdac52dadef64acef17d0b2124,c4bb25287731712917b9f79aca966f92cc3886bee34bce4eb49eabe0570abc00
3b3ad93f48fc0657bea86dfcddb626f36def6ae5ce15dbcb83fb1967d1e7e8d6,c249f291fb1f07b970098817a4d95e0a25cd0f2d93511aa716675cebb4547f0d
bfb37f91700e0aa6364eaee85fa3e87a5d67764cb11a2b089147387b31e20d34,01370cc4aa0be5cbab30c988df43b0c2871d9d22bf5e19f4a2fa255d685681e0
8d07c05c9cf9ecc42be7a3b73131cbba78e074165ab7930926babacbb5f9df3c,4f83cbf46ba324bb1217fdfe164eac3ea92820ced0727c8ffe0f1a4c18275211
6dd583480b44c75beec6e328b8d9a4638eb5a75fa4912d9e63fa02b856179682,80d492844de8554380254a52c23fe95e4274bddb395ddb18458927042626109c
d4a97f0394a26f3879ab52ccbccd68683f8311e5580f714d2700d07ac288080e,b698d285b59c643754a111a31f700b253d2745a8b50c22065e73e16039dfc533
4389f3fd97db3580a84bae48ba7ca67eca2e51f31c439f5f5f60387f1b673ee3,4f63b5130ab0bdb1666f90dc6b8172b69e930d76ff562807577beb1bebfc1ac5
ff07c34398648cd06e1f99f4f268acf71fbd02b6a4bac5cc28b54bf0d8ff8971,694e21a21527a86a47b680dcf8362af1821015e3da19b6ec84324084675ba19e
5df1dda11be549314e599b2939d1b5bee58898b7e337974af9c202e629386c6c,ab9793c07977cd4ad49e3c164a81ed40bd878aad9570b3511b83f7a10dfe9206
21ad1bd7b4067720987c2f4eaefd32e4cd15af784b9e7ac69ba3ba0c987d21d8,1d125f319cf2955f7de5ee9140cfe759725e871c8f4f56aebc3b4de8af18da55
dac49906bb5538a321b7dc7c2f3904155cb5c4b07f1ca3c35b80d320a352e367,1e2b8e5ebc588c57062d5b59d1161a8cf6f8742c94a5a9ae793c278694c8e27b
a2fef7ddbcf10e4da73a2ad5ec18cfa9c3cdf25f29fdd1e14b0cec81328b82e7,a779234381ce2f4b8594ad8a8ebaed811f3d34725359c69d5f17c9e4d23ae178
7af63e246f63a62cb21af6c676863a1f1d5e9831f9b896636e90f289fa44967a,a4f476a0239c4497478801171361a846e4bcf7779dc610fb8c14f8faff3f93d0
32a11a7138c054c83d672ff9ec0af50b560922ef3fc39d66cb351695de3eb1cd,902b8f6510e462a0013b52abd7967c19c1e50b6c9ea8a08b19880a0bd04f21be
282e640769249c52ad3ebbfde7820f079277cefdb2547d521ff39d176a4d451e,ad0a2da93683800e0401a621a37c019309f61cf4111a4b554a6c79be974e0ff7
738036b0c486ac1f7ed2e0290d1bf963479204e603e4e18b7526b15dffd1d881,e14e599f3032e8e542a2a51e2a9e515c3cbaaa3873e29fdfaed29278075615c3
464f27223d7dbf556fe86888be534c3a0cfe1fdcb777e4ed8b1d49db43a825ca,9e7a282d12b2022e24bcd25843cea555fc7f1f5465ec3b573f32454741fe46ab
7df5b22edd33e20b42b8d4a64ee4fc017aa9978996376b18e005d42d2c79d4d1,7f29aa8dc999bfaaa4488e1a0dc48c37d5f8322ada744e30a0dfec33ff8cfb61
5e6e8d202b0738f8a083d915f83c315cec482a19462a8239600d33763d50afb8,13e96c985de3662351684b843952d96c9a1c310c9ec9d03a5d7848f713813e17
bd09bb88cf7997e5b5bf0f519c087d228fcf4a9366d1dee5bd33927db522c54b,0e765cfe817ffb1088dc70b53206d9fc506bc7b565715f32dd1c95c6f0b13bcc
11eeacad4375826cb74f6c44e4e85c5e717687212e5dcae0cec09422e3defffc,a573b2ac7aa7970e3093b6f5f045f2aec4d0ae740e86c522b0441f728df5b1c9
ed7a1809f179ee7502ab67c4c542d4787d06780a4bd3c39bb94bb7573dd27f6b,a0f97edd7d9888c913352e57cc1d4eedb82cd0051ba785ee85916e1994b7ac29
c1c594c488ffe995887e453420aec8c5bf2570a3db8a0e5cb0343314a36b4b84,29a23c22866ff743e86e6320c354f5f3de6c226863e84773b4aa37a38f23cd3e
9f2111265047e506b06050a6b875b4f960ae69ef5c6bb601dcad7eed92435d82,01be3d78424831ec9885a1774979fffac7b6c92015400ec111958f94089b5d8d
81a881d48a7a32bf7fea5f6e75ad0e01d3bd2bc4f19308dcef596cb381fbf84c,059d17edb62b5bdea08218787aea60d1af11864cdc67ad11c998069af19d839d
d3f3e2bd122594c2372dec62dbb817fb9bd6351dcb097cab6b3d82de5743465a,e06903178796823f90cb417b4fecbb94e78cb30a11b5471a2b15ce2e03c5defa
717ece06237ba6fc0ac4b61629285c6ed9f497c8d450d52fe5e57cbfc37ac602,89a8e3346556e74ef2c7a50d406b25e71d2776fc3f9f89eb0a7bf9cd9a7534bf
ed5c529489742bc703b5f8aece99eafbd9fddac8fd81d8a40c4c81e9fc75ed0a,7ceaf2f043b6cfbf81588a2d25e690e19293a0ea53c451478ac59c3eee28c936
3354d1396572a706ef55d32e3dc7284de47ecf5e9381d5d9aa3166e5d85a9ecb,17a06015d6d12400ce5f7d7459f5a4ffe814ed7713310b8808af0e49b8623bcd
897f3f5d86e017e9567f5e29e9c121877d72572eaba582b915afed84c3d203c2,b0f1035db3ff00a7d488110e1458e8bb076d4e9e2ac4b3a7124c29f3e244777a
08f1cade2f28b03eaa8e1641ff2d59eb2c3365e587304961c1c2a92316e28db6,1fe6fb348be3b3e68f5c78a7f9a10b04aa7adcdbc28ed3b0c0ccb18cc07aa4a9
69c392bb664c1a2cbac48b5b437ac736626bb473fbed6aa9d7e1c4193bf6d122,c3b8e26118946f456f8f895be7d31051fdda7fa90ea7541d89c40ff9c1682816
f8d2915c4069fcec8eac96d6493145f620cff850c2ebd49531f9ee84b5e610f8,20d5eb3cd2919a2d6fc27126b4fec61b01713081f870021ee3bb5f2c3abd3416
019975c189afb6b027eeb2cf6f5b9dc8178055cee9581920fa323f628dd8d3c6,e84cfc84495191ed65d21c4e395d0ea5b620211651767dadbf858d8a48e75e55
594e53e86a0af7cde0e3db3a43d4c759ded8332bb561e4063bea8ed6bdc8bca5,b2c677b5a0dc1cdb430c329cc81623c0a2d336d1bcf77252bf41759db2b7e69f
ae5ea8ae0d8524a154a9a8320506e1feecb9b4610792bc46aa156aa3c0a2648b,ca07d62c06d361916a783344cbf8e7b40dafb7b008c16ca68f3e1dc0441cb2f5
bae091de9bdbff2d31b24cc7539e5043ddba035421949e06207c74bf7de13b98,1e457289c4cbfa33fae0b53b00a3842ad2bf2c9bc5102bd0d31b388206ac0d0c
0028972c0655d53960b691b1d16ab6107bf235a904147ed94b524c119c3ac70d,1a0509734b8c8f15f0212a9f573c06ca02467bf3e198139eacd4e91154fb389f
5879a260d75f1bba0d2e96c7be4b14f1bd9673bdac52dadef64acef17d0b2124,5f3b1e0d0a9eda384abcf82d109450adeca657d4c60c0150b4b62fedaab91a71
6591d2e8e9e9738d66a33fbc064c7b4c86f606ad6317d63c25e8b551c4def9ff,bde7223b6642a62ffac5efca852e53b5ea1af0b9feff2023bb796beb6e65b749
db18329faad1f9bb7513b219e0fde1f90f48e110f3861637af53169ba396c530,616090b61068924c7492bcb9a33641c8cf55f4bf9b5640e5fefe9a0ea7329ff0
8908b5be4d6372921b986a02b4528f2bca48c8cde59d614d65d7372dbd4dd213,f2ef2e4108f6395c800329aa1db599485a8a9cab51982e84f9edee30bc51a478
a6f8844232d420a49be700da0e434085be59a052e55c21cdd0442dd6bb59a4e4,3c40aa91e801740f17e66171dd7957d2540266df6176d5df8b0b46b2bbc94127
3ffb7fac32cb41e16c57bb5e52bc0a132916f28b47a6a59756894ad6701fd8c9,bba3c9e24a1ddeb8748e3a363e58edee93c662f8a238b5bcb1775e10465aa744
3d38d7b1f2f4a5c73b57c03fc9d530f962192cf2b361bdcc00c53a880156bfa5,751d63f66cbf227ef3bd8a2dddc116b87a2c6f3b838de4569a8dd9f12adb4e48
859cec915d62653714028326b2aac82f3378e578b40c0f415b31019b849165a5,a6c061eab4821546fa526f25ba5f50a4a80a6c6f26b55247f1820adabf11df9e
6dd8155c3c59f425d3684d1da9686ce71c9c66e9974e8aa735155163fc31dccc,5627b41eb348acc7d12bc466c9a9058d0e0329104caec0706557a747974dd19f
15f765a28ee7c8af6ffa722e2a77242e4fd726a56e3e1ba312a936af6888977d,9e1bfd8c7e5f7dd38c329ee8053dad325539b4e413fb1d840f873e2a89a603fe
13ce7d2a8fcc0129d5b02584d16228ba2e6b392e0c48dc4518a76194317e30ee,c1ea2f96661008e9f590e461768e8c479dadffc250c999b4555524b87be69a8f
64cf3647bbce7044b8b5c68f8c0725fef784e950b658623da751ff52621e478d,0c5a188c79725f690aa6dfefc61b11c50753ec8b30105cbf37da39bc21450ffe
47e9c1bf12f622a3b5a7c1a7e45ee7f0eeeba9f0b07351cbdfb3b193db7de136,287422d8f817f73a6cac820084f28c2c4b9390b63b7a82a7fd4885112a7f9e98
903faaa6087748a01cd738fe2c0c7d4453e1232e10a0f6d01ecf4d6a33728a88,c61cebf3ef9b28ddc8234ed03d00b8254b1ef7c3ada1463023eb79856003d130
ba6f40cd0d6d1853375962d7d2a68891176b8d989568ba7265c9aff229487cc2,916811e7c6b12e0a6a8f13467e4725d2c79eb46c63f6373c22e8bf85154284d1
595ee5b2040fb75b46c7113a94ceaaf68f797745405e4c9c919da9f3430bdfff,6e5c67a9994eab751ceacc4212d6902617123424ff056ce2823b498d47f78150
2ddf66574b5fa80234a4ae58ffca8dd1a2fe4473bb61bc8baa47b7bbfd708744,fc83a09f57a2ced8872ca9894395f61b00ce216eabb17cd585da601694416552
82c9a786dfb72d9ab739ec9664182207c5cd28ad5fdbcc564cd582be60b78c53,68adfb5a4cac30c8a98196f34eeb82284ea6fa8b54911bce456500994f2656dd
2899e6138505825e9c3c6c5c520fe8e4a1dc86dd201f3edd1e6d879c0e028b3e,725d31d755904ec0389ff22dd74b04fa58545b08b5ad42acc4a444b367ed4984
9c28ead347d3d9ee723ca77d6979024ab5b2027b2cdbd79a7ff227b5d46c06df,b9b095adc0db9babc8e9ad74a385f04f6477e89a2ea93b18c4ce619679e9bef6
842f2c03b48e363e84a876b6b3c189e95066ce69edcd9c4dc7a11b4faf76a524,1a343ca6159f4cbaea67834ee2adc014512972fc85b8cc9d778c94cbe147de2b
fdac62d7284ed2e76d62d948fbd45208fefde87cd26553d413293b84ca15c77d,52e2e771aad38a66aeffe5c6e14e50a64ba8c3b5d4ad64669b104255d8f58445
3e59766404a55e65d2cea69450ac06bdbf902273a884c949d8af4af734ff7d49,5bb831c2a9684c0954e1578c811cce1e380ed9c70f95b1962301b9505d9710d4
951eaff42967a63a979bd781d3574c1d5ff0a219ae490e58a8243cd2403898d4,ebdbb2a302b0fd849d078099d3e744207b736d93ddf32fa1b51022e44b12560c
850acad7e0bc467572dba78f30f924cce0ed6882a0a11d26cb8de161297cf5ab,d2cfcf2822356ea55c0dedec2f4771fae87d8f846793bed2376b4e25f2ee8336
e3233f29ad75e68fb951398e1ba3dcb3133015627b0122dd871f06c49ff8477c,bce62efb0d67c3e3655a2dc22eccd6bcfded2393dfc78638c8a4edcfa3487b39
4aa8ffb609424c5e654ad28200e380cd00fb3922d6daab1f989dafa17f08f7c2,464556042a63f431a5fd690503d499b64da2320e7dd0095bca1d0d12202ad492
7b8476d8ae397d5ddc5e672f857696d6f09a23512ad521a85f0cd14e527ad85c,359b110e53eabce74b14600dbbf32e353ceacc8ecde33953af6d773c13eec215
92c3f196942bc422801b82b55714bd8d717cdeafb31d8483ebbe8ba10c0fbc83,5915fd70887772b345407b91b8b9a508929b2d5e98385ab2952484ef63baf83b
616796edd9cb5a6bb5e55cc3ddd85493630ca22e32ff730c0bd7d2f528bcfd64,8fa514653aeefcdb1a27949fd2ec04ee036ee1750ce092211d371016181089b6
bcd7cb79966a5f76e69b811f1efa4f83db023572c3196dd656e2bbe530191aad,b79f2f315774d6392ea12890290542e53e1174d853aa69b68ab651dca653b105
efa0a5eaaf5eca4c83b5eb38d840e0b3d60008307f7f2df72005f3dc6e139ddf,aa3510f7c0d30d0bae3c491e3e273ec76c842c698fe8836fb22009d3734e43ff
a46e4ecaf52a8c7fcb2fb7fd9ca4c2cf1589d9044ee5d6f78fe0b389e8425b61,96f4c5d6b2b1f3db020cbde8ec2f2cd80e7ba5ca38c0fc3dc1c3cb0b7b7c25d2
a46e4ecaf52a8c7fcb2fb7fd9ca4c2cf1589d9044ee5d6f78fe0b389e8425b61,b6f0f9ad5284bb97b6855f9d0c71844e2c5de4b95f08af4e82a6b7e3da556052
d79d443870188e868419214660a0f9a93e9c754067ece8150eb1e100b6c479ac,ba00b10ac396569cd658c6ad5ea3708b97772d28b6e561a617ff5e4aef2b5d78
4837ccb387f7515c3ab8fe90ff5c2394d345f8c3558e7398e12ff38b5328a501,45bbedbd2981f48caf8f1ed2f2c474329b1eb12a0709facd3c7fe9e62340de4f
c79d2ae26a92ec8e2ba6b882e76127ccf2509a4f3334925bb95babdd4cea724a,4957ea561b44381e4ae3f74b7fde0da7ca91b9c08a4e8d3679e12320b6fdc8b2
4ea27d30fb568104e9c38c2431867c148d06f4b19c2a39ade5b41c0ec1075890,7f3d0cea972203309cac726c6e873c4c8bfb3cb24c6b5ad303091eaa0201d38b
4566baff60c25e6dda28a0563af3273822de5e049762c3bb0a7b3b6bfe7035eb,a0f97edd7d9888c913352e57cc1d4eedb82cd0051ba785ee85916e1994b7ac29
f67efdc96612a282f771072ad6acf075ad889311d266562bd7c87ed08ade5c15,7bd89aac862b8c75b75c5b17a099fd8dc67010805d9ce4d97d890ff4db993856
c643a77899c21d7c2130fa3df685131ed7f87d4baa4d49a1b25746fb385926a8,5dbd07cba15027bf163a7ac67f24c42dc418e10d906d8e943137ac953dec9037
9552763ca62b5ad6501472e828ce305f0275e006d83de5a0bb0ffb155019033d,5bb831c2a9684c0954e1578c811cce1e380ed9c70f95b1962301b9505d9710d4
e3233f29ad75e68fb951398e1ba3dcb3133015627b0122dd871f06c49ff8477c,4dbc8473a41dd46014d3c29598aac40482ce00964ea8ac564ed1b922e83a47f9
fcb17c206e7c28312f69734cecb1138747742b39661f451dc27df5df8fc3c2e6,5e9e1c5a6910b63dffdef0b7574f20f6290282e46a0ecdd520c6d452a5a847ab
9b5dfb3755ffedc6b840af323688f397bc7b1657469b9adb0f3a9d142c35cf93,f2cef2e99aa3b08bd24f85bea0f0ff7589739171d4b41f6439efee5632892c46
90b2630391e03cb7b5aa6f9eecbd06348eceb91031c94af54ecc131f133b742d,223c9d95895c618cd252d3acae40c4588bee8b70ca39e1ce0f21efea9c5b4c1d
8f2da2c7d6d5718f5578c29d8631d13a7ce5f7b93cc0cc9eabad8ca24e84ab19,6091dd8887574030cfee8fa8e8df325d5b3a5ea06fb4efe805202cf7e46a57be
2cf1708f760cb2c8de816195d2589c87015c95296742ec5f74510117fd28753b,0de951780b6d1840559bd7b6eaa0021d336d3d9429f8df3e8f46b90bed0d3f24
4390c59b48ca548b7475f1079b7f5feff576de0bd49e01b02bb6ee71dc7a5ad3,1690d7e51587ebfd07fa6433ec9d2a8e004c068970b7a96da9ec64d911d747dc
374f8a41ad3633e3e67a38bec5a830f4e9e5e1faeada76dfdbd4bd2326d9122b,18da5e45a47fa94496ccb43902957817dbff6cdab09a3cf892249140615ed75c
beb7590cfddd9a0f2846a0d9aba01cbd9480a7e29a6195c7f11ca58bca16c415,fb7724b2afe47f497fa79240802f015f763f56c8fc1e2562d0042995f9dce617
9df00f89389993611ba6e788e91075190e579e03007075607333abc9bbb79edc,b45cf231a5151bad547b7bf0fc12abd8be4b0ee34a0befbbf846a5373f58bb98
b527961ea6b98d6e2da526167520e0a0d1a5b46c35ce1eb59869b78b900e1d49,751d63f66cbf227ef3bd8a2dddc116b87a2c6f3b838de4569a8dd9f12adb4e48
dd231665e11b4a7d432b1c64f715bb408d4528b38364a29eebbca34897098ead,751d63f66cbf227ef3bd8a2dddc116b87a2c6f3b838de4569a8dd9f12adb4e48
2899e6138505825e9c3c6c5c520fe8e4a1dc86dd201f3edd1e6d879c0e028b3e,18c79774544a8b0ae508aacdd21959d89ac3a6dbcc371e6611d747035a48be28
35083f1ce19bf8fa0780edcbef570f107b04fd162682b507b97d944ca6f4a32a,05eb2aa0f0ad6dcebc1f0aded68c227234cc84f3eca3ba1e77326adab001f14a
1b2361ba0963d890bc492a8325161f54cdfab9dc4037c1263cd18c692aadc08a,112f3a2517f1708f67c447cdbfbd18efbd8a41cf60c69ca4bc00fb5d14ec0603
9b99f7bb5fabf1101ad112f237d1add9aa8230153384e4f8910dea4ea876948d,751d63f66cbf227ef3bd8a2dddc116b87a2c6f3b838de4569a8dd9f12adb4e48
5401dc8957248f83e3dacab328b622d3d5ea8c895af113b448990eb2d818bc03,ea5626512898c49f0670ceacf171efcd9b534d6ce76c5f79d443b84b989dc259
1381a1ccb9ab53e7d3c166fd60567b27324d322856fab32c8703d320e062a888,a5ebc97d303031b8e3af6da51c3fcafe844da3e22f0b20c79516412dd2f686a9
9df00f89389993611ba6e788e91075190e579e03007075607333abc9bbb79edc,2d7ba8dd44c18abc75ce230e819fe595df57db05a932654190bd0930344e36e0
0917df312515921036628069ad728cd86f22ffd75935bbbb309b48040120cfd3,2953f174b16a6cc754f8b3e527ed64680084b09c4c90e6e49cea5f7df831e562
0d36f23c0584af92cd164bd39b42b29c48743d4ba4bb5cc3ff0c39da2513e823,a54a3a8a36ee1f9c76b0b591480c46c39515cec12127da15a3653d7a0feb0497
cec729899b32708b27c7e4923943c2253b0ce0c722910a2189f364f1a0940742,42972c1b3e85cfd086628e6177d23a0a057132fb6f897d58d987995d442ace69
265a8f1371438d232fc754c5402ada6e346b301f8c3d0f1e6f38ceabe63c5e94,d6006612a00e0f05f281252e2e6d4a1eddacb24a44e65ce8b47958686a03b8fa
8a1a93407bef729e22f5c23a1b6e077e627acff07a4bf989ccecc9df2da97289,8f5491d930d82911e822414ffdadab169ce5949f575708ab9d1c6ad5f7812ac9
f172080a0022c1ec791778ab9388021ca61dc7eaeafa28f10151a332dd124f72,b8de5fc756898b5b0d25f5083ef38e065d1c998571dce30395a1aaf70620fa54
9b013dc47b03561ad39eb58d34d20d133940e790766bd219ec83274fe184e290,73a66a69932f614a2f8d9c177a283273c941abc58e2b712c6fe6362aee49322c
2e121f2e8ecf599032537b7b9bb093c0f329d808cd9cbf9d2701f99904139cd9,4ca4adf789d5658cb2c62a2fd1299d578c51d27510514f6529dcd180772630eb
006f7a263bb17d77eaffbb8672d837ee3fb708269daa45fa817a0101fb89e543,7950aeb31be236eaa239debbf56e2e598c370967afc8c2e98262e88c71f69d53
00140cb793cbe495d1d3b88bb8ca98dbbd69cf51c8fd68997c1d0b6af647abee,83ba512e7af2dcd32b4a8cd9db8623ef5dc2c809fc7457423bccdb5a1fcd0b78
1bf289b0ad7912d24e20a55025f7757396a5d6aa97b819271ab0b06946f9e997,55c36da458b56fea81872f499fd28ed5a28ac5ebeaf3ac0419f1c7500cb28925
e40c3c7345afce281a8899a58646d2c1cae1feaca58f3e92bc700609bb3c6df0,1e7059de2502840cd62a8b252601960fe32da52b27c1923dd48aae298c8f60b7
b08c42fe0a63ebfbf49b864c6c540d4f4f50c80ec17d17d9aaea241410a18125,5845efd4d6f938700dd8eccd73d882f3d9b2c531ac1d2b5591e8e7d881ad5b77
38b6c9b2efc59ffd0bac6202eb078600b835e93b0d101488261f2e80f13584a0,e6499b128c8f6afb306721e8bace1c3007d1e35a26d61f522d654e0e71e44357
4144abcfcfe3af1afde33696ba878e7863cd0edc29392b4475db6c33012dd998,25a07d2952d32f1dec418386b5861f84ef4510bef2f5735abb146386e5699b70
f22ac9b919659e0d6ee3f1910cc4f632589f78b6b1dc7f45b96b2bf2cf71d5e4,2e73764c98324536b96358a49fa4ed926c46937bb162958c44ccff2abef087aa
ea58307974ec2ff9d7c152b51c521abbc350c788c43c80bbc890aa9e16e36837,99b126ae691bd376063439b98d0c007f1e2f6104dec6fa0ced4acf080f688928
8d07c05c9cf9ecc42be7a3b73131cbba78e074165ab7930926babacbb5f9df3c,91bd99f20f205ec026deedba800492a1d4d0684c5bbbc3d69ebb55384b2b9b94
7d931f5a985e2a0885f06cc3f854c829cd82b7e6d1388c62a591cc283dd54470,991743d9e86064ccab01cd0c742e0a14ec9be39a578aa07765fd5f97edd3f8b9
16905a201a677f3ace89197252e9b1832a29067f219fb033742907038be53b7b,e85c2666e1954133aff3e7a936621c8b6a6c1cf692a5652e76e328c2d2fb0dd5
b1c3c5495f96b126758351b75e73fbeb84a1df986c559008c445927b25f2f128,7cfcf1dfa3b1aad7a6ee3530c0b00413ead9f04bc56abdfe9c811c74331544c9
8aa00c63eda0f7377ca75f379329d560053202bb39d4c660239c741556479f91,7cac052a73443a8ccb4104cca3c6c16e7a43106ff35948ac5e4a8041124a870e
917c25a6cbb2f8e2e1728539fc3158926a2b520900adfc20d2c1339428da4a71,47850d6f3bb5dfc39e7b5685478b38104a721e12eee54ca67fc00efa0bdcb35c
3c35c85d3a3e66d544b86eff09b2c937166ab39ee9bf4137f77202b279e28dd8,8e5274e96e4a8567932c591806f650f90f6769a5da61f169fa915f11056323b8
f1461e3851e47c0504a305f973d8f905e59690457c698aece43aacd80827abc6,131f15c8cb59e760721265e1861784a51409c7451449d70a40a04a043af54542
a6df5b992f85f2ccf294e073eac7a934a31738992369be97395aab21519e5fd2,03b968c1b602fa645034abd75981ab88487740bc0537769a4613100c05e9c3a5
d2e42ade071aed6b3571e3951c571b6047311d59e36bf2b33b8bcec808202047,d1d80a5db172b1d7240696de1b17f53318e28d23a28958b23a59687f7792b549
9c0d5e211e546c6a2aae0581b3531a46309f0c71f155f400844dc461a0df3a88,d0f6fd3ad11f80c73db39e61016b1106c69a4c65bf0d9a30185d4eb920e77869
399c1404a2e5967a3fa3dcd445dd0b347f3e38d491dac3579855f6e76a931723,f76de188cebea2c15ddcd8336bca8373a11145d2d87c898ef0427e7d0dd9ebfb
813d84207c68ed900065e14d39015305ac4ebfba14406a9803efa3689a6b5e82,438127bdebf2d84480f3cc869595f5cc752d5a8fffaaa5cebc874ce3afd94217
3dc6be57514f664252acbee70fa78b4980c0f3450bcfad5eea7e7cc2e5c3f5b5,5a0e2f15f7d0e2146546e616987c004ed451326a18fcc74e6b179c54defbee59
fac228b2b758ed10acd8bc3be4992be0868baeb15ec8b236709ccf30d86351d8,76ec2cc2b3432adf24b215c336870d36bebf1a45307a2dd5cb16d8c9cc30471d
d6a69e6e88db512f5a9e1cba35dd4672ec90e6488f7ee434c46fe8eb65f008aa,1f2a94881eabd427de1fc633c4e24da0b4acd2bbc17b060c7e258a3feb281c1a
63c63bc7b9e778403903ef5f4c3b91ae12b368edd2f43e4f78ff3ad2fb27693f,c31bc1a7c83dad3c7582cc7afa85ce450b2acd8b1d64deb643451b6132e2874b
0e9c6bdfa04406afb51b694c0338efab8b84a8f423761e672bce28039adb73ab,73e430539e4ffb6885f00d36d7d6c7a2b040a585526ab38ce3845026c86c8406
50b299d52fa3505bc8390bfbd485133811b06f4f3ab7879c0c77b3ffa35e0786,0d0930191504fde992007106ce061902821cb0bd003453fdbcd65400137dcba9
84f7d8a01007537c2fa94a7d74c831c92e91bcbd3fe1de7b356febf9b76dc90f,d6ff8ddf105d48c03bbd62a5780b50dc3588fbef7553671865ebf1fe3cfc0d70
c2f02046ea22dc7c7bf8a618888f95baf1336ea2943bfd66906aafcb9721ac6b,e350d2690370acd0c85e8272f762da3c13ef9b250a7bd785b3e6bccc56d3b056
29b50665eaf85eb6bcca1045f36f34e273752a3db70aac2c21c713c15ebe1333,a348cb14bc58ae821ab770be7c9d106330f8e1f259d6aebc97bcccb08df1f0ca
a48a8ced106a90c2c6ebaa1994ee7b479b7271a8ab180058f6c85624f100d0bb,ebca4735b724b3ca2a990bd94dc9c31a6123a0c1c8b130a3d80c6cc756722b00
1106bdc96ef8e5b08cdac15756a1e2d2af48da2b9118485464caa024048f19be,9761504d7f688233acb002557de8a84e09694e056eec33d4789b504ac936e826
850acad7e0bc467572dba78f30f924cce0ed6882a0a11d26cb8de161297cf5ab,b7ee3a394a2436a9091879eaa20e803984c90b96a6f32a198412fd2f6f34b8f9
bb0e8ca6296df5ed3a1c379d01ec19f92f557293c638dac1ca067fe28d309df8,d05ffd8d230ed66c1dbc91c3703a33f3b68f90d27f6779edddf0b3c7330db382
d635a58cc1b0007552ee367f2c22bdb88aa39f37c1752f9974ce3c1645b6d6a8,a6c04c3b12b3c42c3ce5de29361dcc907bbd03dd9854053ec1613dc87e6136ed
4ab770fc9b88de049dfc16ffd4e290e8a78a602db36b1a64d95e188ed8dbfcef,c836b663317311b6e80796d6fbdd84fa95302733dccb7e2f42f2b836b990cc6e
f1461e3851e47c0504a305f973d8f905e59690457c698aece43aacd80827abc6,78d692af943e979320fb7b6fadd046b54fd331a8ef4854ed97dce77ec53f6b73
df302ef73e34b1c483f27f8d76fc06b1726a475054c67424dd4a7e1a8cba7cf5,505c11765dcf31e1ab2d73b2dd19c967718ced693dc73a6774a017182246e6d9
f72b40dde9a3203d87bea8e518a83be3e50efaa7247443faa5ee2b2ad43c68c3,a22694e6c109bfcbacb0e5b88404198166130afc8b5383524368c3ab16b4d61e
657fcc15f7f1bfd6ffbfd1cb20e004a266204bcfcf73b59e56dae1d47fb19987,7c9b132d228b44d98d2684cfb4db03bf47510de30efa44c5058ac627ff40a6cf
0708254af0bc352e7a7fb8737e2a9a9eccc9906d08b07f554087f5b641988648,d2c4ed5d667d4d0a471782641a7d4f997e54e0508905aa2a42ef42ea760e3319
e9e01b992a18055065b08d36a90a08f5f605b0f5c643372a60b8e93ccaa5d94b,d57c979d142faac79d10627b944049bedd68cceccda1c040a3144bf494f18d23
c7a0f644c270d37906a059c7ffaaec2ce0c249e9b242a3b717c5cc99803b267f,3f4584e23987ead7f8690dbb56bab58729fbe1961436a380ef11823c241fd17a
8f2da2c7d6d5718f5578c29d8631d13a7ce5f7b93cc0cc9eabad8ca24e84ab19,83288495af51a6bff0567498414ce8c0d80b4d60e4ce7f488cb0b14b9ec42f6b
089f052e973c2aa7a3ca89e14c38b04b0726ae0e299ccdd1b93466236f56d83d,674d6b437aed7ecafca39f993f8415bd2573202d1a5e3cfddb02f2636aafd9e9
ea1b5e74d01b86d342ecdd6bf1f403f443cab753235abfb45866d2f14256f93b,f4aa5c81eff14993967d08cf1d753fca0acf10ae2f47d8ad71870aab475539fe
ed28ea1aff29483d83fdf4cf8eb18d9b8cf3b024556c33456fcb0bf8ce1549d2,af242e8056c5cd4551efb5ebc89b9599573b353b71cca54acc3b7f09b540a4dd
f72b40dde9a3203d87bea8e518a83be3e50efaa7247443faa5ee2b2ad43c68c3,fb6f75a93aed68f4fe8c823475380e77f0eef88ea31879e2d7fff57582d51f46
ff80a66b1ea54626a79a64dcd6b5f09c5b8b799bc9a7c9c9f7d026ed85ad5f57,da3e3a7eb28cf91912bcda5d1f33056f35a6fe191e6660197b066872db4fdbba
6608b000bd3de899d8faa03efbf23a5b8829629be6e5c6d3707917a68a32949c,10ebb1138c6cb1659d01639e3739c202ba5c25984c736ec9c3253b26f51b416a
1196577a59e58888e1b0770a28ef1b89d54e56b1c67c455e4213eaea31ff4eab,331a7e5db7c329329c3e2ed329b8a8bc654f4aec40cbc36039446f5dbf839b44
7004ea5f566a7c6020c13bf858296f041d7661da047b0f199af0d41ef2a626a0,924e7277ecf4718d1eebc715b79f4dd51a76da0b3fc90065ffe78a806ca71d3b
bd09bb88cf7997e5b5bf0f519c087d228fcf4a9366d1dee5bd33927db522c54b,ced2b2064c5e991498451454c944a6382c1e27e0f51b7938c7f5206f1e57465f
c273e2660b302591835ae626834e6691f3715b23e4b5d906460781fcb3ec8640,b15252bbca4fcc787689f9d593ea311c877db5d8f51c9f8fd78d64641c7ceb7d
fd0a0b5eead5b1fc498015d1be3eb06736ac24b51a775eb7eceddb79275e6369,70554325d5395f792eff6a154ca7437c342640180bdc1892213af5147091ea40
27bef54de1c09149275d9e33dcd2d7ec994392267a8e37fdcd9493fd23916eb5,de1f0cf9c9655bec4c0ad011cb3432c7ff32ba6bb88319028277311b22b698fa
8b3c3ec2c8e27ea24f125cd478db3510d773c066c26aa265a49b183bbd84530d,7d0dad14cb5151ac51fe526f41e0d9ca706d6b4a62c1b9c97cc1b0f5462a7e1d
9e1a2033bdc1cde04e484ce466ff900d762a1efe13adc44419a483de4fcec36a,398bd37c4a94b4f3fd53001ddc99e1daa2980d95f2b84f54f6cc2e3e17da502a
1750b70e18c16718a2012bcd1615661c1ecf89f9debbad9c3002c960a8e2a2cc,9c53e68aea6e88aa4041e0b41d78cdb21a99e1d334cc0e0c4b11a50c9d3928b3
07f0afe4dec0b90e5cbd24064c06959a1770ed28b8a25661e4eda074bf061c08,fb5f136f61fd973501794d8abcd81e55c4f34029efa59a272d3bfaaaf5b5c363
6591d2e8e9e9738d66a33fbc064c7b4c86f606ad6317d63c25e8b551c4def9ff,c05bc7d6fc2af8aee7b15ec84b42bb5a705077297a647c8c35f48a8c61027cb0
1ce3b4f402ac753388fb5b811871efb64c6bd2b5041f9da14e897d8f9c0d2072,c67606a930ac47f4b396e8cee8bf458cce8fe09b4ebdb5a849c1a8f6313fabc7
975432bb0f7623ceb75d1c41acff320897a684cbab41d4449a9f3c6dd206dd96,e570de43935839eefaf21aa9d07c6630905e5a7b723988dd2b96215f165a9a14
7b8476d8ae397d5ddc5e672f857696d6f09a23512ad521a85f0cd14e527ad85c,10ae4e09af2996591c77eadb5c52c05e0872595eee5710c4503c37b8361ee45b
c58e57bac3981918ce5435cbd4c222fc4091533b00b031642b62ab5e01d96ab0,0eb4e0b48085bab3f57afd69312cee9f2d58f40bb3737f1cbe8f3a162ad5ac08
a979556cbef3a3696a720fb3d1a75574d80a9032d549493ee81c6dedddcd3f2e,6d5482db0de2b1d047aa65a45a1d3c19b1c128b92138c7eb3ab8de5f485d9a70
9268f15781bd79fa171a6488c26394715f02f69abf63a7bec9e4f0802a6ee9e1,62f2fc7b65a5165cbf4793e87b5ac3626107b0c1d52748baa7ca0d44ded6a077
64e7c4a44be32079e939c4fb01095e9015bceb5afe487b16c714eab139e78dda,4ae5bc2dae953e1980071c39783de011984459f5d00498f16de3abbc091fb192
e935ac367c6275cf0d92492c7c54ad7c1ce3b7f07e743f90dcf22e3a82555e03,5fc9a538437d172a7c47fa017983f37d455cd2328c0c4e251b961314696f3516
0039cf64d3190556005848fe28bf5e9efe71a59ac7a09c08e2c6f3422bb799a7,9cfa7855e5a5c1c7e52f768a25864851f361db13139c2f05b6fedf5780776fbe
2d39e5202343247ac6f709973c36864d9d103beeb4fcede227baaf8330fb4d5f,d7441b55245192655b7674ff0a97c5126eec546855b0729cfe89881ee519d95a
d7d588866f8e53f1daf66e805b66efed7f43c5f00274b9dffa7c19dc8fce2657,f0cb6025906f0bef816099b9b8d14aed5e32e59d50b4ab138140924e31f4a1c8
4b00ab5f7d776ba0e5e7115209e7f3378f0d7947546d2d43f7a4b5628048cd07,de0c823f622d0acbc7b9929c578874fcf187a2a4bd87ee7fa94c390490e4b81e
da70f4119fa332dd999751481ac371fdba329ba27a7ab2b3c38c115a85d1d599,374abc5a76ce265a7f8425c1bf090271c93df32b8f2e93678909b8293f0a50e7
7a9452b18ea02bf9a1a9ff4e84cb659e6570897ccb51005f99d932c950c3491a,ada3933bc98529de4604c04115c42d795cc95316487dd7fd346901ddd4d91b19
2a7bad30aec6da12f14bf723aaacad4bf9cb6697ea37722c28c9005aafc519f3,16fcd27c9025fc0a49953273847ade66293828e4c44343c399c84599907da04f
8aaecc90f5e933dfc0e9d037e14239dd43748a77a7bcb8dd63f8fcc444956f4c,f567b7aa91020ba4d2b029b07b3971f2e9d310b1fa89ac0c7a0dc13a6ee24bc7
1dda9b1b17e84344ad438902d557004c64932f9ddfd64fcf4e55261643394fe7,91d6a7eb9a7bccf84daa90f20e1d9644fdebd56ef86721249b7aa75ed684e4cc
66ab2ea01bfcce5e016b7775d814c8d523652adceea9c5db6de63a578c9ece3a,e7bedcdf9aae9c6855f69848df6799b8b52b8949ee4506021a325a8834c2376d
fbfc67d8a0e0d89028218a483503c22ad452b5f717b808d201da24ae6e99115b,665425f82189d20b377f0950cd2d3e9535911dec023301c5662b856935abb3f1
c305eab58f997cff27e7cd707acd7c411718cf0990ec73d6abfac23dc2d65172,3acf9ff44184b2d995c94b364bbc626bf9306432426fcc2670e64d6e1343a4e1
82c9a786dfb72d9ab739ec9664182207c5cd28ad5fdbcc564cd582be60b78c53,434a0e2e216e1c31fd23936478b2b6c1f0ebdfc88cd8a7501b5f5291d393f372
6f659b2cf3d04e8a9b6dead0b30f7737f0727951a3ea624cc9c2a6c80424afff,133a89ba92592950480883c7426f642b0198398855049f3e66c65acee349a2c3
8f2da2c7d6d5718f5578c29d8631d13a7ce5f7b93cc0cc9eabad8ca24e84ab19,a73ebc204bca7e430a144cc414f598fba0826206a5ffa63d4b8214a103ae6cda
d88dec9e0affaeb393abf68edb615bba0afbd716340ce4994f0362e1119af22d,8f2a0b5162e8a0ae607975942a976a8282538c8247b774b2ea56601ee2482d95
445ac036ff45f180ec55480cea608901bdf66592682073fe6cc8ba8eb8659331,5ee5d7fb9c7ee082c9e0c549232dce839213f06035eb4f53071d187e9e44bc0f
951eaff42967a63a979bd781d3574c1d5ff0a219ae490e58a8243cd2403898d4,b777a3cf8c3a8aa5e0c1b4d8f0c91abc4c60754e6aee50077df84dd84471832d
5958f9792f193f5da413c17a5903d3dbfb0a02ea2f7556c30890e961608d3280,3e8cb8cf497669b961f69cdd99b12618981fbcc3b894868eddc0f6ff6eb4ae78
8279f80cb560058caabeb71c8bfebe313cb259b8f1f6715ac16fc3f385c392e3,993707b9a3b69eb8398a09f1a16f0a4c8ca665689817fef065669e2ce791120e
ffcdf8c1c03e632b7fef291252eacc4caf1dbfe9b105d63404bc3655a12ca1fc,302e8b1d53a29cf5976ecacf7a484a6d87d4c265aa1df542d3a1542b2aebfac3
ce87b91d358fb923c8cffd62745f6171af4a6d07ba8f4b429e5d4d17271314cc,69d1fe702c5a77cc8708eeda79bf173162b442e34f4d9a365bcb37ad240209c6
b9c4e6f788bc9fbea063f40ba5f975f165cecc4843c3208273c355127df5f8d6,9983a5da32893781674e97619b93d8fab125f6722fc78e60380747c4c82af2cf
034ce02a55dac39dad6af57fcf3aa818fb0f46e609510e845311398f59d4a20c,0ccbabdddaba54a8a7998363a331449340f969a7bc78b915be9a16bde9aa0bbd
5438fcb48e51ee69d681872a989dd68ad488db7a639b693892d405a00cf9b0da,9a6fda5e40a8de02411c9642d6b89f0485449ee3bc6c9c57f8f5f4c218a837dd
00140cb793cbe495d1d3b88bb8ca98dbbd69cf51c8fd68997c1d0b6af647abee,52daa916cec4bd09faa0dad7c87424f0d150f5e18bc278f66ffda8ecde0a5c7b
9f29c447f695da21201cb842d21564ff4f484863c9ed471588422c48570d0f9c,adec1deff007b2610505d8097f38ee8e905b509b845fee3d79a92f32a29b0f2e
be74c4544be0220c1329e270b85b4114539a1b2da03302fcc6d4e8a8ae9589c7,7456e1cef1f84a33ec0ec348b90652adb5a66a208188c625dc51820c5389d03c
e9e69db60a943ff186018a01ce28aa819f1d685b1c1dcd319411115447b9bb23,0e0cadee3e20fa64331fe586c51eda662290299dbfd0df1450ccd7d0e7ab2e8d
2e13f3848f169944864255eee116322252c47820ea87e4b2840b201891f6a9fc,c44a0323102625e4298cbed565bb0766765e6f8483aa3e515a53d1009b1d23cb
589a1bcd94982b3f5c0cbcee556344a79f593718d87c44783f16c036b9d702cd,176e62793b45871e286a52e866f245058aefd44dd27b7cabf29ea257d028d4fd
b5d46c15b32523aa7643559358d894f172d71b84bfbe63178ef350b8938decf5,a0a48f61e363f3c0e5745e693fb207639a2dabc6a05b3f45ce1ab2a3b13dc603
536539751b28bb07b2f5bfd0ffe82003cf2fe94f771fc79a51e1e60204d1966a,5f33c04bbbca2fa854b75094f50dd072cbd0d092d03ae5e79e14b75a2f29de54
06a7bcacb6a69c57df797aa8511bf9a3dbbbbebbd7467be9e7c952178f8277cd,0b511c5f272f55467498551f203102cf5fc911a5c02b184e3b0fca903c75bf67
a8fbca1fe3179ec0a120f69b99b4c4f50a514c3218b574ccdf20d8e33a9f27fd,2fec7f562e1fc38302f0efc59fefce302912c59766d34d6831f6e86def8bf775
015d4533f1aae61947d692c29dd6fcc49d75504b91d271ea073481cf2cdd9f3c,f5110828694352a3876069108c14d67ecfbc4d605866083beb052060cdae1327
c5b555c45d73d9112b0b7daa89689403e2afeab462121ec9ad96c4d3fb39df11,6726f41a8d4d80e9da6911743365e54f34544b894c7bfc9b4f05b628dfc9350f
f0c7e40a229a48f6ef5f149b802ec95d0484e50ea543cec194eef33fc039b945,08f820ee62147ce30a023ef542e302f79481491b2c6fdb46c9399f699092f8ab
139fc0bd48fae361785c57ed662baaa3bb21b840339bafa3f4f8beae05bd8edd,81acb934203c28a5f810b772016d7101d40f70932329c2a4926d218a253a67e4
cb596f55198fbefae3e6f6b72c4f460723be4c0a7fc44d2dc988411847baaee9,b1e9d677ce1712cebac8bddf8cbfe3fca757baac5ba03d30197410d0dacba1e9
67e579da5edfc042b1d3ffac9ccb1633b2e70b5610e748f6e7eb5850e41f53ad,5cbccb14d0ea5463a1e4d1575dc352b91f6854a06e8997554d3540b7d4db749e
f1176fe7e39ab8f3698171536b7bb79efb54e091c0d54dd22d5732cdf3431a9d,56b9b63d2831804be5c23a83d6d2e4e19c3124f546890b0628e839c9806c0e00
69c392bb664c1a2cbac48b5b437ac736626bb473fbed6aa9d7e1c4193bf6d122,e00810c09f8babda6780e4c4ec95b482b477dab2831d759c9d4e66ad3720a444
ebc9a5ddcb3620ee9c792053bbf8f1211b6ee96d0d6543be8069a20bcb48bfa6,287cf6aad2ea8875d9801891c72d6a5d872255c88d00d59621bde9428a4078c8
738bc25127651b3b1fef64f2f21cc6fd723505a394ee549aa11f6993c58b6c5e,57acd2c5fcf94b8e5ffd4fbd59f12e8074be8decbb97acd47fb8535086dc890b
604f58c1b95a76d9516a0048ad028d54f39347e33471dee29a95c2baec8672b9,374e8bd0be15710cc152f8b2e5c9d9225409901cf9fd3788f18f82c22b89c25e
a6f8844232d420a49be700da0e434085be59a052e55c21cdd0442dd6bb59a4e4,db42c4d85db5739a72de48f8297918a5a8ac01b9f7f43f469af6fc48286cd86c
adc441e606a7b8ae66af4376b26a29492de77cbc8a7601180729862fbdc7e52b,d9d07e97fae5455a0f0cdcb1f98c19abf06071f362e2197743bab9b7b032b301
3123f5a2ed624571d34ba82448cd351b0412cb0fefebdcfaf2737a704dbec79a,5751d2b2bdee06804888c17b64eba2cbdb59b6d0614c2cdbd33cbf60b59804d2
e6e980047c7da7a5cced38c2073a7003d5160ea917490a8cf1f2c8997cfc7e9d,438d2ec5543cf1c550e07f4f4742eca34b24206c337934f2406b5b17d49845ba
10a2c5e3b9565e9e8332bb443d992b08acd5fb2c8d5bfac3a43dc2f3d2ea702e,cee1f712fd01ea596161e5dadee56ab285610afe4b41cfee567f0161cd635518
6dd583480b44c75beec6e328b8d9a4638eb5a75fa4912d9e63fa02b856179682,890cf730d413791661ee1380d610c96f14b6edc4adf8af03006f7e7b56243276
e6c93c2e21687e63f11cc09f8bf31ac80e77cebac9525d3d773b31179eb9961d,d984d5dee0d5708e407380121644d3391a64ac1e1c6d48fff37e7f5682138b5d
89136d5eea529edd221d85197ae21ece0abd5f7269ebd4e83a0856853394fe0e,5459566512acbe3655a5e0364ba5175d7eef0a8c57f3da646224c27a92bca90e
951eaff42967a63a979bd781d3574c1d5ff0a219ae490e58a8243cd2403898d4,c7f61ad393cd28657ea21d6a5c027ffd8ae1779c054be7311c3d6238446f8d41
bcd7cb79966a5f76e69b811f1efa4f83db023572c3196dd656e2bbe530191aad,9069159a6f88a80c062c43078eb7ed68c1d2ac4e5ade24297a571888f856dd34
887157a5841fe89e86a22995bc5c3c69b48f134589fa3a36ec2c419a94e646c9,4c21718ff71d4217383600bb0d718f4b583e2ef59d19a8d8d88e8a65d8308a2a
f0cec13fd54d2ea9aab8f921b73600439e61139a93631cbc5fed55621c54cccf,a799a8f4d5cfcd630ed96bd461ce8fb36b576f48e1de59905ab3af8719361f77
62b22423ae2aad6bb02627da5171e44a4f42b59dcbc37f5995e40f221a440072,008c1bc8ebc2538bdcd5d8091ba0421f73e6e4a17f54773da8d6bfc954cf91f7
876f901fce37f61b13428c95d85e93c82d73bf0fd111a4f3deb9498e50fd932c,e07d9268dc15ab0930186fc581b0df34f4f4953f831b7af165e1b395c8d8cbf6
6cee0992a52e9057d2563e938d483a2896c1272cf737254a949dacaa90c43093,7fc70087087badd9e4a3bd219d9bf93cc8e6016542201a17e646d0c273afae51
47e9c1bf12f622a3b5a7c1a7e45ee7f0eeeba9f0b07351cbdfb3b193db7de136,c531a9a52263789f998a97e7516ff859c8702bfdb9068b6fbb63ffb35a8bc4c7
1098a1ccf340502c388b85a1e38d870f98678eee91be4cf63dc7d12a9fb6acc8,6318cc251a136ecea0fc1b869a933c6f5a076d6204e2c832e04b47ec4cb00c03
3eb6dd6f1e6d19f1c0ed2eb9dcb91e14a99d465107242fffc2ad0185284da37a,66db79b40b8ab45e121dd14b0572e690047568b498856d647de955c55aa264ef
02a1a954c251e43ed7cbd3c0ee587a2d258c4bf93636138d348ce3ec42e8fed6,29239a13d2de4951d26724528986a895da213e9b906e7e2fb1d16c7d4b75fb00
0d0f62149936909516aeb3fdbcd280b03b095d5e7b5e2b2d3cebd290376ec9e4,6d9ea60d97ff19e59ef72c41f421726ba5d98db0864eb94f87106508040b9a1e
fe660c0133f116a07a1d39c7b3650d7a36b4e75bbe68ac7cddadcd3bb2104218,83ddf6c19c9ddf82343546a5146bd50d48cb5ecd4d7f202cf0d28a6a5904ca6a
65859b279b80f6391a7ba668b66025332cab16307e87974c7db7fabee7e16f35,af7f9b5535d583e77917e95c8e920a34e598e2f493ef303f208ac1b68e7968f7
58d51b98df169f24101d0fde355019c9bc295e09f2f36b3caab187e39ce7bd8e,4d2d8ae2c655c989095228b6c356338e2e7336375d5048feb14f12b9f0751457
a2faca423047e8c1c31c1c5db5e895659b51e845144af5f36204f5ff3b8d8fde,e55127031ea4e0ddf8f79a74e6bcde029e1c59b2bf8a8b78849d41f6cb0e184f
351e97d586c3ecad0280721a738fdf9d439732c1d8301ade3f49c1eb7f7c8d27,966a67baf23518a8fcaef9608afd6e30de9384e59ec2931421a7963f48667d02
220237080ec72c279b81b3a7d5ec96424e11f31750a339714b47c834b5ec1a0d,957bf7e34bc0c9205b8299c83f2e7230e518d6e14a0c7359be063ac7f2cd5240
731ab082894d4e457ff7cad41e4f1d591dfc1fe0a03cd6b99fca945a73e041a7,13bf6df63e13949774e2dfa25a93c7ab7f5a6f08b3bc4cb10a36a9bdd48eee8c
dd40f9142144ccb4df5f3db4b233e6be794f8f13b38752e28fb16233e16b846a,bbacef0154e66dc29b3510ebb67ee991a8efec3a7b597ddda728652e28f06cdd
90867e01f48163e92e3b73406dfc6ed00fd9cc24c46a479a5e9cb015b31003c3,e733d1fe8e762e2598107941686e498328d081d90e21fd4c8de2f92afcc655a6
a760fbafcd3403e0188874ff6d39346274c4162e48cbe0b427914a31699fb652,486ba9eaee52fa850ae31418a2463a3b16ae26f7bee07fa628c8a2cffc7d8a51
652a6d58bac7c68b6458faed6dc299fb10bac815188082cb34533e6fd297bab5,07995604a4800988d7afb8e7269fdc6caedca9da3435c3ecdc1d48db0206b162
3ff2527fcd401813eaea03cbcbb00c409fe9f167795888b61d86cb4eda9515da,a60a237f5fa8ebe5f118886e3faa486ea6a045b47bb332bfbadbbc6367c89f36
93db2d3f8fb58a45c0eb27276407b3d6ad442e1a73bad25ffe75e16d9927f1ea,5653ea3c6c27c604ded88c5ffa7312cde72e870c2b36f45173fcf507df6d1a48
89701ace3363a1a8f698a0032627acf8f525f2dda12f4863d9c7e9a94aa63797,5b710a8ddbf6a3424a3fb15e8782576d0dde5a1435b1cafd670a58a050343270
ae5ea8ae0d8524a154a9a8320506e1feecb9b4610792bc46aa156aa3c0a2648b,31b58c4a370b28e203a2b565d46e08236a7af557b7f7d645d1fc73fdea04f113
4028e0e1973ef31ebeb04ec60e22c8feb57f3403fd6db8bd4c5f85bfc5eba678,c6c805aae431879fd220300142ec0e65c85dc4627ab9021b5f08da36cd577102
ccc6b911dc86253e87bedb86ca42e5872e4592f3d367b03d12ccd1cf53d9aca7,4fd0a5a88ab6a582261c7ef8ce1d3f338ca360a61e00ffb0bea288645e289d6a
2fc12a0b7ea619cec814effc3f06eaa14ed0ce5749245e990863b52f31cdd85d,99794e203875b2db204cd75dc0136b3fa55207a4c76f66867f2bba2bb2ffa303
7b6a6f91a66487370a29484ac9fb6b51443726ed31b78bd322c5d2e5ade27766,1ff53b3ab46d72cba3de283587cd0961d4c3bb5749d555070d25116cc2f81d9e
dc0f783f61c83f88ead609745cb4774c88cc36dfa1af60bff8e82576d030cd60,26f16394e9c7c60136941429637cba0aeb208e5636d233f46c1ee72eb5231680
caab016e0f0d1045758a19af62c318880741996ce2405cfd23fee576faadee14,f79288068e5318858ddf18d1c6a5680252382a062856051fa3241d7890d5c5a0
e0ef2105a76f7bfd486729a238e08c492585ac9df4e10a567633090707f2eeae,c4653174a537bbbfa6f94a2b1005fe938a4a524a850374ab5767d43c4256cc0a
8f2da2c7d6d5718f5578c29d8631d13a7ce5f7b93cc0cc9eabad8ca24e84ab19,e8b20be6aa20fd295042f91dc78ef1f85cd3bc527b1388715664d78929dc4bea
82080ce81065a60895b65b2f993f8d6c207d97030e764af44af427d6dbdf506d,ab9e564c90f964f5f40624eea5140134df2216484f04b90c42822c47d1eb2be5
4f987a78100d0577c52009628b6656769339003ada0c42372ea0aeae5440e8fb,8027395b577cdab527b2682171b5f573c1a3f3343c6826adde25ab06dbc5278a
17de80f63f138ec715613ec3aed0a09808879341e6172f743fff0a21ac0a5e21,9b96417ff57345186010de0b0504aa2ae733eb9ef2a9aa57f9affdb6a629e5aa
85164f19379732d1d51a8af920e749068202c6496ec47daad6aa5791c6e54f23,b5653cab7608a10eef8f4cde0bff9b8e29242fce798a5ff83ecbfa795766cc16
7062cd829c976c41a999e91821dddc1130d40b62614f1e291ebdbf2ffca8fc46,903d8e266702babb2c6f41016defc8dbd40b541de3d3d511f862165baba22d3d
6cb58f2de97c0c8d60ba9b6cce6f7b0f2e053f45aff34277ea66d05960e4ae81,2ac85dd677b9376141c176a48e50d4b75b514e5a1ca339d8ed9ad92a0599db5d
0409f585b393c59279a55551b84e634b67d88c5a1acc43d635a3af2dad36b3b5,50c0c10f363aefbbce98c425a57f752a2890676124976eaa47db63e9203d4b53
2dffa80ceb7049e2c1770f560eab8e8c36d6f249ad21b0d68ba39b711be516c7,a88c8efcbc396b31ceed54761e3e72e92b01528fa256e2198b402fdbb4a2f5d1
a07f7761d5cd2c5f55484c5c1dd5bf6930063f8cfd52c8166f43ec7ac826ed10,9f53e1bcd36a812ecf1027090eb932e72d54eb8c51e8bdba9b6b770df740dd2a
71752b23b9b442c9437c3ad6e836fb8ebf0e493ed8385077895147ff7ad693b7,de8b6ac1c319b8b58322eb1faeaebe08392ff473fe4e6a0ba76f27811c8f4d41
f37e09f687bf35289a120277207ad682a001bf86132f6434fd86d43912f3aa4c,6b612728eff981aa6ba3ebfa353aa7c531cd858188174c703b5e8da3d6682ddd
c1826a9f450e6e0562cdc4f496d7bcff3827020358819ccd650c8de43ff2c176,ce70a042ffb784cef51652bb37fb8e761ce90d2caa388628e9c872122fd48893
951eaff42967a63a979bd781d3574c1d5ff0a219ae490e58a8243cd2403898d4,bd8b8c86a04b9d59fdee39796166442cf297e586343732298e32642b4ec0c530
8f2da2c7d6d5718f5578c29d8631d13a7ce5f7b93cc0cc9eabad8ca24e84ab19,3422bfd8371b3ef9f843aaacb74db067140376f5041191744679feddc9666e57
f5444bfece72db700c97832f68a6e0f212b9a969054cddb71bb4634d848eed67,846d75f700d98ff337720d798c52e4d5eb26491c856b1301f90b9eddab0403df
63b4a9661c2897c9470fb83b75fcb1d59f724ba8b8c95d80955464438b2b0221,82e86390bda89d67b7dbee4e379238078fcd7608d2a6289d8972efa6d488345d
7853da9f97e2127ee248d1db8111fbf9f99291eaebe79a9c5dc33acf4dc40257,96bb6e30dfeb1c839b9f9123c5d5249844f6ebedde2fa2f4065f8a9b70edc3dc
db8218c72021069137d9b60ae3c0871628c4c743cbcf20b1f392aba4d29bc67b,c3e343fce2fb3dbf725d2f101c1617b387d0d19f66b323133f146fb11229c6a9
43f6253bab7dd61e461474761f887e425a31f7141dda0149ddfc5c51025ba66e,f09f149fa26808f8702a6de3f1df63cc9e4651987f3109ee81002207f1477b6d
3a21ee6e5aa932c406cce849d2817a7b6d39acb772d92d2eda9ce9c9941eab4c,c2d308f2fd78cc27b3ad10f8a3235f92ce09d0c64a63d137c9a4204d4d40d87a
00bb8fd0584557d1cda8274bd5880be856e5b06e0d6867c38a21bc81d016e15c,2df62e07df6b2204ebb8219965d8bc76ce80402b0bd168b00c659a91a3ba8b4a
e8d7718c69c2a0e4e735fd2d53f5359ec561101e6e0e823900375f04313570e5,bf6758ece7d4f8c3553fc1243dce240a59168b81ff73a3eaf4eb0956aa70d763
4a3ab543044a345cddd1aabde2304b3c6eea33a96318d3b251159d721b8aa7b0,bd8b8c86a04b9d59fdee39796166442cf297e586343732298e32642b4ec0c530
e6428c07bca1e5236e9d47d9b2a61a3b420f85fa1ba953703edcae2fb80d0325,6171c02a40fa205bf6290ec5d51816cca21e438dbabe2877d4659819f4614ea0
8167110434a0d706c9001315b2f2c3f70222a64cd16fb7131c083b6d0a033399,1cca30008921293c9bb4ecd482920e224b409540648dbc86157fc02f839faa22
82c9a786dfb72d9ab739ec9664182207c5cd28ad5fdbcc564cd582be60b78c53,bd8b8c86a04b9d59fdee39796166442cf297e586343732298e32642b4ec0c530
6b33f73f4bea06362d0e25d3c02377001f254671e397c028ca6f2f13831ee65e,a90b0342a8152b153b904874eaf6877e25ebbdd5dad8a44a3b7b94a3cda99ccb
45636736e9120a74c54bc700197f4d7cf4395d9e6e47bb518f1b4f9b74609459,643f4f1182f506cf45bb0b422248282d154f1531097bac5f783855791dc2637e
6b9954ba4fecdc399c5014e278a459ccea1c584d393b1ac1f004469c6cb06684,1eceb67a98a58f19da4139e818ad4ef0d6c4e937169d6f2cf1b333b0b3f2982a
89136d5eea529edd221d85197ae21ece0abd5f7269ebd4e83a0856853394fe0e,9e2990a9d7ffa3d0074c0c831ee354e9f1a93b2240199cbea1fc429d78117cae
b1855c98891a001a838078bc3207dde2af08d07795504b4c808a9268aa16f939,1d8e42d8bc892df9aeb1c9a840c0fd42911a642dfccbee8d8ee59b33a9ce851b
0a8d7cab77a876941256d6450fecf5acfd5ffd603a0599c684b3524ca3e6613f,c2d308f2fd78cc27b3ad10f8a3235f92ce09d0c64a63d137c9a4204d4d40d87a
197caf0e6611c8e9ae1cc46a5968aeb40609619160101aeef575e3b79f9eb695,89da5d58e2158e60e66c2583490635b8a105e39243b5fd866bfa4164fdc369de
6bdbe9444eb53574987474afdcdbee3393a76df0979182a3eb5ceb8e1e892b69,0f341c602c3f126ea9e57dc85982014847193b71cea3b98a985252d2981803d1
e620ebe65c8f122acd77f84f0b2914f055e7bf9185291672838d8f339e904fab,5173035ce138b8b4af5591b6b1cd6c89694e8ee65ebe3d0e41757ee59a7334a5
8a0558d8cc4dc036d87cd437d3a301ac946bbbe14b062a3cf4d2b97808ee5c45,b6bbe8565880b2b6caaa5c0da9f0bab67d819e9220b00d34b566e71250a56189
aba9455151c61220d970e7cb606ea3ab133348690430e434f3a87b086172fe16,94655745acd5726dd24e65b5a77e7ca37fc66bf8feda42c1ed5e06d7f356eec6
eea8f9d2863ab2305ec55b9f99223431d68cf530bf1a38e89ccdff506d1ad72a,20c5a57d04ff39c35507b778fe6a348fde30bca0ca841deb75bf6c2a47d65a7e
abb33e0650d46178774c3208617f0f0da63818bc8078c701bd13a1f62b48095e,61b4af10b421326996725e7331fb48e9d211664a4f46619f3421f7f20cc9a41a
e7864e7d663d7c4145dacfe639a35bdd029b97e89d3393b4ad68d240c38f5077,25c8afeca91f3bac6465a1c82bbdafb36d3f2fb2003b0825341715831f1dac06
1a05b7f22ba37c25e7c70303a5e4425cc777cd86234effa5501ef9375331bede,c2d308f2fd78cc27b3ad10f8a3235f92ce09d0c64a63d137c9a4204d4d40d87a
2640f00e639ac9c4acdd6926df107c4b0f6d6f32645abf90f1617701e6edaaa0,5774d531936a0d549e4e069a157c427d3f3c1bc0bd4b5fef6b931d84b59de872
c21f6f57955b7da323cf2953656bce4415ab29a0cf29b8a7d17ab8a2ff1edd62,1154067ff8288ea8788c17c72a528b27548fa61d5d71c5bba0d154aa139cee0b
cec0d9476f2c948ec879d13c547c3f0f77eeb0a14f628063de3c430f814f08c7,843a5026adb010bee60b9f47c74671e3cbe62907ba169acbdf4a0d5c98e0506f
1f24702150c4eaddb44f090ff763d0ae7e9cb2f7d3ed64f52c4fe8865d907398,c9e7a635a6ce9170c6a31b4bdcfdebc2708eb7e5b25943145d13c43f433ad2e8
d6c6f389916774f7a7581de47fc057e242fc0cc87ad57fafc5cbc5bf926fa33b,7f577173ddea12c3e841611b3135f77d221b1eac6bb37611b37224d6afdc542e
909de89051f9af4e4cbcd543bc1b2e0298b2ec3982e549aed350663bb180a767,4be98bb3a09a7ab588c97a3852a2aa1d7c33f0993ed0b7d27dccf2d9d798710e
fc51129cc5b3cfd213acde3f4dd82d9db4ef2864755c3a698a2b06dccf34da83,e78d71256a537a83d06f8af390c9c36fe7b615369aeff60b6593a25b3f692bca
3e66811a7dcddf9557ea9c46bbdada5b44ae78daa7e638e34226a536ac2dfbe1,ccc51653f5ad8dd42b7b3a7e54c8d6649c8f019313315b16747ff6d6e730d9c0
6cccced5850f56113adc57900013c2c5f0a2839f5f055bcb789874af55599d9f,c599dcbf918ec215c897faa18927e064c01aacda5d9f5c4660d3bd86544c5d73
3d0568d537a8a19f8e6e6ddb547dd292c6fb56e8c58de6fc86335318ab560403,7d501e10ffe5f3403131bf457794cab2fb2f1f3f1c77ece0175071a2413c29bb
881b68f4cbe2bee8be3c9fff2845f05566bb22bb1cc72ac9b4a571bf9c5ed8f3,b22e205df02fb0a81b9674b34a8185b9d57b304969a64d8f69c81d735e0db993
7377609d2a9f01699abd915c44de55986188786a39c184b5936b6eb4baafccbe,74d8a371e2425f61f65d936d3fd8f71ed11053600342d9806441e45591c67590
e854d77be577f439550bb5db04fd9d79c458755d7dd614d23be3da3e7fa6fd7a,bab87f67795ad9c4aa674052bd46217008159b2fe4e90d1bcb8a5af9401615bc
29828557d7c8d9a3702f079e217227fe9370d411cefdbb63daef4ba26a46e334,dc004cecc8ed3c4f951a16ac7171ff1b69ca20660e2fede4c9cd9e70db72bf33
cff079c10bf953f637a46112cf39ef67487fc8155aecbb76ee399885f272d396,c393c65bd351d70eed570a8de2875272ceb06cbe2c38437fe404da613defa37a
110113235435003172e3b8d456d5a5087e5a27f5c346caa36e23b69b739b6548,4f8bd1fde414a64989d7508a683c4dbe409f89f397cdb0779b074d5ce3b7483b
44f9dbdd5b466b7ce861209488a16512902da166cb475e774cd9653178552025,060bf68ac7f5ce4a390667ea677fc597a7f17c2d178d09893e950ab197246192
9025e16725ff52dcff81f3d31cedf2f1c2f63b1e7a78994cf4fc9726124aab2a,ce0fc1ae49156faa6c57f1b57cd10576f51fc31042ed10adc6c7de14d7509d93
a3602b6a4be4c1baebeed47b8462330b0a446a44a11fc553330ce51d280a8c8e,4dd64dd9ce46dd12e7c2b8227ce758ceac13ffba011457d7b8702623e96cf323
52f9fcc8db4be52d256fc84915829260e1e31aa95c9f5a0bfdbe1b3c3c7c5cd9,3924cd41b323e917e49828ca1a34c21e6f4dea79f6ef931b85a2db9a9a2f9f6d
7166fc01b29656784c70f9135b0984dd5f773fff2f6075c7dd4aad3118271f2a,7ac4e58a4ab0a40b8bba15db0ff090761408ffacef125e73b0a2fbd0c24a8f12
8d07c05c9cf9ecc42be7a3b73131cbba78e074165ab7930926babacbb5f9df3c,47b2442df083bece2f3acfa9cdd8389989d31f97bb8faa3c0492530fba6f2a44
704908b5824c49b0a760b734256a3aca6d2a400e923cbb313b2cbd025fbe7459,1163abf1a299c8e49eb195759cfac0d2452bdd08ffc9872c8b43e9092eba75c6
7004ea5f566a7c6020c13bf858296f041d7661da047b0f199af0d41ef2a626a0,ab878f20621079ad2c6ce74dd35b505333a26aa23267321ee8ba316a2641db8c
7518a427524b0a6f0da518275ed5a4d47c30fba25006217990ee84de7ea08b68,e01d9daabb32d3f59e9110678a201c1465b048fedaa7ae2ddc4e743e9725dac0
fcdd2a45fddda0dded363488f0305d92020a5884b80a24bbd5b1bd40e340db1a,0b1479dc55c0bdad36db0228c44a03d20a7461e57abc519f7bcba5ff83eba508
bde594ba76ca33c034af0fd580969361995472893e8a7f056a2a9c1e5a6cda28,32527cd0276ccddd6f920496a8ab4df6f81455aaec53d335d6198ab596091742
abaa87f5d5c6d505cb562b773484ac3451500cb9cbe58ecf3ad7cb5ed2428e04,e702a3f5b7cc0d02d67b5610f411a4c5bcb43d4503c917ea263884e7dcbf7672
4762d8543e630ec5e6d542ca11cd750e5f08e6cf8e18423745f8187c4dc7520e,23a570ea64a38de452bac392799fb3161d61a8afdc0cdbd28545cb8e222e01b9
4ada8bd3abb86097762037d45d2226366115567d9462eb2a89e5587fbcddbc7d,4c651c823dca6c1bd60efdddd92e662722e322a91b558c766b5302ba7e489490
58d51b98df169f24101d0fde355019c9bc295e09f2f36b3caab187e39ce7bd8e,a6797230b72c0e6f8e5bbdadb7e7b7fe52085e192ed5b112b3e321e3f63574ce
e57a127ac92d555e7e4f38c9653cf6d35294743fe683402e196fc188c12e5ba4,aa77d55d81e6cf65591c5d5c48feb2f2ffc0e3b25744a6e3b8a9c31696ce6fb6
dc0f783f61c83f88ead609745cb4774c88cc36dfa1af60bff8e82576d030cd60,f8432c3101cc24bc3f63e0e34dae58bd7406b3005882d635514f0a286430912a
a979556cbef3a3696a720fb3d1a75574d80a9032d549493ee81c6dedddcd3f2e,ba89eae8886fac8b5e525fb2d01d81dd2d78f27bfc4613e25cb3f1a6de1291e4
6591d2e8e9e9738d66a33fbc064c7b4c86f606ad6317d63c25e8b551c4def9ff,f0df4faee546afdb90ca60714a4e32a6e65e777c1806cf6d90b8bda09b186e9c
a70fcd34fe6f99956291b1d7feb86c30a40bcf77cf400598942e363a34eef9d8,fc83e5fb8ca899a58066ff63b0054fc98dc09626a46e70d529b98fcc790a2c6e
9b83e6bc83f63de2102ada1eb3f9cef1701a98a5b18593e198cb72eaa3cdd330,710c1d88041dd52aca8dd8b0eb03d8a89a2026cbb274eb759d7ca50e885beab4
de0da916187fda2630eeb380e6b5a468cf7db36238f5b5fb7e0c9cc178d3f617,67bf398ebf5ec45234ed968594e8333ad58fbb38c761b8cb7bc55d2cf63ce4c5
3c35c85d3a3e66d544b86eff09b2c937166ab39ee9bf4137f77202b279e28dd8,08f0efa79e8636a2d5ef77270cff72a414f635cecd9c5a0ca1881d07fc2adb20
f19d4ba18e645b5b1938c34d6225106b6ec7f1cb8564b2989244db9aef09b248,29cc50c0b7a85f68d35d6fbd8b971a7e0966c29b4640f18c5475aec47bc8aded
cece1a5d9730ca0dc0c1558dc96951066f9adb0604ec60acd73994e7911ca0f8,8610282414d9aa2d6c386f6ebd483885b672f26155afc9bf7ca5b7baeeceafde
cf5e4415eff86ac31da8c39a2911c23f214689ef62e6b900b7e4add944c19c13,e11e661a95144501dad3dcafd98ec4889580f8bd8e612bacc5b5e1065a64e1af
c0ca2e7fe3c5cc3a85be0a93eee6d73d201a9d72a1c3bc6f8313de35c5667d22,6953e26e9f5ad716393d3b6292afabf8151c0575dd89d4eece377ea3d234574d
fe5d7cd34fbf25d52b603a7304eb64147ef01cdad04ba93834a3c17674d30779,7c53e626a2b2d080a5e36c0b1a62d9ea103bd5b85e4252decfb1fd382c0984e1
99836e150fe529a16d24343abc19f83e09b4d923fae7a9209291baaf32ab2d6b,5313ca0bfd3e81d7f8584f83d7c000d07d680bbc2f1008e288100445d426c032
0ed49705aa40be7a78f25f1b6d749ce5834cb6d14b66681c8a2984c396567681,2a154fa982957b3460b02b7be77e46867e2c5ad775eb862d5640b797a3643783
1cb722172d045f40ac61470f4c4d6f6c31ead6f08c4f1515be7b6b2a1d3aa71b,2991f019f73d30a8b98fcafd905599d9efa2ed34729399956c32706d83147be2
ee05beb793a5893be5fdae45d55a00956b6ae569e5a2a8baeb442eaf7579e4b7,4bbcfac7a7f99f4dde5b9267f3d143a80a93c83b1f4b962f7582b536f04d542d
50b038e728b2676fbb1d694288aaba486901e1d06eadb0059e61e3f882f40044,464815d886a81b42e433d9806ba2a5f35911697352630dc6df33d0710a6b2313
f8d2915c4069fcec8eac96d6493145f620cff850c2ebd49531f9ee84b5e610f8,cefd0c1a160a0d49aec477e6aa49cc4c69343553622ab891f70ed4671c5abdf9
2ddf66574b5fa80234a4ae58ffca8dd1a2fe4473bb61bc8baa47b7bbfd708744,cd97e1a3612546fee1d59fbe5abe503e731cb982b08ba58833a07d7d4814431e
33360c156dc9bee451b9f547a3560da16990b1440f2c13894e438747b92bd334,0344c1bd84141a4735dda129b4c4f4a5bc5ac29d24d686bcdef7980326596d85
ffd14a3f32ca63db83e836ef2b0662eaba08214441fee8128deb6b92ca300368,82611a231db280083a4bc8ec7a3e64394b6a3d95af73c650ee8056106a34f46f
243db9f81baec4500625a6144c8fe5e8b644ce846d7b79e2fad65028e6caddab,7be6ed810cce38ff036a27cbd803deb2a45c27b2934ea0edd907f01660606182
d2bde97825f7f36f41ff6975fa036a6aaf7661546d98f87815822d39b29178b3,9713742ca35ed527406ff9ebaca95693220a79598364fa2971c902c02d7cf9b2
ddf968a768fd32daa168e82a96b1da3cc6d85ea61f47c7f04f2e62e030d1c610,bcdb584f98e313cc7c05d229b7d55052a52d51e0ac8731fbf81f15dda6eed014
9891ddfa991c0e8ecc96d25b6687a285a585b5b4cd02120e42d935299140e424,ad5dee2ab99cec4177245faaeeb219245a637116ef9d1d7acc96bbd62afff831
aa8aebb755863c43fcb07016dd93409f3041e642d6e4987f41083ffa635286c0,533e3050cb4f7892f6a9415ae8a9cb6c97e55685942e89fc01d7541985da7701
c8d7a9b9bbb7279649c6ef39967ef8625c0a25d067c78408b6ce6a5e5b690e54,6a6569d0690545c4c5b8be3bdedc63fd25e47a07f32006b6b6881b7a3163ea5c
5bf6d5303df0c340d092ab86196b245a6f3edd5ca3c03c648b58d06a001c4cef,e39db72cffa5b51f5a5409e6903b49f34faf915eac3211641adaca35cca28e50
df7fa497b434b3bde1c19fdae6fae9087b8af12814b2a159ca4e37d89ba19091,470d9b2d6f566679d292db9ba798d1614bdd8e1303d0dd698e239b0ae2062293
75344d0930b0a33ac9d5a56cb7cf2becc06be4031d02739d4b03949fca2ada15,4f9381e0a62728f25da5092233ae6b7d24c950ddfc856f0c5c4976e97a36ff29
234a7ccbec2d79ec38e9f0d39d14edb694d819eb626ea9659ecf5d5ad10d6055,65ec2f64b98a08353494bf75b5e2d9a86f73ce011584409bc243e6e646fb7c90
08f1cade2f28b03eaa8e1641ff2d59eb2c3365e587304961c1c2a92316e28db6,7a31f778cc89864a3fa9a200b96fee792f9da97dfd6168ba73cbc71a9a60eea8
97b8634a8137c5e8da68511248f29bef2003fd802e7681566877a6ec3558a2a2,7d5a0fa8de1ba2965d83b6ae76489fd4089988ab9fac9f7ab5948d069bdad7ca
e81193957c20d59d556f9abc6dd0f1fa0f5471c17fb37feb30b4316d5a568745,5cb9559af5a8c3ff9f318247fb3e1fbe3a4f417aca89865ea0c4403d2f7b1300
855b209a1f9fcd67de80b37aab239cb78af829cb988bba5128e5c237b1e5c02a,f1451ca367ed844289f34c2db6b62102ff05d13bee309cb9a80573180746a706
65453451470a70a7da278b4a777101a0d4e5a0131ca053c04ed53228ad05ff27,cc049dbcca7c4d06fa59b207885e3c45c74f059287ad5495a45ca8b5428770b0
dfec2d104d2b622116d33c34ee1e2657dddcda8026a3a3655c46fa1355377803,6ee83f680bedb887f89be099a0a247fa65fff917c6121de085567d6ee6986cc2
ee05beb793a5893be5fdae45d55a00956b6ae569e5a2a8baeb442eaf7579e4b7,19b073beefea38a0b305893b52141564fdea62730f802dc8c2843554a3da9ce3
697965c333cd80dd7f84f76923d36fc6d6ba246cb90e10bd6c1b683d565aa75e,8fa18933abccfcd1d47f4caa0730986d7c33eb7e011b19e71f527a0c91ad82ef
7b6a6f91a66487370a29484ac9fb6b51443726ed31b78bd322c5d2e5ade27766,610a01d07133d248285f0dc914e9d322af25b29b314e41f8fb2eb3f04bfc6d9c
d45d11686b788e49cc3214f5248e44cb015b3f3025b048c19be1a73824e9a293,ebb80dbd4c833a884d68d943af79565877b30cb0ead1f974b7acb9411d94b4d0
e809a1cd3deabf9610fc0f18fe5736a2a5b3c8a1561e53507d83d5c428a3b051,4c46eda12c0799dbe440288c24abd8c0375fdff65acbb3e5a3b97073d1277df6
97aa579aeb9030fd643bf4198e6c8d32bfdf31a77f96bff15eaa2715d991cf24,27e4c9bc86570b24e958ce699848d33b2eb3bcff0e4b88528c93e6698ef729ee
ab26376687bd4e00a9c50e14f0c6324ecc9025a88fa4f5d1ddf0dea41a485005,331f6c966d18ef0e3769e3966be1da85f48bc1047c96407d18576e40f7995d3c
019975c189afb6b027eeb2cf6f5b9dc8178055cee9581920fa323f628dd8d3c6,1a16faf696f59c6687311d0f15a9079d838b672634b0e652a9f7dbced87c7044
0e9c6bdfa04406afb51b694c0338efab8b84a8f423761e672bce28039adb73ab,b3bfd7229fd1d770afb8b0a432d1800a58dea114c2b2c37339332ad8a3917f30
26865b801c047cc686d68f63975eef675804b880d814492ff0d3653be730d645,9c817b57883b6f2124af597a762a5d057504828d590e76f786b77186d5521e00
93f94facd94c2575ed8432af31759f1541cfd38bac23c51ff3765ebe51f06305,38c15c211ece88a378858fa53c2f2ff70549933753bd148079e8b3b57a7cc733
c6b67f8eb8a63b3a89225182a968f084211e97c2d7718b43cb28fb996c76f19f,54cb39460de4cd8960a3f9384d70a9b162f83d0408645164d8615353f4f5b8ae
e7864e7d663d7c4145dacfe639a35bdd029b97e89d3393b4ad68d240c38f5077,54071f6877ee5dd15c2a75958149f253b494a95f8639f43eaee1c64c5c583de3
f0de73ae88a89025bc37f77db02101e04ce39753b0c445b1495de4cc992d863b,0e1c4d8b66ab0b4809edbc2b9f0688fa4c98c2816598c9141c602d845ca97644
a70fcd34fe6f99956291b1d7feb86c30a40bcf77cf400598942e363a34eef9d8,2262bf695b04e843dc532033eb49aa3ba3b6fa974e2077c6cb9501b547879e2c
e8d7718c69c2a0e4e735fd2d53f5359ec561101e6e0e823900375f04313570e5,7317638504c22474c69b5ea85da6a18dcee2dac32e3d6c8c0c6abe9230c56c39
c21cb4e51c32a16c3c03c8b1e2aae09e438f3dfdfbb7c39f9618a42d639689bd,f133d6a02e9dbd21d0f12f60f065b9c0916e596ccd494176b3c59deef9e3e7ca
1ce4df66b465fa25995ef75dd9e5761aa4c80e012989d44e7f4989a702cff4a1,a6797230b72c0e6f8e5bbdadb7e7b7fe52085e192ed5b112b3e321e3f63574ce
5cff76d9e0c68d025857bcf49dd8941621137eb9047380d16e59b0dca43fcc34,2f5284f4904c1a3a2552d1a544083c1c4afe11acd6f1186702bd044021c8fb9b
63b4a9661c2897c9470fb83b75fcb1d59f724ba8b8c95d80955464438b2b0221,ca1c4fd3d245cdd1b544ba549abb02d4663ee189c6b5e5094ff9046b96ab4074
ff80a66b1ea54626a79a64dcd6b5f09c5b8b799bc9a7c9c9f7d026ed85ad5f57,cefd0c1a160a0d49aec477e6aa49cc4c69343553622ab891f70ed4671c5abdf9
9feeb6211355c64d507ba546734870e7ca328dacaccf01f3ad685426dfa12361,3d0e85ac3b358c1c4b86c1300759b53462d5559e86adf0611275ba2265d037e6
cac09bc0cec4e4a8446c952516f40071892ef3f8e703a145bc2800b348e05aa7,3bc34e843211306f49b7569987adc614043aea1c405ff3566a1899fcd34c24ff
aeb3c76d064c36494e7e3c316b18ede0a1dd8f05db075604b6444909d47b93cc,ecbad049fa75a3ede66b4d28f2f5c9cafd38f337368d7d0450638dc7334cda57
9552763ca62b5ad6501472e828ce305f0275e006d83de5a0bb0ffb155019033d,d750d4655d42c2b53f42b77a435213c6eaad5933acff1d4036ea546e4f49e96b
4ea27d30fb568104e9c38c2431867c148d06f4b19c2a39ade5b41c0ec1075890,610483706f989002ef45de2d3feed31d62356e8c4972e4be5ccb2a6dd76c811d
4a8ab9f668d814ecd8e3ddc710800d49deeba32ecab71df767a17a06c61f62c6,b646300ef2a1dc2c1a13caa26015a16153d4efd9774278794659c129112fad49
fff593162aa6848dcfa302b3dc1b503d3b5e59052573fca0952b084d2648ab15,c694de15b3e89976e9cee5278acf725c0b9e849dd4ccc5b1ec4f99fab68b645b
8a44659967e2d2a2f32a7df749bb2320fbfa98f7ec388d6dddfa7dac9bf7171c,f25275424c729f2366e4d6f3fda438010714e7e7f32bfe664af5f76a9454ef13
79288809e7b1cd845a4711eb507b38bcd4eb5e8ce094b48f88bbb3c7df65354f,6df75a7005ef5eb4297353a58228100deb244d734052293fdbe63430e2cc9cf3
f60d76b8e83875e6d351093d6621e41e8ffe81347a838051bbb97ee06af256aa,697ab3d772354c38058efd289f7ecc94be5b8f7c44f24abf72a8465949f478b0
b5672269f39db388cb1a238d869fe4bbb10a646c6e168f7eebd8bb4b375f4fb4,c5f93d9d259d09dfd76d57566f3647fa2d6eab207dfab31bc64a76893df7875c
56fe8e75985fee08ae0bbc34220642ac5166c8679fb65644b861b882a1641abb,2eb0797680576cb19eeb8d07fb38baa0ff143ea36610db5dee1ff94c3f5a1fef
259ae67455096ea5ba59fc8455957a87d2e020d4b7448198cdb24d23a6bdd2dc,c39dfd80c2a199e62d40dd7b179c4ccfb441355b9de1c82426ce292fa4d1f6db
78e92b80784bb79025794cbdcda3bdba0a14c184e3afd9de8256a8d5ef207118,c5416d5697408dac04bcebb0c644de7f8d8472c9b06379c065b828746c72886e
9a6615f77199b731841bc043f4cea5397eb684600e57124cdd278b65465a711e,7acead62ee4a1d28d6768d38c7cea6ea7e8caf728b3c176b5f26905e756677cb
3e59766404a55e65d2cea69450ac06bdbf902273a884c949d8af4af734ff7d49,ba89eae8886fac8b5e525fb2d01d81dd2d78f27bfc4613e25cb3f1a6de1291e4
f34113ba5dcd0630bf2cc39b5da2f06ff84fb2dd2cd4878824d1afa3bb89d0bf,fdcb22f325b56b0d13bd416a2849f1dc8809fab902b1bc3847f6ede834cb82ce
e2509910cfc01ebe8243251c649b042363174619d6ced83ff9dfd9794efae981,3b90c8ec6acde4fe337c4b518b89d826645717c0b44aaf0c020aef77217067ae
8279f80cb560058caabeb71c8bfebe313cb259b8f1f6715ac16fc3f385c392e3,431d8e9bf9fd133621d9023f7d75eb4c26d757cd9fa9485db281f429ce318ec2
7e540c82d189e61ce405f19e5cc3d97c0882e92e802469e0976acf640fdb0230,d4f48e49d92b2112852ae8e8f4c552504f44a7e0fe04d41602ee3dea9648e7c2
e620ebe65c8f122acd77f84f0b2914f055e7bf9185291672838d8f339e904fab,e87b3aaed5754e910323ff3c34626f69523549db6a4149ff0e4ee2ab6e91a4b4
06f2bb96971e7d9ff0fbf41459bcd3c693f9c3fdb2de3f9b3b901f7d6a88357e,55790254a099a4d9733823d90d01261cb4f900ecf1e417042d62d76846b0fb38
446f8c66d9f548e6aede984dda32b5f7a34943ed9922df6a11a6c922530a5571,851dccb6703ddbc43ec40951ba70a207ffd8ba51900014662a53bc681638c852
3f98d3c2ac940387a700bc9b5f2ea688d2af48729b6f44f5838282779a55dc39,7a3bb31092d9f1700961d30cc2b07e0c72acf774f6f55f5d38b167c314cf768e
297e41e4239b9468bc1d352c77507721fa07cfc0c5b9d2e5e4c805e775104898,d3dd7de932f9a8b520b2240d02e4b1e49231fe9876f6d508f4c0e07c4a90e461
f34113ba5dcd0630bf2cc39b5da2f06ff84fb2dd2cd4878824d1afa3bb89d0bf,8ae088c54e2b5128d1de7a07afcee2114da82f83b63c27dd68c19284ee40ebb0
aa994dfd4da265182ef268d8f105de19cbfea643608be6e7d5020cab63deb85e,05368eef4ebacad66e9f6f77187dc9f5e30514752827e852822b444e73019a03
6fd08a96de8087309dd4a8b0c7c924fa8345bb9136b88ab6c102a69a7275ed80,0801df4d7d3055e04bf0f8f34b9368e64046b018a6bded8c990c6620ad349a66
6b8128aa2b4eab7658f71d2a77a0331b367b8d51ccbc3cd25df71201d1e25d2d,ee2caa6af76b5929b0906761e7f72e270ae204845161ca9d2a1db4e35c860603
903faaa6087748a01cd738fe2c0c7d4453e1232e10a0f6d01ecf4d6a33728a88,e3d5051034aecf0f00dd24d3dcb7b302724b0f94ee8c4ea30934536a8e31037b
60e8712211aad6af8a40f397d489b1f19dc7ed72a37c60f6014837fec98e3481,4c651c823dca6c1bd60efdddd92e662722e322a91b558c766b5302ba7e489490
86c4a4c39bfedc164c7b263323c6b1d0945fd56200e786c15acbc60acf6de565,09792c47ee0a10a4911bc72a3b72b8b9e4ec77d3041a25fe0fee72b0657ba2b7
0a5a04596b28eabd9cb7ecfd9f6a5b588e3c73c565d3afb82e07922bb15f0354,170f462d3f859387f10e15d7d0cc93aeab470b883cfeb020ca3c05e3c05e8d26
b527961ea6b98d6e2da526167520e0a0d1a5b46c35ce1eb59869b78b900e1d49,29e879d7dfb4ec0ca5687e59d322bdc040febe8fcc167b755741478f6d8091b1
c969dd60d7d03c1af9722e300889fa6a7a8efe99581c5e2fe535808ab050884f,d85e577da77477d67708d5cc26ee82d402c18bd05e74d1c26c130168e2d4afb2
02a1a954c251e43ed7cbd3c0ee587a2d258c4bf93636138d348ce3ec42e8fed6,987c39f320bb59676634f00943f33121273fa95bd2cdebc35867f106645108e6
c1826a9f450e6e0562cdc4f496d7bcff3827020358819ccd650c8de43ff2c176,ecbad049fa75a3ede66b4d28f2f5c9cafd38f337368d7d0450638dc7334cda57
ff80a66b1ea54626a79a64dcd6b5f09c5b8b799bc9a7c9c9f7d026ed85ad5f57,757c3a344b86d348ad9212ae69e44a75526fbfb2f66d77d39b07881093387fbb
8279f80cb560058caabeb71c8bfebe313cb259b8f1f6715ac16fc3f385c392e3,dfd4e86ac2fa990468bd13e17295f69a99df3deafb27db7b9d0314dde24d77dc
501b5471ac260089ce6d952d50177bcc530dad5117e25759bcecf82c1b2d949b,f0df4faee546afdb90ca60714a4e32a6e65e777c1806cf6d90b8bda09b186e9c
3431243f59c246d73829d4a3eadc513359dd295b108af7e657deaab4916ca1e9,93dfa990da88b02c988545f86f2310402eb1dee26614770e73e54b6debbad1b5
38b6c9b2efc59ffd0bac6202eb078600b835e93b0d101488261f2e80f13584a0,1777f7752f4c46ed139876ee9ed025ffcff27fd5c142262aac9fb24d9c829138
73c123b6ab7c8e3713ff33cb72bde95a770c42074c96c12c870dfcf8b8fe335a,91f5c0dc492a53473b597142e20073be219a6a8ec4dcc2057de853d8e70c7fa3
4d62b0fcfa692f0886b0afb9af14bce544ea4e4242fe53f0b4a8039b15934233,53b3ca73dc8d64ab39deab66ea2df589925bfaf55194c88fa890576b04e47416
25864e1e680238240bd8a2f9d53d843c16d27dc669da4097420c74e7ad137a66,8c58c68fdd9b47b3f93c423fbbc558ddf18b0cad68639549732f12d1b8e02d12
98535ab34e2dbd96a00c445a76a45ec76f5b5bf9fbac05db5e18e5cfda6c6bdf,adb3627d349fea2afb6bbf704fa3dcb05059e79fd7487818b177b162c52c93be
6a4a78e161a051dc1c137a14a2f894f9b73f2811b3c3facb564e0b7852be7a0b,449173c479a6cfa4f62b5740749fb363885c767fdc27b0e1d54be425a34bf47a
bf7e0628dba954dfee8d8f37a27470a79e54fa1dfa49d66a5781b33a4d83a11b,dd7e615c29841ec560ab6ed55d6cee9d5da6fbf2494677fba13bdfe66939839a
bde594ba76ca33c034af0fd580969361995472893e8a7f056a2a9c1e5a6cda28,86a55676d695c8267c508f6372afbe1ae1f7b1366c15741cb58d71d0f8ea8044
1536c78f4d7f50f55371d89f767d21ee6cf2656e242ef748bbd7518090bb29f8,3df2e22dda54ff24f07bc7c159b231fc3aab466ce9d6b55e64a9205d4247a224
3d0568d537a8a19f8e6e6ddb547dd292c6fb56e8c58de6fc86335318ab560403,96433d2b2193a288738356af23a79bcbc864ced400db6669cc441c5b1cb06956
c3401608e80f37e41f5153d58f7360e7cdbb2901692c26789f548111ffc9b58a,e933c671265aad4f24dab683e308468251ca58b0325dfbb406ebd0f2bbea6559
71752b23b9b442c9437c3ad6e836fb8ebf0e493ed8385077895147ff7ad693b7,a8f2fdf6525b8de6015db96060b5566e2231be27a9b9606061db682f7bc929cf
6c4d2c5e7e89209507b6c144f07d2ab256fc6c1813a8d9f1fdbf8ca39b1f82f6,ecbad049fa75a3ede66b4d28f2f5c9cafd38f337368d7d0450638dc7334cda57
71930f434df0d59ee1d45aa3be25a28f283f94fb3437c832c47d3831abc1076e,15a5585a877dab7428e33ce951b46609f1addbae813012ed1b311ff7190c020b
5e1289ff8d64dae4ab6338307fe0ad94df1443ad458d168aa24f68c24fa8a86c,db6bc2e507206c4239b9aeee6a2486e4aef4fa2749f3765a3302c1b3f1492d7d
e935ac367c6275cf0d92492c7c54ad7c1ce3b7f07e743f90dcf22e3a82555e03,6c1e3ab755ce4f277643265bfcca15bf8101119ba33b644eca4de424d071f8e8
850acad7e0bc467572dba78f30f924cce0ed6882a0a11d26cb8de161297cf5ab,f110431533d658a5effa1ecb3508434b4ce9dea310da1c430c4ad35a467475da
4c53a77e0090ef2a8b5c6b4ee3ab38cdbd9b0edfe74307685babdc093f541d3c,6158b8cdd32e4d0ecda2266cab0581ce610ea7df8318bc9c1b1de3bad7d0dfc5
273e3fd60a7adf3458facc025dfccb4d012990de7a2c394e23490c11910f3a1f,ef39ea5c785fe2b0b2ea72132acead3f0302975c873eea42fae9bf3b2781d80f
bd7538d765e70f3f91cb4f3588b65a446f7ade05490b006d8fa41d7b122770f2,f504d4b6541b84fe5025ae5c74aa50892dd01df3519d1db7e5152b7ba2353c15
be2fd515d18e9110491b77ae3ba8e7e8761d8cf82b2fd413c57ca57c1c0b5ded,ad675667d0e48ec137ecd05f8099fefb33115833d62105889f55944a27f5e5d6
0c19e30cf78044c4d65525955ee68b1c25a6fcf649c255fa19c92b0501c38951,8c58c68fdd9b47b3f93c423fbbc558ddf18b0cad68639549732f12d1b8e02d12
5879a260d75f1bba0d2e96c7be4b14f1bd9673bdac52dadef64acef17d0b2124,82b601a175c773f30b067077526a102c0e9ffd4ad1f0ab263d08057feaf9ab48
d7d588866f8e53f1daf66e805b66efed7f43c5f00274b9dffa7c19dc8fce2657,ac730416042c01c647e747d4beda7610584061ba1592d5e7d95fef6de3e10166
bf1f1dcad3ae451d8f16558c9afdbd8310a7289a681ee6a2708305a8fd20c0c7,89438705aa3df6f23abe381ba29eed1800de0c08e9c08f35c544bb7a20782b75
e52c21f86d71e58019a75b46cd747f67f583dc2fa434af65420f1cc2f944d745,dfe3a59c62877bd08dcef24de6ccdb88178691a3e8cff58b3056e381c16e813f
e3aae58bf7f587e2d74a50bbfff093128c60e3db25bfc30a86562c67713e1a80,264627804ee7d36d353c5b8a7fd83380b95e1bf4e6b4ad734a3799c2fe3f68b1
f16708e270a51123df2d684dd82084954b0a793825d0a0fc53470ab91da47eb3,ca67a872a91014cfa3af67fea1966826e863385b36b69c093f32af3c6163f350
71930f434df0d59ee1d45aa3be25a28f283f94fb3437c832c47d3831abc1076e,ea071e35449fa46fe3cfa851f854bb03778916741918f6210937755b963b583b
652a6d58bac7c68b6458faed6dc299fb10bac815188082cb34533e6fd297bab5,6590e64973ffb0b79638eb9260fad1a877981ba3bde65e2197c8f1753733087f
5816d6c2ca8999d935ac47f68ba6543a894af394006a9428518f28c5bc93a099,89438705aa3df6f23abe381ba29eed1800de0c08e9c08f35c544bb7a20782b75
715e7f58845f76061861d5ff028709ad74416a8cf4cb66f939a2ae1f01846148,6dddf2f3e1d7eacacc8f97620bb440f3bd59cc1b71d0cdddab08f621cd2876d1
af9cedda69741d46418198ee4db7d7a014fd6943aac79a8f9ac043eae01b289c,53caf288a9ffdc268dd433acec94c5f92ea2e521e589cb3c27e91f0a1af4d07a
39455ddfa73d5ef3efbc13ca8b328d492596a934fd1d4002f7fed0631b73c812,16ebb2f0f7238cfd311fc9f517776d7acad13863ecf642af6dc710fef39f30ed
c7ed12f55bd09355af2d8dabf858eefa650f0db91928b81618a50bb7cf32677a,449173c479a6cfa4f62b5740749fb363885c767fdc27b0e1d54be425a34bf47a
f5c4f234cd3d059d02f3509239f9869f416b29b344f3dd03ccbd6fabc94d0f40,e57eb46a4d6f655c774113bf37f34367bace91c7a671e551dec50fde472c4acd
c5b555c45d73d9112b0b7daa89689403e2afeab462121ec9ad96c4d3fb39df11,b66dd5a5ed4c36d9b33b6a83d2d781b12c3308a04c681964e5f041eb6cbe509b
652a6d58bac7c68b6458faed6dc299fb10bac815188082cb34533e6fd297bab5,ae8ec74185b3169ee5bb02da78e82620b3cef7ab1f1c02cf9bad32bf8593c3a2
6573851aec75657382cb879cd7bf854146e121d95716aed578b58c89df70e5d9,ba766324331067cce1812a400d86f3b44eaea82ee15b88bf57b4974c205f1383
fcb17c206e7c28312f69734cecb1138747742b39661f451dc27df5df8fc3c2e6,4bbcfac7a7f99f4dde5b9267f3d143a80a93c83b1f4b962f7582b536f04d542d
a520ce51a62a6c67183ce160e9d695cd5295c3f15a906d1a92728f807562be04,449173c479a6cfa4f62b5740749fb363885c767fdc27b0e1d54be425a34bf47a
b2bd26d95967134ba8e5279bd55b174f2583600bf8c896f9ed37e3cf3e8b178b,419df76eed26d2281eee3ecb6405f942312408e2dac5f3d97a4c8937d8a2991a
5213e71489b4194ea1c94e22e807295e6ad888fac4dfe08862fd8b39eba93cf6,956db45bc6e9c8f9b8c03c3fe01b1b2d6449c4bb117e1222d96e797e7e24c132
7a36e5f5391e7c25f241ac0eaef8c4c2824db28c1b436e6a1b92dcf836ec65a7,55790254a099a4d9733823d90d01261cb4f900ecf1e417042d62d76846b0fb38
3ff2527fcd401813eaea03cbcbb00c409fe9f167795888b61d86cb4eda9515da,9a2e3f32dcbdb7e5ab0ab55ee977078b71290d4c6befe00a969e04e2d7a70d90
4ecdd6572c2dfc2ddc5807ac11ceea2c0ea8693ff96736824dea097d3b0bffc9,30d26e34f764f45911cfb11c10d418701bc2ed3dd65b2c018228e06524ae9726
47a76c0a20bcd0707d33696f7ce973f9c4896844f0d637d40ab762ff98b4fcdb,2f35a3cfa336c4a79d33ed8ac2d8cee8727ebcc471bed774d247977bc754bf18
58d51b98df169f24101d0fde355019c9bc295e09f2f36b3caab187e39ce7bd8e,e09e418cc9144c43b7ea0a35075928894e9ffc81d420a93dd7e4fbb06ba9785a
456849a3f21ce549943ecefc841384926117cc1b598498ae6b9032a2e1cb439e,34b06286057fe8f2adb78dbb569230a093e8d721edc09760f15c125a416c42be
4b8fe9dc8c9873f8de265e077690da4ae873584e027fd5075105971dcb390171,7d501e10ffe5f3403131bf457794cab2fb2f1f3f1c77ece0175071a2413c29bb
85cac9a9e824a27b7e6cf6fb06aab0fb6b6d83a13b4106761290384d2096f641,a6a5f083fccb6f26311f9fcbfeec9c2a1297dfc8285e9077761d1893eb72ddc8
e620ebe65c8f122acd77f84f0b2914f055e7bf9185291672838d8f339e904fab,b66dd5a5ed4c36d9b33b6a83d2d781b12c3308a04c681964e5f041eb6cbe509b
5de1cdacead60f2f7e4da6df3452430e5400e11f71f21965510c0c58bbf62eeb,ee5e72b3b281a1a846ee1254e2f51c0683483ad76b036d7533f1c90fc82440ff
1af2f7bafedd5ef7da7f5f0ad41e02a5636b69b5f65008b9aa8224d1708db95c,9c00c4764ce521e29e6a1bc9c20bbad4ba4992e6e389022bc78ecbb4bd2009d1
7154fe5d3048443c199f403f0788eb8c91d2f5b314fc39017a1df4aea48bd025,43ce46f0d3272a2c892e5df2ba81d35c67c52c61a9110a00ebf115adda59cdcd
2fda28679c615366d3d16177b5d94bcc02e4d26fe24cf12a9d6e6b1065763c16,443270c00c835720869b68307ddabfa9445f3905a164b59b2345fbde9ed817d3
b8970b93e32c72875d29f0c985691e872ad0a3d2ce4e8f895c50d11721c951da,57386e837c49b0ad437332aa019186487b1cc0d88d83694905e2b1c25ef36f36
bf7e0628dba954dfee8d8f37a27470a79e54fa1dfa49d66a5781b33a4d83a11b,163326da2c4a4131f6a0880c0c74a904d6413b32cfdc9488e18abe44b74db6d3
6dd8155c3c59f425d3684d1da9686ce71c9c66e9974e8aa735155163fc31dccc,9b1750ea2d846ec43ccac485668ca60f153df2dfff6e19977d223589f82212be
a6f39aadbb4c2b48e3284814593eaeadaa0c1d62747282713cdcb3507460de52,16751e42e5be4c38c819eca139d8c15fad58c0d9e45916b9e2f1d24c268fd651
d3edfd4be3a61b78d950a2bc669ca0c7675cf646eb024d608a80ca3aeec4bd8f,bcc6df5f901404f889e2d238c4c701c6a16c0b7510d67ab6b22d62ef48b63bdd
8f8de26e32efec6736f71e1678d53df3112559e45add3412cd33f4d7083bfedd,b817ef362b062603f0de55230d7cd7e07083aeb29973ed8c857534dd76826be8
5d7c6ff74d1f637a936cf28b8a05717df7c58cfed958cc3f75318a5fea2c6200,46b6bb5e644d875a4c795a3e83b2bc089855718f037fae783b6b838400d3c38d
5e1289ff8d64dae4ab6338307fe0ad94df1443ad458d168aa24f68c24fa8a86c,9cefd584cf12527e121ae72f1d83c8a617cd0edfb6da02be74165212afd015a7
8f2da2c7d6d5718f5578c29d8631d13a7ce5f7b93cc0cc9eabad8ca24e84ab19,530792248d956cd9d60065aed451295ae61ec02b237ed5cf2508d59bb5c04768
117d85a2445fec730925ce474c18f49fd78a1b9564f2d359ca98bc05db20c7b9,384a8387c1ac1b23ea0e15037b6eb1e6cec2fd1fd0d357627120d8b756946c0e
df302ef73e34b1c483f27f8d76fc06b1726a475054c67424dd4a7e1a8cba7cf5,d2a000e4ac7ff3df43834984cf87ea36d8e4ad31caa8d351d95fdf86aa3cede0
74973f695e0538baa6c31d0ff353770ea361bb6cbc96ed0dcf1216c260f09788,3fd2b32378b09f9010b0ef8d60da266c0e5ee945d901fa086fada4a46b96f0ce
2af66db74dc4c6b2ed8b1ff7227527d3294dbe30aa31ce72e262ebd8d4601ad0,d443d1e95e916cf86e6d2b2c6d05fa84a628fe2d6954425c0b9b535707615576
dd76cfbdab95636e3dae36de47a33fb8bb352cb7095948404a3abe7d0d54490a,503b33858c8e78cff0ce106f5b0e0282869e9c5929a528fb4062eb8a97f88e4e
99ce29462dc73977da95c10e51a3b80da5a2c9939c58aa2f81b327094c97c425,c31ca44d3fded8139f0fca89dc0b7b5cad6ad2f7f3e1aefb7f477488709a6713
c94998601760c32a11e3a9e69919597770748e5b99215f52a6d0434d60b9792c,ffb968d654aaab701251e669d2ef68aeb4651805a8de6ed8f7c51c1a88d2eaf1
7a9452b18ea02bf9a1a9ff4e84cb659e6570897ccb51005f99d932c950c3491a,d215b44ab21111b6c84f281ffb8b1d130b423bc1ce9561fb12f4845bd938eede
9ec474cab8a14130845a50f492cf4192e006355d211540279cc18a9ea3605580,d370bb48039f7a4bf3f9b23665a7b3e325c347ddc37d22dff343eda720157071
c62762aff7e15c28a46af033a445b2acb7e9bc16e6d7d6a1a33cee7a5d4caab4,2383a21df4cf408a1e4cbdc0da8f60882a23489d486d50801b7a6a2a7d5fe078
d0dde6953506a9716109ec47630b93aa0ae286c711140877c1fdf90935b58f2f,7abb930f23704db9fe31f1b80d5e67ff1985d9f28bb60f59adc6c10fec4884e0
a2fef7ddbcf10e4da73a2ad5ec18cfa9c3cdf25f29fdd1e14b0cec81328b82e7,05f88995fe2d345a5c14b184e541179d6bc78000a003e4efddbd1377fd58d5e1
98796abd2e35abc7dffd8115342c91f3ce37d0d60f9768b0d0ff20dc897a4b55,79ee2279297b6eb9cce52a68feb319e38cc6220cd5ebc560565be264a49a5c33
eea8f9d2863ab2305ec55b9f99223431d68cf530bf1a38e89ccdff506d1ad72a,d72d7017929d859c8ca9e30da021870f8133fb16d89f4075ecb5cb639692b31f
c21f6f57955b7da323cf2953656bce4415ab29a0cf29b8a7d17ab8a2ff1edd62,51efdf193b3cb987abe0d8a6cdbf66d892e09d7e11739c65f38d9f0850964e7b
350e184c90319341481cb6de7c7725aa5d3ed487a7d956fd065a03c244ea2c51,6f68f97d456b4e079f8c9e567af423c2c073b3d167fd0920a05821a2da666915
1cb722172d045f40ac61470f4c4d6f6c31ead6f08c4f1515be7b6b2a1d3aa71b,cddee0702b47e8b32a3b35d2f5928256163a8df76738a1e07f66b5a0b1c3f061
0f8d9b7cc9c95e63ec7d58477e49505631f1693a46e9f2d806a6840c30e7eca4,3c25dd9342e51ed190ac1bba04bb484d73bb70e82493552873076e336766b388
d0563f8134a2ab23c36c8ba17b7da87ea642eff56979ee7f635b931c9c647cbd,26fd11e311a28f32460dfaeffcb530385a890525737c53b3ffb36cb9bf2d9997
7d16bc0fe59c4ac4f76876a818b617785e52f0a916de0a81d3260999186b6cfe,85f4e94962e3288b32d859dc87b541df873cf067057fe8d3320347a567b1ac7c
83393615de55f5a0b9d2e1ce6bf801280ae991b410f24db1bf0d9df335a5d06f,00b71194ff18bc132ebefe02fbc9cdb6a374fab5b192d04d702c4a7c3a33ddd6
961bc9aee4ae7b414dd653acc71e7ed205beaaab9dd06fe3827f8bf9f6aead96,ef23937a63e95948d27eb1cc5b90cbca7b37ba3f82a8df607c3540829dd76f0b
84a39769de9ae56506a21f78c24b24ff0a267e591d7701043759c305be5932d2,6b98b8fb3b1c6c0e036a17e3878a2061e282f063b6c277bb24d7272e1063ede9
049d2d498aa7ec5d748845febdf64f79f3ed9110adfa1cfd0fa2a25b11bfdeec,32a5eaae14010417286d34f3be3d8ac1ddc75ccf98a6d0852484e9616dc3fd16
a6df5b992f85f2ccf294e073eac7a934a31738992369be97395aab21519e5fd2,00ba3b5dc3f909344acf1e4ac247a137786c70b23507ca889dd64f164af03aef
ccc6b911dc86253e87bedb86ca42e5872e4592f3d367b03d12ccd1cf53d9aca7,778e88a2f32dfae5640aae98bf9c8670d495442514e8111db224ae969322a910
7c2501de83f0cc139c3c99179033cb4cc7c364da992f852e7297ea20200dce1a,330bfe5b32173467933472b425e2876fde854d76972f1744213482c513ceaf67
2f1ed9ecac60acfd46e97b9fc917cee5239e60221f13e6624e7744e245564311,0c7f351fac102df5867ac76eea2ce1f6d3347508a12db2032c121753be000403
02aff76621ed2b80a5229b2ae1fe1e123b7c664477f3c577606df44257b123fc,93104fc4303e17fe9295168d3b54984e37955c9e6633b68c5c3b93c96bf64fe0
c04d4f6792556a44220c0929736b2334bbd3f8d8d51d2c0bb2da0723c12f8fba,da69d76ab3baa915590fbc005356b1c66bf0080cc7e4912f003f1307e6f3ea8e
e9e01b992a18055065b08d36a90a08f5f605b0f5c643372a60b8e93ccaa5d94b,f29b7df86c69986f4542f565ee8e9ecb7fda7bcef8cceb89d2a025558d8ba27d
b2e1c0016678a2d2b57ac8404290004120526b64a42d2b842bfe90aa3b983595,cdb56b9a590f074961728c71e11c2fa1a762c6c149b2dfd3ed033f87de734add
9552763ca62b5ad6501472e828ce305f0275e006d83de5a0bb0ffb155019033d,955ea21e03a5c55e8ad4ec895bbe45990250e1a7329b0a2b5bb965fbb5161a02
de0da916187fda2630eeb380e6b5a468cf7db36238f5b5fb7e0c9cc178d3f617,7e3d559b966b7e460239666868148a4da91320a1fb7fafdc56aefd6a57424cb6
1a9dbd8672e36b34f3315ce8e2fe580e2766b85716e86e658a98ce13fd2aa573,0a62934b0bdeca0c56175c4041e8033156cf283a62335f6c76d0cb0250a9e4fb
4de8b002200aa71ba7ee0a6349d421d52352f7498b0e45c33ca69be5dd47762a,b743263908928d2c9f5637e59b04dc7a929918af764b3a15b786eee387290603
bae091de9bdbff2d31b24cc7539e5043ddba035421949e06207c74bf7de13b98,402242f293491d681f6c94e6299e56ff6e89a1efebc835de5af061bd1979a6fe
594e53e86a0af7cde0e3db3a43d4c759ded8332bb561e4063bea8ed6bdc8bca5,3e502b20a488025604bc273730527df644dd34fecdd5dda4165c076536acb85e
35a19d928c387b82e0055209ea6c4ae0d9c558942c5249436de74087c5d7fdda,dc0f0fc31d1573c88e34841e57d1d6435182cfe782ffe1cf14c5b318c1ed82b0
97256f16198e16996b148f34ba0f4b2393ab54a8a3bb931b9b903ae8e837cd72,a4c26c6e33274a91ae026b10a2098f453b3eb2734550b9c88b58bfeeada089bb
0f8d9b7cc9c95e63ec7d58477e49505631f1693a46e9f2d806a6840c30e7eca4,96ddc9387f7c69b0fa7c3df015e46da5063c6a158ea56cf38a49a8dcfc90e616
6051c662c59258741b0ae25398148e56aceb147ea459970040648361d8daccff,7b313bafe1b805c1a2d926d9aa70884b9e8be0ac2052e1f757fc839b6f4c69b8
18ba806eb63819961a27e6dc9e3c1b9d4c7b082e7769c93ccd6540aea029faf5,e1ce2aededfb9f56f6e62d3589a1a3ff2554efe81477517d3f07bc5f83cc14f2
196ed87ffa7912a895998a102e3a877802af88f6fdbcd94c5bf95ee3e777b0cb,8433cc1738a9e9c3f8b8392e2919d9ee68a75851d30da72f0c1d0908462e22cb
469cf70a07674a42398b3bf2a89773a4a7ee8877ca1ad2a843211472a985c7f0,8d8d3b8c69ec0e3956312283cf24270255b25a82394772661f381ef4411d7bc9
9b076195028ed5ef7da856a706ed73de222c08790fc896860263a60e07b2e709,cda05c38c7bf7b9bb68e1f9eeab23a64dae9af594fef32d342dc3e7ef5623cbd
d42bb38e710c034eb93c10877e6705b60709b173b4bd0d30f4bdad549b4d17a0,9124d769a4acb05c39d13824791cb018ec2b17ab64db7cbaf070228abcc668ee
0d0ada61ee3584d0e543b355a8af351db8a2fc30ba5e7e7fa8fb948601b4aa4e,71774cde07d67728b4fb1754a8868c8a5902305abfe1788a44d174ee712dfcb9
be6b345f7159a9397b575110165dd52aa6143d9d86a787cf869099b9f43f614c,cee1635494b430f45721ebd7f1744bf0a4d357937f3612d71e8dbb71e5d630ae
98a2abd251d0148856deb746214283a58bf274aafd7895bb51cdde94586d1e8e,db2f299958837866dc5afe9abcf817d5e903894c895f20419b47a11ef7221ad9
dd9ee1146aa46b0c5a8ebd4a4244004ec583c3b0dc05d1307f26291f4f773397,29f7207ec327ca59f6744129d80867be84203e28525ac3e4b56e5eb0dcc573e2
58d51b98df169f24101d0fde355019c9bc295e09f2f36b3caab187e39ce7bd8e,33c4f0e666e9edeb3b4dbf87e99f52c61fb1e6d248ce757e0bbf4d35a918ce71
f5490d582148be65f7444df807ed065436f799aefe160dbd92dd52d9cf5dd829,8a552cc6a02b9e7e05b8819cec9a105f26503d2f49e331aff720b937415d7556
000f65a96c97d5e1723b46203d0802be76501d43476e4fbe32e46fa5bb1dbd16,288b7cedb62454767ed8035b37fb546a48616ad83f0b6acf6c4401ceeb4b882a
68b0421d0ae477cfda6e36a625668728637dc014e70f5dae099d8ec0583bdef9,bf4c5b079657db1dc55dc5c9f8cb123e72c07425ff47e1ac7ede3a266b7b341a
82574487b0bc45edc59d0e1db06b4f7ff29906a2e2da3e1362ac19900bbb4c54,d8a478f69e49fafdb139efa090eab259aa905ab5e8a812e947d690e575748dc7
1e240234ee9a8151aedc2552743190422d91c62d384fb57f13c2bf2cbf5d7a45,47088a793d8f2cb39b94ce644693b234719fffd96661a059a1b2b174322359a6
7d931f5a985e2a0885f06cc3f854c829cd82b7e6d1388c62a591cc283dd54470,e400e1786942c7b26459ad2855598cf2a5f3f4f3a247814a5d11c734530dd4fa
e100f075daccc290f4f0eef524c455dec61e59447dfd807810caca026cf10502,ed1e28a39c3332bf5c256e3fd4eb68c98ca1d47e5192946d6f989828942e37af
743be015489437e849981127fb26419d93959985a329a26d21bc7cd09e793e9b,a40884ef547c6442fad4556cebf7185689f4bb2f9292c42a02f39d84fe554157
2ceaf24f15e396d2305fabcf4aeb3b19a5de352c87b796c3eaa297ec56e13319,17bb7ba5cd53cfb26d9cf05ea83b525d71cbd52ebc18a43c0a7ec0d6858c12ec
115253c97fffa839756deef89c8d67061475cdfa2a98cc6064ac6b245271cc96,d6bcfc77f0e3e72b025fbfd34ae9e992514c533296f956065fa88eeb36b65a9f
d97bc7ef68297362a0e12db39d6cf313fd88d2ae96592219cb0bece424b3a463,7ff1b92a90bde2d9cecce1da637b8301d44f6bd88d4321bc217af85f31465880
63c242f206113320c927fa14b93f5a66ae51438de42cc9afccb9c2ab74beee93,72b10d86deea2b44d32d6cbe0ed8e24b7eea466ec62eb4ff670e1652bcb2e419
36eb694ba6a4e17e7060b43d88c898d5e2bb35ba779a27c90e20b98df036bce6,843030f5befde5147468e9a9b369dd987a4debed63f7d5704485cef09414efbf
f89f3e9651d6a7b38d5e7888f0ae4c98f8ae1bdf1ef2f17814cedd33d6768422,335b9dbf6be4b443485f74ad35f5124861af2cda471b1f6299404b1b2fc6a313
7e04e3e653874ba561565f812f4b2b8e6ebdb71a6843346532e58d8a15e169b2,3472c040a49707848d98db984cf4d46d2551e9aa9c20176a2e9eacc3fe188e9a
229676e5e2895b23b7092c6758fcafbdc47e50f47ad80e2a5486f8de9c7565d6,f6ffc1e23dc3240f15496841484f858cceeb40cc3694d2e6a8d9ce97c6d0ca5d
2b94cf52bef18b91cf1c976ad9a8af1460a1f0f05ddb54a93c7bf81f460f3254,ff1f1ac49fe1706dc4289d6cc8b561dc44c99b3a58719fe98ec396ef3fca5406
c38b7573aa858600710f6150718745d8429eaf0c9656c303fb088ab3cc7ff7fc,afae38273baff81bf5d7fe82fc91585f48b467d3ab1fcf4235383d8cebf99dab
71206905ea47e3f28820eeb5f86eab734082c50f1df6bed9b07013ff7bd1cbbc,844b347f574014bf50fcb5456ae9a7655dee3d6de6e2e95ada5f77a18cded166
93f94facd94c2575ed8432af31759f1541cfd38bac23c51ff3765ebe51f06305,da1f5f1fbbf641e6a49257d3290dbfd17b28f82fa33efb5b59a62026d11b59b3
fe413cee042df6d1ae630e46de567693bef832d166cc097e12644e9c8324cc2c,5a414c43f374d968e693cf7e6e0ae4ad8faf2f2be759ddc48c5464d62b65f68e
be24fb67aeb8525cf6c46257c88215c256b6031f6ddd8446bd7ae55d75bd6892,295782bad33ed7f9cc98fadacd85799d2944b82a1d050dfb3f80d4396e0a175c
287f7983e06f870aaf8342c61e8c08aa80df98ae69ad4c419ea5fb400513f57f,7b37a91d876f8f9bd3be59640477b2899118b2136c227dd2ad3e74e43c88ce8a
f8d2915c4069fcec8eac96d6493145f620cff850c2ebd49531f9ee84b5e610f8,e5e8debb836298f7e1a6a21f3b597f2f2a8ecc19380b32c079627ce4e35e204a
850acad7e0bc467572dba78f30f924cce0ed6882a0a11d26cb8de161297cf5ab,8216730e774ea65fdb5ffa98c41d0f1643afc13600fd2980af9a8c2d80a52bd7
06a7bcacb6a69c57df797aa8511bf9a3dbbbbebbd7467be9e7c952178f8277cd,e7e8fb280c544dcb0936a2a92590448a48e7600b5042b331f0cdfa2d0c0b624e
b0e3c997cd49f3621bd9aa2ace28420e3c8df5bbd04e4c3f51cb3e3a1a8d9344,20b5755c4965fd0551b18575934d6ce92d364794b6c0ea7295dc2ee217b065d4
17f1c3a471aaebae5720d96c855c961c3735c2ac2d08ee4d2e262db7c8db72f6,06c35754d06ebcde2a8e22071087b09d786b50559cde2debe6d1a870cc17b164
e9bcdee433f789948d6fca9f84df444cab1b7629587ac56cc757fc3c4c93b165,7b966e7490892fb962319fbf207ba428eaab39f6cfa881f0a7d6f53e80ffb378
db70e178c11e8a3cadd83f39486e010bebdefac9f03c6f4d9d1ce8236c09518d,306bb0bc4a77a552440f4d7106759704a06a1233a0a68cdee208097e2643bd81
bb104d13eaaf83c63633d9655270aa57c6fe16afdbba40f293626e7145133b46,5def6d28bf00c1fe51fe1575f0a04bf50a3a07169bd0730abf5a81879dcb7fbb
0c8a88669a80ee097a92fd15d4207ea6a410f68a3816926df0245132749a9143,334f3153b77fbacc5bcaae873f18febfb2398c273705d2e21e68a19e28238feb
abf213f544813abbb93dbfc3d270b900d8261aaa18ec23cad3c7f597754ad6d2,bc1933ea7eeae780497e011b8056b480b924176dd8b0a2252eddb68384150783
8279f80cb560058caabeb71c8bfebe313cb259b8f1f6715ac16fc3f385c392e3,a95ae276fc2da8f0edc835bd35b57d99c483d74ccf6fb27698be3c91ee7f7e0f
351e97d586c3ecad0280721a738fdf9d439732c1d8301ade3f49c1eb7f7c8d27,07b53a83bf8f056a4854f3ff3424ec90cdf5c6215a5d253935450e83d05afa00
69a40b83d55a4aad2d1c637fdc37b306e83ba1324d03aba0ffa00726c6114fa5,e63e629746adf98980079b041e554507a7e907276595b9a1d51637e396b1a8ab
7b86c7443f09b59f84da05e3e02e5214760ef8f530317babedde37e13ece2805,bfb593779c11002bd7afe381b4329a5e161a29d78851988c14d99554e4f93745
516db527ac9e1306806e18d60bcde8766940b0526d3291dbdfa67b6911d6e7e1,a44e48dda3e86175b4b07e12943082c691a6317f1f7e86c42974b42fad368a29
29d0efb8dd7f69ffb711ffcff9edf03f85755004c07d66f8a1459163eda5ec59,abfab71c13971bd231dc4fd1d7838b168d24ea6886dd6b886ce1017421a27cb2
1b59d7fc633a2c5a5511bb55117c0196b390877d9fdccaef2e45722f57b15cb5,cee1635494b430f45721ebd7f1744bf0a4d357937f3612d71e8dbb71e5d630ae
c6bb38fe3debae78f813f40110dc59e61392adcbc12a9180905af38940b68aeb,43ce105b7047cea4dba2ccee8181211c36332285d63aa10f82bb4345bdc24278
08b3624d37ab364d672c7cda82f2f94f63927b1b14c10519ac09e5965ebb3a1d,897b55a8f0e0697187d4c280a1691cb3480ef1fc8bd585c4bc0222b56972820f
525a5ef66d6aca0dc448e77b44b2618f2b7f6889deed8344d9a1968734420dfb,e139badb29a27640c14d5dfdcd95959fb2e7505e75d66b1256a95738e30715b9
81396c4ecff73eda31aae3baae11f600a87f9d582dd183bf4cc7ac0e107eb10b,834fe62be3ed8d91aafa910d51ee62b17ba01010904e80cc5bb0262f7296cb21
e8d7718c69c2a0e4e735fd2d53f5359ec561101e6e0e823900375f04313570e5,58224fab66a444afa11489015a8b10b77f7ec501d00d38a1aa80babeb891bb7d
019fc7bd5cb361098d942f004ced265c4a89558927ec9781605e81f7f0307edb,ab4fff39fb05799e2d09ad70451d961330256814f49d70d48acfd66651fb2619
1205488e5b6007022281788e329c46be094757d31c91078c01ef894d481c58a9,7b996a4d1e6436f11ac0e173121d3ca0d000d7e0082387979a1d3c6ec45f19a4
5980881c1df9059b501a6524000a6560bc265889fc8307c4b78cf815a367cf0d,b44261a3f97f2aefe916f2ac6cb62106d81ab3da653068398ce958a4585be5bc
501b5471ac260089ce6d952d50177bcc530dad5117e25759bcecf82c1b2d949b,1d41291b5b8b041bc26e53e25cf04c0eb266b26d1b83a6f2accb4a85c0534fe9
c1826a9f450e6e0562cdc4f496d7bcff3827020358819ccd650c8de43ff2c176,7ed15f35d91f5b439f00a4e9bdeb703819af08149b68a10424fcb536597f6a36
9a754cb8fbc53ebe0a59e3a177702d52c248782388d90d93ee74321690a51bbd,4ef450b53cf306a995d002f1871f81427196763fd1ad90c342e946433004d42f
8800d4b49446460bce4a05d68376f25345f23423a1768ad42fa45a223fbb381d,844b347f574014bf50fcb5456ae9a7655dee3d6de6e2e95ada5f77a18cded166
89136d5eea529edd221d85197ae21ece0abd5f7269ebd4e83a0856853394fe0e,57d265b798a3af7d01edf06451022c0895add16dabd0b465f17d9b9ba57d22f2
f8d2915c4069fcec8eac96d6493145f620cff850c2ebd49531f9ee84b5e610f8,c3a4e00eb0065f11c0a8f58dfe2900d758f3d5561bc9422f16dc79aa6171945c
44f9dbdd5b466b7ce861209488a16512902da166cb475e774cd9653178552025,17e957340587cdca341fa30b07406f1eee6da289b6297fd0115d6dba5ca5f14d
bd8e9c91300cfbd0cc14689358bcd8f20543c69cece36c8dcb2e3e6bb33220d6,89caf99a640c24924b79979c58b02aa60f934c240bf1dbfa1bb273d7be5fb48f
fe5f60138407eccc68a6b084ded2382f505dd6e31511e655703891002c17b64f,4d65a253a06dcf932d7a13260042194ec6db7a94f83687a7ad6c107eb6c0892f
774a00e038d366910055cc9e0daf6d4ef7249ac991ffc5f3afa28cf888c52fd1,72b88f97e3d5a7ff6caf697b49f15d040647e0f2191bbe7258f64f63339dfb7a
4cf727e511945644472c3fe41c331822bf7a051febad28d0d8b3ddf3ca2c9f08,17a073b2f9c7d5604e6cf827aa6d1bde2f7c1ad65d109b1743f3d12b2039a170
3439bfce680ade7470749855b66a01298e1546c9cd3f26507b6111225ca4573c,2aef43a96fa46f262c05fca0250cdb1fc98c04cba240289d898c7d60922e38d7
7a78ccdb340c8d6212a000c72308d2720ba09b69cd4e2c9c24d46ea4734785bf,9527bad931067d416abfad8b4c87a070dc07f4c291f6b0e4610952cd37d9144d
69c392bb664c1a2cbac48b5b437ac736626bb473fbed6aa9d7e1c4193bf6d122,180b57517c7214810cfb21f3ec233aea799366185805389ad78ec9647ca87867
f5444bfece72db700c97832f68a6e0f212b9a969054cddb71bb4634d848eed67,7a85303a3ef2c980b2c41224cc608c03ad5069e2c959eb413e99de373c36847c
717ece06237ba6fc0ac4b61629285c6ed9f497c8d450d52fe5e57cbfc37ac602,6c51e36f782a419bf37adaf83b1397f152f0ff23c0fbf4fc87f379a4816743a2
6cd6c83510c30a5a9d3178cf4ba855c58d210fdbc928fd5ac2dd0858590cd26a,1aea92c6f72b45a80e63e78e5084ceb7c96d3716d5eef5ee6433196e9fed3809
8279f80cb560058caabeb71c8bfebe313cb259b8f1f6715ac16fc3f385c392e3,0313a27c4d82f941c3da9b25792844938f9a4bc0c9995ae572e62683034bdc9f
2ddf66574b5fa80234a4ae58ffca8dd1a2fe4473bb61bc8baa47b7bbfd708744,320962fc5ddf150eaee38739975cf5e02b617966a451bdc8cb84ba5e07ae71c4
227cfa334f593011a40df281cfe3b1ae7703d32791983912fcf1f7b11ababc4b,398a46d55103ea7171e105b632b00c3519cd7a20a17260d0939141e4df79b2c3
13e356f03307aae6efcdabe3e6a44391dd60c4f2e4bc4f2400e08081ea39535b,1bff06ace9e2e090db9f26e4bbc5fec3965240f24b83b519eec37a34fb26b9af
eb3a9ca83cba78ba6e5ae812df79acc25ec9c0b8c84e95f3c9c621dda923b08d,bb93b83b18df2e162240a4724ac0f7e3b942d18965e7218c95020dfb4112323f
8e44a2d6703eb31d8af7a1675288a92922ac981850c5b2da926f453400111f06,b8c15ee887ff0f56844c414c9d362f41ac24374da9e3ce214a70b3851c55ede4
559905f6093aad94f29e176b4dbaa2bfe3d0fd7409048bab26b1557229bdd5b8,ebf28070e7d7416347dc9ff79221140ddefccfc80af0cf6a5437eff4bc9d712b
aeb3c76d064c36494e7e3c316b18ede0a1dd8f05db075604b6444909d47b93cc,7ed15f35d91f5b439f00a4e9bdeb703819af08149b68a10424fcb536597f6a36
50bae8a1793f3627b67d56c9383c4a6ab5e7a20d599e1511b39804f3e9a7a769,b403ff398faeb8ba7b278071a0dcf046d882472e1ef111dffc445dfef0cd9731
6f7a465b31bebc8f11c23b2441441ea874b2b59a926dc473a107113621160f03,ec2435a9d06064cc4be70cdf97025cd39f58dac513bf21325e041cce36aaf366
715e7f58845f76061861d5ff028709ad74416a8cf4cb66f939a2ae1f01846148,e7e8fb280c544dcb0936a2a92590448a48e7600b5042b331f0cdfa2d0c0b624e
0b5de68b61a24f55d8946ec62ede1cd6fcb7a068aa82370d6d489b785514f713,937818e26969251c74388a32f9be31a4c96ae2864f1ff671bd75c8134d85a461
85d1020c64dd7ae2e11207eee6d982851c80340f94e6bdc72ad645ce2506512e,35e419767d69845695182753d5574aecd87af469699210bfcfdf47b5f600e119
f85764f5f6e63dbd9adbac25ebc1ee057a3f528f67745701228277a79fc39bf1,e89d1d0b71ef5510a270c66e1001190ba88911d8ab854d4c06dd5ca1e61a0ded
2fe26b9b7548ea4395f07c709eca09439a57cce1b99427ae55753869471b3381,d4a7f152979d8560664b77f72b61a25e5b4eb8ff7ed464959b6d8f291292300d
f020077c12e237e1ca4750af941cf3b5426f15bf33e5bd54f7871784218428ac,1466f960d89e6f9273629ad2e2ae01f7e5b5e987bb294d0efd46153a8f78e2d1
ed5c529489742bc703b5f8aece99eafbd9fddac8fd81d8a40c4c81e9fc75ed0a,e5682534c567cdaa2c2bcd59d8fb98a9ee5b41f8c6cb618a16a52c6f9a964805
911a87e7c97e1dcf14bb56243fa89fc101f9d9bec62cae8d26c12f823e371415,398a46d55103ea7171e105b632b00c3519cd7a20a17260d0939141e4df79b2c3
bcd7cb79966a5f76e69b811f1efa4f83db023572c3196dd656e2bbe530191aad,da0a4eb43cc501fe82ab4669ce6dc386097ed556acbb6bc42bda7c2df0b3d270
be6b345f7159a9397b575110165dd52aa6143d9d86a787cf869099b9f43f614c,961eab649a4a45f8c4a050aca8fe1c65dc2e913ef3c20f73e8cadb97255600fd
68983c8547cc008a88d2ff09a2f119d8962eebb28a837faa843a2a723d81cc9a,6711296543d3b670664a2c43c962d3272df3e1b20ce5f5739deaab4c4bbe44f8
bcd55a854a4e5863e26ca08a5e8672c71955623f842aa0b6b3bab6b4e7ad4c3a,5b2d0e1faed896c56cb817d5195ba12f67db3365f62b96df250135bec94fee67
0efd1be187bcb5a9901cf8945cb31cb3af3e853ecdb4c5a944d7f3a325e4c85c,19c344a8de552014f168e4de97bd232d57c228a947ce9306de2f7968b8980f4d
159b243190b8f4b60a3868f5c4ea772ed23d0b802a167998da6183f90a4fad83,7e250c1fb76bb96f3f474f5410510c362615f2b3ef9c79f5c6ef2324ccb7b0b5
cec0d9476f2c948ec879d13c547c3f0f77eeb0a14f628063de3c430f814f08c7,740a3867f815f7471ff7aedcd6b5928b6c62ffb747458ae591bc05317ea299df
b5b6d4f53544128acda4a86bbe71c76c67508359239966e470c8ef2640dc3e11,271faeafac720205874533794b450ab446464900cbf13c04ca5464f582a06340
ae9c6f61f4e0ca7308210882ed4b5c787f25c581325e6960e50f1a8a979b11fa,ca68f263a3c9b0d662d4f37e09ab294479f51cb3837e8f98fc2fd22649d2d0a5
a7e3a869a7a17820901da730e4b69698c44ec92b7099103f43522ca9effe19d6,eed4bcd5c4777a294a3a0ca5ec53031ce4e79abcfe6d78e2dd6aae3b8fce565d
ff80a66b1ea54626a79a64dcd6b5f09c5b8b799bc9a7c9c9f7d026ed85ad5f57,f70050a9f2e273f16c749377df7a809bf6b6cd23a037317f3e8cfa5469d1c9c2
ebd0afd8c1ebd14adaec2c00e21592e2c6dd69c82b9c9666f50db597e2963b81,a3efabe2cd8f9e38fde36386824ce8151b0f473f263f1f73a37f89cc58ddf7e7
c58e57bac3981918ce5435cbd4c222fc4091533b00b031642b62ab5e01d96ab0,c9a7551b6982fad35f3dd1fc8efb8ec792869adf9f2a895b8e74c5bd653d1385
e3e342024dd9a1b6b587a353ad58a01d3735a55ca0dda3c77fa76d5020577998,9293e3335c3e92a3e48d0712463611e81d9450482da4bc46e3de0b469a3c050f
210a740c90d316a9ed3d1c5536e0edefaff7e8f559f3f2f087da63d4f2290f2d,13189a2d4f5de53b795c4fa4c45a58de41cc939457cc5ac854f50cc04e721675
f34113ba5dcd0630bf2cc39b5da2f06ff84fb2dd2cd4878824d1afa3bb89d0bf,95d663f62b58f73d54bf252adb08e22f047762c5ec8f9899fe7173ed222c2fa3
b5bb19f666e04c31fa0a8328f1d834c9d2da05c3407916d33e4266d3c353d999,e072ea61feb7adef665a7c0bac61aca611b04790249e4e23bfb9fe17eb6363fc
fe7e03d62968232dc231b37d13a1f4b70a8813e470bfbfd4f9bfaef1d0dfd920,fc416d72d1a77b44220bae64f21876f24bef97a5c9666ff1b5dae836a751ac22
fe7e03d62968232dc231b37d13a1f4b70a8813e470bfbfd4f9bfaef1d0dfd920,e79da77af67d0fa3ff83e51788e1965ff700aa9a8c81b57b5b58898be13173fd
be24fb67aeb8525cf6c46257c88215c256b6031f6ddd8446bd7ae55d75bd6892,99613bf89f5904cc79c12ee5325457fde38a5cb65b21703cd46c45b7007c73fb
9df00f89389993611ba6e788e91075190e579e03007075607333abc9bbb79edc,6306302ddd42ee02c2526f125391227fab13a47db9646d7812752992209d75b2
6262390ca2daf7daf638d4cc00743e3f7daf1042f4098184f38817e1c5bd1e41,b30f9fa4f1cf7a86704563e0c8c6a0be996bce2a64108e9f930566a06fda1297
2d3801f09c77575be9701c674db4883310eb88a7a69aa506526ea287b48544b3,59a70b3d5f07a30fddd08111b77cc4eb644e7d4d53424e60a6f9174db04f7cc6
82e38b7f52d3cfc679cf1b1c51442e13c6b899f5c294cbb0cab9ff0e9bc066a7,7a7627ee63d4672f8d561a3293bf131a8e8c1649c0834e9019125e99102b2842
50b038e728b2676fbb1d694288aaba486901e1d06eadb0059e61e3f882f40044,670dbf448ee0e14187c613f622781bd9f3a45c442fd48726988d1b0fbfa64b20
2e0b065c5b7ddb59138691f6d8432b76580508dbd4b5666ee61cf83eaa376614,17a073b2f9c7d5604e6cf827aa6d1bde2f7c1ad65d109b1743f3d12b2039a170
f5490d582148be65f7444df807ed065436f799aefe160dbd92dd52d9cf5dd829,e5f2c33285b03c0358bc5842a09001d5b80c47537528f374157167d1a7f792dd
90d6409bc9970e27bc896df473049cfba3ea388942a96115df7b9dd0aecb383d,6c51e36f782a419bf37adaf83b1397f152f0ff23c0fbf4fc87f379a4816743a2
ebeaba7c1865bf0a398f2510082ad1a46c9f8ddef3aafa2b0a19e51ef03252a7,644255ff99ee9e6bb8001612ccf6c46706597f2e3d8c17070add615390e6b003
559905f6093aad94f29e176b4dbaa2bfe3d0fd7409048bab26b1557229bdd5b8,96922c90fa5c1d2c2a19ad392efe892c63fd742c0dc59036b2868a375600a78e
b747857be406690c89de89a00d81f78f9c1d29ff93086a4316146c1febb87ac0,d31eed6dc5ab5140bc8c7bf68b7020452dc7b92de25863d5de8fda6d490f4eef
ea8a38f2b549d88a3bb0cf4f1483109635b775b5a56424e6364804291c08dfff,4debeb60f54a5cc4008d80f5405f86ec44f11d3fb118a6f88d12ba841640c6b9
d0dde6953506a9716109ec47630b93aa0ae286c711140877c1fdf90935b58f2f,c3a4e00eb0065f11c0a8f58dfe2900d758f3d5561bc9422f16dc79aa6171945c
b001595a185a94640bfd90d442661b1bd0a7ed92b1480ec8063205ee1ee47b52,b30f9fa4f1cf7a86704563e0c8c6a0be996bce2a64108e9f930566a06fda1297
1b59d7fc633a2c5a5511bb55117c0196b390877d9fdccaef2e45722f57b15cb5,d6bcfc77f0e3e72b025fbfd34ae9e992514c533296f956065fa88eeb36b65a9f
582ebf50d2d4f0e3a99d6aad346fb2d3a4daa4be2a832c24581f3af138380be9,9c7c53e80a4e74d56bf54bdc6ff3157b90254c3a4dd0ecdfa11c7b855ed178d3
9feeb6211355c64d507ba546734870e7ca328dacaccf01f3ad685426dfa12361,7c4067198d6c7253e0d56b150c2bdfd086663a591088e2ad17d5a6d3d5be1fc0
7b0e1c4fcd89cba37f935addb8bb310440132884260b35a0d35a5b77363ba81d,3a1768e5c65470f1c5fd4ec2069b0d7be13d545eceef6783290f3b1017f41ff2
a92999422ab7d3195e25f2ae6b661dfdba6ddd01a98576198bba79b56d188ac2,ebbc624f34722238dcae0a5faeab1943d74462d783ad2a0e6e08b92860986cbd
6cd6c83510c30a5a9d3178cf4ba855c58d210fdbc928fd5ac2dd0858590cd26a,54154f88cded4314c390eeea7ace0ced213020370d8cbd1ede1ab06fbe9efa56
b9038a6cd327ffff839ee406ebce7ac463f125f9da97133ad17485332c6d44c6,3284a423f2b82989b22d7f90e185936116f72b9890cb5163d9749c77e524c36b
4028e0e1973ef31ebeb04ec60e22c8feb57f3403fd6db8bd4c5f85bfc5eba678,231c55ce324d5a813158056dc767ab246ea733069fd2200db9dd135a115f2fb5
f2f515e1332e78ffa1d9ef780f5df1246b0d3861085eb8ff10d4d1542031ff77,7955a7254a697fa1b364d80c7e9a4c0245b53cac16cdf8ba9c0043516c68e0ba
6661826ff5dc285e84adeb8fb7742db73d17adfc1c3198816495c43daf4abf7d,82b7296cda3113c3c9d262d849fd08278c5e35e9383e1b27797a13e69c7f23db
92d419a6968a962e793e88672b674dbd4bfb60c776b00488bc3639a26dd858fc,5b6ca7dc223c6c3b914085f30534ba303b2918924d573e72b8ca5ae446bebfcb
f8d2915c4069fcec8eac96d6493145f620cff850c2ebd49531f9ee84b5e610f8,9fdc02317a1c26212f70de31775cb67513a39995e1ae88caa18dc2f448650fe1
aa7016431555e48b0b27de51f195ea80687b99985cd17b2d1c1251d9917988d8,749673f139455126254156f7bedf520db600e3a29685f6fd5a36833cd3d10e07
e9be305536b508a784be7447da7366aea41eb2750b5326564965e062ac395532,198305beda3d94e2175c6ba29f8bd17041d9c9a0cf016741a02668848a5d289a
4ab770fc9b88de049dfc16ffd4e290e8a78a602db36b1a64d95e188ed8dbfcef,331110bbf2df4c0f4b51f3a3375c22e0d973de6733639ff9253586a7906f788a
67e579da5edfc042b1d3ffac9ccb1633b2e70b5610e748f6e7eb5850e41f53ad,c7b455c2285e3602077e03373cd01150133d2eadc02efd03ab31026e2110e2b5
cb4a34dd2060bbbc23206c2ff78a47c632d87e452ba8f7540153f3205a17ba77,792834c411cb30049f44406b07b9975b55a54599d890ee4ccc5f884056f5070f
f02c66feb207d9b1597afa6bcb3da339a91208c42a3da5edc966245f0df52809,5370c55cda756b74588f420fb68dc0158dc37d0b4aa3b05774d1bbab43862501
f68a5c8d5f4c313e914c8090b8143cdfbef3b1afebca288df7e8786324534772,668be91dd1b827e11f83ba84601b3b5bdf9d458b4030ecabb361c08bab53f913
265c804c8a0de8bd4b3e2194156823204aa081d4dcbd5314463c413dd3d9f6df,2f17ee5a6c67436a24087bcfed49ee80259c111d536098551599860b0b25d3d6
ce87b91d358fb923c8cffd62745f6171af4a6d07ba8f4b429e5d4d17271314cc,eb89bf28a3cfe90595bb31c33adf09666949409a621295b7eef47fd24896cd76
18ba806eb63819961a27e6dc9e3c1b9d4c7b082e7769c93ccd6540aea029faf5,bec806c6923b584d89141ecafa19af1d0b8c547ee5aa46d99e42988a5e94488a
c9ff63299c4f087798ab1d40b7baa20dbb7b59c10dd7bab98746b74db035063e,094db509c61fd2da2777857ae69c4ab9ec982b4ec418c5446c43b9f85256e1b0
89136d5eea529edd221d85197ae21ece0abd5f7269ebd4e83a0856853394fe0e,5f7e0ef1686d0bb1813f03dbf01c3619ce752a9ab08ada9515011a653a896760
1fbf953f92bd9741c55956220e315450d59d82eb86dc00ff34f6f36a07cd6cff,a4986ebb7011181172835eddadb08cb8db90f20689966d8b17d2943f9b5e9caf
fac7be1fe3a57618c9328a21d6e6367087f76f6e4bd56432800321af528ee3f3,56929e2dc8bd135840ab1a11c06201305332bc42c4f050d457611d59a1eb91fd
623bfeb5e79a03a8579f9961eb9060d03bb4228926350d697bfda59664eb210a,f61100b5d49df2b8c135c4be467f9d28f7fd2fa1f75a3b6a82bebf61cd372be2
44f9dbdd5b466b7ce861209488a16512902da166cb475e774cd9653178552025,9be6c1f6f0983d431aa5ae926ce2d584d38f9b71befeba3599af1f451f384f1d
dd76cfbdab95636e3dae36de47a33fb8bb352cb7095948404a3abe7d0d54490a,cd37ee0d8426273488d11192e94164f4cbef1d316e39fccd511ab749c929289f
5c1fd0a20e6f576eec76b0f91dc0c93a4cf1f421277caefb40f881ac3afdc298,ad51c1bb17f093dc9f07c55b0fbbb6586f9e324ff633b1d2f4fd9db2c06b9b6c
6a9d68cacc8047c5c777c30c00fa4b985f874d726f3b905d756c3f29eab62436,bcb0292498008dad43d6e2d9c4bd3c3cf141e4be568cd85c7435b33eaaf7e374
b1fdc404a03c9b6640b327b339e229b059e41ea5781eab01657f8b4cc4a84191,4a541d635f11b74e58daee99d9e55c7cff2c1ddc27169b4cbbe4e9bd0007f781
2c792f002a758cc2254086a1fdeddcb1cbec14cc37b4825823bdf959965e5ca9,857c59a00203d32f9a2a0b53e56b25c120910b9fed7208689d16403c5950d1bc
ca9d8f488f4f3ab4073e0c4834829680341df29b2afda1a5588e997c3cbbaa2b,b0c89492b1770966bdcb08264a31db7b6fa1da9c2bcdc9b03ec1a2ec9a362c23
b527961ea6b98d6e2da526167520e0a0d1a5b46c35ce1eb59869b78b900e1d49,838a2272265777b1788bde5774ae42ae7e36d6edfec0c14a39fbe0a41c380f22
2dd4f4000f1870ee5fa6ee2ec6955bb628c87ea3eabf160b9541f7f5d3fd3fda,317b0d28dd469e9489b94488d7c6a82cbcb6a4155318e8153399253a949f8b06
4ab770fc9b88de049dfc16ffd4e290e8a78a602db36b1a64d95e188ed8dbfcef,563330fe3549e182fbcabe7bc6a4f5f5afa47e39464598d0878ca445ab61b2e7
84f7d8a01007537c2fa94a7d74c831c92e91bcbd3fe1de7b356febf9b76dc90f,ecca1bf97b3e08f27f94a0dda047f346940cdeb51ecb330b2eeac5137f304241
715e7f58845f76061861d5ff028709ad74416a8cf4cb66f939a2ae1f01846148,d97e0190d1f602392789b84dde0ba6f9e6f6fb5679204f09e11d9109c7271029
38b6c9b2efc59ffd0bac6202eb078600b835e93b0d101488261f2e80f13584a0,f9f7ccec35cdc60543d4271a8f253083c9f6305ac90f13662c877a8c3be2c46c
c0bed3d0f1d23395ea3ad287246eca491fd7c61f33f5a12cf4db04c6052f3296,72aa39b4c1d1af3ae50ccca9dba960c3825c4e47abc55080d69d9335d5117a2b
4ecdd6572c2dfc2ddc5807ac11ceea2c0ea8693ff96736824dea097d3b0bffc9,21caa7d8ec25e2ce37f4cccdae7dffd47b09b272b2a8b3b43774008612f81197
07bc084a09f8d4bc761669b985d6ce6647c9283421e3172b7708a04ed9ed269b,3c91fdce4fcd5dbe65fefbd29a6127e2603d9945d3170312fdf094b972547370
378b566d6bf08352851c8b2ba10dbf11fe4a4195a4f00c88c3be92b6a80941af,b2a9944e187767c1eec8d26933edc721b0a99578175e4d763587d55dbe364431
3674d2abf431047a7fe3bbb1cb55551edf05a578786b799ad40bc9a75b0a0002,00ac6a71b098d12094525c6d4e97ca3ef89814f4dc2ceca48b1df9a9442e0afe
e1abc15ae9d451cda1e5b95c103390bb2740a898838882a7a9f9b26269ce581c,f9e0e451cacf90a2ba5ad32fa9cc7cade1e8d76628dd43172360047d79eed704
38b6c9b2efc59ffd0bac6202eb078600b835e93b0d101488261f2e80f13584a0,b56b3050d64fd3f4c2909896c59acb9a10a4d3d3e622a2a49c0f7e56ae21756b
bf1f1dcad3ae451d8f16558c9afdbd8310a7289a681ee6a2708305a8fd20c0c7,b5428073e27bc7e402ab28a612c93a2435f47b48c6fce518939bd942d9cb2978
c53e2b48913a8779fa847b8b9296f95d61db7c70b657b96830de58dcfeeae423,13e0c341770d82f407d50059fbdb6ed71c1254b433d5c9cddcc85c7e2388e208
c6bb38fe3debae78f813f40110dc59e61392adcbc12a9180905af38940b68aeb,d65249aa760503e2bd10339b2032ba487e4080567e511eb7f7bc9ef7696e118e
4d1a3d2d3785c6370ee706ca269dd18518510bbe4479e5df7caf7fc64a76094a,d2797d836c948d8797a4f7db9104f1047cfb93535c551c325e18d7bc628b0447
eb3180bc59fa66829c4752d46c1610cd9d17f2496565d45b987f3ba00175eda2,d0823812ce17b4309968475c98dbd805bc85c4afc86c38883358d73f80f54133
9552763ca62b5ad6501472e828ce305f0275e006d83de5a0bb0ffb155019033d,a1b5773d13c79f0d820fde0b12b7d0babd3380efff6779bb153c08e16987c2c6
d0563f8134a2ab23c36c8ba17b7da87ea642eff56979ee7f635b931c9c647cbd,3052fff62a0cfea8d5aa854d4329469da089d917aea1ee5e8103e37a6eca6aae
8ed35126ed5eb8803b667af913687b49c342362cda8ce232a6eb55468632e4a8,e5125d9f63d2947b5540a0f96b768bea4bcce632d9869d2a75749bbd513142c3
40e7f9359dea38dc2df0527d7276afe2867c7514548154c10d62ad21fdcdfd54,78905da3d3d24d39c777caea7f61ed92680e04a7f7b6371b289cdafe9232e8bc
a42c85abfa2481166cd4b67462b81b3af44b43606cbdce16032c302ea1f58938,84c41f71930c2d3349629f585aaa40ad016b1e9b3821df91574401487c5a7094
8bd739b057ef220b8be238cd7a4e1c14a4c59d4ee4d0003a0e71da2228df7e6c,ece43b840a30c1f98c2ae0581a0d8f71aab5866d452fbf1a60c4cdc2e4e44f96
dd76cfbdab95636e3dae36de47a33fb8bb352cb7095948404a3abe7d0d54490a,e3dd78fb9c48fafce3874f0ff8b1c477fa0e0ad9343330916cb8aa7e7c68b5ff
39a095135912b043034c0d5b203455a0dfb61860e298ef54b0e1598d082f63c4,caf32786fd98a3804aff1d653a4c26c351492ccf8e1e43362cf3cff9063be955
2da450168c44d4d6c3a312030882e9b225711605c68d505dd9c198b6a95bd2fb,80cd87498e95356777cfd583e6a55d76d82ac877d368d952ac2411181decc78a
a6b9612064a467c1eb8a5ccf441247a06fd32f93b191c71d63be119767245095,12a5b8765666c537f2777bfcdcbd779062e6b30348d4e1a524718d54ea9d29fa
d769e0ca9d6d4b7115d0d1e414e1dbc5dd8c37f10a54f2d4732aaec005722ed7,9482dd83f49e3469610a75788c508433dbe8575bf4b0cdccbc8f3f274eeb63c6
36a5a028652dfd98a6c3bf3e4e6191316d11e744410e935bbc9b59741f83ae91,957ba26719b8f62ed6bf222630f79b445a55d0e6a9009d016071c970b97bc808
7377609d2a9f01699abd915c44de55986188786a39c184b5936b6eb4baafccbe,bd491c69fe9694fc7c4315a682dcba3c46b4fb8d6cd4c7633c50658f36a5c91d
f5cf3408e6307f04ce1b748725f3f644eb84de5f4999ba4856ad9985c490820a,713272800bfa8c8b00ada9a70d051205ff3cd4e435276c4695b7aa9119981b32
5d7c6ff74d1f637a936cf28b8a05717df7c58cfed958cc3f75318a5fea2c6200,0b3ad7c01e7c11676a3aa9352f3850e70b7c8b6b9b4efd876b9cd485491a66ff
26a42ef86aeb5fa4bc2d10b6ff39daa0363b549a98d91eaa68eb19008d9a079d,1cc4e3add6ceda4be7d6bc2ca1cf24a6e20923fa7844aed636985ac39a5d40e6
0aa5dc29512aee6424c2ae501d346e1599d4f6e83482e047d3a0e6f3be42e08a,1d8f03e262c3053206fad36e201f8ac92c530192335ec5abd8e3ad9c22877644
1cd787ad1b1c8ee826d601be9627508623fc3cd815c9f5125e4a6b1f73516e1b,77324dbc33e1c7f3573d7981d04f4a6e3342fc97ac65eaee2186477f410c3cfe
8fdfe51d0089889ee3f99f848567b34d0eae6e48e52e2b8c980d727c00a9dd5d,a045526138a5c9d5caa0f8cceb2e2996bca794dcd4bdc90f7a679829c2f2bafd
92d419a6968a962e793e88672b674dbd4bfb60c776b00488bc3639a26dd858fc,85a39ab345d672ff8ca9b9c6876f3adcacf45ee7c1e2dbd2408fd338bd55e07e
679e488bedf0a2277022f1694b944cba319a5ab21a843d14033ddd03a302dedd,f01c59fda2afc5536739dd2830dfee4dcf51acf9a1488bf8e5f1837b9dd11ace
600033fbcc88ca67e8e39e1d6ba089b0d86d4b82217b600fdc7d8739e558562c,eedeea0dae034c1164f9b5badc03fd6b343ca29f4d0e98e6460a38963278e3de
2c558e588705487055d26e26c856239e993934cfa9e7c6bc0557f49bfe1ad7d3,7fb6bc64d39fe567e8e5952b62cbcf89dcbb0c975a9dd3e327dd4b0049796b72
cd2141556b70cb7f2cfcd245a143192c35c4d6d3b810aabd80418f8b39ea00ca,ef0f3b6086e7ea24fcaff1f2368086363beb0454eb2476bd029680c59e4b3f21
93794ea5c626368da6cc42093012600d04942e4586e85d3c6a54aa52638a9c66,9f20415f35e94a61327a87e7aaa4a24d0c8e764b43aa3e8d37bbbcb132278405
8a0558d8cc4dc036d87cd437d3a301ac946bbbe14b062a3cf4d2b97808ee5c45,f1c78c7253c9e3e697752caccdc761a071d31326ab2f5f27139f7533d0c3659c
ed28ea1aff29483d83fdf4cf8eb18d9b8cf3b024556c33456fcb0bf8ce1549d2,3333f0d6e0b24654de51204b7d96f691e7cae1863d0311764f31bc3cfefa27c5
836a2b5f7f0085954e4b21c05ef62c68be4084e55ddcd61fb85bba6d46f0ced5,7133c3e4d72c337e543f6c16b10fd01ca55b86ab75e238c4a4c8186389624c0b
0d6a0e28d993520a387f2af257145ad72862be2d1ae34cc36fe9b95aa42b59dd,5f227c17fe7e0b6e6d8f572dbb3599d1994e78f15d7c03dfbc7ff58551cac847
451f9daad710a7312d04306185330f699c88fec598bc7b73471605557c6c293b,84122a48074ce426c8da9793e8c16b51ab462d83a1c7fa014fb32c813ae0a381
8d37ac90942425e0095c77d4b6041b6ab6440dede2a9b04f633872a7d5543e37,ba048305c6ffaa1aee396c61fb80905b2a2d65b9d85e58db1a5f93818a9b0176
54d9bc1561728cdc0d85c37956abda86c739919ee08c2943d5f9f229f666f55f,657a286d33582aea5f2447f34bc7dc8fd77ae709022d445c19ca782bbb3afeb8
634dfee2deb639eccb79b3bb6eb98cfe780a066380becd786aa090200dc871b0,ba638ee32bb82a8afa46e8a3ced2db94260e282cafbe031ab6cd06c57f064f97
ad5e56062a69465d1b25bed21c398de426ac03edb9dfadca02fbc1f6ac1c18cb,38b538882310f72ee30445e8756a550ea29f50f1f90142194ab7f4898146f6d3
38b6c9b2efc59ffd0bac6202eb078600b835e93b0d101488261f2e80f13584a0,1c0165505f37dc25fdcd2d5deee574f12778991704946a28d01fe841e68604e3
ef9f562633b8d5bcad59cbdf022f434cebefb441109d7296d77ff35b4f471f77,cab7dbe013e17151234282f6c4f2a75591b7c5a369a114bf00451ccc6c8f40c3
d69db822e43e413bb3947f923e2a73a5fca216405b1cd15c2fb4ae97d038d514,5c0313113464b1e421c8a2fe3ff4e04c38a95de32d7076771a187eee6d60d6c4
015d4533f1aae61947d692c29dd6fcc49d75504b91d271ea073481cf2cdd9f3c,1fe001033883dc2d86e57acf3f5486d2d04a65ede399507d48a21bd135e86b15
bad207aee6e760719bad0965b9a9257d33a3629296df139f5d9b23f03090ac31,d5a340d25474666afaf717dc929b8f2e0ec2b84fc8322f7831143e530412d16e
05198f84ec850977d4fd833a51090b3a4dae18913b5b9fbb4b974401a8f5f919,b7db83593a9ae690cce74a13e5b06ba4f54583f48cc4e4c48ded1cb6dd59c922
06f2bb96971e7d9ff0fbf41459bcd3c693f9c3fdb2de3f9b3b901f7d6a88357e,db146c4aff23a821809fd01563b9a78f26d319982b31098828ba2354f6e2216f
5d7c6ff74d1f637a936cf28b8a05717df7c58cfed958cc3f75318a5fea2c6200,0559f93b45c6e98ced63c301d49cd1dff3c31c5a68bb48cfba0420a831b15a03
c305eab58f997cff27e7cd707acd7c411718cf0990ec73d6abfac23dc2d65172,54c16df70bf69918bc427babda06ee0419f93eee02b278ced22840e6096c0944
7f7c8ff1d9b2e67be04921e3120803def8eaa61bfa0963e9e4b2ac274148e06a,497bdaa3098a4cd31e489780e89f941140f54d10fed49c5a16ef760ff6db7f26
d99ddb850f90a27eaa983f2f767bde72ca04726fbae5f0cb6d519107d56ce2a4,c97be2b0c70fd555e342d246c51d13f5d1e98e362183da27de292ff1e832f313
742b65ee852ea8e4247c2f289db4949b024a3434a532933fde5b17c6aa6c1b44,2918a2df7e3ed8fa8f6017768ff4c051e6634b483c48e50edf90a2db80462e88
89701ace3363a1a8f698a0032627acf8f525f2dda12f4863d9c7e9a94aa63797,7239967e37f5d7980723b95714e923b0a861b87e1357fe1beea595c26fe2ae8a
a0553d15bc201554852fb016ed7e3bfef8770a7cfa439215aa7582fe36ad0eb1,9ba4c9aa4e9fda7c14eaf4f7cca29013fe93c1ef6909b04637678dafae93d293
aba9455151c61220d970e7cb606ea3ab133348690430e434f3a87b086172fe16,a9d1457b93493407fdb49209e5b69f8915ce8fbc5b7adb639b18136495086ce1
129b3d2df7002203b7bc12218496f0f9ae6ced1deaea87af668a9d23eabb5d78,ab2f924ce751e58b180dfe53b60be0869a579c90e5c3ef4c7328f0045ffae7af
a83ed1aa57161e07bfc9fd05ccd977066867c1a445349d3d6c61ead0245566a1,f2f2788a856c600c0af5f34633b118a69c0e176b631fbec9bc41dfdb2672c55f
f4ff08e3e20b4e418cb4e4d1ea94d9524bab6586f7eb20918671d88063c7c040,d19627813c325eba4f6ae0eddf294ea9d044e240900aa430eaf2f4b326e0cae9
e9e01b992a18055065b08d36a90a08f5f605b0f5c643372a60b8e93ccaa5d94b,7770600b4632c371a6a31a648f17118debaef77d2e02a37c786d298d5effe7cb
0651764346b9ac81eb83252fbbb0d7bfcd94329149abb1d68f11f1d19003f7d2,f3de74e76a06de3c4e2536fe559d9b0b0d0bdd362ac6bc1d9e672143ff3eece2
9def9aafb06d94780c63d16b13a402f657a8fd6aa08ab1097dcd5d5021535fdc,f6281ecfcd017d7c17fb29f06f1160208b6ab48fcb9275a00d5534315898b916
1fbaee14d0f5a7ea510006d12df4a88062d3093cd3e5cdb74aa76320a522f052,129b4028ca94e5bcf5d12321c1e59d1734e1076f2a18ba4da7a922706386e3a1
49b469fa422d98810638ab290475f93cc17e31f08be9ab4ebb36ce28f0db342f,dc173143e716f890a33579742290c18506eb05a283c0a4ed2f0923ed54a4f1eb
cec0d9476f2c948ec879d13c547c3f0f77eeb0a14f628063de3c430f814f08c7,e8433e5b03fe07b978e5b04f6032f19096662cb96e6dcdb98d36fe6f5422f3e1
04a38905841abca014b6443e3902aa1df33ca3da4fcf3ee030bd3cd566874457,5088a750fb0277e3ecb86a084a8cacb9facc596b848a3c753005638b377ad310
ad8947586a238637c788235c99111fdad40bf8aaa6ef224ac3bda1db175f4b81,9d9e576c5ffa07ba372a628d6767bab4f96f25cd4cb5cdc6ad066311c2c8b648
cde0500ec276ecc6186c153740fe9aaa9aae07a12f9629f810e01bd436fdfe6e,ce1fcc7926ee9f41805eddf343dfa0202c35b9e036ce8229563b0f82f7d3ee99
50bae8a1793f3627b67d56c9383c4a6ab5e7a20d599e1511b39804f3e9a7a769,adb8dfe538aa7105dc8ef22b802ddade834859daaa667e58abd945c45722c75c
814ed60abb498369f6fbbef682177e507c5f84a00c2ff857e87f9cd86efad025,e7b3ebeb4fa5983f4521727b0ab3b4a2bde81f64cb23553479b6fdb2155ad2bd
850acad7e0bc467572dba78f30f924cce0ed6882a0a11d26cb8de161297cf5ab,07ac77a38153e86048943189c110b86ec15eade66d7f1865cd90edb4ec24fbef
cdf763c072d752b02dd2143b410fbbc1e9fb0d1d1dae5c065874b5067d5cab42,77b627e6ac84cca1b5d50976a05e513f1b0573e88296c07b622497cddc03fd73
6b8128aa2b4eab7658f71d2a77a0331b367b8d51ccbc3cd25df71201d1e25d2d,12d9368c6ea2dc35576f781af3a0f378f0574fc741ecf992b694ad2aff775955
0983194a0fc8905e80fc1e7dd8c61dcbeb380683a83e7930a75a7a63e563a251,b03a1b14eb7b4d4aedfb87d85093b92f5b2446716cca13351e3ed62d2c5a3a08
a3602b6a4be4c1baebeed47b8462330b0a446a44a11fc553330ce51d280a8c8e,af7486c3138396ad0cfb538882c3e64b0417fbc3fa14d50574ecc1f1befde97a
f85910b739f7d545bb12ec81440836eedcda1d8d2495ba68caab2985b454c1b9,da37b017fccc39bdcb111e58ee28936aa4f4be59305d00a179c83526cade63b4
9c14f2ea133196203c1d64c1679937e4639fa1c92840ac05070d467df68a80bd,63a6b90dc4187c7b7ad0a65a7b3743f427740b4c5440bf0152df7c9e3d76b304
6bd53ba8143486b37dd200252eb10a179ae726ad9590bb46c1d374762684ac1d,fdec4e44df9804fe70bf957f29477ba9d0ab4f2c9d57fda95e3c21a753f7cf44
a760fbafcd3403e0188874ff6d39346274c4162e48cbe0b427914a31699fb652,9ffa865f2bc6e850157bb454ef3e00fa789e3f8cc631552941a99ba3fcddde51
0d8c672f99caeb5db75ee41e32a8039393ac8167b40e99962b7b788c21edf260,8559afa62d4671ca247a9ed023c2586a72fd3552226827083636fd75750b77dc
f4b934051c775095a33920f878bcebf8c74efaf4c0a5e3309e3e0f5e94ea3115,f29a64a41e294e4941b5ccaf9af6684cc65ce5de59fb2111413478622ef09665
cd805ca289addfb1df9e2f16a0fc0be184023f7e7e55bc5fcc2850d1330b90d0,251c476a3d6d4feb0f66c6e0fde78b1c7249e97959fb56ec4e4b42662e746fe3
312841b430bbf8b85ad90285e9aef2183b4cc6a171c678cfa71d4fd86fdae793,93d0c1de61e375e40b8c49fe9b409ffe20f9820d01495b42a61e4a9e8647bc5d
e9be34f637b9cc97b4e438d906efbdcd58ebf8681ad20ac0b078734bc133c7cc,4c0708965ac6cd4bb3158647db00550c4e50e019165b53cb1e3facdd830bf2a4
ddf968a768fd32daa168e82a96b1da3cc6d85ea61f47c7f04f2e62e030d1c610,a9b0a31dc5a7ba799a6412246f9b5bde1db79c0e201648afb84f5917a46fc9bc
fc0e68b0baf0f26c6b1c8b87298f17b3656eb8460c53ec591dbc54b1d17878fb,3003dab4077d00529beb6287d96b0fd083e08282498259a599a93c0f0346d3a8
98d9c02eab806107192414097a959339039457c5f0a3d96690e05238a5fcf788,e5af13a8437bd8dc89d44f0eb07831e47118fc0ac0cba21fe03c18d4828aa930
cf099b2ccf5645aa1470916835a6dee7ee461ad66fdf027bd406f327336a80fa,e7b3ebeb4fa5983f4521727b0ab3b4a2bde81f64cb23553479b6fdb2155ad2bd
c1826a9f450e6e0562cdc4f496d7bcff3827020358819ccd650c8de43ff2c176,69ceb9578eb742c170ada84306a327beeb19239dfc3612c9b31666b079c889a3
3c35c85d3a3e66d544b86eff09b2c937166ab39ee9bf4137f77202b279e28dd8,defa728cc8e6f5dacfbf4e6118ca85494de1d1788e878af92ef426e6bb6de0b5
4de8b002200aa71ba7ee0a6349d421d52352f7498b0e45c33ca69be5dd47762a,1b119a0b268a2a61af44241c393a8651468e3dac03e5317b7b75844dd51c279d
2a067a2b6e1196f0dde9a21bf074c176fd669ba48b005e308a6fad94d684a551,089ef218704237c8f69545206a188c13a11ad561f416f551c1525069015f03d9
6e106f1e8cda1d07ab083399ad34142d8eaf605ca33086d57f369bd77f9ac7c4,a9058431689570635bcd97a1e31db86c3594722d8d1a9ac7301ce2fa77705544
57c8fcf0e3a35591827ddebba72e5584368b776e8654e9c86cba8093b3bd3f19,996302d315014aacb270fa81900260bec9a94999c167719d973befa897dfe28d
24856d6e6f8b78bc72a66dbeb0cd61fe1771b8a4b34a4c1a03e7dd1e736ea514,2a4dc5b10dcdd00e14c8987afde8264bd097bf00d94ab8a4aa661cfe56029996
b47325c8f36d8c1b210225fb6b933198763e7fc7ea5fff870d4a7be7ebbc6bbe,3e55f08b9c7587d7b0c67a49c393563a4f28089369e60af52bc8d63666d14608
887157a5841fe89e86a22995bc5c3c69b48f134589fa3a36ec2c419a94e646c9,9d9e0d0a372ca1731272f22efe41bb935c49cea420ddfa7bbebb5612d566c05f
9b6a01d23af9677d87f2de719d6ba4b91f6071ff39f23d728bc26ad4f3c15fe4,497bdaa3098a4cd31e489780e89f941140f54d10fed49c5a16ef760ff6db7f26
2961b5d805ab94a3110a53fad4a1be2c5ad3553ff42b502fb90d15e8f4e9d308,ca0819a5aa6cafa9b7b1688858c8795840a816d98bf2411d7ca8f94b29cc1cef
110113235435003172e3b8d456d5a5087e5a27f5c346caa36e23b69b739b6548,0e080597818ac859d637b380608dd5f697946789b5565f017618331781949d72
5e1289ff8d64dae4ab6338307fe0ad94df1443ad458d168aa24f68c24fa8a86c,463b51d10b37417a01c3726e6008d7336bd3b1fde898684fd007629316601daa
d1e789c2f49e291328e19189692b034695b11f0bbb782585c8666d30da52b9c3,b126c1a5e56aa3db2b998a74ef0fe687758c0437fc408b772469baf68fdd2673
d50a74781590470093bf625156a4f20f23890053dd74286a926e206bc95727d5,922c0e5d73a9b0ea14c62576ca1693602d7c6f0133154deb287be5d6f58a30bd
7b6a6f91a66487370a29484ac9fb6b51443726ed31b78bd322c5d2e5ade27766,f656d5252c323582762b9d2f152017028ad07a09f310e38019abf469d5f304af
e9e69db60a943ff186018a01ce28aa819f1d685b1c1dcd319411115447b9bb23,f3da9645a0ab2fbf74414cf7e8001ff87cc0e8fd333eaef9e94981a7f44af4f6
ad5e56062a69465d1b25bed21c398de426ac03edb9dfadca02fbc1f6ac1c18cb,a72f56b5ff7d5c734949805ce01b56f35f34d7cf00626af704430ac2bf65f1db
ceb2bf6fc16fca433b3ffa1b3ba3c6bd5f8f4e19689d9752a3828d7f2f00c19b,a17d11ea6e884d6700a200cfe191c833a4391305268a9d6482aa7ea576fe35df
eea8f9d2863ab2305ec55b9f99223431d68cf530bf1a38e89ccdff506d1ad72a,8a5dc66386b3c4f17b436d879296093c8d21642e4ad10c18d9675096b5e54a62
2e121f2e8ecf599032537b7b9bb093c0f329d808cd9cbf9d2701f99904139cd9,6192ed96457e88531852393ec6233ae9c285218a89604c35a9313642633debea
f823e05688e99cf02162ea4ab02990248eb7e773b46fed7da715f5372c46d8b5,8e784773684aa84e85a0e9ef942b9c1f09f63344e718959cf1188d20abd7fe89
f2d1c98109ba324c693befb9759d920699a61ac922db3eb8e9a783b2a3884522,71ca41a1cce3f39e09137ed52287d7493573d029b84ae56a2ae29dbee43cc177
af75e4aa0531f11a90e4cb9ff2a5ce4149ac17aa06b17e80ac02712977656cc9,922c0e5d73a9b0ea14c62576ca1693602d7c6f0133154deb287be5d6f58a30bd
f1763a2f9e47071b002bd7606a5616519deb0b28b228e16662e0bdc578d47f5b,c435d218be3f7eea6c53f2fd1185de5b0dcc64283e65b462f9e3da5ad56645bf
d36aa9baa8d8bccb2e40a5c8c7f1a490a347714750bc5501fdb4c4142fbc1347,754cfa16e37d7311a70511374e88d625fe48f399aff98aaad972f8e2797dfe12
9b32c701dd885bc163391870f6b5c2f0d8daf1856529dac4fde29d737a3e0f7e,2f43e74658dbf35327a8bd6fda61c43e4009395714d85cfc67d02c0c1530d036
d4d1305003969ddbdbd8e112d5219986ed9421f66409f65c6e0cce954550dd54,96bc7686b165a27a84fcdfd77ab16970cd4cf1fd9ac711c928bdf070ab8c7aa4
798b2f783d8c847e9f27eea331701e558e816088b74520fc61cb8b80140b0444,f1e9b6e6748df9e15ff1e392c299ba64eeaa11b2e8b36c1f4b4741aca9317298
4d1a3d2d3785c6370ee706ca269dd18518510bbe4479e5df7caf7fc64a76094a,2a1cde357cb7f797884b9874358644686b5c42b6a87973b3f1e6cbd6aa0d2618
41bc220bc7bc1a328f2e1ab9d7ab9288a46f278ea5d9938f8ffab38bfe6af570,25daf05abee5381b7eccfccb48268554cb95722019f19fff89063151b96afef7
2da450168c44d4d6c3a312030882e9b225711605c68d505dd9c198b6a95bd2fb,ee2a6ac199cd51948381202902f66840de27897d99c543de7e056bb3e3303b84
4a3ab543044a345cddd1aabde2304b3c6eea33a96318d3b251159d721b8aa7b0,ab2f924ce751e58b180dfe53b60be0869a579c90e5c3ef4c7328f0045ffae7af
a979556cbef3a3696a720fb3d1a75574d80a9032d549493ee81c6dedddcd3f2e,42cec4d50d927db94f9ec0599b1d7a9b817f12d2aba1872b0be673a26b51ae6b
98535ab34e2dbd96a00c445a76a45ec76f5b5bf9fbac05db5e18e5cfda6c6bdf,7350a477d99b23cb4d85986c8d99eafd0fb854eb8474367b1cabe4cc66d0be97
8aaecc90f5e933dfc0e9d037e14239dd43748a77a7bcb8dd63f8fcc444956f4c,42607606fe1131c49913a09d71e71f98966ed872f9572e0f259a218366aa251f
1750b70e18c16718a2012bcd1615661c1ecf89f9debbad9c3002c960a8e2a2cc,8fb3a8bd11148e10a5a891dcd7d0237c3b34fb57e17e466772d916bcd933a261
b2bd26d95967134ba8e5279bd55b174f2583600bf8c896f9ed37e3cf3e8b178b,df5c49a98fe2d56d57c38302890b7b31afffafe5d382bd6b0a00ab66944911c6
b5bb19f666e04c31fa0a8328f1d834c9d2da05c3407916d33e4266d3c353d999,5aa9cff3c6a3cda34b07682b6cbe883c981dfd7ab43dde306de6df2a5a3eda64
7a991eb747e431e9a95251e96260f3d63e01db543ce432b5cc55580ce61a85d4,2b4e0215adcc8e655f2d90ace99aebc9aa1e1c4ba85271981600821fa043b3d7
f0e7b1e57fc9c0036c0b6f7775a5d2b171468579f694338e51cd1fdccc07815f,db146c4aff23a821809fd01563b9a78f26d319982b31098828ba2354f6e2216f
5e45c6de0fb2c67d0b06d81f925e98ff6bb2b8a254b435506e9317cece3e3a7c,410af8c57245bc960f60ef7aabe82faf4b419c1ed76cfb9572551ad8e235e1d8
887157a5841fe89e86a22995bc5c3c69b48f134589fa3a36ec2c419a94e646c9,db1b4a093ece444670cdc2ac23ec2605b0fde3a628c2d826d7b2cc9d35820876
bbc800e8e4e78d146ebe99654e4aebaee2cea7f3dce64d7ca47601431fa4f59e,26f8ad6306d942dd4880d9950db396934711043d00179b7c27273657dad663c9
7e540c82d189e61ce405f19e5cc3d97c0882e92e802469e0976acf640fdb0230,cd887ff336bb411669005ed22d04abea160c64b2cfa15818348676137e003653
4b656b6e3d3e7ee8cc9c57712bfdb65723a464948446f83bede21df3409cd12f,6c4448dca60132fb0aacd7cf0296aac7adf5a25cbecdf80cb7fcc06aef8ec579
4b8fe9dc8c9873f8de265e077690da4ae873584e027fd5075105971dcb390171,606c2448fa086b12c71828ec181138ec2aa092782ef48d2238aa5f2be8d1e7f9
951eaff42967a63a979bd781d3574c1d5ff0a219ae490e58a8243cd2403898d4,ab2f924ce751e58b180dfe53b60be0869a579c90e5c3ef4c7328f0045ffae7af
742b65ee852ea8e4247c2f289db4949b024a3434a532933fde5b17c6aa6c1b44,0c0fbf484788b81f2f3c61381f27235efac14358d93351c7f3c40719ef26f794
dda972878e8fd4bfeecdea2884574108cd059bccee17b01ddd036d51078f1093,3e55f08b9c7587d7b0c67a49c393563a4f28089369e60af52bc8d63666d14608
b5672269f39db388cb1a238d869fe4bbb10a646c6e168f7eebd8bb4b375f4fb4,3f16847c8d2dbceda9c716ec2a3528715edaa3fdfe44663e492a2c3cf124f0a2
9552763ca62b5ad6501472e828ce305f0275e006d83de5a0bb0ffb155019033d,ac07ae16e35fe733b25b1741f37e93326568fff232d2f701de043cc9d9e232be
17de80f63f138ec715613ec3aed0a09808879341e6172f743fff0a21ac0a5e21,754cfa16e37d7311a70511374e88d625fe48f399aff98aaad972f8e2797dfe12
015d4533f1aae61947d692c29dd6fcc49d75504b91d271ea073481cf2cdd9f3c,5d980fa017f9cef35cb85b4a771c3db49af6bb36a3679e0d160f0b8a2ae21b6f
177aecdd6dbdde6342ca6b868de4d1dc96182e1eb9278361334a632dff84e346,089ef218704237c8f69545206a188c13a11ad561f416f551c1525069015f03d9
2efd342873b57916ea4ccfd6eb57939dd427c72f6dfbe8d29851fb79a2283315,29b67c82d0cb4c5869bf9693fc6fb915ddd872443fb6faef1e6f015161131bb7
7e11ff701da42eb2940d42f8c4d468db11d4dd3447ecbe1404be2a46814bdfdd,0afc933fe3bf4e4be9cedb828f5560420329daadc1a8589dcc6839aa34acf3f7
280ef4050849ffd96216911ad14a37d3ecf465adecfb575603672fdadb7cbbd3,b18494c837aa74aedef8544a6473a7ed5929f8fb76128833e3281e4bedef76ac
fa9475423610316e31f78edd536a76e1d6b3e1462b40030863c9afe7071c59ed,c435d218be3f7eea6c53f2fd1185de5b0dcc64283e65b462f9e3da5ad56645bf
982a5f1dcfcb1a4b3ade8f3459911778d2a9cd86c170e9472e3184874d55fc58,5aa9cff3c6a3cda34b07682b6cbe883c981dfd7ab43dde306de6df2a5a3eda64
ecd5d0c637faf2aa77ea2bd181aa8a5468ac35225b26471c3c8750cf6e8366de,232f80972ab756d14cc6a7169dcfd9faaf9f5a40f4038e7486b6d5bc1d0ebd0e
01f6a2ff698f1849ec7e63ff0cd911798fa6978a4433f7a513a36e1abc35bf21,455e8e4b310a575ce1f9e9fb327c23e147ef4a23f995d3f82a26932d4874267a
2bc87a867dd1a5c95ff84fc9f6cb45ee4dce91e2158b557cd2e6295b0b4c3ae7,fcb4cba35f70d1c5fe02f1af1df0c67abac504a9e9020c856c370c4ebee31f51
1a194e9469824f5804bff9be9b5f466a0881213bea2c58d2aeabe2d2c0d4a391,742715118bbbff1774d73ab42741a7f9d13c9cbcfdefd2430aa1f40acf83d48a
ba0ef078b6e6b518a2b99fae90ca2c95a9c4ab206f8566db5225fef9ce2478b3,089318793c5990c27b329ba2251c8d9a39d47126793d314ffb813c5d11867588
27eb92284ea25b6fba66cc6a6615cc9823bfc3db98f146ab0ac019d9400b8406,0afc933fe3bf4e4be9cedb828f5560420329daadc1a8589dcc6839aa34acf3f7
4ce5a2f3b28b91d41580ab5435aae202076b65001514e16ec82383720c434038,232f80972ab756d14cc6a7169dcfd9faaf9f5a40f4038e7486b6d5bc1d0ebd0e
c294d858d016365623d034c74a3a684abe7a9c973ebf46e97a2be9d723ba88b9,875a44b7d2dbb4c1765a895bec9d8aa40a8e6855731fd2a8752441fd3b642911
b5bb19f666e04c31fa0a8328f1d834c9d2da05c3407916d33e4266d3c353d999,eddb685d7e560a02dd3bcb5e35e934ca229d6cff9bc0eec309001b3c13007e43
24528832d17fb118c0ac7eb4ff7340d748d04f050b4459b6d9ac59a5766ac84c,232f80972ab756d14cc6a7169dcfd9faaf9f5a40f4038e7486b6d5bc1d0ebd0e
bcd7cb79966a5f76e69b811f1efa4f83db023572c3196dd656e2bbe530191aad,b18494c837aa74aedef8544a6473a7ed5929f8fb76128833e3281e4bedef76ac
d97338017a291efb30cdfe85ff18900df3e758a268b1bb3f15b53332f6cc6fcb,4fc5c43250c3a5e14624e4adcd0c4cf0de657e66ce370b9a94bca7653b3a5266
73c123b6ab7c8e3713ff33cb72bde95a770c42074c96c12c870dfcf8b8fe335a,8bf33cd0c1b695cde9de0e0b4cf55e8891b3c130e97832653e67832a997952f7
1098a1ccf340502c388b85a1e38d870f98678eee91be4cf63dc7d12a9fb6acc8,f39ab1b0cf3c006e8bc819af0afb3ca18d428b5277ca2744b029ef4caa76f0a1
7a578e17b56781309393bd3a0891ba901ae0d012790bbbbf8cef27a745ef97fa,b18494c837aa74aedef8544a6473a7ed5929f8fb76128833e3281e4bedef76ac
4390c59b48ca548b7475f1079b7f5feff576de0bd49e01b02bb6ee71dc7a5ad3,605a9315ac58943850647e14606ffd7f0cd556b4c70abe8c0dc03b3890b3e540
f0e7b1e57fc9c0036c0b6f7775a5d2b171468579f694338e51cd1fdccc07815f,9f7ae9792e1ad9a6a5ab7b4ea57efbadacfc5f245165244e809da674a947f84e
a07d94df5824549a13189e62920f4cade336cd2492f572235434b193c2f48f70,606c2448fa086b12c71828ec181138ec2aa092782ef48d2238aa5f2be8d1e7f9
591ab035b3b8e94c2855b8081921f99da3c4f02c66ef8559c375a426c773e041,2a1b8d07f6fcc03a5d1c19bd222fbebecbe7a9d18bc35668329e4d3f75a7c6e7
a5fbd44ec029fb38e5aee1868d2839842e421b59bd6e350cd7320fa006aff854,606c2448fa086b12c71828ec181138ec2aa092782ef48d2238aa5f2be8d1e7f9
3b8343a1d72dda67be0ba3165cc524d38c0ae6d3cba4cae361d995d31bd52b21,62fd684c3395718a5332ad5a8973b250afa768f97f25f76a30cc86531542533c
ec9ab651cee7433c0232eee02ad5f3bbcf2727f5d1f3124eae035154738ead1d,8d5a911f0bead9851f79a5fd59a7265e5d787f8bf9dc0d17c054d25d9c125b81
bc61540720f094b4e9123d9afdc6a11cb8c40209d2df48617b2861b91abd661b,43937d7d7c0cfe0f4c4c125724dfa5c26e54e68af9febab14bf97c1e18297940
8904bd95d5a6759d7e4e43d5e6c442fef1f37e978fb4696e8382951bbae639c6,bc690cb9d5a22f2b66baa19eef61e3a2a3b7017e00b775f454d82bb2fa29f164
bd09bb88cf7997e5b5bf0f519c087d228fcf4a9366d1dee5bd33927db522c54b,cc207bb560a5556a357f8c904d92aeb7351406d56df3e14911e95fc1dd88f75f
ed5c529489742bc703b5f8aece99eafbd9fddac8fd81d8a40c4c81e9fc75ed0a,93e1b8c247218baeb0df67b06e980d6d24dcd4b93e310967031abb65e126ffbc
8b8f633e35315dec07d82a9c1971f23e543454486bd51766ba9ad02727cbfb7a,dddbce285406aaba2bae9a50a1d57cce8c86c59e22f29fe9099ad5f4c81af16e
7f75acc582452c87822cd1eec7d655e69a357c21b3ea63cbb07bdb5b1fa1c50d,e4227fe70264d47e4ae887fa71814a2c0079f14dd0b7ced553a1a6e039b271cd
43824e5f3f7300d9fe9c21c580308ed9037f713f00df5e4d6ba8c8e9b1655215,bfdfb5cc4cac32c71750bd7cd9ef85ce3d8009a38f41b5bc189218b71922a761
2cf1708f760cb2c8de816195d2589c87015c95296742ec5f74510117fd28753b,cfa373f3a5382a14f71418ce6cbf3d65fac286cb36397ae4ad1ca6c288122a58
250a6c3bf968726e8fd2fc84f7d4b8e897378a54b462f093aa0cd3b65f54bdbf,8bb291e9a6951fb03941878f25321fb221a05168eedf9a179d50ecaa6531bcba
378b566d6bf08352851c8b2ba10dbf11fe4a4195a4f00c88c3be92b6a80941af,076082842fac610497307644a932f187ebb12adb9ba4e806cd1d45e15529efc6
eea8f9d2863ab2305ec55b9f99223431d68cf530bf1a38e89ccdff506d1ad72a,a4c4331cde3990d16b058537f403061915ed731ba8d964b681ba30957922a91b
6288b42757c33a1dbf3ed911dee62c23a2abd29fcc1fb922212a700bbb7191d0,3c0e4751e9832d363823360f2ce0c04d5ca23f5f5caa108d8afa3be926beb79d
f1f9b1b0c42ae3209752cc102aa2fd703e7452da9f8d71c99b04caa50754ae5e,a6dd21ae5587bca9c91b0deeae71f1cbaa5a922d3cdcaf212296a1c2d675d1fe
1cd787ad1b1c8ee826d601be9627508623fc3cd815c9f5125e4a6b1f73516e1b,3cd5e9e7b70582008063e5e85ebcb6ab3f1e9d760a20999967db8f8fdeb0f9de
d25538eb698115183572abf608f9beba3ae4d5ef71983381c17af19448020d20,16f4eccb571ef63b1424f1f2d616872c30af63223407afa55659d545352c410a
2da450168c44d4d6c3a312030882e9b225711605c68d505dd9c198b6a95bd2fb,a6b87e1a6404f14087ab879ed852825e3ad0030fac82293aebd2acbd4a9d4362
38b1ae512e4422333c5a8940edbd040f9aeefea0e02185a391997745ddd68620,e407c283e7df3035054795ad0fc5b1154d34d737fe8cace6f2f8fead2567a679
912c674d998f0f134dd58c6df7d096bdeee118c53affaa36f7ddc3ca1bbd63b7,9071a107787cd68fe7b9feb55d6e7fbcb620bb0805419c0e0ce06555c30f0c08
2de8fcc7a77034dabd066a341a259138bec41ea63225fccaf0ebcd9b9b649821,b0e9571f14a1960091afaaa0b516dd06c28aa59b2cfe7cbe0519fbe324534073
0d1a62a7dd3ef610ee08bd5eef30d7b82afced47a0785c9fdad3e956a6e7205e,f87143bfe4c111a058932ae1876b2018cd60af67d4329cba0fe6cce293fa58fe
eea8f9d2863ab2305ec55b9f99223431d68cf530bf1a38e89ccdff506d1ad72a,b56b13356cae181b21bbdf5fd1401af738fe027b43a71bc407029306bf695c7c
5d8aa269ce30a2ca5c466ef198a393c23fe8be798db7bd4f3ce66368afe00364,22aefddc71d4d3bfa3fac4126242ddb4f5d6436749eebb9cb546f51cd32da940
73c123b6ab7c8e3713ff33cb72bde95a770c42074c96c12c870dfcf8b8fe335a,16e7e166d8dc112a9cde2af7be1db5aae0df20cb0239f7d5abe4beaef69ab50c
35083f1ce19bf8fa0780edcbef570f107b04fd162682b507b97d944ca6f4a32a,984ec4ebcd7bc37c745a1b456b1df761dd24960717ea417d2afb9be909415e4e
2b93fb04670d4876ba7a4afdf37af0fd12b4dcdd04764dcff6027d4b47c15764,a7f9b6a1109d9bcbb22dc62b9d73757d71c3470c9715264119649285a187ded8
f1f9b1b0c42ae3209752cc102aa2fd703e7452da9f8d71c99b04caa50754ae5e,e866dd1d34247971d6ae6d793fee6c9f80940b903de824f1aec8fc9ab4f97503
487ad379bfcb48c7be1aa5f37e1ca5ae85a2e117ea7b8e1528efc4e9404c258e,847d3d84a28716c93c364f81d37555597e2c9b76d053c6693ef1601a0ebf3c18
ff85072663e9b7b71a7bb566b3f3094cfddffaaffc5a3247cfb68397e31eec95,811b31581dc0d49f21a74132b4fefe2750bd50aba76593f7afa57cd5bc4c4139
4d1a3d2d3785c6370ee706ca269dd18518510bbe4479e5df7caf7fc64a76094a,b626c39605987ce265889fb251b1ef33d5e1e76dfedd67d7d68728c22bd7f202
b0caff459c8ddaaf11ebf470b75583d43a0f7cc57fd5f6c29fcbdaf1b0186192,89ca3b2c0cd8ee7cc4a9780b8791d87ce115721bbd3f719f22543d72a309dceb
6b8be00a236f70733349afffa10980a6086396e6467b7a3605f5b6f1c0ced932,749c69fc4fa1f622f502a328956b7698fae54add3d515a35848dd7d60b9291ed
de1f9c15755b6fdf713b024085630e1ab5c696703ac558788bb5dd5f9e4b795f,c14581b2d1de715b46a81b2a42845e95a629565b06ca502d1e57f03838acc5c5
52f9fcc8db4be52d256fc84915829260e1e31aa95c9f5a0bfdbe1b3c3c7c5cd9,f88d3d68fbb0b01e0b32884d5edd29b0f80840f5586883108258f137394cf51b
e7864e7d663d7c4145dacfe639a35bdd029b97e89d3393b4ad68d240c38f5077,4e124dd17af153d2cc97f7a24534aff5d80df3d5d7065fdb6f2c525a14978c86
60eb285458cad473637552daa1f49f9a642bc7a36ea032e067f8d37b6a67bf7f,9adda93b089d293ea522c18ea1e1a0f8f74b56daedd07f0cad34be600cfb1183
80d514ac67e22fab68cd2b3c0b2af0ac8eb76da5a4e4edb61c4202677143ad71,473ad113f0c21d46b2f280990804d1bdbe13147d4ccae9866b51c89db9db9cc0
9a6615f77199b731841bc043f4cea5397eb684600e57124cdd278b65465a711e,09abff150fe57eff71e6cb77ab10a9108deec62e4c043145dbf2d1ce6621fed5
9de99580037118f3cb00730db29405f7603db526be2bcd2ee3b094825b62aea6,a144c247127cb4c546b3e72aa1ef71d3634d3d82846eeff31a5c2f218b9731d3
f1f9b1b0c42ae3209752cc102aa2fd703e7452da9f8d71c99b04caa50754ae5e,787add602a5f5a1178fc27d42ca79d21ab6bd0d2cb10e64b8dfde81f3c5fd412
7d96b87c274220bdb6bc8cf40e2bacf9c9a35dc6a80e6a9fea8f6ab153e3ae75,1011fb1e87a322427afaf7691f3e5d36459983dc260debe467de6c5f67a1e91e
08b3624d37ab364d672c7cda82f2f94f63927b1b14c10519ac09e5965ebb3a1d,c1b744de6fd4897c3bd6a8dd7b1dc2f210fa159046f070dd81b7d934319f5b94
4f6dac480abf56682381f312d483288d2275d5a2085eef6cceb71a7968ad5ed9,f11816771e0dfcc6d83dbd44fd777e90272834ec660b8c2e32ba2056ceff94a8
f9f67c0912da8851e4898a9e05154114ec18e323c32a27640cb443aaf584427a,e019cee929364b5cb93e0565a9b808cfdaf94b82e84527f5068d097a0f80c8c3
1a9dbd8672e36b34f3315ce8e2fe580e2766b85716e86e658a98ce13fd2aa573,e533d8c31bf8dcd8068d691acd63a4f3f7fbe9939b9e41b6612e8d51ef8452b8
af9cedda69741d46418198ee4db7d7a014fd6943aac79a8f9ac043eae01b289c,80e8a01976ff0efb28cb712a2e1684891258921332cca20907cd24a6333817db
5bd4662e0e479e26ec8903df4f90bc43f2dc03138f73b1ba51eb7128de169d37,2ab04408f34e0897d82034a3d0896516928684282731deeef111bfc2c34a8fd2
6d3fc437cbee7faf2058ed7c160a9c104faeb6a7633857c9a9b24e407e1ee1e3,eec8c476335278776c68035fa8d7640bbd1962093eec95ddc5c906e8e87855f0
5e846aee2b8aeed5efb3597c4fdc1de11a8629f9431253b3e7952d7b99cf4b0f,08c6707097f5f86482cba83feb9f26da7c1cdf8de847b9b6085fc43180f0de42
2af3cea09a3c95660b16d24a286f83469e00823674e1a526669b24d7ade6f6fb,5abf85f29bccc2110e296ac30848a02b3c30d1faa2372d65168d01f1a9d2ba33
bad207aee6e760719bad0965b9a9257d33a3629296df139f5d9b23f03090ac31,dedd4154d8b6a99dc4466883467c46b592a5aa9e31a15cb80e2b36393ab3a22f
97e01b4470bfefc38cd5390277724d947e60058a308cb43246b628ef4f9924ab,072310f44693ff4f8ab39d5679b5c3e27b2d62ca5e05e18b7e7102fab64d8ffa
c94998601760c32a11e3a9e69919597770748e5b99215f52a6d0434d60b9792c,7b7580df55727f601271b1962c240a6b6348382720fa44fb5a0c145473cc0a0b
afaaeba05e3c6817a1dc3b6cf020223fe86066f11cffd726d6f1455453c8bbec,edfe4c7f434a70bf244bfab9d990f5afbcc60126dfa9af157dba7443310e3a23
c969dd60d7d03c1af9722e300889fa6a7a8efe99581c5e2fe535808ab050884f,2c7c97ac78851698161f7ff89ecdbda06eeaa148bf30122b9efe3687008c8b3c
ff80a66b1ea54626a79a64dcd6b5f09c5b8b799bc9a7c9c9f7d026ed85ad5f57,6c6503fb1f7b3df6a58dccb94b0a6415b5c0b3c11acc1483377aeb53fbcc5bc0
237d85fd808ef484a24c94a1203471112f24c0d2d2d688f1426fcdf566cb1d7c,fdb780af4eee185c5ae768a59336dda1aac88dc466f691cc0fc55cc46a64e717
197caf0e6611c8e9ae1cc46a5968aeb40609619160101aeef575e3b79f9eb695,db766d6aa7045bab1454a1540f42cd8417ecfd92298453488d64bc62bb1d21ea
ee00cbbc3ca599b0bc1de4025002ed09e8093d2d81f6008cfc29bab7f1d47b25,1720b386a6155da534e8247eebcf7e89a99e31ace6d57b3f8d7879508df1b537
006f7a263bb17d77eaffbb8672d837ee3fb708269daa45fa817a0101fb89e543,4e2f6c177aa2bab6750dec55c5375c5c7bc83d44c88198b37b7742212f6a8a63
0899a885e40c4af451b37efc9c83a63aab6ceeb575c3bd6525a47626aa90fef5,1dd1a63567619c012db4ae7fdb90c7ae3f93f9f10298238c8a357658f8c75cee
9f393680b699136a561df6681b63f135fd79269bc4cbf54ad502981436da747b,dab24807e6aa3b6f87e279aa83b6a1855f2bce81c51e11761a435944ac0b335b
f0e7b1e57fc9c0036c0b6f7775a5d2b171468579f694338e51cd1fdccc07815f,5b96a986f4ae9308cbc591e1dac322fe3a7e5e9304eca02fc946c133b197696b
41bc220bc7bc1a328f2e1ab9d7ab9288a46f278ea5d9938f8ffab38bfe6af570,0a7068a517b7d2c2a46719601dc0e51fbc60a8e3a9bd1f391d301231ad8ef7fe
13f07dbf735564f9b6420e2b03a45c2ca3db9780bdfb329308526e8a504ffb25,0ffa2c9c6b4b364e0582e43cfe79cb981439c26199e22eb9765837db19e4b8c3
38b6c9b2efc59ffd0bac6202eb078600b835e93b0d101488261f2e80f13584a0,8af4c9b0c8eb17d1bbd0051d1c7431d8eca560fc29e23714babfe5272254e78d
96b2a1b167b76a5bd4de0541ba6342bff1a8f1e899596275e19a409cfb2030b6,18cf7b3deccf4328889742ffba144b5b5d16da052d112dbc975f81d49fcdf714
ce80c713d2c3cb894801df2e155aff55f7cb3913e76d849926d2ccd1d979d6db,065a0abd0e34fbdba01a4f0b7bbaa9eea6842bf455670e949b2e8ce7f5643bed
9c28ead347d3d9ee723ca77d6979024ab5b2027b2cdbd79a7ff227b5d46c06df,701d2b5fa3a3213152054ea25985bc56aa62112421f2907c064c1e1a38188d4b
4c53a77e0090ef2a8b5c6b4ee3ab38cdbd9b0edfe74307685babdc093f541d3c,12e390da679c030d440bc2a43cbfd566825fc8297e562d7e78224ce34cb3a074
13e356f03307aae6efcdabe3e6a44391dd60c4f2e4bc4f2400e08081ea39535b,fe6a4d2e4a459950415fc67d6790097c04b6129917c3192a9dda5af2450db83a
e877fb85381db0adfde6219ba4f0b69362bc709a04020ecc1a8a0bcf53b14541,621f0e3cb4c3c8f485883e54cc8f86c4d66cb1dc1626198c096363ea4ef05d15
cec729899b32708b27c7e4923943c2253b0ce0c722910a2189f364f1a0940742,1ebc94f7e3fc472f067773145fa745f8feb155c08ceadd75f943b961dbcb8270
89701ace3363a1a8f698a0032627acf8f525f2dda12f4863d9c7e9a94aa63797,63be228ede6e588546f13d56fddd3345d2def69a1fe3c50a4e8c48a6c0a7c581
f0674c94a664d9d41b51a95506e9a9ee97e8658ed63aa409004c2f1c5e394361,aec809ace78e963088922913c0f8ccaa02c0425cbef844b066953dbde49ad13c
38b6c9b2efc59ffd0bac6202eb078600b835e93b0d101488261f2e80f13584a0,07f6a8b405ca2ad770daa9afecefefaa8ab37d43daa42dce37fdb5ef182fc87a
e3aae58bf7f587e2d74a50bbfff093128c60e3db25bfc30a86562c67713e1a80,0948e5544cce9c63d7ee0e232107e3af1fc10390c4bd62f0bcec7811f632e0a7
3ffb7fac32cb41e16c57bb5e52bc0a132916f28b47a6a59756894ad6701fd8c9,30cfca45abd918d1af26c48831a60fecc4c3701d10743863dd109db4646b9d35
86aeef67fc162b085705007b1b1e95b129b897e09516c7b538345a4ebef37bab,ab27dbbfe2d272a68a466df35d09a7a6eb41970aaa5de8e24604c23149a06d62
7b9e544e336aaabb88e95b66baeb898f439ebc189d4a185c1b54067d92927fc8,0a8114032fd6b650db2d4dd3e8d4e53fc02e13011e46ddf26a01c18b4a8c54a4
1439b68ff77d1e76d16655917a0c593db8db082730e3133387a6e9ea2ec96f77,587a8cf455888f20c13635dda5f40de7bbfbf59f2bbf43b205f0887fbb5b1c3a
4762d8543e630ec5e6d542ca11cd750e5f08e6cf8e18423745f8187c4dc7520e,357eabbe2cd525dd7104c94ea6e776222e59e68e29c5aa07990e97f4412dde3f
1439b68ff77d1e76d16655917a0c593db8db082730e3133387a6e9ea2ec96f77,62d37d5c172c39d5db308f5adc3955f08687a79cfa16552663aa542cb799995d
45207779d97d41950b125bd829414f19a819d6eba7615eba6443e33be95742bf,fd2fedcccb6f05be445f4be213eebf8567ee6453b4858038ffc79a000280bba6
06f2bb96971e7d9ff0fbf41459bcd3c693f9c3fdb2de3f9b3b901f7d6a88357e,bf48af2a27e496f6065f5000d6396ce54670aa0e433508ed8c4b2cc45cf6e55c
a512ad3e86acd0cfc798b533272cdeab07a58e3142d9da3554107e3bd6ee8dbb,1c0dc8929f97c665f455cbc0bfa5576873f3f5de82f055f1492d77de9441f699
c1223d35e6eee9500aa1c092e075820f10ca289a38d75abfcfebab333a9321bd,ff1fbed71157a00b120c8164adca1c04c8226e8d184cccfedd309baf4f28f154
d97338017a291efb30cdfe85ff18900df3e758a268b1bb3f15b53332f6cc6fcb,9598e11c612f114eba2301c96a623e4deb6d228d06ec2a5925aa611db10ea086
a2711957d970f04faba9e001ecc47f0764fe30aab543b320ee014f79857993e2,723e6cdd915d7df123b94c282bab6232e31d76db9402284d276585cef62f46a1
604f58c1b95a76d9516a0048ad028d54f39347e33471dee29a95c2baec8672b9,4d52bc55707fae74233bd7d5b818227a2c46787f616b7162fbcba75d49885d67
3f98d3c2ac940387a700bc9b5f2ea688d2af48729b6f44f5838282779a55dc39,5bea344aa3599e54e85fcad342763456be51da23b49983dc4a46cdd79ef776b9
42929523e2920f7f05338349943b27480a3c34a22858a8144f498faea0f3881a,9c7984d8a4c580eec2ed1b68ebd6ec81fe7ff5a770b0a7fbe17e399308089ed9
11eeacad4375826cb74f6c44e4e85c5e717687212e5dcae0cec09422e3defffc,ddc6f6759b1602d7e622ed72d97dab89005a6f257e34eb019e99198ba567858a
9b6a01d23af9677d87f2de719d6ba4b91f6071ff39f23d728bc26ad4f3c15fe4,1b50064d4955f7f4af2ab5a60d90c27de8d482846010de4f960f1d824f54e68e
c8b9badecea183e1f5b6dde56819aeda42a9ce61348425d4d106c7946df60112,31771130e5ca3c0d72d3b584a3323379645e843853b9598eaedb48516bbfbc73
be6b345f7159a9397b575110165dd52aa6143d9d86a787cf869099b9f43f614c,4ec9f378e77341102a3b9c44effea428d40788f3e821d4f3d186a83c455bda23
8167110434a0d706c9001315b2f2c3f70222a64cd16fb7131c083b6d0a033399,8895dfe290bd2c79202be99713e2cba6799661e284e3a57f1145fea97ce2f8cb
1ba9145b3f615c3df67e228999ed5798d3abec66a79ba0295d9a00579811dfc9,cb5db871beb0aed703dcd9df40425ae683dfd4ba874341eb8f25e328295fc954
81396c4ecff73eda31aae3baae11f600a87f9d582dd183bf4cc7ac0e107eb10b,2a6d53c6ff30a31359b2dd1246e19f1ee2ebad36abc68fdfef07b800453d18f4
8279f80cb560058caabeb71c8bfebe313cb259b8f1f6715ac16fc3f385c392e3,89199d35d451e66a3a8b5e290eabd51d2f7eae6e3b259b6a86cc71015d46606a
38b6c9b2efc59ffd0bac6202eb078600b835e93b0d101488261f2e80f13584a0,599a9a279a2bc146a4971b0e02a919730be0c7c75b0738ee38e07f45b2578632
8388f719f161a066455121732d399e92e891c3b6295e8438d9814d801403bbb3,30f74b3e04d41dab64e34607ab60bd0e44baccf8b826082a060e6d783094f6a8
aeb3c76d064c36494e7e3c316b18ede0a1dd8f05db075604b6444909d47b93cc,b0ea0ede734d4a88ba1be2590749e37a4e3fab13e7a5545f17dd0e2ee4d29d94
a70fcd34fe6f99956291b1d7feb86c30a40bcf77cf400598942e363a34eef9d8,ee22536a598d5ba182c92bdfdae198018f3d1a68c459df815bf21420909f3a11
40e7f9359dea38dc2df0527d7276afe2867c7514548154c10d62ad21fdcdfd54,b4d0a0ba2dd610f3bab6c420d4da35f4894bfe20c93abf27d8ce8ce233de3e3e
93f94facd94c2575ed8432af31759f1541cfd38bac23c51ff3765ebe51f06305,357eabbe2cd525dd7104c94ea6e776222e59e68e29c5aa07990e97f4412dde3f
8167110434a0d706c9001315b2f2c3f70222a64cd16fb7131c083b6d0a033399,99e1f007d864f06fb6b739f0e6e14c840c3aeb66811a2683a0ab0d836db437e6
76224d66cc3593a73125b2eb3e3e4aa28baa7d35c65c6bdf62a1d2131ad2b20e,76193a54cc13beb6a69faf6c043e481c47394bf3c792ccde0b6ea10d383b3472
220237080ec72c279b81b3a7d5ec96424e11f31750a339714b47c834b5ec1a0d,600c936bf713c038ee0da6fc3149306fc0b694d8c49ac57f8c1070710521791a
a786208c254dba5a0ef146411c8b999e3f4a7ef493d4764079c6a1ddbb9d142e,c1adc191cc7c122a1486d29490bba2d872804db16f7c459b8ee88358a9d1de22
6b9954ba4fecdc399c5014e278a459ccea1c584d393b1ac1f004469c6cb06684,d8d282e05e4264778682ce6272bc9c731cc94bc7e646ec1aa039e77ac868c03a
1bdc053be713c5b38b572f1f10b9361a9c0cd85bc3f91bc640cc95cf32b64e11,0ba8b28a06f2179cfb690c94940a847adb8f08c70213a12889cec11a246bfc7c
c588a318687db2ffc0e543a7d3caab074eb15e77982b4466f21e3482601ca31c,847d3d84a28716c93c364f81d37555597e2c9b76d053c6693ef1601a0ebf3c18
0d0ada61ee3584d0e543b355a8af351db8a2fc30ba5e7e7fa8fb948601b4aa4e,146f8079c2a6d728c2aca5b62c51139dd7c77ff6c40fb83f43d1ed49ec39861c
330a241fa08dcb8ae0af8eaf03c690513ed66fda56e42e7711459bdbe12d6528,c1e9dde4967ef52ff36ea6bc4508eab965dfd758177583748a32e556a2b18a00
10d9c3a29528c2d99952a564563c299e3876e2bf04dd98e278bbc8ff2588a5be,366e0221bae20cc72e47fd1e05b7b2dad048b51203e34496f121811b50230ec0
52f9fcc8db4be52d256fc84915829260e1e31aa95c9f5a0bfdbe1b3c3c7c5cd9,f9328d70a61aed22aa90f9ec2c154aee4c7c1c14db01a5cf29baa8ed25ef25cc
917c25a6cbb2f8e2e1728539fc3158926a2b520900adfc20d2c1339428da4a71,7eda4792018f9be63ea98850414368dac2f286c3091d944828c5cd3b443d8f48
3d3eeae83e6f557fd8f87cbc5b3a64952ddea70af7b3f1815499ad93f1c7fc27,2e5e9c67a835abb24e0f533b92b52b8afb5bc94b3c4041d5b5d0c586231bef04
dc29c35f6bede633edc3e22e5b940dcaa1cbc065454ce735fd4e39bda62b157f,078b24473bacf769acca079f9cfc5c86868d0b7c9218ec555f153bd7ea7d78ff
139fc0bd48fae361785c57ed662baaa3bb21b840339bafa3f4f8beae05bd8edd,8784ebf51725f52ff7cf8c5f02fc207ad7b3b4cfb8b695f1bb5a446e5c322afc
761357254ab61c5bd6c955c471c3727f49de6504c53d55367b3a62dba0e2194c,f8d96401194a01c267f1e65ec0240f547fac1cc3b4e644de6e7fd6ce6ab33e80
8363dc80642f95b8d71268c5fc75296d4cdd3b7f358aca1d5f6860734f59129a,7839ec47d4436865e4a9daca301eb58fccef33e30b46b5201ff354824d91e596
685de0e3b7cbef86ac68864af66d54061640cb681df9220da28e9c2f3b02ba3f,e8de6745d7f756a311147299af2dbccc22ac26986c0ecaa9324fe5814687c9c3
da70f4119fa332dd999751481ac371fdba329ba27a7ab2b3c38c115a85d1d599,b93204ac93fe564320f0f1e0e6a18e241598e7a34f43bb2c68460e36c2d6e8e2
81396c4ecff73eda31aae3baae11f600a87f9d582dd183bf4cc7ac0e107eb10b,805fc0f1b35494213fbee91e5f950870b822a180c6d1481a64bbc93f0d1778ca
e8d7718c69c2a0e4e735fd2d53f5359ec561101e6e0e823900375f04313570e5,b406b28bba80edc56af1cced8144e4cb54417c7229b17aa6d3c104e2fe8522c0
192f477115c77a54c62eed78ac9f6bfd836f91bbfa4d1b4246f68caa951e917f,711729afe60467062409c8d65c10951c61e9f16aba1a2d10830b0b24b97c8dea
c294d858d016365623d034c74a3a684abe7a9c973ebf46e97a2be9d723ba88b9,55b202067cb6b5c4fecf2d01282e10009a1efebb887ccaa9828fda76497986d6
dda972878e8fd4bfeecdea2884574108cd059bccee17b01ddd036d51078f1093,60b323dd1266c610c6d68fdac8fdf7a313ea82453a6482c9e7adacaa6e8904f8
9fce992e4bb995d16c4cdba155fca02a6b7c210869fbfc52d5eabf750c1767d9,2e048e23205cc98e80736c2fd5d73974b57558542d1371095ee32fe027c326ff
8a0558d8cc4dc036d87cd437d3a301ac946bbbe14b062a3cf4d2b97808ee5c45,9de74504149f4dee5ee419f9a114b935f684d4f74c4f9020a9c2f40b5ed3034d
6d9679fcaebbda64d343ace9a6542ac3c6a621e400e74951357e9aafc9f8d786,20e6007343032d6ffa76ae3d4887e6f765d8d2de2f0a03dc5595d52611d1254b
903faaa6087748a01cd738fe2c0c7d4453e1232e10a0f6d01ecf4d6a33728a88,8d28102561d3d6a5fcbca70f56a96b0b1a364a730ad9eec0242cc88f65fa46be
6bac71dd124086a163db10e3a3ab28b8b83b1c77c296b63e050aa8afa7bdfc8c,386a43ca8f4661b2fa23e9c4df953a66ebd9a3bcef4c7cad030b42de745b97f4
501b5471ac260089ce6d952d50177bcc530dad5117e25759bcecf82c1b2d949b,573dd358a2f154630dbf2dc756d07155f85bc8a869c817a635fe43425388bfd6
f8d2915c4069fcec8eac96d6493145f620cff850c2ebd49531f9ee84b5e610f8,083618b288d1d67d2aae53bed31506bacba70e74a4728b7b1bc28d9f5177f079
536539751b28bb07b2f5bfd0ffe82003cf2fe94f771fc79a51e1e60204d1966a,e04d24751dca0102ce21900d3b139ec5a61c8f9d51fcd53f4d049e1f6da5e091
8279f80cb560058caabeb71c8bfebe313cb259b8f1f6715ac16fc3f385c392e3,5bea344aa3599e54e85fcad342763456be51da23b49983dc4a46cdd79ef776b9
2edcc45a8e7630dcc011536efff7749a31b21bffe8e1a7b8df68a191bbfe675b,80dcbe41e42d7077d68e22c26df588a82aba59f283e6d7acc9c59142cfaabd3e
019d906c8457e835665110ab30619443eb5857a511cf823a15236172b312a6ea,352e2b7291da13a45a935968d8621323b185c8c879201996f6f3eee8c2a6d281
129b3d2df7002203b7bc12218496f0f9ae6ced1deaea87af668a9d23eabb5d78,805fc0f1b35494213fbee91e5f950870b822a180c6d1481a64bbc93f0d1778ca
30c1620ab95ce85bd98d818ad8ca8c45442754e8f7ef5ee166d06a225bc10a23,8b1cddbb94f6e60e09c26ae5f0afc46fc000902de8e8f2e916e8181baa724a0e
2edcc45a8e7630dcc011536efff7749a31b21bffe8e1a7b8df68a191bbfe675b,ab325ade5bafe4df7242edbab4d07e059fc5047160ede9e55fa306a2b29d8ea0
e3e342024dd9a1b6b587a353ad58a01d3735a55ca0dda3c77fa76d5020577998,6cb19300589d58da6d16bc62baf34ce3ab0d1236a461802d2441204e285a5af1
cd805ca289addfb1df9e2f16a0fc0be184023f7e7e55bc5fcc2850d1330b90d0,12942a3022420c5275ed1dbf6e3f87ef709f29a1b5aeedc899f8c0ae244085c0
83e0f97255fde448df471234770736403bebd86b8798c0e2b2360f41ee0727f6,7fd0dd5f905e5a4eb44036b11b15df1ec20430bba75cde328943545ed8317c49
6abfad26e9e50f7671b6b97f8d3e5c5311c3d6271e051e555a447e6047112040,fd1c03c2858d9bdb4d4ed632a5d87a1e1731f31fa7f439d802910e3b977a03c8
15f765a28ee7c8af6ffa722e2a77242e4fd726a56e3e1ba312a936af6888977d,4f0f2aae42db5d9afed1a02a25bf07cd6f60f8c3bcd1b982a19f515bfda5a7f4
dda972878e8fd4bfeecdea2884574108cd059bccee17b01ddd036d51078f1093,c9ecdecb6e578ce15dd2de922a58225dc90800c2299192b40205dda6e03df599
83393615de55f5a0b9d2e1ce6bf801280ae991b410f24db1bf0d9df335a5d06f,0631c3a4a985fe8c726b8004ac0a78f9543c8daca73155ffcb59c782b917949b
9c593c1d4ef5fa45132270e7164a748e456624cf60ec1a143f60efb672b52a3b,fc029e55ba887e01c3906664105342f3b90c9e5dbe88ffec38ab4687cf2c10a1
02aff76621ed2b80a5229b2ae1fe1e123b7c664477f3c577606df44257b123fc,66ebb32572d2bb973e6ae293eb43b6122c6bfbe510959394b91489a934d53758
f61568eec49aaf34eeeabb6f4b8a95d2e175d037b3f8f64440781ccfe40c5197,c0887ed899651b92fb46947f6bf6652518c1ec9a64653bde92691337e5668053
d5b16e36adb19abff76b91872534e8cd0118e25a289d29c1195504c909be9075,db43c909d4de09d8c237ed8e0d38f5a0ad6b21c3a2b37eb1fd75f08895f5eeda
02f57b12018847fe35b51eb34bb3d2acb284f3aed55ce3ad141b288648afddd7,ef951964a0369cbbba5cf1103055ef005794f8994c50aa23574ba49ced8b578e
1bf289b0ad7912d24e20a55025f7757396a5d6aa97b819271ab0b06946f9e997,2641ca677900f0215a42a1488e8ba75a8fec5f528a787888c349378e05963322
d5516903e7b6b2eb00e89aa0003a022e8621cc8cd1cc1132773badde9b0383bf,07df7ac14cc9ad39de06c14584116b883e51140b1aa7dd8454933e95f1261ba9
d0f5c2314f68b9514912b8702376d56969c244030cbc94f904de2f3a9d1225fd,0631c3a4a985fe8c726b8004ac0a78f9543c8daca73155ffcb59c782b917949b
227cfa334f593011a40df281cfe3b1ae7703d32791983912fcf1f7b11ababc4b,e3b2035dec9f1b2ecb9484c13af16501d28ac1aa5d3beea7a17bc4ddcff75cc1
5c8aa7c7edee51c8d08c97ff988858b6b56d2451ba97fe718f2ea6a36c8e12c2,b406b28bba80edc56af1cced8144e4cb54417c7229b17aa6d3c104e2fe8522c0
eec4052ed117680d89f03400a3b6c8c319b9e75126c8d015ef2ab3fee036fdc7,352e2b7291da13a45a935968d8621323b185c8c879201996f6f3eee8c2a6d281
93f2f0ddc9db0bd74108bfc8761abbcafdca21b3dcdd703daa663c21d2705c73,352e2b7291da13a45a935968d8621323b185c8c879201996f6f3eee8c2a6d281
3595a4ed0d978f6cbfaf413c3e85e017d11e5c139bca5bc4a823cd1a91fe22aa,2885b1f283625ed3d763a7e0d2d19e1842fadd46e6f6774b88127fb858731a6a
5879a260d75f1bba0d2e96c7be4b14f1bd9673bdac52dadef64acef17d0b2124,e3b2035dec9f1b2ecb9484c13af16501d28ac1aa5d3beea7a17bc4ddcff75cc1
38b6c9b2efc59ffd0bac6202eb078600b835e93b0d101488261f2e80f13584a0,bb3dacd53335a6243328d644dec56da4f976b5b67ff774449f0f7cebf2292af0
d9daa663b47c9be3bc19d29feca7be5c52bf3c58058d1466c1d6b3bbd0577a76,66ebb32572d2bb973e6ae293eb43b6122c6bfbe510959394b91489a934d53758
ebeaba7c1865bf0a398f2510082ad1a46c9f8ddef3aafa2b0a19e51ef03252a7,b082776b897f0e1d6405cfeb2caa1d15e96c27f5c59ab3daf9aaf285de676c13
3554fb92b826fb5ab54b70942fd574e4a34e9524c7ca35b418477a3c3fd26584,f1b6c7689d19b9905e82de379cca2a1b52dc91f06b6eaee250a89973a8511dba
22ac6b0801fbf237549faedd2a325e141dba625013b3f815fb878a06d0e44fe6,56ad5d7b3d13b81b3b50934e92ef51ac2806a0c96c5980cd39879d036b94cd21
117e30c4614196438a20d9fb49952a515f9a5a27ad2779abe1e8eab356145620,bce40e56c989d0444be6cc7f4d9caa3f3fc2e53c66ad458732bb93993a6276ad
595ee5b2040fb75b46c7113a94ceaaf68f797745405e4c9c919da9f3430bdfff,520f68221fa4182b00704b7251eeed7089733957c8c8bfc4732e02e0b06c8e1b
16346454b0206275ff931cd736b3d95fd1748cb1956d7f1fa26f60ee8a1f60f6,d927d0a3d322943a7fa315399de7089ecf129ab2cae8b6c615f4d487366e0db4
287f7983e06f870aaf8342c61e8c08aa80df98ae69ad4c419ea5fb400513f57f,f42741b23c4096e5bbe1aba8e06db6bcea8f1921ba14aa1cfe088d4693c9ec51
b5bb19f666e04c31fa0a8328f1d834c9d2da05c3407916d33e4266d3c353d999,e71102c263f5bedbc7255ad54f2e2bc8457b133772f6beecde8c1e04d8502630
69c392bb664c1a2cbac48b5b437ac736626bb473fbed6aa9d7e1c4193bf6d122,48e2bd9078c2b939270fd9df9cec3e5ac56aed527ff71b7d95a07d28e8980575
daee07fe7f1256cfb40532842ef0c64c29eb8fbf6e649f0d6a51068b10e3e777,b95bda8a9748ad95944c5a3f073a02f3197bb6a7c8171888b2fc39b0a6331399
1532c2dabf35dcfc6416e47af73c60aa6a18714dc4dd74d2dac37e7704299158,172f2524e0c08e0c4d1a57e7947f244052177cc269f541661baefee8b910841d
f37e09f687bf35289a120277207ad682a001bf86132f6434fd86d43912f3aa4c,482423e92483c8f39b828fd49a76c47e4fe13d599c45037b498117d82e01f80d
9d36dddf995cf2020475d15437993afb527879d3cee1d826809501ac518faa4c,1dbf67218fba767879e927c810c9fd6c9406775adf39f60b021b87bae59d9589
595ee5b2040fb75b46c7113a94ceaaf68f797745405e4c9c919da9f3430bdfff,3fe170e7b37f7c461c87a4613abcf5cc48e98d4365abda57d1e445158a54f6b2
3674d2abf431047a7fe3bbb1cb55551edf05a578786b799ad40bc9a75b0a0002,d8710def63f4a01a6a872f0d5bc89c6891c7febddb5dc3a39e7e0e77c8a307e3
d5f7a0e49675792916f3c88790012baa8055fbcbdfb425f30623dcd9d7e72728,b4ca69783dd979e86dabdaaa768a7f1165b55e09b04449f68af2c6ce57c600b9
ef35ecb6d1a71b7ad5693fc7f53118c878797843398815305ba3ab65357e6c18,95d03bc1969b57c28b7f9dc1b574b290dade53b4eeca4470997e4a889c6ccb6c
a46f2eb6e1351bd731f9b0ba5d383d70bfc529c5ae499485c34810c6e5338c63,3add5894e671ada8f7a477154ab570189923ee3a48e5eaf9df7a0e4066069a38
8ed35126ed5eb8803b667af913687b49c342362cda8ce232a6eb55468632e4a8,b36a272fe14582c80492660f0bf1c6fe2b1fdedbe870ec76373ad2676ee68e3d
bca22b15426cc4673592fa05f6b4a4dd10db998ca56dff17a165de99087390f3,58a652b54544a028364d1285ab62e1c3d7f3be0d9406ac49be86e8ebae81f8a5
7154fe5d3048443c199f403f0788eb8c91d2f5b314fc39017a1df4aea48bd025,ff8b483c3feefca8dbaa7fa5f018ada3b60402aca8f89513ee4eabc3afb8a448
c132c89fddf4c437735443b89d053555508b6acd69c8450a31298d6862e5a984,e09ada9869876a08792fbb825bd6e7cc5ad72a4034219d8f787f1552090793a2
60e8ac5b0f33b8e9fe1390344eb65700d9c1edfd5d086a001cae79622929b9da,36881ee77deb03dbc2ea2ee5b12e2105fca2aee763fcd7ad9265a8911833d119
dda972878e8fd4bfeecdea2884574108cd059bccee17b01ddd036d51078f1093,17adf741492f4f2663ae0ac46530320610448d84cc74c22f54d7231e91cfcd99
909de89051f9af4e4cbcd543bc1b2e0298b2ec3982e549aed350663bb180a767,d56557b5df1779b1cbbaf2db94a696a33960430c603600b23d63821b28747278
595ee5b2040fb75b46c7113a94ceaaf68f797745405e4c9c919da9f3430bdfff,467f4b6868d83740c04080e06befc0259bcff7d227abbd172d4ae589f775ccbc
110113235435003172e3b8d456d5a5087e5a27f5c346caa36e23b69b739b6548,3216b1d1c7ec7d3e4bd3ff8df30d38504f9283794a5997c3f692f85b58216629
5e2d7ea6844d22d35189a5d386cf52373d40c9a0be1967b3a5dce085b530dfd6,57c1e4421501b4baf479cd387ec48939a2a1cb3498acc9c82b5830652a0c8448
ff80a66b1ea54626a79a64dcd6b5f09c5b8b799bc9a7c9c9f7d026ed85ad5f57,7fecc7044ca44161172f6d534d4c4610b2529947874b2374f294ae38a2a3207e
7de1e1b3ecfa57ed9def7c13ecc9c1688bf06f4d509c88aecc9ac26755297885,ced74379dc3fd05b61d8e7be10a3f86931e329b66a59a6994759248ff94341f3
9a278a53d40b54df4fa0a08994c77736243557fac398db09c8dda823b492027f,a1b455b953d0fb4c6366123b534c4c9b58f2f3a068ca4d7fcda5d390ef03ff50
4d1a3d2d3785c6370ee706ca269dd18518510bbe4479e5df7caf7fc64a76094a,f1eb9341e9c96184010ea4b45d6fd24721f0afc08228e28e13d7ed94b9105b68
a832cf65558d1a457b60e076a013a14331cc8e59a89edfebd6b86b7195de69a4,c167134c73c3130fd370cb694235bef41bac95776723477ef6a34cea42020bd4
15fe27809be42a54b224d00682babcdaa3c0cb920d6494212a1f8eb296f16af3,784f1f50034f51e00e9bae3aed58f29299d9e978ee140c539af78abb949499d9
b5672269f39db388cb1a238d869fe4bbb10a646c6e168f7eebd8bb4b375f4fb4,4c53924170974943c8629430aa97a36a489ffe38efaeb00f3c19bdd0d748ce4f
ff85072663e9b7b71a7bb566b3f3094cfddffaaffc5a3247cfb68397e31eec95,7796d517575900632f4a10bebd538017befb268c08bfe51899019ce0be9c3038
bef55a21c2222e7d1abb6aa4348d9ddcfb555bde443c0a0dd721717ce9f56da8,ba0d30e1d7306c89599695bc11b9dcb0b386bf1ddfaba3f74586358e49aeec87
9def9aafb06d94780c63d16b13a402f657a8fd6aa08ab1097dcd5d5021535fdc,3271371cc4f533cf9eb0f8d1d13e3a8871244938248921025045b7ccaaca179d
5fefcfff2e500f52d4ca34b4838dcb8dcc7cb7e3877b3868c9036dcc9fb01b82,f684d43329f4ff0d7887bf6027bd3fa8acd12397e7865d1769d0644e319a3d4b
c6bb38fe3debae78f813f40110dc59e61392adcbc12a9180905af38940b68aeb,c2cde42ab5c8a1c6dc37b151375ea1384132e078e350fcd5333c7368e2131233
3c89c18df3cc9469f39e3fa85c9294b9f35a9d9202d6cdbef6ac578afb37a4c9,58f24f7cf936f9e72ba8b397f78c619f100e82eb71dea7cd3fa73c56af3782d4
22128432edf2bd4c0aeabc159bc930dfa9d2a1f1fba673eab0fd248c3bd96b5d,2b070e37e41e101b07d9ecabc4fa0a71e03a409f713084fc657e166f0efe4017
dc29c35f6bede633edc3e22e5b940dcaa1cbc065454ce735fd4e39bda62b157f,a903dbb8ce9a52d214fb5c311711d2b3f54f26eb5b7a310d4facfa41d7205e4a
bf362b0567995b866ecf1e9291b700ca7d3cd037b9cdfa5eefc04debb78150a9,ba2289bf192f7e9675dffaa2919b2188abcecb0462bcb1d70f80864f370e20d4
44f9dbdd5b466b7ce861209488a16512902da166cb475e774cd9653178552025,05dac3cef3f7eca2c90ddb2acaaa2f5ebda1860aa40b412ecd8eed9c099b9a33
de38f47975306f3814669f657acd85dd6db588dd6476b45fde98ce7547aa9b7c,b45e72ff5a69042856a92af054626606311f6a16257016b2c80beac93febed8d
6c4d2c5e7e89209507b6c144f07d2ab256fc6c1813a8d9f1fdbf8ca39b1f82f6,90d3eb3ad4999f2714f67fbb408da374f246405942e5ec871de33edee1f56f33
8b4fa3bef38cd3f103e638269d9929e3f9e597ff91d0e120cc53918bd99cfce6,ae322e627fca78b372e38add2a044d98db73b7dc1f07040a3d5a303ae49f3ade
e9a2d38b92ba5e87b750a32556d84fa000cf97a3a25995ac3c11587b20a432b5,733c1216b54190cdc549f6b8f1262e1a850e7489c9f2b09b6c1b043009803cde
4ca6d8ea8c8f2723546aaccac1643d6a231461c3a3775614ad36d70ffd30856a,9591897e56912c183e788b5f3b48021e2218ffe284a4bcb26b8e3d249b72742a
afb1f089751ec781536606afdba568d18ba07f0d230363430865e4181e7e9c15,08164cc3f0cff2b75cde5ab6c530e1a55cb278c0e326348ac43c6869d679ce13
bde594ba76ca33c034af0fd580969361995472893e8a7f056a2a9c1e5a6cda28,4b356ac4f967c1768c9a8c1ac21bc52a11daa5b722178be4ad1ba50edad6b37f
5e2d7ea6844d22d35189a5d386cf52373d40c9a0be1967b3a5dce085b530dfd6,1ac8332d37711238a29ac99e372fdaf9cececd897a429cfc348260d0f285a8c2
985e4842d08c86db7cec0c0d2dd8cc6d434df4cd205c3f98ada40c36d68be7d1,d6b8029042c08cdf8cb5087e7e3c78acd69a7ab246e078e1c052fde9b25fcbad
cd2141556b70cb7f2cfcd245a143192c35c4d6d3b810aabd80418f8b39ea00ca,955f92cf2ae58e9e89416578bf6a0e9e31d86c4f29e698fd2c6e2380857c8e44
97e01b4470bfefc38cd5390277724d947e60058a308cb43246b628ef4f9924ab,8ac6ecab58a85e911a3f08750b5ab542f8fc53ad9f4365f6ea9418e437f89056
71206905ea47e3f28820eeb5f86eab734082c50f1df6bed9b07013ff7bd1cbbc,2825bbf677d38eb4a1835cd73c73796b433956d97f266ef568f6b1b591010380
9b9bef8b67f01cde703c318711d76799ac5e9ca17182ae5eebfeb923ce1a7f10,a75b3ead03b4d00ae052cfd1d1ffc7d1aca1bcb59a9581f0d7cb35487d73a7b5
08175ac34f94e5bfe16ff79363fadca50274b137ab1f84a3cb382670e9edcbe9,eb45abce50cc716298acb7447a174a2e3fe70b26f0c876c301100102f0295702
e35cfb3aa0b649d89fa711e51a013c5049e39c74c495391915aff7082a0a084d,ffb6672e85896d8fdd3840915414e49b3b2b3a0a4a20b70229a0cc5aae5ab54d
05059a82b1042082b7e62154ff2c70cd03ab09b322725f0994309dd5162d353b,1c33f7ca47cecdcfc718d4a44bb54b5985b5592784fe14a84d43e1b6dadeed57
604f58c1b95a76d9516a0048ad028d54f39347e33471dee29a95c2baec8672b9,71e72be65be13d317dbb311a67474953ec842ae296c649b6243a30c87ab95aa7
8167110434a0d706c9001315b2f2c3f70222a64cd16fb7131c083b6d0a033399,114aabf7b8c07d535852c8effdbd25db1f3db66b81adbd18540ac10060f76e57
0137dbbbaa955fa1c0772044de8a19c8d1dab97d2c3b15c1671667a25a1b7c35,0e45bf6f3bc1674edb306d96efb4684f91e5573824166264d16edacc866fcbe3
58a0f29c78331b7f6c25253bf53788285f01ea90c7b176c842e9f86b1019b6cd,a46c7dba9589bd6af76995519befe9551c633755459f3cbf7ec551fdd2448be2
1ce4df66b465fa25995ef75dd9e5761aa4c80e012989d44e7f4989a702cff4a1,a5a4b2ddacdc01afbc915798e17806bd933d5ecef59260dcfc472bbb5d60f566
f284216b431294b129ed11c15a6017d057cfda9f7091a003afb9bb1c1df2dc56,0717b9caa9080f97870dcb3d68d457a4225c70f1f96acb1e9d694cff8879abca
e19a614d36720ad36dbdd9ec25c7032d9e803cdc0f30f64ff24a5eeea8fdcb5e,8ce54f3a4e2c5b79d6c07bbdec9437c335ae4f1005d996390f936d9b28b66b3c
64d39cd0578ad3fc3be16e64b86a0fb3511ea29a878d348705d9742acbc99ccd,4388c870413864f2e1e140220280d6ff756f7bc14bb144a62a75fc1435d43ee0
ddf968a768fd32daa168e82a96b1da3cc6d85ea61f47c7f04f2e62e030d1c610,e071fa438821973e626a6abbc056489f448809c82cb8d5d43567b85c67692b15
cc300edb97b85cc12ad18c1b1ea8b1ac45f016f4d6a5c4d811eb1e7ee6a79887,d6370fa144c65c7279a946b1115def52ed0d90596200620a790d6088a2f9a9a1
b467d84916e23a3756e21933abe8c2b27b30a063fea8c7e246d9b15242fea838,d667da01caaed543ed6a7095d3d6f1287879993749a82b58844df3dea3591b04
dfec2d104d2b622116d33c34ee1e2657dddcda8026a3a3655c46fa1355377803,4a284df036d0841cd3eb54fbc40ad424bc84e9638e9f68799056b6ce4c866d2f
a58de93a2659a8b578aa34b1fe9240378b304e3ed6ed17bbeb9ecd308cf54c9e,99faa6071c92e503e7b86c3aee9e2ccf6b276f63a17b952c1cb0cf572f900ce2
5e8e11283c68fa14f1648ab880a25223e586403aa71dbef1c2d68c472c5085cb,056fddc38f5236999afa1dc44a0c56479317edb7b1293ffe9df7024ef00a619d
2f2c51834ccfd77ee45d587eb687f9f13475334fc8c8c26ce31f7110303fcc62,b3d3b70dd506dbc5a1d9d52871a458a0fdd6042bca42f07c7460f4c80c8d3292
f0de73ae88a89025bc37f77db02101e04ce39753b0c445b1495de4cc992d863b,86eddb08c4d8e88bef27f0400bcc2a106ea9b82aee7470b1baaa3c4bcb2c989f
a06071bd556319d17dfb24d572debb7ad200e6bc644033f041c53060b87e9127,2670b5c0e1773b70f1f3a1ed258d678c5156eba325bcb9e3b48e69a949514174
5af91edf17a69e1330ad9d13fdae227992d23d0bf07a39e1af864b1a3ff4ae78,392096cffac216f705754523ec9d70bc99974f3d9e861a4c1626ed3e048ac300
08bb9da01ebb2d2a08fa91568dd8c421d85f2c0a93643108e9874c01f077dfdf,08f9cf4ef1b97a36fe46a35794e451e8738569f9096e388dbbbe5315a49933c4
d2e42ade071aed6b3571e3951c571b6047311d59e36bf2b33b8bcec808202047,aa273901ea305e0142a5845e8b63d23567c07eccfc474dc93ef83d971597e332
4ea27d30fb568104e9c38c2431867c148d06f4b19c2a39ade5b41c0ec1075890,a0ee552faaa92ca1f4a6d05e02a6c0b98d191b7c027871033cf472b19f1840cf
cde0500ec276ecc6186c153740fe9aaa9aae07a12f9629f810e01bd436fdfe6e,da87ce43e5c04fa4864f6b8cf69f9593f1aebe383dcc449392ff30b6e395fce4
e5d5719b9de824cabae50152f9b48a0c5c08df0b4d4688e421e6bc93d11dc88d,2007b27f7df007cd4c2ded158c75600a5171357de9f46fb3567f4582313badfe
010eb9a1510b8dc1fc1100adfc223e94c6bb41e3cf8166d8ab45b30bc7068b0b,91b289267675f9ef000e6157288911a516fbd4c99364f3a9e37c4e1428c0f8e1
4028e0e1973ef31ebeb04ec60e22c8feb57f3403fd6db8bd4c5f85bfc5eba678,44f6fa25cfc3a05f6069fa31bad99fdb24da9e90265f1bc44a8c1e1d05666f75
897f3f5d86e017e9567f5e29e9c121877d72572eaba582b915afed84c3d203c2,5bb074edb69a826fd9ea6a99b5ac05a8ba535a0c6e8c94e025f713196edef7f8
1cd787ad1b1c8ee826d601be9627508623fc3cd815c9f5125e4a6b1f73516e1b,a01f095f019959a7c8095fa7783f2529f87e3686eda2d6c109a9fcc425840c31
9891ddfa991c0e8ecc96d25b6687a285a585b5b4cd02120e42d935299140e424,63ec3b8cd7046f5dada740d6ade1084519a6ec6f58af8d217ea65e07d0060fc7
0a73ec837a95b889bf8cbdfb18650494d1dda468e61dc8ab28076ce80a64612a,1bf806d37228d65faf49eea74c0ca702adbe5ce2e4ae606f2bc78b862d1f44a0
59013d0977a95c758324f850482f08ce6c989b15774a89b67c88ef5532d5eac5,8b1ec8993cede5eb7f8ae81a471a96e77df565a3856347521e4c01bf753d27ef
6b4f2e92984e84bddd5e6370cd0e4fc4c4d1755c59139dd3d68ae1b944feaeea,b966682f8d987089603c13096f80ce6f32e0960796d8242920d972ec89ba2260
7154fe5d3048443c199f403f0788eb8c91d2f5b314fc39017a1df4aea48bd025,e53b3e07ef17a6e37f65cf3f8320f090b861be18fa2b8ac5c51671aace3e3d74
586779c3d1742ae5146b4c7a73b78eb4cf9a8f95df6d3bd776d5bf5cef6a140f,54313186c40ff979d54b103827b3432e1fbd6f8efc8e96a70de6b446dbc05ee5
913729d5d1ca17373e981a0e3a483bc0bf9d2fe888a2871cd452f86937f8d9d5,9d62c628cd18faedb52ea19f0c274d5e823918d4e023ba56a11566164371aebb
ebc9a5ddcb3620ee9c792053bbf8f1211b6ee96d0d6543be8069a20bcb48bfa6,f842f02edd8edaa6109d78178f976391c508e4efa27881e83c86181e3d05f1cc
4f611742c4b47bdd99ebd8eb19d34da3078d057ee4e639756c68b2d566f8758e,9f25034a160d237ae0e2e1c19fd4db2864882b51c5f8988c9f0bbfcdc5da20a9
ed5c529489742bc703b5f8aece99eafbd9fddac8fd81d8a40c4c81e9fc75ed0a,206d12bf478093faa5276a6120eeae58769100b852ab02330128aae82ae1c28c
22b6c181759922cba0d9757eb8db8dc8b6daf49917ffae4e7cbe65d83a20578f,8ebcd94f48a59006c72af7a457a9ea06202fcede62347fc8b7548c46f9a444c1
9d3b540ae2b2502210c0e3281769f384e50907be79bccb1a5760f977e4101282,72d14d3c5c0dc33a181a838954b9f4804e222e783da3afcff77f265aea0c4cf9
45207779d97d41950b125bd829414f19a819d6eba7615eba6443e33be95742bf,d66f694bfddbbd7788087aff7e143c2bee69419580840ee0eae76677fa0bda26
26adef694c4736339fd2a80be1a8e6f63166433376d7f694efba9af48379725b,772286f94e04511d13b29d065b302dbe0ea4fb91355ef038810628e9f27966ea
fc0e68b0baf0f26c6b1c8b87298f17b3656eb8460c53ec591dbc54b1d17878fb,6e1cb2b703acbcfac7295e44c897e5cedcf56b64b95cce5a6df611db123d579a
501b5471ac260089ce6d952d50177bcc530dad5117e25759bcecf82c1b2d949b,de8d56a524a6f9d85d2e035b6eb98c130307219e58116869adda60091ef63c9a
366d19ee4205caf629b07ef5cad3d8a9f84f2572bb5fe268ed9b7ac1f7b88a67,af9ec1e09b8a66706782fd03a45d62e47fa46ed3752551176316b2ca53f1b567
7e540c82d189e61ce405f19e5cc3d97c0882e92e802469e0976acf640fdb0230,3e97f8c88e5faa9fe25eb7d1263f2907feaff6a85918919ba4d6e0acd534431b
99ce29462dc73977da95c10e51a3b80da5a2c9939c58aa2f81b327094c97c425,5d5cc1a4c7524566159e1cd63fd9d5508965668ff24b86b83f9ab230ad705561
be6b345f7159a9397b575110165dd52aa6143d9d86a787cf869099b9f43f614c,018ac84e16803f74becd0cc92461d10e1d62e59f95a33cf2111445ab6aae2944
a2cddc48fc8d3199565660c1dc4c73eaac993fc77b2bf804ddc9e179db8966af,2537025f47ae75d77a0fe9947f96f485f2ef206aadf5534eb47a7b1d540cb057
c21cb4e51c32a16c3c03c8b1e2aae09e438f3dfdfbb7c39f9618a42d639689bd,28121a07fb69b45deb9f38df85d91c29c37da1e70ec7aa0e5641cadd31e7a2b0
67e579da5edfc042b1d3ffac9ccb1633b2e70b5610e748f6e7eb5850e41f53ad,9f0af27c5628dabff909481ae9190779686030e30eac45dff720d873927fdcc4
27f183d550e49d48fddbd25b922ef481303428ce598b8ade8a66877a11f1e92e,e72590a19e76b4bc2d153ccdbf9b7b4f64c29f2c7e3aa313d560e59e61613ea0
a611f9ebe403e3e26d97e2698c73a27a36f9e73443cbab462d2caaa1c8ffa1cb,9466524345f7fd325a400889a77873fc499a1dd64a4a4a01e245a3f2d8786b63
fe7e03d62968232dc231b37d13a1f4b70a8813e470bfbfd4f9bfaef1d0dfd920,26cd4a7e6c3aa35edeec524f9ee430e57d668c16ae0c63cd6424e3f14fd99a56
2640f00e639ac9c4acdd6926df107c4b0f6d6f32645abf90f1617701e6edaaa0,99a153d84f057cd2c7123505f193742a2a842ad443217bd357ceada2d3c4a2ab
a14c98aeed0a6c684a498838a2d887e0cbc1f630ae21651e753aad3780e877b4,17efd56874c2dc757280ab4b77e9d971e5da0cc2847457a16dcca6e3a30e9b19
58d51b98df169f24101d0fde355019c9bc295e09f2f36b3caab187e39ce7bd8e,091bba4d1177c7abdf7e3218a8d340dd19da441aef62dcef8841af49c92c101c
8aaecc90f5e933dfc0e9d037e14239dd43748a77a7bcb8dd63f8fcc444956f4c,e4d039122d5e0d1a2f54434daf48ed3c4b44c389a0ba5ff409c41307549c09fb
aba9455151c61220d970e7cb606ea3ab133348690430e434f3a87b086172fe16,5d87b8e99338b65f36abb137a0847a82ef402fc959cc5873e64d82fdfee74713
4dc0f8e2066554fe36cd8e8e347f41e342a25b111e3895109897841ec465fa6b,9791edfefbbf607e974aa4ba73c18eead8eed6da88d5c034c9f7ec29f12ea2ca
41bc220bc7bc1a328f2e1ab9d7ab9288a46f278ea5d9938f8ffab38bfe6af570,3aa834aa16d73908c4cc01d4ad89ad232b706bc00444f04e7abeb171c6d8f99a
4017f0045f90cb90ea2f25f6ccdeb1c7e4b386045f89739f4eb4da57813ea362,647cbb536968bf5318d322adf5f5fca0fcf3f409a78fb495baa98246fce2bee9
c0bed3d0f1d23395ea3ad287246eca491fd7c61f33f5a12cf4db04c6052f3296,f57d838c16bafa94694fac6e924a1711aa1cc6ef6e3e76b1213f67b083b23673
9c6ecd6f619dd58938f6499c1117f89ff11b705d10ab5898ad7522e7e9cf483f,3750dc6e1fc17ccea6330faf4d9b1bb50b2b9887ae5262312ca21b128227852e
07a62829e4eefbce4290f8fd0ed2d5a118adc92435a595a6f89ebdec5d90e4d9,04aa1784e34635d9f4576293aaf56e3ee9cf5a69b4650b61c2720bfec6def049
fe5d7cd34fbf25d52b603a7304eb64147ef01cdad04ba93834a3c17674d30779,c7830e236f58a8789c04821329f0e3888cddfc46a371b1f5133adc956bf2fd78
22ac6b0801fbf237549faedd2a325e141dba625013b3f815fb878a06d0e44fe6,8012aa2cd8b7e0888a0ad9fd2569aeb66389dc04b55d7311b22bbffccfc01dd4
ab26376687bd4e00a9c50e14f0c6324ecc9025a88fa4f5d1ddf0dea41a485005,249e0e49943bfeac545357d13251a52d84abd907e729db835701ea17f29a1c78
9a6615f77199b731841bc043f4cea5397eb684600e57124cdd278b65465a711e,718a7c7ad7ed792fdb66bc4c890ae74ad880640cfcece4a90b507b170e93d21d
58d51b98df169f24101d0fde355019c9bc295e09f2f36b3caab187e39ce7bd8e,19bc95a5bd42258f81eae1f7820fd9788374e82f5593f3c3f194fee61035ea00
bde3ae9c86e24d43d80bece8ae105f1a99f4d5778c14ea2d47d0991cdb304864,f532de2578554739d3de48ed6f51d5b6efeeb7f6cc9120c1b84bdfd834be6a90
be74c4544be0220c1329e270b85b4114539a1b2da03302fcc6d4e8a8ae9589c7,7dca153fea1c40458a993d1117182f2c49d7c69390e2f4108e8359d8f9d71dd1
282e640769249c52ad3ebbfde7820f079277cefdb2547d521ff39d176a4d451e,767f68bb0acadd3a234479611db95e49563db07bebb719c2cde749b47766ce97
45207779d97d41950b125bd829414f19a819d6eba7615eba6443e33be95742bf,0f9ba07797c0c153ea71fec1d5f4cd9ffd7df46b112d8495c47ba152f69f036e
220237080ec72c279b81b3a7d5ec96424e11f31750a339714b47c834b5ec1a0d,fd661be79884b7690c710fce23ae6be0c9db51d6f33cc376eb542744d16b8772
2cf1708f760cb2c8de816195d2589c87015c95296742ec5f74510117fd28753b,bcae4cac0d3f14bd281af543143e69ef1bf13f940f82ff4ee2ae93d8101932a7
6573851aec75657382cb879cd7bf854146e121d95716aed578b58c89df70e5d9,e7e31ff6cbaf3e9d2a45e7751f2e5e6f26f257c8ddc293ba3187ed2ac3382900
909de89051f9af4e4cbcd543bc1b2e0298b2ec3982e549aed350663bb180a767,99a890be490d134e3aa7eba65e52faea076bb31310bed4cff3175fae6f0b1dbd
3431243f59c246d73829d4a3eadc513359dd295b108af7e657deaab4916ca1e9,e48fca7777338413c9ffba916060bfad792b8a51b69c3481894c438a22fd2d8f
60004762325e3353c483b579858ee36b16013f04ad1843cb9a067181772cc304,ad72246d033458d1460020f10094dadf39dc8feca6ebfa5b1e7baa30bd27d421
c58e57bac3981918ce5435cbd4c222fc4091533b00b031642b62ab5e01d96ab0,8ffe6b4f67a37c7d70024eae3f239f462656b32ebc1418b0f9308d3bf3fe72b2
ff07c34398648cd06e1f99f4f268acf71fbd02b6a4bac5cc28b54bf0d8ff8971,62b1f983ec062f5a835ccc4cc82a85073a164b06dd245fb4e43f02a2e72b1f71
c37d9f190a72ede3aee4b1bcab57803ef7f0fbb8a5423e6a818681cba92dbafc,86faa1cc96808ab867ba95655599b2d8a312ce72590eabcc2773aed20e0bfb3d
0b5de68b61a24f55d8946ec62ede1cd6fcb7a068aa82370d6d489b785514f713,fd5a5422eed3e2d124eb2508a175f6e76dbf1c6e20d7bc5d43e97a615b4d8fbf
4028e0e1973ef31ebeb04ec60e22c8feb57f3403fd6db8bd4c5f85bfc5eba678,62d62a643b4020588595ec743f630cf67c5e4965d4148448029e1f06f7fbb7c6
5958f9792f193f5da413c17a5903d3dbfb0a02ea2f7556c30890e961608d3280,1143881e0a1eb467adea46d746a2164d4d7f277248a245f2a6902fcfa1e60ec2
8800d4b49446460bce4a05d68376f25345f23423a1768ad42fa45a223fbb381d,2825bbf677d38eb4a1835cd73c73796b433956d97f266ef568f6b1b591010380
52f9fcc8db4be52d256fc84915829260e1e31aa95c9f5a0bfdbe1b3c3c7c5cd9,4888a6bdea24598ada9be077609661a10e2abb0387c7854c906a8024da4b47ab
7ba043f95e83e56973667c46c12a23a8623e803dadceda3630bfb3b961293208,7dca153fea1c40458a993d1117182f2c49d7c69390e2f4108e8359d8f9d71dd1
11eeacad4375826cb74f6c44e4e85c5e717687212e5dcae0cec09422e3defffc,c600e76f0d036f5cc5f9cd492b0cedecc7ddc560d0356a09e21bc8efecfb7e6a
3561f89aa80a318095594a3402db3129fbeb721a76161a78908d7cf50c98e6ac,0516c570ae1665c296ad702d2d6fe6a18964954cd887147e8e0d5daa29ba014b
eb410f61a54b02a556e9146d8c27c18c9bb144a465e05ea8f364316c0dd6513a,d80af7695c9dbd49c763b8a025ef471965560817bbc3c40f9da57e6d0718c41a
06a7bcacb6a69c57df797aa8511bf9a3dbbbbebbd7467be9e7c952178f8277cd,12aa0d021edf69fd915ba057caf5007be386a3edf8ce4dbd049c463b04d2294d
98428d7c46526f56be656fa3930f589fb60d46ab95898bc21eb2b17342e6e3e9,7dca153fea1c40458a993d1117182f2c49d7c69390e2f4108e8359d8f9d71dd1
ca9d8f488f4f3ab4073e0c4834829680341df29b2afda1a5588e997c3cbbaa2b,e8306221b0a549db1fa80af14149ca8a427961ffd57a0d84886d4173cc12172b
8818d3060fc14a661f7394dfd46c93b6fa1fdc5175785dd7dd784f1ffa7ca27a,a646bbc83785625a24fd32a705057315fd0b23819448aa3e35cfd0e3c35eaf22
44f9dbdd5b466b7ce861209488a16512902da166cb475e774cd9653178552025,99a890be490d134e3aa7eba65e52faea076bb31310bed4cff3175fae6f0b1dbd
6f21edc6dd461f48f2a624be50941f016ae6e13d5ce0d0910130ad29d459f014,6fb5c5fa8467949b0d6270bdeb31e327244e1ee67470921ea9bf4b420cfe8df6
5b3e1f47ef803ac03ef38a0d02140c9fd9f66a1eea1e48d09d7794325f4ffa1b,f4b80e3fd1cdbabec008708fbee4bfe7583f6050333bc0e2b780705bfdabf264
5bec24708a0062c4ee892906aace3b75f7ff642fc460bd99c8960657d480148f,78b95606ae88538b5c024337e5bc0c8f8dd04e8e9dcd4a970bb2c04cc6fa60eb
41bc220bc7bc1a328f2e1ab9d7ab9288a46f278ea5d9938f8ffab38bfe6af570,fb8b690c85a0fc97d1eb014220f47d3bcd561e282a23011a15ba3929841cec01
37ba00d7f4467e0c2742faf493ccaaf7da42a73f70f34be83186cc538abc75d0,45b3e18712c08ec36611e1a0e66ea762b504ed83894763cdc351362c6279a4c4
e8d7718c69c2a0e4e735fd2d53f5359ec561101e6e0e823900375f04313570e5,1b61994ad8e3256b5357dc4e799b17196d15b64368a0e33e50ef007523e2b67d
06f2bb96971e7d9ff0fbf41459bcd3c693f9c3fdb2de3f9b3b901f7d6a88357e,f410f9a83da5b1ab8943b0c7a86ebdf34602fa5850b3d04799166d95e57f5c76
5890ad14c09d4727ebd3c7150338c28bf875e37f0e3818c7ef67edbdc2faa8d3,510d9d6e8be1da3058858caf277715a3fee3939b84e40a733e9c8000392934ac
9361f717aa2e75df24bc084f600e3b621af703b105b72e8ba19271ddce9e79ca,f9d6fe4e371e1a2a5414ad11bc5ed6ce24a6f1a6d9fa8c03bde563b212a7a014
c969dd60d7d03c1af9722e300889fa6a7a8efe99581c5e2fe535808ab050884f,8f918e9179000b6a2a68382aaa1aa53c1360d4c1a4061b5c5f015b2518524cd4
3dc6be57514f664252acbee70fa78b4980c0f3450bcfad5eea7e7cc2e5c3f5b5,ca15e39e4cc242b25655c4824f8dec44be0fc338c63a7e84fae5a06192f3ad9c
b6cba585cfffaf53c965f59d95abf27d50fe78445a26b4be6498208fb46f2311,a53db08c33f5acaef240e0814c8023485d43c2262558beeedc3ba3f474b85291
6cd6c83510c30a5a9d3178cf4ba855c58d210fdbc928fd5ac2dd0858590cd26a,4ec88fb0b239105624f09de7ecb0b74362b64cd814809e211b45c6fcd9b21402
7303dc19bb3cbc2995eb965d129fee7a1af6402bd7874639046a6d0b12909497,7dd3a395d821a8eb1168b7a4643aa0354cb282fc899fc5e3ed913a56757ab580
02adbb16d2172b3b8542dea648dee09beeba5d694b9f9bdca8048b6084181e95,67ae1c3c6a7459f4023df1103c6f7d2010ea8be929a20467050874df3913a5df
7296b6a100cd85209d09add54c93405b84563d24a0f1bb364708d9ec30040990,f536ed02ee89188a8c31f11accbcd2db1079ee974894d53c59dabcd97f3e9e74
6427536c9b0348612a39c664bd0c5aca58d8e0f0eb7909680aee2f85b49cbb7b,97dea51472f464bb6127b515213bc353f8783f88d7c9257d4faec53576682c78
86c4a4c39bfedc164c7b263323c6b1d0945fd56200e786c15acbc60acf6de565,8411f218489d27b2c6c726fd725ceaa9e15b83bf535811e5fb7dfa567d925258
8279f80cb560058caabeb71c8bfebe313cb259b8f1f6715ac16fc3f385c392e3,3c614fc21439ffbdc6cf82b530a37ccd08165dad2388e8e82fe366aea684b0d1
9df00f89389993611ba6e788e91075190e579e03007075607333abc9bbb79edc,6078851b16541825f05fe19fb145148f1e76c08fd6cfdec8402c2102ff024b34
4390c59b48ca548b7475f1079b7f5feff576de0bd49e01b02bb6ee71dc7a5ad3,a2540ce4ce3152d5f17bf00532f943665df76ea6ced0a7713eaaebe44d7b370a
f8a336676512d2fdac857a7c4fd40d05d83008680000ef3c3bd8b08f9d887590,423fdd66dbad113748d770a68682bceeabc3e2efcacf9c5aebaccb875edc13f3
bf0b2e4f0c693d98a63598491e33117341853390ac9d95b84a85090055815fcb,8b8f3c2315a52d6970d55c485951f93ad90ed1ff4f432af57c33b4e93f34c74a
6bdbe9444eb53574987474afdcdbee3393a76df0979182a3eb5ceb8e1e892b69,e29abb8eecc916f452324a1431f9823e472d03392f4fd5ff84f92c947c1bfa72
3004d74d5d14e5dfe6af9f307e98941dcf1a09beb5c8c57282229d1caefcd067,d7f5422618751925ef022fe4ef4771e8ae0c0a23eca796ea2bdf20ba77ec1dd1
f8d2915c4069fcec8eac96d6493145f620cff850c2ebd49531f9ee84b5e610f8,63a3827306fa4819c4e933896f3f5298f6c5c954892e2354b541d25688946cd4
bb0e8ca6296df5ed3a1c379d01ec19f92f557293c638dac1ca067fe28d309df8,f536ed02ee89188a8c31f11accbcd2db1079ee974894d53c59dabcd97f3e9e74
b5c2b6deb59cf9eac39365b1faf5d38def6508d8c37d0fbf035484d6ce4778a3,f95e01fe6b3fb04f67ce374b3e52d2f664b10fd26d6a0d8b782f75745587dd96
ef03298f7128d33130d86501b8962874280be2da2e029322285639aba280b825,ec653e8e8748dbab42c620a11a99458140ebc7c016f2672ff171e44d56298906
d7d588866f8e53f1daf66e805b66efed7f43c5f00274b9dffa7c19dc8fce2657,00146ce5b0e4b8b54ab248589b9f4d7a348ec7c6d889e04fde9d45ec6e0dcd6b
e9e69db60a943ff186018a01ce28aa819f1d685b1c1dcd319411115447b9bb23,249e0e49943bfeac545357d13251a52d84abd907e729db835701ea17f29a1c78
deb87a1a67540813df4510ae153c68319b1b9ac7074db387ac97ecdf7f5ef923,2c6480da478974c4f1aaf92c5132cb48295424d1fd1aa3e34448a6b493fe38e4
2a067a2b6e1196f0dde9a21bf074c176fd669ba48b005e308a6fad94d684a551,af71fcb88145509015dbdcc15d62e00d1e108f68ba6fdd998aba075daa899144
9df00f89389993611ba6e788e91075190e579e03007075607333abc9bbb79edc,21818d2cc5a9ecb7c1178faca1f1ef62f7589a5edf8dc96a4662ff17e98313eb
a16162e228e28444954a170011a77e4d01ff7dbe0039f6b618228bf0ecc1a4a2,ec653e8e8748dbab42c620a11a99458140ebc7c016f2672ff171e44d56298906
bbf3b1b758dd64e023387ce7f02391345bdcbdb595e65805c09f5b2d5b26ebfb,e17419bca33c2819ae6a261f7b854e3e63e827a109bdbe3229da95179d43d9a8
e9be34f637b9cc97b4e438d906efbdcd58ebf8681ad20ac0b078734bc133c7cc,f2a3d0704cfab9ce65e7f5f14700e694916a9a583bb9296f73e015e11c32916e
af897c4962ed1bb51dc7729d1f01d2b085ad2aa4778e84af0e78c88c219f98bc,d7f5422618751925ef022fe4ef4771e8ae0c0a23eca796ea2bdf20ba77ec1dd1
2b93fb04670d4876ba7a4afdf37af0fd12b4dcdd04764dcff6027d4b47c15764,f536ed02ee89188a8c31f11accbcd2db1079ee974894d53c59dabcd97f3e9e74
982a5f1dcfcb1a4b3ade8f3459911778d2a9cd86c170e9472e3184874d55fc58,e5276e65cd7f4fce6400e8710de9c5c807a5d28e4fdab7b33edfb045ba5819f5
1fbf953f92bd9741c55956220e315450d59d82eb86dc00ff34f6f36a07cd6cff,bead7237afff6c586d092fbb5943c80034930cdbc99c508bb0ccd8002c03752f
798b2f783d8c847e9f27eea331701e558e816088b74520fc61cb8b80140b0444,6831e320d9ca037bcd19f601c5eb95567078b692a391db74c5319593f3eb3add
f1176fe7e39ab8f3698171536b7bb79efb54e091c0d54dd22d5732cdf3431a9d,8411f218489d27b2c6c726fd725ceaa9e15b83bf535811e5fb7dfa567d925258
b1afa6d802442dc1374776fc7bcc0ce89b7963a6ab54045c1cda9fd1df16e570,943a56b248105c811d4d16c693b090cc63e2289122fee4b5674550ebd9c7cc8c
a7e3a869a7a17820901da730e4b69698c44ec92b7099103f43522ca9effe19d6,a06f45979a022ae91f49295c0cdd2db2918e5222752d1acc431221dcf41a2a7f
41bc220bc7bc1a328f2e1ab9d7ab9288a46f278ea5d9938f8ffab38bfe6af570,b6a38d685e9ff3ee7068f37369cec6a7f33c93aee7aab7453c07e291d33b136c
0d0f62149936909516aeb3fdbcd280b03b095d5e7b5e2b2d3cebd290376ec9e4,3a3b48d52cd645664fccf620b225a9462cf64ed18a4efda53a2173eb6ee236cc
dd6034f86d3587cb394f53df48e700de753875ac310da8c858c718f70a9c703f,f536ed02ee89188a8c31f11accbcd2db1079ee974894d53c59dabcd97f3e9e74
b1afa6d802442dc1374776fc7bcc0ce89b7963a6ab54045c1cda9fd1df16e570,e17419bca33c2819ae6a261f7b854e3e63e827a109bdbe3229da95179d43d9a8
bb0e8ca6296df5ed3a1c379d01ec19f92f557293c638dac1ca067fe28d309df8,a06f45979a022ae91f49295c0cdd2db2918e5222752d1acc431221dcf41a2a7f
836a2b5f7f0085954e4b21c05ef62c68be4084e55ddcd61fb85bba6d46f0ced5,c9652c53462115aa066c0bc03dd8bbdea3eeb38585d84c304c31ab10b67bb594
4c53a77e0090ef2a8b5c6b4ee3ab38cdbd9b0edfe74307685babdc093f541d3c,08ed1951278c5b0b0dec43e2e0ac2fdb1c8c806b031b4b6ff8741cf753770d19
417ca31a5d07e587f5d8d0fb999fce3342b48c0eb669baffb470e3479a24abaf,ec653e8e8748dbab42c620a11a99458140ebc7c016f2672ff171e44d56298906
eec4052ed117680d89f03400a3b6c8c319b9e75126c8d015ef2ab3fee036fdc7,cd4cde19609c35ac75baf7474d08eb9d6cb559ba62144bf8b11719923bc2cc8d
bd09bb88cf7997e5b5bf0f519c087d228fcf4a9366d1dee5bd33927db522c54b,af71fcb88145509015dbdcc15d62e00d1e108f68ba6fdd998aba075daa899144
72dcb1e819d973d34704a8104a1fd5c2cede4ed7f51908c56f36775e76c30b6a,d7f5422618751925ef022fe4ef4771e8ae0c0a23eca796ea2bdf20ba77ec1dd1
bb0e8ca6296df5ed3a1c379d01ec19f92f557293c638dac1ca067fe28d309df8,fb8b690c85a0fc97d1eb014220f47d3bcd561e282a23011a15ba3929841cec01
c294d858d016365623d034c74a3a684abe7a9c973ebf46e97a2be9d723ba88b9,312c3f843404e8591860b8ab8fe65d1e84823fa90483d1183d2c411b680c0d96
37ba00d7f4467e0c2742faf493ccaaf7da42a73f70f34be83186cc538abc75d0,f95e01fe6b3fb04f67ce374b3e52d2f664b10fd26d6a0d8b782f75745587dd96
955b9341ebe4e8b99b7308c85e44b48bc94e36670b3e42043c8fc21ccf343371,392096cffac216f705754523ec9d70bc99974f3d9e861a4c1626ed3e048ac300
a6e16c8294635fe09d5006bac5d6dc6e1b06464de3a4094415992b5fed298bf7,1015d6695dd65692373e09934d21ceef53c6e999f56ab879643078f2e1e6a92e
eb410f61a54b02a556e9146d8c27c18c9bb144a465e05ea8f364316c0dd6513a,aa43369ffedaccdcf83231bc6b0c3c9b2703f31dab03b77f79cc196fea84239a
6aa6089025e7645d0b9cbad6025f45d9a38cd3bf5ad1e6efde714bbd8f405830,bdcd897ab8ed585981ac297f3df0ee185c82a7a65c39ef3af8f863354086ef21
e3233f29ad75e68fb951398e1ba3dcb3133015627b0122dd871f06c49ff8477c,90d367914500f9fd00cc4500ea9559eb87fd2cd38fe750bf3cebbb5811c68e7b
982a5f1dcfcb1a4b3ade8f3459911778d2a9cd86c170e9472e3184874d55fc58,e71102c263f5bedbc7255ad54f2e2bc8457b133772f6beecde8c1e04d8502630
af9cedda69741d46418198ee4db7d7a014fd6943aac79a8f9ac043eae01b289c,92b540751cd3ef1d9cb5a54c5461638c494e3de366c7a0228360522bd06d8d3b
7e58b24571b4e8149ac9563d3d7c7c5756a1123a9ee53c785a70395d0de2f8ab,01fef3086f59b054984ff297b40f782c140c3f76afe81482b1fc08c7d8338ef3
26048c83e90c6dc4c1a36e5d9b2e1e56d201cbcfb28973871a5652f1ed9c8e89,1015d6695dd65692373e09934d21ceef53c6e999f56ab879643078f2e1e6a92e
ab916d2f4d07d01ea34650ca38bf1a456522a46580095145f14c486286b06ca5,1015d6695dd65692373e09934d21ceef53c6e999f56ab879643078f2e1e6a92e
e93a2c51117bf8bb871d9ddd66262322f69e3180ab51765ad673118843f89f25,fd679d1db2e7d34214e74d6a99814378ca79d66e4bbeee60a261a0f9c6e2f8c8
4ea27d30fb568104e9c38c2431867c148d06f4b19c2a39ade5b41c0ec1075890,541ee86e386949c808da0ce9eefb2174dec5ac73d22ba240941950956753b6ce
aba9455151c61220d970e7cb606ea3ab133348690430e434f3a87b086172fe16,50f24a81b6842adad706624960e2578dd456db9b60e73c11bb3144accd0e8d92
8f2da2c7d6d5718f5578c29d8631d13a7ce5f7b93cc0cc9eabad8ca24e84ab19,af03b57b58e383819110a146dfdeb35fc622c70b54c535427006ac26a323a34c
afcdb99aa50d5764a59ed853d33fc7aae264f9a48a14449e6ea640ecfe17575b,5255af2a20a8b30a17208fa2bf512e78658c7bab37d2e74e8659649f5969607d
e9c28f5ff6f59f80967bf568b451df2e4514a8d0dec83d8955ce27c5b341d75d,41a66a55cc9f7d1351c0e00e73aa4792a7b1cf16fd2db8a3a54de405fccea112
cec0d9476f2c948ec879d13c547c3f0f77eeb0a14f628063de3c430f814f08c7,550082b1688c395ddb36f53ee29ff2589374e1b53d972ad918599b932f9b6ba1
c21f6f57955b7da323cf2953656bce4415ab29a0cf29b8a7d17ab8a2ff1edd62,e6f346b23d5636bbb573a125acf09227aef22d920f6280babc040a42a9185c11
aac207b120b2e830d92cf4b4b2aa15c7ec8bde13a3af3f8c34730ddd2b77c715,365913f587969d39330950de6e6e50874c9e638a883e00be0f5cd7d4e28cf117
0c4ec960156b7f082473289875178c0e5b2662657afc6160b83f4c9796dd1825,8537bddd1cffe8903587995d2881a9bf7ce7b47e575860004c49805c82a93555
cf86825c636df84c6b2c1f46b2d18377434147cec6205f59497498cfd00f96e4,4d0df0231b362ace5d7a6e230d194240164b3e6160b0b21ed55df268bd9a685d
4a3ab543044a345cddd1aabde2304b3c6eea33a96318d3b251159d721b8aa7b0,c0d94ea0f725560679eee5a427804fb59ad91980ae73c88cb3235defb3956ec6
3dad6e7e835c3b35f34ad3da4bc06cee9ad6c3b2cd72dfe04ba253afd1df19f4,43eb1b148ebbaca00a1ab56d5455f617bfbf90cd219875150300024ead1a6f4e
242cb47cc0fc072e42856a59159f56a1ee5e13c18ae7e776d727fac48b4ed848,9bd6b545a1f938c3372aa4d395c7476d8aa372cdb4788298abf47648dd3909b0
0de86ed1baf2264790451ca726d498ffa03350ffe7856ee2c9e1d571503bdb36,561249d7b21e350c71e937235cc7303029942932f2167ecb5c568e0993e1ea73
290f3c31909a58ec22f852addf7973994146c7a76c56b875e75f93e997526a57,a06082a43d4a3e32324c8d65e9f7f71ab01644b20595630474772b062db9c5c5
bbf3b1b758dd64e023387ce7f02391345bdcbdb595e65805c09f5b2d5b26ebfb,cf073f873dc9a30121d4cfd5d43fe22e58c5780b160e21b722e92925ace45949
4a3ab543044a345cddd1aabde2304b3c6eea33a96318d3b251159d721b8aa7b0,eee2ef07bdff80688773e7a674b5fd99bac207d07697e46986b3663c7f897f9f
68651a5bdbb5cda9b5c759db99bbf103158f2337aaaea5485c14334a7b570810,26abde455c700d3695555d8c49dc66c0f7a9e7441cbb1a7dd50385eff3ef4e63
87026dc7b3c40b662a11e46b196a7ae42fec574a8ee56959dc8b2e1a782125f2,0aab9861ee7e7dc02fd61a79eabc573c8a2fa9ae71eaf705a40b596a9933d2f7
7faf9ec36eb87278f957330ac855b56ec15380c4f1848a1f94f6a05f091a2e5d,3a2eb80207300c4b78def908c3612a50e3390765ef744a3bd3dd4ed3b3ec226e
917c25a6cbb2f8e2e1728539fc3158926a2b520900adfc20d2c1339428da4a71,ca7a7a66e39b4398113ebbe1d3b8791b07ef12dc920c46e435e69541f4e74cf5
08b3624d37ab364d672c7cda82f2f94f63927b1b14c10519ac09e5965ebb3a1d,cb3930e95593a48fd7aa93fd678ba5445912fda783ef67032b997e9d0e2f4c2f
77c615859c8957c7ac08133b5bebefddc7be9fc689b1957446f2f38fd80186b6,195b6e228b9f4e83368bbe42e7b3b73c66893c8a0f90ffea396dfe3042c0d3fc
0b5de68b61a24f55d8946ec62ede1cd6fcb7a068aa82370d6d489b785514f713,ef9664275130e9e61c781dd03fbbd642861e9d95f8a344c09b67e6d0fe98e847
eb0ceb39ff28dd6f054a40de7fe2b11f50f07ea6bc89ffedcf710d1c1537c446,406b7435c9736a2cf337563ecaef3d851688be0f472d5c99c46bb84311ebe234
abf213f544813abbb93dbfc3d270b900d8261aaa18ec23cad3c7f597754ad6d2,5332f1cb0818b4297d212329d92b6c54c738936a8476f3646ff70eb2b9ea2e79
9d37eeca0ad6b83c82a76899e95a82a7ebe6c383f3587afd86d54e31386873b3,195b6e228b9f4e83368bbe42e7b3b73c66893c8a0f90ffea396dfe3042c0d3fc
b9a44a7bf089f9fea33cc865cfd673f30f9cae97ff54e6e2e36e749c7a67470a,cedd3ce460545dd5e74d98cb2f4db516e7183a03d139642fd17e72b37563d272
8cd23e28238fdd793d76f821453f54f825e9ce40a8f73e8abcae73f11eb45d17,1fbb619ac6f40b615fbd4cf76d238f65c67df4ec9434475ddf50942af085a948
5816d6c2ca8999d935ac47f68ba6543a894af394006a9428518f28c5bc93a099,c0ebb7d6b69390c501d3938c49121c55afd45000601b655664675d7a925e1c66
4762d8543e630ec5e6d542ca11cd750e5f08e6cf8e18423745f8187c4dc7520e,1fbb619ac6f40b615fbd4cf76d238f65c67df4ec9434475ddf50942af085a948
06f2bb96971e7d9ff0fbf41459bcd3c693f9c3fdb2de3f9b3b901f7d6a88357e,15cbf56c5ab044d273f0e5948f2241f6e3cb9741fff33a18b064f88b030bc2f7
ebeaba7c1865bf0a398f2510082ad1a46c9f8ddef3aafa2b0a19e51ef03252a7,5288cb6a0bd752e5ed67d3dcc0c1356722a96a47e225cbe120081de95e99fc53
876f901fce37f61b13428c95d85e93c82d73bf0fd111a4f3deb9498e50fd932c,30bef0a6b90ef5d986a2bbca0c47117b231714e7c4e253f4a052246017798502
0d8c672f99caeb5db75ee41e32a8039393ac8167b40e99962b7b788c21edf260,fcc994671adffb941e80f8930e788beeeba61c731e37fa9e728444a414dd0bf4
aeb3c76d064c36494e7e3c316b18ede0a1dd8f05db075604b6444909d47b93cc,faf5100af69b55944ca069f08ee10dadaa23b3317805a7603e632e0b9634b4ac
1b2361ba0963d890bc492a8325161f54cdfab9dc4037c1263cd18c692aadc08a,1143881e0a1eb467adea46d746a2164d4d7f277248a245f2a6902fcfa1e60ec2
cec729899b32708b27c7e4923943c2253b0ce0c722910a2189f364f1a0940742,6fb605a737a6c061e2df4187d3afd29319808db678394fb6b95e040887419327
a96f0a726e6ce0499cc4e5883dc672193d8fe063d882349aefa290ea5607b203,97a1fa3c09593cb9af9ccd6c59ee9dd78431a9412b8a481d313ead3fa1ad45dd
d978f6644dbea249bc13f1bf5415f7364d277889f5e49d7154695b323a0a8f3d,80b28a7cf44d54bc00c74048a4fbf78d0a61b405e5ab07e52344daa417c4a003
0fab9e448b93219de0a43322fa2cbbe75f4e3b9bf4d74f1dbd99e921d6aa463a,310afda7f70499b34bba323272dd7c3f334fe678135eb8658789d3d6597fdb6d
38c96f5e62ac37f9f17328f0aa1645a8a1543c5af74338f15c9e7d0ad6051897,e57eb46a4d6f655c774113bf37f34367bace91c7a671e551dec50fde472c4acd
bf7e0628dba954dfee8d8f37a27470a79e54fa1dfa49d66a5781b33a4d83a11b,6d507dc16cd02a7eb649e3ddb2e7b2fd57d1f0af21229a055af565587d79f1ab
ff94373dc3b67566fc42b16b973db15c03b7c4230c44942a40da8da7632390d2,6be54ecf0ff1cda6195c89b1401a756d05b9b07e472a09d0dd187b5c78444ab5
b6cba585cfffaf53c965f59d95abf27d50fe78445a26b4be6498208fb46f2311,f4b80e3fd1cdbabec008708fbee4bfe7583f6050333bc0e2b780705bfdabf264
4028e0e1973ef31ebeb04ec60e22c8feb57f3403fd6db8bd4c5f85bfc5eba678,fcc994671adffb941e80f8930e788beeeba61c731e37fa9e728444a414dd0bf4
965fec3095f28869765fdc7b0940310d9aac4121b99062c472636329ba3ae30e,7c4067198d6c7253e0d56b150c2bdfd086663a591088e2ad17d5a6d3d5be1fc0
22ac6b0801fbf237549faedd2a325e141dba625013b3f815fb878a06d0e44fe6,0dfc9622d25d510e6a86cc7c9781db222752c7496d4454bcb378712c8bb213c8
c83c9243368568535cfe73fddd433e72f65dff1028ad6fb892093b0d80a88084,3d74c69a2bf95472981baca5d5177ad4576f937eba793a51a97aed05faf51304
990fa2cac3ae0cdaf01a0d4172fbe67e302e5a600bd4de2bc02b99c3f0d074c0,16489c64a4a2206a94ce2a80f42f1efd96ce4f3047abcee6c0de4697eb370b2d
b4da6f800ab5786ca30af3310c96550e9e3e9f750b5308980d7ddacebffd8467,4345dd30cf67b33b52ebcf43460ed5f8229b8dd4d4da22503582ac1e5ab14536
7dd9b4571da7075b6ce7c6bee818a8efc21c3a00e226e0eb0fac7f690205eb3c,d3bac021d2d37fda2c835fb337d908322a913c94059dd9de7f4e67805c079214
ebeaba7c1865bf0a398f2510082ad1a46c9f8ddef3aafa2b0a19e51ef03252a7,0adb28ff64b0fa98791e59fa15d11a1c3ebac3235b5104d3fc2ca8fab9bc9d36
40e7f9359dea38dc2df0527d7276afe2867c7514548154c10d62ad21fdcdfd54,c2f6bdd501d74a277c57f6d98b5b779d232983aaec97c7920d7f41ca0597c026
e8dc17171b8a8b242c5a23931ffb33ac51838d302f5f536675d4e90b17aab643,8f642fd709b1b20ad9a1565c19b7b1ca15f1410af6279848d506ccd3779410d0
351e97d586c3ecad0280721a738fdf9d439732c1d8301ade3f49c1eb7f7c8d27,ad74449bd400b2ca3c0535bcfb074f6c5fc9c32155d8c1ad7d1b902c7777537d
7a578e17b56781309393bd3a0891ba901ae0d012790bbbbf8cef27a745ef97fa,16489c64a4a2206a94ce2a80f42f1efd96ce4f3047abcee6c0de4697eb370b2d
0524e7394eb76df1f29574d4ba57055eac2ed1c6669e318c552693a2d0d97ae9,3894fc78c28b7d6ae1d8c4f170fd1904510d2a2ccb06c856ac0d3ec0b27a48f0
f40d4a1c10041b69c8bf324f271dfcf2b74e1653226d9ad0c42cde8e3be19f10,c2aa2da3619fe8a69ff1187b74d582d0b83a236746db6a9877664897efdff053
e81276ce9fc82770969ed0f4740037abb9af55bcbc18677d27565d53d0eaaa0c,f2530fad7a223e1f3d14db1a9cd961d24ed9c7a041e393aa842efd3e08e375c8
05af9c80ffa37ace9f0ee7c333a8233ac945a3400329761f968c36df7be005c5,960495f95ffbbce5ef4ba1c1f82b6aa3507c6902a882d6ed0ba13e3a53f4d056
15f765a28ee7c8af6ffa722e2a77242e4fd726a56e3e1ba312a936af6888977d,1f0ebc6982b6c2d29b40badb71bcf034c606fb5393f02a895c9fe9956ac988bd
3ff2527fcd401813eaea03cbcbb00c409fe9f167795888b61d86cb4eda9515da,0a7b285e35299637c8ca2290fe4803c0072e227a0f0ee390b265d8b84410b40f
91a5eec5b04b07a8368fe218ff71f0e82761c95c9a78eab0c9e54cb0837467a5,66e53bb49af676cbe4fefeacdbd9bdb7c41a71cd44677e181c525282211cd100
d0563f8134a2ab23c36c8ba17b7da87ea642eff56979ee7f635b931c9c647cbd,2906e85ec61612ebcaa4bd6c1fc6965b645ad1f5d6223bfa723c5ba505e663fd
512185a38007d1b4e48f67fc3d5cbd6097c81f1f20890f3c688e5a6b67b5957d,80b28a7cf44d54bc00c74048a4fbf78d0a61b405e5ab07e52344daa417c4a003
189ced0436f9dea5270d9e55d80427aa35cd560bceb5dfd86b983ca30559ceb2,30c3815962019f936dc3fd64f575591ce24ff18ed037f045e2c78cde65d1bd88
f7711b7db750fb297e4f731da74afdf06873a517dd0e01ea280f7791e2953de1,b36be53a9092c5c534c0461393169c51f20a285db355c59f274a4ee70c36712c
d4d1305003969ddbdbd8e112d5219986ed9421f66409f65c6e0cce954550dd54,0adb28ff64b0fa98791e59fa15d11a1c3ebac3235b5104d3fc2ca8fab9bc9d36
096c7a851725496e881b7a1e8cd94359fb8224f82add914f9e7e25fdab96db40,b2e62f0f5b6aa197a04c330e40e1cbce66c55fc59b1c39971fadc71fd0e27702
0d7ae2a4bdbd3e5951467686c48b6e3dc68964720f96b5ecd1aa27d05af21db5,97c93d6e1df14f002f642d0dfc02d03855e50f4a6cd205cff004b739aa2525cd
e3aae58bf7f587e2d74a50bbfff093128c60e3db25bfc30a86562c67713e1a80,410af8c57245bc960f60ef7aabe82faf4b419c1ed76cfb9572551ad8e235e1d8
a271c02487b4ba8a2e6e269cae2daf8cf67323d676d56429495fa55a65423962,8bf33cd0c1b695cde9de0e0b4cf55e8891b3c130e97832653e67832a997952f7
4837ccb387f7515c3ab8fe90ff5c2394d345f8c3558e7398e12ff38b5328a501,ca723ca4515bf5831f18321c768e9b22f42da21f5e578da3c59869340d8e1d03
6b9954ba4fecdc399c5014e278a459ccea1c584d393b1ac1f004469c6cb06684,960495f95ffbbce5ef4ba1c1f82b6aa3507c6902a882d6ed0ba13e3a53f4d056
0e9c6bdfa04406afb51b694c0338efab8b84a8f423761e672bce28039adb73ab,50201b101ea24e4ab942f1eaf7ded8d7a0c0c81d5510dbe2db74287248bab199
605be16f9b3faa8f0ae2553b676eb33add60480d7c03da169dc942efcbe5d397,83440aab87646a6d28bdfea1e942309392c38217398e9a131331631a0443b977
9cea5e5540dd848a75cdda93e67166f17985757d2116f86ed105a7785e53379a,332556d029b3d840f0c4ebb687d9003a2e52d5f8a276eac8ace1ed47e889d5a5
3fec30a5979c79900ca79d387090921fe18bc76a4f53d3c42f9fa2f522b3cec4,0631c3a4a985fe8c726b8004ac0a78f9543c8daca73155ffcb59c782b917949b
57c8fcf0e3a35591827ddebba72e5584368b776e8654e9c86cba8093b3bd3f19,f7eba1a2d9729c10bf07be61167e1716b73d72b85d775747705d3c0f3132a9ed
bcd7cb79966a5f76e69b811f1efa4f83db023572c3196dd656e2bbe530191aad,f4b80e3fd1cdbabec008708fbee4bfe7583f6050333bc0e2b780705bfdabf264
2e121f2e8ecf599032537b7b9bb093c0f329d808cd9cbf9d2701f99904139cd9,c97b25c13c3221c0dd1223bf00bd91a6907255d023dbed0f4a489b60a0bd37d9
99ce29462dc73977da95c10e51a3b80da5a2c9939c58aa2f81b327094c97c425,960495f95ffbbce5ef4ba1c1f82b6aa3507c6902a882d6ed0ba13e3a53f4d056
8a0558d8cc4dc036d87cd437d3a301ac946bbbe14b062a3cf4d2b97808ee5c45,c77095503a1ef14a2b18442df7a7fc268593e73d79bcdbf7032824a635415de1
c6bb38fe3debae78f813f40110dc59e61392adcbc12a9180905af38940b68aeb,7848db8bdf9084030c3a73deb9daaec5e88558198677c06e9f6cfa3a9f4e0990
85164f19379732d1d51a8af920e749068202c6496ec47daad6aa5791c6e54f23,6fb605a737a6c061e2df4187d3afd29319808db678394fb6b95e040887419327
ff9780fa7d1c3d5af545fcd1298a19a91bd87793af53fcc18bb77db4aa6b118b,f66b04f5a36967337b03e491a703a54e6b866f8029eae2b84a049c421728971b
d5e34fa2ad4c54eb5ed5010d80d7cbdd463d06332c176d24a50078465c71c541,4869ab33f984c9100c69222c053693d17d863907941f28b045df8ce385737024
a5b64b63e781ce063fdd16ed05594621fa83fcedf62899ef919856108315d1e4,1690d7e51587ebfd07fa6433ec9d2a8e004c068970b7a96da9ec64d911d747dc
5980881c1df9059b501a6524000a6560bc265889fc8307c4b78cf815a367cf0d,3fc2259e6e20440179ecc9e367e0d536cf70c3001e1b9a85da06002bfbf6bfc4
5cb2b505dd6fc3d7210ff5f190d17708536730173a8ece3aa849b0be6dea40a4,db43c909d4de09d8c237ed8e0d38f5a0ad6b21c3a2b37eb1fd75f08895f5eeda
c643a77899c21d7c2130fa3df685131ed7f87d4baa4d49a1b25746fb385926a8,b45cf231a5151bad547b7bf0fc12abd8be4b0ee34a0befbbf846a5373f58bb98
0ee48d21779c5151168a3a929fcfbb236d8d7a4dbe6efd541d5d88af8cdd533b,2f35a3cfa336c4a79d33ed8ac2d8cee8727ebcc471bed774d247977bc754bf18
b5bb19f666e04c31fa0a8328f1d834c9d2da05c3407916d33e4266d3c353d999,7be379591a95a969a86664c3cbcd07bc9d478c758c02d49b209dfb2426a527fc
c1826a9f450e6e0562cdc4f496d7bcff3827020358819ccd650c8de43ff2c176,c87583bc7feb9e7589a11464f1499eee24de7959a92ac05657451ee06fd0a126
99836e150fe529a16d24343abc19f83e09b4d923fae7a9209291baaf32ab2d6b,4c4e67bdc0826b174f12df92ad46f21a1d9a2972835ee3817ea327725399c76f
02aff76621ed2b80a5229b2ae1fe1e123b7c664477f3c577606df44257b123fc,c8205a06761d437d9d23a9bd720a429b64a05373d7927e0f03f6278e5b5c59ce
761357254ab61c5bd6c955c471c3727f49de6504c53d55367b3a62dba0e2194c,f0ed91f80406391e38f2e7cc647c452f8f5919e770d7d1247969c27f14bc0980
5980881c1df9059b501a6524000a6560bc265889fc8307c4b78cf815a367cf0d,ae1a077409a50b61abc2113d357a8b0df85855d81a72ea268e15bfebcc94a037
c13d7b5cef4965125cd9b97fe6f4c3328c56d0dcdbbc771960ee457cb64b5ccc,2a1b8d07f6fcc03a5d1c19bd222fbebecbe7a9d18bc35668329e4d3f75a7c6e7
58d51b98df169f24101d0fde355019c9bc295e09f2f36b3caab187e39ce7bd8e,1a81266c8f7da9be4c60086ff8a07b5d8c479c6fbf15051ad132b49e23424cc7
9b99f7bb5fabf1101ad112f237d1add9aa8230153384e4f8910dea4ea876948d,947bd4a58de170ae99e618f4914bb93804460a70dbcab20881aa6064af0d56a7
8388f719f161a066455121732d399e92e891c3b6295e8438d9814d801403bbb3,81187f0f70c1352b56f9bb9ea66efb2478c351d35b0c62c11f26c199a3ebdd17
6c4d2c5e7e89209507b6c144f07d2ab256fc6c1813a8d9f1fdbf8ca39b1f82f6,faf5100af69b55944ca069f08ee10dadaa23b3317805a7603e632e0b9634b4ac
35083f1ce19bf8fa0780edcbef570f107b04fd162682b507b97d944ca6f4a32a,0a7b285e35299637c8ca2290fe4803c0072e227a0f0ee390b265d8b84410b40f
3f98d3c2ac940387a700bc9b5f2ea688d2af48729b6f44f5838282779a55dc39,66e53bb49af676cbe4fefeacdbd9bdb7c41a71cd44677e181c525282211cd100
8e44a2d6703eb31d8af7a1675288a92922ac981850c5b2da926f453400111f06,605a9315ac58943850647e14606ffd7f0cd556b4c70abe8c0dc03b3890b3e540
99ce29462dc73977da95c10e51a3b80da5a2c9939c58aa2f81b327094c97c425,0f9ba07797c0c153ea71fec1d5f4cd9ffd7df46b112d8495c47ba152f69f036e
7ff3c338f6983fabf1e2e75694af2c78d5a74faf79989be0ce33c03acbcd565c,8f642fd709b1b20ad9a1565c19b7b1ca15f1410af6279848d506ccd3779410d0
c32d6655b5a133130fbf645032ee8a709386d4add457235c4b6879b6db4d86ea,a0f97edd7d9888c913352e57cc1d4eedb82cd0051ba785ee85916e1994b7ac29
92c3f196942bc422801b82b55714bd8d717cdeafb31d8483ebbe8ba10c0fbc83,9e684728b790efe98a53a6b9e252d0ac32313040a3b8a3bdd4f208c23bf0f476
ea1b5e74d01b86d342ecdd6bf1f403f443cab753235abfb45866d2f14256f93b,bbf10754eaa5347e9016ab2bda6a1b6d4313e20be262a95509779e21045afcaa
6790bd53b75b6cc060ad5eb443fe116cc482f157f006dfde719d046073b30c00,fcc994671adffb941e80f8930e788beeeba61c731e37fa9e728444a414dd0bf4
b1fdc404a03c9b6640b327b339e229b059e41ea5781eab01657f8b4cc4a84191,b9a3db9a8816dedfbe6a978f8ae36757c7e8cc9a57a5564de03b680b16082b6b
d97bc7ef68297362a0e12db39d6cf313fd88d2ae96592219cb0bece424b3a463,3110e85077b51e171e141cdd4ee6ca4bcf9888a4378ee16d8282a890b5475843
7b7cc3cf747676a953195fd412d840cc05e38d1f8606039ce579dfef3d521f60,26106c195980bd27aa838c3b825691fa05e8944fa74348e62a708c1ded35bffc
524d75c4530f9f6d004677dfe9564f59d8e08793e476f33f77c2912c1c66f430,5b01854a9d8657407362d6414dae33ac99fa2daa480398888cc3de22ba463ba1
33096d33b1d5a9f45c0adca8d39101d47615c32684d9247d1bd5eda21855997a,3422bfd8371b3ef9f843aaacb74db067140376f5041191744679feddc9666e57
aa994dfd4da265182ef268d8f105de19cbfea643608be6e7d5020cab63deb85e,8db2b201364393be13c62ad7b7269fef2d804d50f57471ed86416eb89ccc0f2a
85164f19379732d1d51a8af920e749068202c6496ec47daad6aa5791c6e54f23,016dc29c6279501d50e27817d446a3a44993e2eb861a99fd0b3597da66939f7e
69c392bb664c1a2cbac48b5b437ac736626bb473fbed6aa9d7e1c4193bf6d122,089ef218704237c8f69545206a188c13a11ad561f416f551c1525069015f03d9
982a5f1dcfcb1a4b3ade8f3459911778d2a9cd86c170e9472e3184874d55fc58,c87583bc7feb9e7589a11464f1499eee24de7959a92ac05657451ee06fd0a126
c1826a9f450e6e0562cdc4f496d7bcff3827020358819ccd650c8de43ff2c176,faf5100af69b55944ca069f08ee10dadaa23b3317805a7603e632e0b9634b4ac
25864e1e680238240bd8a2f9d53d843c16d27dc669da4097420c74e7ad137a66,c2aa2da3619fe8a69ff1187b74d582d0b83a236746db6a9877664897efdff053
a979556cbef3a3696a720fb3d1a75574d80a9032d549493ee81c6dedddcd3f2e,5b01854a9d8657407362d6414dae33ac99fa2daa480398888cc3de22ba463ba1
e9e69db60a943ff186018a01ce28aa819f1d685b1c1dcd319411115447b9bb23,8db2b201364393be13c62ad7b7269fef2d804d50f57471ed86416eb89ccc0f2a
0708254af0bc352e7a7fb8737e2a9a9eccc9906d08b07f554087f5b641988648,2c450758eee09039d4db3dfcdb2583c15ed37a1992dcdaad6cca93ab6812e9ee
cc0fed0ad496c53a034630f3a44b3d2f198ed2405ebf3a5f0fd6afd520f0537a,f5a0ea84ae2662c7202ceca42ab3a3642568d3bafdecd1f905b9a91924eb6dbc
3d92b29ae855157a843db93dda7ff12f97e921860a766b778a41245ed52bd5e9,f66b04f5a36967337b03e491a703a54e6b866f8029eae2b84a049c421728971b
c97703809d935bd659e0f356be3d850af99042f5ecd5fde61f4b4ea20e59f8ea,a0f97edd7d9888c913352e57cc1d4eedb82cd0051ba785ee85916e1994b7ac29
0c19e30cf78044c4d65525955ee68b1c25a6fcf649c255fa19c92b0501c38951,c2aa2da3619fe8a69ff1187b74d582d0b83a236746db6a9877664897efdff053
604f58c1b95a76d9516a0048ad028d54f39347e33471dee29a95c2baec8672b9,789b8119758da80b106409db98d08edd73c583b7e870f9a9e531431e40e7c314
ec8241c067c0867e0db6b348351039183cade3a13818c9558a198394a64e96e9,b126c1a5e56aa3db2b998a74ef0fe687758c0437fc408b772469baf68fdd2673
f34113ba5dcd0630bf2cc39b5da2f06ff84fb2dd2cd4878824d1afa3bb89d0bf,faf5100af69b55944ca069f08ee10dadaa23b3317805a7603e632e0b9634b4ac
bdaa4f7a9269d9596a394d91aa00bbe251bb12a68ac6702197278cc5e1426410,c97b25c13c3221c0dd1223bf00bd91a6907255d023dbed0f4a489b60a0bd37d9
e0092cc7d9a0a5a386a80b28f7aa136308115d5cba72d452f15f79683ab9a877,f2cef2e99aa3b08bd24f85bea0f0ff7589739171d4b41f6439efee5632892c46
d5f7a0e49675792916f3c88790012baa8055fbcbdfb425f30623dcd9d7e72728,0834a3ebee04c060fc4235db0b208249949640e05a6877c404cba7ed4d01996a
569dcc00da2775714ab6c5b90c8bc4181b1ed4096b99a568ca908d975bea523b,16489c64a4a2206a94ce2a80f42f1efd96ce4f3047abcee6c0de4697eb370b2d
abb33e0650d46178774c3208617f0f0da63818bc8078c701bd13a1f62b48095e,54d5a7c2cf2eec102123db578c5e13952ba7933a5f8bb3315b9bb5ca7bab5724
6bac71dd124086a163db10e3a3ab28b8b83b1c77c296b63e050aa8afa7bdfc8c,0b674299d48724d4bed76a7e57b5cf9555c50ce06501d518354c3987ea858ce2
f67efdc96612a282f771072ad6acf075ad889311d266562bd7c87ed08ade5c15,e17419bca33c2819ae6a261f7b854e3e63e827a109bdbe3229da95179d43d9a8
1a194e9469824f5804bff9be9b5f466a0881213bea2c58d2aeabe2d2c0d4a391,e5f2c33285b03c0358bc5842a09001d5b80c47537528f374157167d1a7f792dd
c6bb38fe3debae78f813f40110dc59e61392adcbc12a9180905af38940b68aeb,f4b80e3fd1cdbabec008708fbee4bfe7583f6050333bc0e2b780705bfdabf264
c85de25611d382d2cbae039c4f401dd4a2a4a2f75afe2c9003ce730aea79b0c1,43518f53849d9b35a5eae8112363a81241ddbd1e82080f4deeb7a435d6436c3f
faeddcbd6dec42c2c7595374e0e1ea983cb2211e67ed5e616d0d7e4deec1dbfb,1d8e42d8bc892df9aeb1c9a840c0fd42911a642dfccbee8d8ee59b33a9ce851b
4837ccb387f7515c3ab8fe90ff5c2394d345f8c3558e7398e12ff38b5328a501,54d5a7c2cf2eec102123db578c5e13952ba7933a5f8bb3315b9bb5ca7bab5724
17de80f63f138ec715613ec3aed0a09808879341e6172f743fff0a21ac0a5e21,2a1b8d07f6fcc03a5d1c19bd222fbebecbe7a9d18bc35668329e4d3f75a7c6e7
4c53a77e0090ef2a8b5c6b4ee3ab38cdbd9b0edfe74307685babdc093f541d3c,6be54ecf0ff1cda6195c89b1401a756d05b9b07e472a09d0dd187b5c78444ab5
7ac292999a59410ecfabe52701279879886222345127beeef51563cdc414f565,f4b80e3fd1cdbabec008708fbee4bfe7583f6050333bc0e2b780705bfdabf264
be6b345f7159a9397b575110165dd52aa6143d9d86a787cf869099b9f43f614c,36a37da087096c2cbe048def509531a3939c284e2180c7b46e0b746a34a927d5
5d7c6ff74d1f637a936cf28b8a05717df7c58cfed958cc3f75318a5fea2c6200,8efb1d469591ce59f710fe636ada544fd65df1f787f1d7ee022fddf8d14cc691
00a00f9f6bf96200056472e8b6e8cd6c3c1ae19bcc5016797be2b962dbaf0d45,e5f2c33285b03c0358bc5842a09001d5b80c47537528f374157167d1a7f792dd
b4da6f800ab5786ca30af3310c96550e9e3e9f750b5308980d7ddacebffd8467,79f893157601c0205bb45f26a178aa144026eeee8a70a66ea21da8ce4e16fe73
58d51b98df169f24101d0fde355019c9bc295e09f2f36b3caab187e39ce7bd8e,5288cb6a0bd752e5ed67d3dcc0c1356722a96a47e225cbe120081de95e99fc53
ebeaba7c1865bf0a398f2510082ad1a46c9f8ddef3aafa2b0a19e51ef03252a7,e09e418cc9144c43b7ea0a35075928894e9ffc81d420a93dd7e4fbb06ba9785a
73c123b6ab7c8e3713ff33cb72bde95a770c42074c96c12c870dfcf8b8fe335a,82882e5e6e996f1b72c26893bac9f136b010e0be8e0a25d73ec8481e18098bef
30e1a3f5305a71aed432f85a02f6b9bd8d074622c598a20f9b676e28bbc01343,6e58d514af65b248b4919979747394a370ff972c2cbcd92d77212556296f8550
e620ebe65c8f122acd77f84f0b2914f055e7bf9185291672838d8f339e904fab,0697b220d4fcbf138932082ecd1b7d6f7c98c3a2bb5690bfa1f2260133702553
8b4fa3bef38cd3f103e638269d9929e3f9e597ff91d0e120cc53918bd99cfce6,bbf10754eaa5347e9016ab2bda6a1b6d4313e20be262a95509779e21045afcaa
b5bb19f666e04c31fa0a8328f1d834c9d2da05c3407916d33e4266d3c353d999,73741549eee23adfcec467d9c5654f3be049dd57cefab18395ad4a01547cc760
af9cedda69741d46418198ee4db7d7a014fd6943aac79a8f9ac043eae01b289c,7734b41a1322d88b529d378a4bf0772f086a1fdb05b836bdc859c69eff34cc1c
8908b5be4d6372921b986a02b4528f2bca48c8cde59d614d65d7372dbd4dd213,1690d7e51587ebfd07fa6433ec9d2a8e004c068970b7a96da9ec64d911d747dc
b1fdc404a03c9b6640b327b339e229b059e41ea5781eab01657f8b4cc4a84191,79f893157601c0205bb45f26a178aa144026eeee8a70a66ea21da8ce4e16fe73
e620ebe65c8f122acd77f84f0b2914f055e7bf9185291672838d8f339e904fab,c6966cb42a94f63699c3a801b01a57dfb81aebabacc7e9908af7471207a57dca
278faf86bc734802fd178d1c7ba0ed460fcb53dd8498b5ebcaf69a4b53e9e0dc,5e9e1c5a6910b63dffdef0b7574f20f6290282e46a0ecdd520c6d452a5a847ab
6aa6089025e7645d0b9cbad6025f45d9a38cd3bf5ad1e6efde714bbd8f405830,605a9315ac58943850647e14606ffd7f0cd556b4c70abe8c0dc03b3890b3e540
464f27223d7dbf556fe86888be534c3a0cfe1fdcb777e4ed8b1d49db43a825ca,07df7ac14cc9ad39de06c14584116b883e51140b1aa7dd8454933e95f1261ba9
881d85f0ff5dcaf964e34c02b92bd2ffb307031e1e1018117dd1695f7872f1ee,b126c1a5e56aa3db2b998a74ef0fe687758c0437fc408b772469baf68fdd2673
41bc220bc7bc1a328f2e1ab9d7ab9288a46f278ea5d9938f8ffab38bfe6af570,3422bfd8371b3ef9f843aaacb74db067140376f5041191744679feddc9666e57
60004762325e3353c483b579858ee36b16013f04ad1843cb9a067181772cc304,b126c1a5e56aa3db2b998a74ef0fe687758c0437fc408b772469baf68fdd2673
bcc83a24a50579afe15388bd1359a41a816003b533410ea91720c726278db70b,eb1bfc067bc4cd3c8ef9aa9dd0baac533ecd77817c7c1e3bf4e7047b8c2d09f3
d4d4a7549ea2e86179959d81a0d64f452daf2e5bdc4977bab75de73d0efb6eee,947bd4a58de170ae99e618f4914bb93804460a70dbcab20881aa6064af0d56a7
df302ef73e34b1c483f27f8d76fc06b1726a475054c67424dd4a7e1a8cba7cf5,2c450758eee09039d4db3dfcdb2583c15ed37a1992dcdaad6cca93ab6812e9ee
b2bd26d95967134ba8e5279bd55b174f2583600bf8c896f9ed37e3cf3e8b178b,7734b41a1322d88b529d378a4bf0772f086a1fdb05b836bdc859c69eff34cc1c
e7864e7d663d7c4145dacfe639a35bdd029b97e89d3393b4ad68d240c38f5077,94655745acd5726dd24e65b5a77e7ca37fc66bf8feda42c1ed5e06d7f356eec6
4196ca4a6cd502114826a02d1523da1637443179ae3e905bef0b419ddb5b9102,4e2a800ea214e9909d0c862bf6726e141ebfc2c02f4b390403210b25d8c6d3a4
3431243f59c246d73829d4a3eadc513359dd295b108af7e657deaab4916ca1e9,1f0ebc6982b6c2d29b40badb71bcf034c606fb5393f02a895c9fe9956ac988bd
b4da6f800ab5786ca30af3310c96550e9e3e9f750b5308980d7ddacebffd8467,b9a3db9a8816dedfbe6a978f8ae36757c7e8cc9a57a5564de03b680b16082b6b
2bc87a867dd1a5c95ff84fc9f6cb45ee4dce91e2158b557cd2e6295b0b4c3ae7,96f81ca00e806070825305b6abc71aae693c9e540aee9479a94db0e3f2449a48
4d1a3d2d3785c6370ee706ca269dd18518510bbe4479e5df7caf7fc64a76094a,b126c1a5e56aa3db2b998a74ef0fe687758c0437fc408b772469baf68fdd2673
0cab76ec1487e6304fd00ec83786b3c4b81073fcb361e27991fcadcd0b276de9,e17419bca33c2819ae6a261f7b854e3e63e827a109bdbe3229da95179d43d9a8
cc0fed0ad496c53a034630f3a44b3d2f198ed2405ebf3a5f0fd6afd520f0537a,d76f49ad8e6ee588547416e97e4bfe04d7810a48625942d13b8bb1b0bebabf9c
395886ede25b9cdb4a8c0a2c16008fd2cc945ac183484c40d3ea6ec128c45080,605a9315ac58943850647e14606ffd7f0cd556b4c70abe8c0dc03b3890b3e540
76a32cf18fb7704c7b3cdc952759f669dd5eea1c076ac3f0c5c3b253055b56cc,c8cbd34cd652cb84d66836a7a4329e90ff93d60e460ae7b891ee8e3f7f9a6b04
36c928b78bfc079b207d3c6a8ae485b405a170dc5a0c8b4431f3276c9b75546a,8db2b201364393be13c62ad7b7269fef2d804d50f57471ed86416eb89ccc0f2a
6427536c9b0348612a39c664bd0c5aca58d8e0f0eb7909680aee2f85b49cbb7b,4fc5c43250c3a5e14624e4adcd0c4cf0de657e66ce370b9a94bca7653b3a5266
220237080ec72c279b81b3a7d5ec96424e11f31750a339714b47c834b5ec1a0d,7734b41a1322d88b529d378a4bf0772f086a1fdb05b836bdc859c69eff34cc1c
ec8241c067c0867e0db6b348351039183cade3a13818c9558a198394a64e96e9,6d9ea60d97ff19e59ef72c41f421726ba5d98db0864eb94f87106508040b9a1e
93db2d3f8fb58a45c0eb27276407b3d6ad442e1a73bad25ffe75e16d9927f1ea,83440aab87646a6d28bdfea1e942309392c38217398e9a131331631a0443b977
1098a1ccf340502c388b85a1e38d870f98678eee91be4cf63dc7d12a9fb6acc8,bdcd897ab8ed585981ac297f3df0ee185c82a7a65c39ef3af8f863354086ef21
30cb47b90d2a9e55870d4be4cd085f60276ebf289eee750b138cf740efe279eb,c8cbd34cd652cb84d66836a7a4329e90ff93d60e460ae7b891ee8e3f7f9a6b04
06a7bcacb6a69c57df797aa8511bf9a3dbbbbebbd7467be9e7c952178f8277cd,5e9e1c5a6910b63dffdef0b7574f20f6290282e46a0ecdd520c6d452a5a847ab
f020077c12e237e1ca4750af941cf3b5426f15bf33e5bd54f7871784218428ac,8efb1d469591ce59f710fe636ada544fd65df1f787f1d7ee022fddf8d14cc691
cc300edb97b85cc12ad18c1b1ea8b1ac45f016f4d6a5c4d811eb1e7ee6a79887,6d9ea60d97ff19e59ef72c41f421726ba5d98db0864eb94f87106508040b9a1e
7a56bcf94e4d37ae008edd568fdfe3c15065b9664160e7b0b62e2b5c132d7914,9e684728b790efe98a53a6b9e252d0ac32313040a3b8a3bdd4f208c23bf0f476
22ac6b0801fbf237549faedd2a325e141dba625013b3f815fb878a06d0e44fe6,8db2b201364393be13c62ad7b7269fef2d804d50f57471ed86416eb89ccc0f2a
9c593c1d4ef5fa45132270e7164a748e456624cf60ec1a143f60efb672b52a3b,f0ed91f80406391e38f2e7cc647c452f8f5919e770d7d1247969c27f14bc0980
189ced0436f9dea5270d9e55d80427aa35cd560bceb5dfd86b983ca30559ceb2,e868cb3dd2f74768395c5fc78a45e56105f89a21cd2e7a910abce2ac26394b1b
096c7a851725496e881b7a1e8cd94359fb8224f82add914f9e7e25fdab96db40,b8ad8dba0adf2f7ed437ae4ca9bd4b29dde20e364e6e3795c0e1d1f4e241df50
db70e178c11e8a3cadd83f39486e010bebdefac9f03c6f4d9d1ce8236c09518d,07df7ac14cc9ad39de06c14584116b883e51140b1aa7dd8454933e95f1261ba9
501b5471ac260089ce6d952d50177bcc530dad5117e25759bcecf82c1b2d949b,4fc5c43250c3a5e14624e4adcd0c4cf0de657e66ce370b9a94bca7653b3a5266
6a55e418dc50922127eb101e0ba2150b3a6c8165095878f55a53ea80913d5119,83440aab87646a6d28bdfea1e942309392c38217398e9a131331631a0443b977
5b4510bd8641fa84f80d6bc8354b8e6f6d4961f2a67cd691de45a6548fe50b02,b126c1a5e56aa3db2b998a74ef0fe687758c0437fc408b772469baf68fdd2673
133135654f48174ce102b6e9daee4814e52447f098461d64fdff015d3c6fef0d,0a7b285e35299637c8ca2290fe4803c0072e227a0f0ee390b265d8b84410b40f
af75e4aa0531f11a90e4cb9ff2a5ce4149ac17aa06b17e80ac02712977656cc9,4fc5c43250c3a5e14624e4adcd0c4cf0de657e66ce370b9a94bca7653b3a5266
e3e342024dd9a1b6b587a353ad58a01d3735a55ca0dda3c77fa76d5020577998,0697b220d4fcbf138932082ecd1b7d6f7c98c3a2bb5690bfa1f2260133702553
a033d7f4a083f6c936fb50a974fb16265bb81e01691934002b28c162b53e8832,960495f95ffbbce5ef4ba1c1f82b6aa3507c6902a882d6ed0ba13e3a53f4d056
10a27cbc0040f25037c3605ba165cb699c0b655e8f72884fb67a46a52d96c720,1d8e42d8bc892df9aeb1c9a840c0fd42911a642dfccbee8d8ee59b33a9ce851b
b001595a185a94640bfd90d442661b1bd0a7ed92b1480ec8063205ee1ee47b52,99a890be490d134e3aa7eba65e52faea076bb31310bed4cff3175fae6f0b1dbd
761357254ab61c5bd6c955c471c3727f49de6504c53d55367b3a62dba0e2194c,1f0ebc6982b6c2d29b40badb71bcf034c606fb5393f02a895c9fe9956ac988bd
a7e3a869a7a17820901da730e4b69698c44ec92b7099103f43522ca9effe19d6,2f35a3cfa336c4a79d33ed8ac2d8cee8727ebcc471bed774d247977bc754bf18
4ca6d8ea8c8f2723546aaccac1643d6a231461c3a3775614ad36d70ffd30856a,99a890be490d134e3aa7eba65e52faea076bb31310bed4cff3175fae6f0b1dbd
3328634de9eccb595c8e129616aabddb2c6c92ca56c22e5aeea9cadd703ea60d,e57eb46a4d6f655c774113bf37f34367bace91c7a671e551dec50fde472c4acd
cac09bc0cec4e4a8446c952516f40071892ef3f8e703a145bc2800b348e05aa7,1690d7e51587ebfd07fa6433ec9d2a8e004c068970b7a96da9ec64d911d747dc
e3407cf6c73f0dcaa84102c41eae6f7232d5f60523cb77805ae861f7ab359056,c77095503a1ef14a2b18442df7a7fc268593e73d79bcdbf7032824a635415de1
c6bb38fe3debae78f813f40110dc59e61392adcbc12a9180905af38940b68aeb,2f35a3cfa336c4a79d33ed8ac2d8cee8727ebcc471bed774d247977bc754bf18
45207779d97d41950b125bd829414f19a819d6eba7615eba6443e33be95742bf,960495f95ffbbce5ef4ba1c1f82b6aa3507c6902a882d6ed0ba13e3a53f4d056
8a44659967e2d2a2f32a7df749bb2320fbfa98f7ec388d6dddfa7dac9bf7171c,c6966cb42a94f63699c3a801b01a57dfb81aebabacc7e9908af7471207a57dca
06f2bb96971e7d9ff0fbf41459bcd3c693f9c3fdb2de3f9b3b901f7d6a88357e,b66dd5a5ed4c36d9b33b6a83d2d781b12c3308a04c681964e5f041eb6cbe509b
e40c3c7345afce281a8899a58646d2c1cae1feaca58f3e92bc700609bb3c6df0,1143881e0a1eb467adea46d746a2164d4d7f277248a245f2a6902fcfa1e60ec2
d50c0248cbe2bd28ad6d1c9142c54709e524e9f0423051268cdbda4f927231fe,08ed1951278c5b0b0dec43e2e0ac2fdb1c8c806b031b4b6ff8741cf753770d19
308dccff0a1769af0e0df704c99703036aa3c714f4c498eb5d00c81a44e41ba4,a0f97edd7d9888c913352e57cc1d4eedb82cd0051ba785ee85916e1994b7ac29
5e1289ff8d64dae4ab6338307fe0ad94df1443ad458d168aa24f68c24fa8a86c,defa728cc8e6f5dacfbf4e6118ca85494de1d1788e878af92ef426e6bb6de0b5
679e488bedf0a2277022f1694b944cba319a5ab21a843d14033ddd03a302dedd,01fef3086f59b054984ff297b40f782c140c3f76afe81482b1fc08c7d8338ef3
7e54428abefabfd77c677a80df812d3c50bfc83ede11c728847ef196f6010a44,605a9315ac58943850647e14606ffd7f0cd556b4c70abe8c0dc03b3890b3e540
f25782127c0674583c7a85b6798d1b44ff9b3bab2d78fcd0982892388bd3d2ec,08ed1951278c5b0b0dec43e2e0ac2fdb1c8c806b031b4b6ff8741cf753770d19
6573851aec75657382cb879cd7bf854146e121d95716aed578b58c89df70e5d9,01fef3086f59b054984ff297b40f782c140c3f76afe81482b1fc08c7d8338ef3
951eaff42967a63a979bd781d3574c1d5ff0a219ae490e58a8243cd2403898d4,94655745acd5726dd24e65b5a77e7ca37fc66bf8feda42c1ed5e06d7f356eec6
4aa8ffb609424c5e654ad28200e380cd00fb3922d6daab1f989dafa17f08f7c2,bfd23f1809ad08e7a43e94bf519ca7cb607f9e0a9fa8c5fba4c68a229bd9b37b
93f94facd94c2575ed8432af31759f1541cfd38bac23c51ff3765ebe51f06305,8efb1d469591ce59f710fe636ada544fd65df1f787f1d7ee022fddf8d14cc691
d635a58cc1b0007552ee367f2c22bdb88aa39f37c1752f9974ce3c1645b6d6a8,8db2b201364393be13c62ad7b7269fef2d804d50f57471ed86416eb89ccc0f2a
4cf727e511945644472c3fe41c331822bf7a051febad28d0d8b3ddf3ca2c9f08,54d5a7c2cf2eec102123db578c5e13952ba7933a5f8bb3315b9bb5ca7bab5724
38c96f5e62ac37f9f17328f0aa1645a8a1543c5af74338f15c9e7d0ad6051897,947bd4a58de170ae99e618f4914bb93804460a70dbcab20881aa6064af0d56a7
06f2bb96971e7d9ff0fbf41459bcd3c693f9c3fdb2de3f9b3b901f7d6a88357e,defa728cc8e6f5dacfbf4e6118ca85494de1d1788e878af92ef426e6bb6de0b5
fe5f60138407eccc68a6b084ded2382f505dd6e31511e655703891002c17b64f,1d8e42d8bc892df9aeb1c9a840c0fd42911a642dfccbee8d8ee59b33a9ce851b
81f55b12ea511759ca63f4b6a23e7642f39e9ff5e8112c7928329f04346058bf,bdcd897ab8ed585981ac297f3df0ee185c82a7a65c39ef3af8f863354086ef21
72dcb1e819d973d34704a8104a1fd5c2cede4ed7f51908c56f36775e76c30b6a,4869ab33f984c9100c69222c053693d17d863907941f28b045df8ce385737024
e3e342024dd9a1b6b587a353ad58a01d3735a55ca0dda3c77fa76d5020577998,b66dd5a5ed4c36d9b33b6a83d2d781b12c3308a04c681964e5f041eb6cbe509b
5e1289ff8d64dae4ab6338307fe0ad94df1443ad458d168aa24f68c24fa8a86c,960495f95ffbbce5ef4ba1c1f82b6aa3507c6902a882d6ed0ba13e3a53f4d056
60004762325e3353c483b579858ee36b16013f04ad1843cb9a067181772cc304,6d9ea60d97ff19e59ef72c41f421726ba5d98db0864eb94f87106508040b9a1e
f2f515e1332e78ffa1d9ef780f5df1246b0d3861085eb8ff10d4d1542031ff77,947bd4a58de170ae99e618f4914bb93804460a70dbcab20881aa6064af0d56a7
af897c4962ed1bb51dc7729d1f01d2b085ad2aa4778e84af0e78c88c219f98bc,4869ab33f984c9100c69222c053693d17d863907941f28b045df8ce385737024
8908b5be4d6372921b986a02b4528f2bca48c8cde59d614d65d7372dbd4dd213,605a9315ac58943850647e14606ffd7f0cd556b4c70abe8c0dc03b3890b3e540
af9cedda69741d46418198ee4db7d7a014fd6943aac79a8f9ac043eae01b289c,54d5a7c2cf2eec102123db578c5e13952ba7933a5f8bb3315b9bb5ca7bab5724
42929523e2920f7f05338349943b27480a3c34a22858a8144f498faea0f3881a,8db2b201364393be13c62ad7b7269fef2d804d50f57471ed86416eb89ccc0f2a
8279f80cb560058caabeb71c8bfebe313cb259b8f1f6715ac16fc3f385c392e3,8db2b201364393be13c62ad7b7269fef2d804d50f57471ed86416eb89ccc0f2a
96a11aded81d5dc2c12cad33065b2d6f29571166babd325f3f65d072b97b0a94,39bedacffbaf16d15082395b5a3da4a4401d3cbd0f1c996587fa9df140b0a11f
3431243f59c246d73829d4a3eadc513359dd295b108af7e657deaab4916ca1e9,f0ed91f80406391e38f2e7cc647c452f8f5919e770d7d1247969c27f14bc0980
02aff76621ed2b80a5229b2ae1fe1e123b7c664477f3c577606df44257b123fc,b66dd5a5ed4c36d9b33b6a83d2d781b12c3308a04c681964e5f041eb6cbe509b
1f5b488a026d2c0362f3e4cc4580632591a9344ae2393362cae5a55978266a53,bdcd897ab8ed585981ac297f3df0ee185c82a7a65c39ef3af8f863354086ef21
cb72d5ec85a0931637190a49b0df4f12c38ed5821ffbd8c2b14423a6dd701755,8db2b201364393be13c62ad7b7269fef2d804d50f57471ed86416eb89ccc0f2a
50bae8a1793f3627b67d56c9383c4a6ab5e7a20d599e1511b39804f3e9a7a769,01fef3086f59b054984ff297b40f782c140c3f76afe81482b1fc08c7d8338ef3
015d4533f1aae61947d692c29dd6fcc49d75504b91d271ea073481cf2cdd9f3c,f0ed91f80406391e38f2e7cc647c452f8f5919e770d7d1247969c27f14bc0980
bdaa4f7a9269d9596a394d91aa00bbe251bb12a68ac6702197278cc5e1426410,8db2b201364393be13c62ad7b7269fef2d804d50f57471ed86416eb89ccc0f2a
9c28ead347d3d9ee723ca77d6979024ab5b2027b2cdbd79a7ff227b5d46c06df,4869ab33f984c9100c69222c053693d17d863907941f28b045df8ce385737024
19a92cf74c10e158e6879b82e67236b5392630c6d9bbff292ba34f151cf16321,1d8e42d8bc892df9aeb1c9a840c0fd42911a642dfccbee8d8ee59b33a9ce851b
98535ab34e2dbd96a00c445a76a45ec76f5b5bf9fbac05db5e18e5cfda6c6bdf,39bedacffbaf16d15082395b5a3da4a4401d3cbd0f1c996587fa9df140b0a11f
08bb9da01ebb2d2a08fa91568dd8c421d85f2c0a93643108e9874c01f077dfdf,39bedacffbaf16d15082395b5a3da4a4401d3cbd0f1c996587fa9df140b0a11f
546145a9f48e3531f55621de60ab78db963a335481e469de35514425344bd499,1d8e42d8bc892df9aeb1c9a840c0fd42911a642dfccbee8d8ee59b33a9ce851b
a5b64b63e781ce063fdd16ed05594621fa83fcedf62899ef919856108315d1e4,605a9315ac58943850647e14606ffd7f0cd556b4c70abe8c0dc03b3890b3e540
61f527c4799c7397c75960290e358f583ebfe49f894609a170f5bf4b07c18492,39bedacffbaf16d15082395b5a3da4a4401d3cbd0f1c996587fa9df140b0a11f
881d85f0ff5dcaf964e34c02b92bd2ffb307031e1e1018117dd1695f7872f1ee,605a9315ac58943850647e14606ffd7f0cd556b4c70abe8c0dc03b3890b3e540
06b60ebfebc3a85fa968d80d24204553399b9c756a9ce5997ad7daad22151780,605a9315ac58943850647e14606ffd7f0cd556b4c70abe8c0dc03b3890b3e540
2304bf17c1980a4582d82631ff7addf1c697fdc30de9fb36c569f51463ce5b8c,1d8e42d8bc892df9aeb1c9a840c0fd42911a642dfccbee8d8ee59b33a9ce851b
39455ddfa73d5ef3efbc13ca8b328d492596a934fd1d4002f7fed0631b73c812,eb1bfc067bc4cd3c8ef9aa9dd0baac533ecd77817c7c1e3bf4e7047b8c2d09f3
cac09bc0cec4e4a8446c952516f40071892ef3f8e703a145bc2800b348e05aa7,605a9315ac58943850647e14606ffd7f0cd556b4c70abe8c0dc03b3890b3e540
30cb47b90d2a9e55870d4be4cd085f60276ebf289eee750b138cf740efe279eb,1d8e42d8bc892df9aeb1c9a840c0fd42911a642dfccbee8d8ee59b33a9ce851b
aed405d04b367c677eee26577cc05a0740aa0b2daf986d0cea92d5e218506683,eb1bfc067bc4cd3c8ef9aa9dd0baac533ecd77817c7c1e3bf4e7047b8c2d09f3
8fdfe51d0089889ee3f99f848567b34d0eae6e48e52e2b8c980d727c00a9dd5d,0bd3cf693a4c06b01ce1246ea04a714c82388ca8e423f733f00a5f70492ab3b2
697965c333cd80dd7f84f76923d36fc6d6ba246cb90e10bd6c1b683d565aa75e,eb1bfc067bc4cd3c8ef9aa9dd0baac533ecd77817c7c1e3bf4e7047b8c2d09f3
46175eae63de0af4c93599637ef1e6214f0f1c5290999dd08cafe2acb1b8460c,eb1bfc067bc4cd3c8ef9aa9dd0baac533ecd77817c7c1e3bf4e7047b8c2d09f3
9c6ecd6f619dd58938f6499c1117f89ff11b705d10ab5898ad7522e7e9cf483f,0bd3cf693a4c06b01ce1246ea04a714c82388ca8e423f733f00a5f70492ab3b2
1750b70e18c16718a2012bcd1615661c1ecf89f9debbad9c3002c960a8e2a2cc,0bd3cf693a4c06b01ce1246ea04a714c82388ca8e423f733f00a5f70492ab3b2
30e1a3f5305a71aed432f85a02f6b9bd8d074622c598a20f9b676e28bbc01343,0bd3cf693a4c06b01ce1246ea04a714c82388ca8e423f733f00a5f70492ab3b2
7b0e1c4fcd89cba37f935addb8bb310440132884260b35a0d35a5b77363ba81d,0bd3cf693a4c06b01ce1246ea04a714c82388ca8e423f733f00a5f70492ab3b2
77bee727183a4c0248f0dfff2abf814bf67bb877817927d1c1b90211c581c828,0bd3cf693a4c06b01ce1246ea04a714c82388ca8e423f733f00a5f70492ab3b2
c969dd60d7d03c1af9722e300889fa6a7a8efe99581c5e2fe535808ab050884f,0bd3cf693a4c06b01ce1246ea04a714c82388ca8e423f733f00a5f70492ab3b2
8aaecc90f5e933dfc0e9d037e14239dd43748a77a7bcb8dd63f8fcc444956f4c,0bd3cf693a4c06b01ce1246ea04a714c82388ca8e423f733f00a5f70492ab3b2
c37d9f190a72ede3aee4b1bcab57803ef7f0fbb8a5423e6a818681cba92dbafc,0bd3cf693a4c06b01ce1246ea04a714c82388ca8e423f733f00a5f70492ab3b2
06f2bb96971e7d9ff0fbf41459bcd3c693f9c3fdb2de3f9b3b901f7d6a88357e,0bd3cf693a4c06b01ce1246ea04a714c82388ca8e423f733f00a5f70492ab3b2
c5b555c45d73d9112b0b7daa89689403e2afeab462121ec9ad96c4d3fb39df11,0bd3cf693a4c06b01ce1246ea04a714c82388ca8e423f733f00a5f70492ab3b2
