sk_movie_id,sk_genre_id
88950b5cbcd974f7422318f40c9fc513524ccb957f65e61283eb21471d9b5b14,271a22f75d73e13fa558d991442ecde8d75a34a0b9f6216d44b116f8612c82dc
887157a5841fe89e86a22995bc5c3c69b48f134589fa3a36ec2c419a94e646c9,64cff1319d2fd2cbb7a1e84ccecf22c1cc07b24435cdb522f8c0aa525d6002a6
887157a5841fe89e86a22995bc5c3c69b48f134589fa3a36ec2c419a94e646c9,da72bf5bbca4ca33b822955cfbbf9e5b84e4e0fa5e5e68cf9d30054109fac58b
887157a5841fe89e86a22995bc5c3c69b48f134589fa3a36ec2c419a94e646c9,9360404e4f35ac209099b0fce8615971c8e89d2ab06348841d708bc3f20d28e3
887157a5841fe89e86a22995bc5c3c69b48f134589fa3a36ec2c419a94e646c9,d7d2f0ffb02cf5f91acf2010f88656db336d9e293f80d504b1d3dac08aa17502
ecc99bf640e88c18e5f3003002d4997c506a3fa733a3799f15db7e3324b3feed,9360404e4f35ac209099b0fce8615971c8e89d2ab06348841d708bc3f20d28e3
ecc99bf640e88c18e5f3003002d4997c506a3fa733a3799f15db7e3324b3feed,22611ceccd0b4d14703ccd4eaab3208ffc03d2c80d38655023b622e50d0466fe
15b5c0336b4bc37ab9c11a62d28cc565dac99e5f62fafac91ccc9bd1018e7af6,da72bf5bbca4ca33b822955cfbbf9e5b84e4e0fa5e5e68cf9d30054109fac58b
15b5c0336b4bc37ab9c11a62d28cc565dac99e5f62fafac91ccc9bd1018e7af6,9360404e4f35ac209099b0fce8615971c8e89d2ab06348841d708bc3f20d28e3
9df00f89389993611ba6e788e91075190e579e03007075607333abc9bbb79edc,da72bf5bbca4ca33b822955cfbbf9e5b84e4e0fa5e5e68cf9d30054109fac58b
9df00f89389993611ba6e788e91075190e579e03007075607333abc9bbb79edc,3bc3567a7fc6511a85072520dc1bdb95a732c4aee93a6533d53954f39124d7c9
9df00f89389993611ba6e788e91075190e579e03007075607333abc9bbb79edc,35624b8800fae3fd49027ffc8d2a4e4bd697a0166c97ec564b5ea19b10b242dd
2fda28679c615366d3d16177b5d94bcc02e4d26fe24cf12a9d6e6b1065763c16,9ed9b84aa0a7d0ba2089f52a0d93c4633ab780b01a7aa627de0a4238f33712a0
2fda28679c615366d3d16177b5d94bcc02e4d26fe24cf12a9d6e6b1065763c16,271a22f75d73e13fa558d991442ecde8d75a34a0b9f6216d44b116f8612c82dc
29d0efb8dd7f69ffb711ffcff9edf03f85755004c07d66f8a1459163eda5ec59,da72bf5bbca4ca33b822955cfbbf9e5b84e4e0fa5e5e68cf9d30054109fac58b
4762d8543e630ec5e6d542ca11cd750e5f08e6cf8e18423745f8187c4dc7520e,85f1c8c8e324b6be99b13732edd1770eb0d200d15becbd659cc47ff5e060ac43
4762d8543e630ec5e6d542ca11cd750e5f08e6cf8e18423745f8187c4dc7520e,da72bf5bbca4ca33b822955cfbbf9e5b84e4e0fa5e5e68cf9d30054109fac58b
4762d8543e630ec5e6d542ca11cd750e5f08e6cf8e18423745f8187c4dc7520e,9ed9b84aa0a7d0ba2089f52a0d93c4633ab780b01a7aa627de0a4238f33712a0
93f94facd94c2575ed8432af31759f1541cfd38bac23c51ff3765ebe51f06305,85f1c8c8e324b6be99b13732edd1770eb0d200d15becbd659cc47ff5e060ac43
c305eab58f997cff27e7cd707acd7c411718cf0990ec73d6abfac23dc2d65172,85f1c8c8e324b6be99b13732edd1770eb0d200d15becbd659cc47ff5e060ac43
ea1b5e74d01b86d342ecdd6bf1f403f443cab753235abfb45866d2f14256f93b,da72bf5bbca4ca33b822955cfbbf9e5b84e4e0fa5e5e68cf9d30054109fac58b
89701ace3363a1a8f698a0032627acf8f525f2dda12f4863d9c7e9a94aa63797,85f1c8c8e324b6be99b13732edd1770eb0d200d15becbd659cc47ff5e060ac43
89701ace3363a1a8f698a0032627acf8f525f2dda12f4863d9c7e9a94aa63797,da72bf5bbca4ca33b822955cfbbf9e5b84e4e0fa5e5e68cf9d30054109fac58b
89701ace3363a1a8f698a0032627acf8f525f2dda12f4863d9c7e9a94aa63797,0e769600933790607b2a13b33ddfade0fa17810eb62c3b28ee23e59516516491
89701ace3363a1a8f698a0032627acf8f525f2dda12f4863d9c7e9a94aa63797,9a3c16424750cbde029c47e059f219dc64d8943ac4073a1cc5bc9accd979fc17
91ac04c7da354f0c9ee76eac173a16d77164501c6420b1dc7199cf567a0e018f,64cff1319d2fd2cbb7a1e84ccecf22c1cc07b24435cdb522f8c0aa525d6002a6
91ac04c7da354f0c9ee76eac173a16d77164501c6420b1dc7199cf567a0e018f,da72bf5bbca4ca33b822955cfbbf9e5b84e4e0fa5e5e68cf9d30054109fac58b
91ac04c7da354f0c9ee76eac173a16d77164501c6420b1dc7199cf567a0e018f,0e769600933790607b2a13b33ddfade0fa17810eb62c3b28ee23e59516516491
85164f19379732d1d51a8af920e749068202c6496ec47daad6aa5791c6e54f23,64cff1319d2fd2cbb7a1e84ccecf22c1cc07b24435cdb522f8c0aa525d6002a6
85164f19379732d1d51a8af920e749068202c6496ec47daad6aa5791c6e54f23,85f1c8c8e324b6be99b13732edd1770eb0d200d15becbd659cc47ff5e060ac43
75344d0930b0a33ac9d5a56cb7cf2becc06be4031d02739d4b03949fca2ada15,271a22f75d73e13fa558d991442ecde8d75a34a0b9f6216d44b116f8612c82dc
75344d0930b0a33ac9d5a56cb7cf2becc06be4031d02739d4b03949fca2ada15,9a3c16424750cbde029c47e059f219dc64d8943ac4073a1cc5bc9accd979fc17
30cb47b90d2a9e55870d4be4cd085f60276ebf289eee750b138cf740efe279eb,da72bf5bbca4ca33b822955cfbbf9e5b84e4e0fa5e5e68cf9d30054109fac58b
5c1fd0a20e6f576eec76b0f91dc0c93a4cf1f421277caefb40f881ac3afdc298,43f1fc2390a440781ffc1359e14ecb8389bfaaf8319bbe09f291a3872ea49bb9
e29030913ade50c6cda78634d5fccfa83815d00a742a03afa1b5489c15431e6d,85f1c8c8e324b6be99b13732edd1770eb0d200d15becbd659cc47ff5e060ac43
d4d1305003969ddbdbd8e112d5219986ed9421f66409f65c6e0cce954550dd54,64cff1319d2fd2cbb7a1e84ccecf22c1cc07b24435cdb522f8c0aa525d6002a6
d4d1305003969ddbdbd8e112d5219986ed9421f66409f65c6e0cce954550dd54,22611ceccd0b4d14703ccd4eaab3208ffc03d2c80d38655023b622e50d0466fe
d4d1305003969ddbdbd8e112d5219986ed9421f66409f65c6e0cce954550dd54,9360404e4f35ac209099b0fce8615971c8e89d2ab06348841d708bc3f20d28e3
a6f8844232d420a49be700da0e434085be59a052e55c21cdd0442dd6bb59a4e4,0e769600933790607b2a13b33ddfade0fa17810eb62c3b28ee23e59516516491
a6f8844232d420a49be700da0e434085be59a052e55c21cdd0442dd6bb59a4e4,9360404e4f35ac209099b0fce8615971c8e89d2ab06348841d708bc3f20d28e3
81a881d48a7a32bf7fea5f6e75ad0e01d3bd2bc4f19308dcef596cb381fbf84c,271a22f75d73e13fa558d991442ecde8d75a34a0b9f6216d44b116f8612c82dc
81a881d48a7a32bf7fea5f6e75ad0e01d3bd2bc4f19308dcef596cb381fbf84c,85f1c8c8e324b6be99b13732edd1770eb0d200d15becbd659cc47ff5e060ac43
285793af66f47ff6ed9a65eb91810584bb411d5184face9362b0752a096dfce2,43f1fc2390a440781ffc1359e14ecb8389bfaaf8319bbe09f291a3872ea49bb9
285793af66f47ff6ed9a65eb91810584bb411d5184face9362b0752a096dfce2,6eb00b4b2614a144d41ccdf709017a675953fae2df6cfd6b397bd9e4d8708461
ba6f40cd0d6d1853375962d7d2a68891176b8d989568ba7265c9aff229487cc2,43f1fc2390a440781ffc1359e14ecb8389bfaaf8319bbe09f291a3872ea49bb9
589a1bcd94982b3f5c0cbcee556344a79f593718d87c44783f16c036b9d702cd,43f1fc2390a440781ffc1359e14ecb8389bfaaf8319bbe09f291a3872ea49bb9
556a2a64b969a41fe46b003b2d455547402b444e523a92b740a9ef7b5b96b8d6,85f1c8c8e324b6be99b13732edd1770eb0d200d15becbd659cc47ff5e060ac43
556a2a64b969a41fe46b003b2d455547402b444e523a92b740a9ef7b5b96b8d6,22611ceccd0b4d14703ccd4eaab3208ffc03d2c80d38655023b622e50d0466fe
f37e09f687bf35289a120277207ad682a001bf86132f6434fd86d43912f3aa4c,64cff1319d2fd2cbb7a1e84ccecf22c1cc07b24435cdb522f8c0aa525d6002a6
f37e09f687bf35289a120277207ad682a001bf86132f6434fd86d43912f3aa4c,bd2d677b2ed4381b48bb1d0841052c6d076e7d634d5052e85dcbe0b8a0dedd80
f37e09f687bf35289a120277207ad682a001bf86132f6434fd86d43912f3aa4c,3bc3567a7fc6511a85072520dc1bdb95a732c4aee93a6533d53954f39124d7c9
7df5b22edd33e20b42b8d4a64ee4fc017aa9978996376b18e005d42d2c79d4d1,43f1fc2390a440781ffc1359e14ecb8389bfaaf8319bbe09f291a3872ea49bb9
d97338017a291efb30cdfe85ff18900df3e758a268b1bb3f15b53332f6cc6fcb,85f1c8c8e324b6be99b13732edd1770eb0d200d15becbd659cc47ff5e060ac43
fc79a3d97eb64db4694886f05ebfcb41060dceab71c66adfe23ad6033a8c1385,da72bf5bbca4ca33b822955cfbbf9e5b84e4e0fa5e5e68cf9d30054109fac58b
fc79a3d97eb64db4694886f05ebfcb41060dceab71c66adfe23ad6033a8c1385,64cff1319d2fd2cbb7a1e84ccecf22c1cc07b24435cdb522f8c0aa525d6002a6
95d96a64f01ced50dbfb9bbcde6d48a167b5db76e652746506f7da8f2819f873,9ed9b84aa0a7d0ba2089f52a0d93c4633ab780b01a7aa627de0a4238f33712a0
95d96a64f01ced50dbfb9bbcde6d48a167b5db76e652746506f7da8f2819f873,852a56bfaf803f454ce5e6380225fe1770c1e567bbb32cf335c99385c3930025
95d96a64f01ced50dbfb9bbcde6d48a167b5db76e652746506f7da8f2819f873,22611ceccd0b4d14703ccd4eaab3208ffc03d2c80d38655023b622e50d0466fe
95d96a64f01ced50dbfb9bbcde6d48a167b5db76e652746506f7da8f2819f873,3bc3567a7fc6511a85072520dc1bdb95a732c4aee93a6533d53954f39124d7c9
dd40f9142144ccb4df5f3db4b233e6be794f8f13b38752e28fb16233e16b846a,bd2d677b2ed4381b48bb1d0841052c6d076e7d634d5052e85dcbe0b8a0dedd80
dd40f9142144ccb4df5f3db4b233e6be794f8f13b38752e28fb16233e16b846a,da72bf5bbca4ca33b822955cfbbf9e5b84e4e0fa5e5e68cf9d30054109fac58b
dd40f9142144ccb4df5f3db4b233e6be794f8f13b38752e28fb16233e16b846a,85f1c8c8e324b6be99b13732edd1770eb0d200d15becbd659cc47ff5e060ac43
dd40f9142144ccb4df5f3db4b233e6be794f8f13b38752e28fb16233e16b846a,852a56bfaf803f454ce5e6380225fe1770c1e567bbb32cf335c99385c3930025
9df24f08f24b5c4b4ca2aa7be108e5eda66a5694e31e073498b0add71fa8c174,85f1c8c8e324b6be99b13732edd1770eb0d200d15becbd659cc47ff5e060ac43
c4822736b040e43050318d7626fdd93f8305770ed62a5caa2dc01199368227a0,6eb00b4b2614a144d41ccdf709017a675953fae2df6cfd6b397bd9e4d8708461
c4822736b040e43050318d7626fdd93f8305770ed62a5caa2dc01199368227a0,43f1fc2390a440781ffc1359e14ecb8389bfaaf8319bbe09f291a3872ea49bb9
7281b33df73374d4a22bd7e6a73963172b334a9ac529d9386f32903516f3a3ab,85f1c8c8e324b6be99b13732edd1770eb0d200d15becbd659cc47ff5e060ac43
7281b33df73374d4a22bd7e6a73963172b334a9ac529d9386f32903516f3a3ab,3bc3567a7fc6511a85072520dc1bdb95a732c4aee93a6533d53954f39124d7c9
abb33e0650d46178774c3208617f0f0da63818bc8078c701bd13a1f62b48095e,85f1c8c8e324b6be99b13732edd1770eb0d200d15becbd659cc47ff5e060ac43
abb33e0650d46178774c3208617f0f0da63818bc8078c701bd13a1f62b48095e,da72bf5bbca4ca33b822955cfbbf9e5b84e4e0fa5e5e68cf9d30054109fac58b
abb33e0650d46178774c3208617f0f0da63818bc8078c701bd13a1f62b48095e,3bc3567a7fc6511a85072520dc1bdb95a732c4aee93a6533d53954f39124d7c9
a46e4ecaf52a8c7fcb2fb7fd9ca4c2cf1589d9044ee5d6f78fe0b389e8425b61,64cff1319d2fd2cbb7a1e84ccecf22c1cc07b24435cdb522f8c0aa525d6002a6
a46e4ecaf52a8c7fcb2fb7fd9ca4c2cf1589d9044ee5d6f78fe0b389e8425b61,9a3c16424750cbde029c47e059f219dc64d8943ac4073a1cc5bc9accd979fc17
a46e4ecaf52a8c7fcb2fb7fd9ca4c2cf1589d9044ee5d6f78fe0b389e8425b61,9360404e4f35ac209099b0fce8615971c8e89d2ab06348841d708bc3f20d28e3
d635a58cc1b0007552ee367f2c22bdb88aa39f37c1752f9974ce3c1645b6d6a8,43f1fc2390a440781ffc1359e14ecb8389bfaaf8319bbe09f291a3872ea49bb9
7b9e544e336aaabb88e95b66baeb898f439ebc189d4a185c1b54067d92927fc8,85f1c8c8e324b6be99b13732edd1770eb0d200d15becbd659cc47ff5e060ac43
7b9e544e336aaabb88e95b66baeb898f439ebc189d4a185c1b54067d92927fc8,da72bf5bbca4ca33b822955cfbbf9e5b84e4e0fa5e5e68cf9d30054109fac58b
7b9e544e336aaabb88e95b66baeb898f439ebc189d4a185c1b54067d92927fc8,3bc3567a7fc6511a85072520dc1bdb95a732c4aee93a6533d53954f39124d7c9
07a62829e4eefbce4290f8fd0ed2d5a118adc92435a595a6f89ebdec5d90e4d9,85f1c8c8e324b6be99b13732edd1770eb0d200d15becbd659cc47ff5e060ac43
4028e0e1973ef31ebeb04ec60e22c8feb57f3403fd6db8bd4c5f85bfc5eba678,da72bf5bbca4ca33b822955cfbbf9e5b84e4e0fa5e5e68cf9d30054109fac58b
4028e0e1973ef31ebeb04ec60e22c8feb57f3403fd6db8bd4c5f85bfc5eba678,271a22f75d73e13fa558d991442ecde8d75a34a0b9f6216d44b116f8612c82dc
5136be06ae5c0fb54760ff09fb07e6240b19f079bfd2fc66b72e4a3366519618,64cff1319d2fd2cbb7a1e84ccecf22c1cc07b24435cdb522f8c0aa525d6002a6
5136be06ae5c0fb54760ff09fb07e6240b19f079bfd2fc66b72e4a3366519618,da72bf5bbca4ca33b822955cfbbf9e5b84e4e0fa5e5e68cf9d30054109fac58b
5136be06ae5c0fb54760ff09fb07e6240b19f079bfd2fc66b72e4a3366519618,22611ceccd0b4d14703ccd4eaab3208ffc03d2c80d38655023b622e50d0466fe
5136be06ae5c0fb54760ff09fb07e6240b19f079bfd2fc66b72e4a3366519618,9360404e4f35ac209099b0fce8615971c8e89d2ab06348841d708bc3f20d28e3
d138521771b55c0b0f8742131a7a7afdbfa74955d0815507c390ef58ec217dc6,43f1fc2390a440781ffc1359e14ecb8389bfaaf8319bbe09f291a3872ea49bb9
374f8a41ad3633e3e67a38bec5a830f4e9e5e1faeada76dfdbd4bd2326d9122b,43f1fc2390a440781ffc1359e14ecb8389bfaaf8319bbe09f291a3872ea49bb9
6bac71dd124086a163db10e3a3ab28b8b83b1c77c296b63e050aa8afa7bdfc8c,64cff1319d2fd2cbb7a1e84ccecf22c1cc07b24435cdb522f8c0aa525d6002a6
6bac71dd124086a163db10e3a3ab28b8b83b1c77c296b63e050aa8afa7bdfc8c,9a3c16424750cbde029c47e059f219dc64d8943ac4073a1cc5bc9accd979fc17
6bac71dd124086a163db10e3a3ab28b8b83b1c77c296b63e050aa8afa7bdfc8c,1dd10f244a62771bcca9df74a9bc7d13363df8d3cd69ee07f66c2b1666b256ff
6bac71dd124086a163db10e3a3ab28b8b83b1c77c296b63e050aa8afa7bdfc8c,85f1c8c8e324b6be99b13732edd1770eb0d200d15becbd659cc47ff5e060ac43
6bac71dd124086a163db10e3a3ab28b8b83b1c77c296b63e050aa8afa7bdfc8c,bd2d677b2ed4381b48bb1d0841052c6d076e7d634d5052e85dcbe0b8a0dedd80
5fb8d887cdb46a20c80bbcd3316dbec805121e287730824fe0ba07a39fe45f67,da72bf5bbca4ca33b822955cfbbf9e5b84e4e0fa5e5e68cf9d30054109fac58b
5fb8d887cdb46a20c80bbcd3316dbec805121e287730824fe0ba07a39fe45f67,542855513e4f74d08a92352680c339d82e2ae347fb021a7128c7f4146c40d295
5fb8d887cdb46a20c80bbcd3316dbec805121e287730824fe0ba07a39fe45f67,3bc3567a7fc6511a85072520dc1bdb95a732c4aee93a6533d53954f39124d7c9
110113235435003172e3b8d456d5a5087e5a27f5c346caa36e23b69b739b6548,43f1fc2390a440781ffc1359e14ecb8389bfaaf8319bbe09f291a3872ea49bb9
8b9f43b24ec2b8739b85c3923247c1fd1cfdf2cd95d479c0f9a0450047a73cd2,85f1c8c8e324b6be99b13732edd1770eb0d200d15becbd659cc47ff5e060ac43
71759979871ac233eced674fd42b22c3670a1e3f7626d9dbc6b30edf19148d38,bd2d677b2ed4381b48bb1d0841052c6d076e7d634d5052e85dcbe0b8a0dedd80
71759979871ac233eced674fd42b22c3670a1e3f7626d9dbc6b30edf19148d38,271a22f75d73e13fa558d991442ecde8d75a34a0b9f6216d44b116f8612c82dc
71759979871ac233eced674fd42b22c3670a1e3f7626d9dbc6b30edf19148d38,9360404e4f35ac209099b0fce8615971c8e89d2ab06348841d708bc3f20d28e3
ad8947586a238637c788235c99111fdad40bf8aaa6ef224ac3bda1db175f4b81,22611ceccd0b4d14703ccd4eaab3208ffc03d2c80d38655023b622e50d0466fe
ad8947586a238637c788235c99111fdad40bf8aaa6ef224ac3bda1db175f4b81,9360404e4f35ac209099b0fce8615971c8e89d2ab06348841d708bc3f20d28e3
128a1fde92e77d987a13a617b1b61204a4bf00aea18aa4ff69b97b4d6c86c851,3bc3567a7fc6511a85072520dc1bdb95a732c4aee93a6533d53954f39124d7c9
128a1fde92e77d987a13a617b1b61204a4bf00aea18aa4ff69b97b4d6c86c851,85f1c8c8e324b6be99b13732edd1770eb0d200d15becbd659cc47ff5e060ac43
128a1fde92e77d987a13a617b1b61204a4bf00aea18aa4ff69b97b4d6c86c851,64cff1319d2fd2cbb7a1e84ccecf22c1cc07b24435cdb522f8c0aa525d6002a6
a06071bd556319d17dfb24d572debb7ad200e6bc644033f041c53060b87e9127,85f1c8c8e324b6be99b13732edd1770eb0d200d15becbd659cc47ff5e060ac43
fcb17c206e7c28312f69734cecb1138747742b39661f451dc27df5df8fc3c2e6,0e769600933790607b2a13b33ddfade0fa17810eb62c3b28ee23e59516516491
fcb17c206e7c28312f69734cecb1138747742b39661f451dc27df5df8fc3c2e6,85f1c8c8e324b6be99b13732edd1770eb0d200d15becbd659cc47ff5e060ac43
9a278a53d40b54df4fa0a08994c77736243557fac398db09c8dda823b492027f,da72bf5bbca4ca33b822955cfbbf9e5b84e4e0fa5e5e68cf9d30054109fac58b
9a278a53d40b54df4fa0a08994c77736243557fac398db09c8dda823b492027f,bd2d677b2ed4381b48bb1d0841052c6d076e7d634d5052e85dcbe0b8a0dedd80
9a278a53d40b54df4fa0a08994c77736243557fac398db09c8dda823b492027f,3bc3567a7fc6511a85072520dc1bdb95a732c4aee93a6533d53954f39124d7c9
b2e1c0016678a2d2b57ac8404290004120526b64a42d2b842bfe90aa3b983595,da72bf5bbca4ca33b822955cfbbf9e5b84e4e0fa5e5e68cf9d30054109fac58b
b2e1c0016678a2d2b57ac8404290004120526b64a42d2b842bfe90aa3b983595,9ed9b84aa0a7d0ba2089f52a0d93c4633ab780b01a7aa627de0a4238f33712a0
b2e1c0016678a2d2b57ac8404290004120526b64a42d2b842bfe90aa3b983595,9360404e4f35ac209099b0fce8615971c8e89d2ab06348841d708bc3f20d28e3
b2e1c0016678a2d2b57ac8404290004120526b64a42d2b842bfe90aa3b983595,35624b8800fae3fd49027ffc8d2a4e4bd697a0166c97ec564b5ea19b10b242dd
89136d5eea529edd221d85197ae21ece0abd5f7269ebd4e83a0856853394fe0e,9a3c16424750cbde029c47e059f219dc64d8943ac4073a1cc5bc9accd979fc17
89136d5eea529edd221d85197ae21ece0abd5f7269ebd4e83a0856853394fe0e,64cff1319d2fd2cbb7a1e84ccecf22c1cc07b24435cdb522f8c0aa525d6002a6
89136d5eea529edd221d85197ae21ece0abd5f7269ebd4e83a0856853394fe0e,35624b8800fae3fd49027ffc8d2a4e4bd697a0166c97ec564b5ea19b10b242dd
67e579da5edfc042b1d3ffac9ccb1633b2e70b5610e748f6e7eb5850e41f53ad,da72bf5bbca4ca33b822955cfbbf9e5b84e4e0fa5e5e68cf9d30054109fac58b
4837ccb387f7515c3ab8fe90ff5c2394d345f8c3558e7398e12ff38b5328a501,3bc3567a7fc6511a85072520dc1bdb95a732c4aee93a6533d53954f39124d7c9
4837ccb387f7515c3ab8fe90ff5c2394d345f8c3558e7398e12ff38b5328a501,85f1c8c8e324b6be99b13732edd1770eb0d200d15becbd659cc47ff5e060ac43
4837ccb387f7515c3ab8fe90ff5c2394d345f8c3558e7398e12ff38b5328a501,da72bf5bbca4ca33b822955cfbbf9e5b84e4e0fa5e5e68cf9d30054109fac58b
4837ccb387f7515c3ab8fe90ff5c2394d345f8c3558e7398e12ff38b5328a501,35624b8800fae3fd49027ffc8d2a4e4bd697a0166c97ec564b5ea19b10b242dd
c719eec56376247212e17bdb3225884042b757284e6dd7aeba7f3e1e436adfed,3bc3567a7fc6511a85072520dc1bdb95a732c4aee93a6533d53954f39124d7c9
9891ddfa991c0e8ecc96d25b6687a285a585b5b4cd02120e42d935299140e424,9a3c16424750cbde029c47e059f219dc64d8943ac4073a1cc5bc9accd979fc17
9891ddfa991c0e8ecc96d25b6687a285a585b5b4cd02120e42d935299140e424,da72bf5bbca4ca33b822955cfbbf9e5b84e4e0fa5e5e68cf9d30054109fac58b
1544365948b349144daa5cbd37c07c74baf6a14280d647ecc458a75874101fbb,9360404e4f35ac209099b0fce8615971c8e89d2ab06348841d708bc3f20d28e3
1544365948b349144daa5cbd37c07c74baf6a14280d647ecc458a75874101fbb,271a22f75d73e13fa558d991442ecde8d75a34a0b9f6216d44b116f8612c82dc
9025e16725ff52dcff81f3d31cedf2f1c2f63b1e7a78994cf4fc9726124aab2a,9360404e4f35ac209099b0fce8615971c8e89d2ab06348841d708bc3f20d28e3
9025e16725ff52dcff81f3d31cedf2f1c2f63b1e7a78994cf4fc9726124aab2a,64cff1319d2fd2cbb7a1e84ccecf22c1cc07b24435cdb522f8c0aa525d6002a6
9025e16725ff52dcff81f3d31cedf2f1c2f63b1e7a78994cf4fc9726124aab2a,271a22f75d73e13fa558d991442ecde8d75a34a0b9f6216d44b116f8612c82dc
beb395aa4ac532ddb34a89cf1d39cb8fafebca037c1a2c61d0ed891a6de1ca62,85f1c8c8e324b6be99b13732edd1770eb0d200d15becbd659cc47ff5e060ac43
beb395aa4ac532ddb34a89cf1d39cb8fafebca037c1a2c61d0ed891a6de1ca62,271a22f75d73e13fa558d991442ecde8d75a34a0b9f6216d44b116f8612c82dc
844bf17c2c3c1f45e22ca945d21968de89592f2a12b7313152e756680ebf4339,da72bf5bbca4ca33b822955cfbbf9e5b84e4e0fa5e5e68cf9d30054109fac58b
844bf17c2c3c1f45e22ca945d21968de89592f2a12b7313152e756680ebf4339,85f1c8c8e324b6be99b13732edd1770eb0d200d15becbd659cc47ff5e060ac43
bc856bf1ad0f6bb513cbe10070400328763f7058504a8181d6627d0b07c0a9a4,da72bf5bbca4ca33b822955cfbbf9e5b84e4e0fa5e5e68cf9d30054109fac58b
bc856bf1ad0f6bb513cbe10070400328763f7058504a8181d6627d0b07c0a9a4,bd2d677b2ed4381b48bb1d0841052c6d076e7d634d5052e85dcbe0b8a0dedd80
d2440537d40f501584370e35ffb0ff18e7a6759687e2a7d1ee50617ca9200b48,da72bf5bbca4ca33b822955cfbbf9e5b84e4e0fa5e5e68cf9d30054109fac58b
1f5b488a026d2c0362f3e4cc4580632591a9344ae2393362cae5a55978266a53,9360404e4f35ac209099b0fce8615971c8e89d2ab06348841d708bc3f20d28e3
1f5b488a026d2c0362f3e4cc4580632591a9344ae2393362cae5a55978266a53,852a56bfaf803f454ce5e6380225fe1770c1e567bbb32cf335c99385c3930025
2dd4f4000f1870ee5fa6ee2ec6955bb628c87ea3eabf160b9541f7f5d3fd3fda,43f1fc2390a440781ffc1359e14ecb8389bfaaf8319bbe09f291a3872ea49bb9
d36aa9baa8d8bccb2e40a5c8c7f1a490a347714750bc5501fdb4c4142fbc1347,43f1fc2390a440781ffc1359e14ecb8389bfaaf8319bbe09f291a3872ea49bb9
d36aa9baa8d8bccb2e40a5c8c7f1a490a347714750bc5501fdb4c4142fbc1347,0e769600933790607b2a13b33ddfade0fa17810eb62c3b28ee23e59516516491
802c392930a46404ae684fc2525f7d82ebb5083edb0c13d86e1ff9e260793a89,43f1fc2390a440781ffc1359e14ecb8389bfaaf8319bbe09f291a3872ea49bb9
f020077c12e237e1ca4750af941cf3b5426f15bf33e5bd54f7871784218428ac,da72bf5bbca4ca33b822955cfbbf9e5b84e4e0fa5e5e68cf9d30054109fac58b
db96727bc6e5607054ac4389d43025fd0af4c904a866d2fce0f0bed8626a2f75,3bc3567a7fc6511a85072520dc1bdb95a732c4aee93a6533d53954f39124d7c9
db96727bc6e5607054ac4389d43025fd0af4c904a866d2fce0f0bed8626a2f75,da72bf5bbca4ca33b822955cfbbf9e5b84e4e0fa5e5e68cf9d30054109fac58b
05198f84ec850977d4fd833a51090b3a4dae18913b5b9fbb4b974401a8f5f919,da72bf5bbca4ca33b822955cfbbf9e5b84e4e0fa5e5e68cf9d30054109fac58b
8a0558d8cc4dc036d87cd437d3a301ac946bbbe14b062a3cf4d2b97808ee5c45,da72bf5bbca4ca33b822955cfbbf9e5b84e4e0fa5e5e68cf9d30054109fac58b
8a0558d8cc4dc036d87cd437d3a301ac946bbbe14b062a3cf4d2b97808ee5c45,271a22f75d73e13fa558d991442ecde8d75a34a0b9f6216d44b116f8612c82dc
8a0558d8cc4dc036d87cd437d3a301ac946bbbe14b062a3cf4d2b97808ee5c45,22611ceccd0b4d14703ccd4eaab3208ffc03d2c80d38655023b622e50d0466fe
8a0558d8cc4dc036d87cd437d3a301ac946bbbe14b062a3cf4d2b97808ee5c45,9360404e4f35ac209099b0fce8615971c8e89d2ab06348841d708bc3f20d28e3
9963f40b2e0167117df6b4980303753cd82c0fbfe27d58ea45e9832d7613655a,da72bf5bbca4ca33b822955cfbbf9e5b84e4e0fa5e5e68cf9d30054109fac58b
5521d5d2ad3063abfa9ce36ddfe7344a7bef76e19c01054894a880e317174b39,da72bf5bbca4ca33b822955cfbbf9e5b84e4e0fa5e5e68cf9d30054109fac58b
104776c120de998a1477fb1971dec73803e8a7edcb2f2f406ed0abfdc1f482f3,da72bf5bbca4ca33b822955cfbbf9e5b84e4e0fa5e5e68cf9d30054109fac58b
129b3d2df7002203b7bc12218496f0f9ae6ced1deaea87af668a9d23eabb5d78,43f1fc2390a440781ffc1359e14ecb8389bfaaf8319bbe09f291a3872ea49bb9
8f1d64122f03ab882bb1ad25967e9d3a690dfaa2d0e4f4a1a6068f5072c67850,852a56bfaf803f454ce5e6380225fe1770c1e567bbb32cf335c99385c3930025
8f1d64122f03ab882bb1ad25967e9d3a690dfaa2d0e4f4a1a6068f5072c67850,3bc3567a7fc6511a85072520dc1bdb95a732c4aee93a6533d53954f39124d7c9
8f1d64122f03ab882bb1ad25967e9d3a690dfaa2d0e4f4a1a6068f5072c67850,85f1c8c8e324b6be99b13732edd1770eb0d200d15becbd659cc47ff5e060ac43
da70f4119fa332dd999751481ac371fdba329ba27a7ab2b3c38c115a85d1d599,3bc3567a7fc6511a85072520dc1bdb95a732c4aee93a6533d53954f39124d7c9
da70f4119fa332dd999751481ac371fdba329ba27a7ab2b3c38c115a85d1d599,85f1c8c8e324b6be99b13732edd1770eb0d200d15becbd659cc47ff5e060ac43
f0de73ae88a89025bc37f77db02101e04ce39753b0c445b1495de4cc992d863b,da72bf5bbca4ca33b822955cfbbf9e5b84e4e0fa5e5e68cf9d30054109fac58b
f0de73ae88a89025bc37f77db02101e04ce39753b0c445b1495de4cc992d863b,9360404e4f35ac209099b0fce8615971c8e89d2ab06348841d708bc3f20d28e3
fc51129cc5b3cfd213acde3f4dd82d9db4ef2864755c3a698a2b06dccf34da83,271a22f75d73e13fa558d991442ecde8d75a34a0b9f6216d44b116f8612c82dc
fc51129cc5b3cfd213acde3f4dd82d9db4ef2864755c3a698a2b06dccf34da83,9360404e4f35ac209099b0fce8615971c8e89d2ab06348841d708bc3f20d28e3
582ebf50d2d4f0e3a99d6aad346fb2d3a4daa4be2a832c24581f3af138380be9,1dd10f244a62771bcca9df74a9bc7d13363df8d3cd69ee07f66c2b1666b256ff
582ebf50d2d4f0e3a99d6aad346fb2d3a4daa4be2a832c24581f3af138380be9,35624b8800fae3fd49027ffc8d2a4e4bd697a0166c97ec564b5ea19b10b242dd
40e3ff8d0f762bf08cd014ce3cf1bfb678fc5849ea80cc8da7c28dc9a7d96b13,43f1fc2390a440781ffc1359e14ecb8389bfaaf8319bbe09f291a3872ea49bb9
d22b4b1b286285715d0bcc57811bb7c8d961324e5c3c6c88f7f2716eed0b5da0,9a3c16424750cbde029c47e059f219dc64d8943ac4073a1cc5bc9accd979fc17
d22b4b1b286285715d0bcc57811bb7c8d961324e5c3c6c88f7f2716eed0b5da0,43f1fc2390a440781ffc1359e14ecb8389bfaaf8319bbe09f291a3872ea49bb9
1a33d2b5d591d836c26823b2d95907c93e326b9e344b122745cb42fa255628d1,da72bf5bbca4ca33b822955cfbbf9e5b84e4e0fa5e5e68cf9d30054109fac58b
0899a885e40c4af451b37efc9c83a63aab6ceeb575c3bd6525a47626aa90fef5,da72bf5bbca4ca33b822955cfbbf9e5b84e4e0fa5e5e68cf9d30054109fac58b
0899a885e40c4af451b37efc9c83a63aab6ceeb575c3bd6525a47626aa90fef5,271a22f75d73e13fa558d991442ecde8d75a34a0b9f6216d44b116f8612c82dc
0899a885e40c4af451b37efc9c83a63aab6ceeb575c3bd6525a47626aa90fef5,9360404e4f35ac209099b0fce8615971c8e89d2ab06348841d708bc3f20d28e3
2640f00e639ac9c4acdd6926df107c4b0f6d6f32645abf90f1617701e6edaaa0,64cff1319d2fd2cbb7a1e84ccecf22c1cc07b24435cdb522f8c0aa525d6002a6
2640f00e639ac9c4acdd6926df107c4b0f6d6f32645abf90f1617701e6edaaa0,85f1c8c8e324b6be99b13732edd1770eb0d200d15becbd659cc47ff5e060ac43
2640f00e639ac9c4acdd6926df107c4b0f6d6f32645abf90f1617701e6edaaa0,35624b8800fae3fd49027ffc8d2a4e4bd697a0166c97ec564b5ea19b10b242dd
7095d0e5a0fceaa93a2d8ebc068abb6815ac3ae85e60353f30da753eda95e54a,9a3c16424750cbde029c47e059f219dc64d8943ac4073a1cc5bc9accd979fc17
7095d0e5a0fceaa93a2d8ebc068abb6815ac3ae85e60353f30da753eda95e54a,1dd10f244a62771bcca9df74a9bc7d13363df8d3cd69ee07f66c2b1666b256ff
7095d0e5a0fceaa93a2d8ebc068abb6815ac3ae85e60353f30da753eda95e54a,85f1c8c8e324b6be99b13732edd1770eb0d200d15becbd659cc47ff5e060ac43
955b9341ebe4e8b99b7308c85e44b48bc94e36670b3e42043c8fc21ccf343371,64cff1319d2fd2cbb7a1e84ccecf22c1cc07b24435cdb522f8c0aa525d6002a6
955b9341ebe4e8b99b7308c85e44b48bc94e36670b3e42043c8fc21ccf343371,542855513e4f74d08a92352680c339d82e2ae347fb021a7128c7f4146c40d295
955b9341ebe4e8b99b7308c85e44b48bc94e36670b3e42043c8fc21ccf343371,9360404e4f35ac209099b0fce8615971c8e89d2ab06348841d708bc3f20d28e3
955b9341ebe4e8b99b7308c85e44b48bc94e36670b3e42043c8fc21ccf343371,35624b8800fae3fd49027ffc8d2a4e4bd697a0166c97ec564b5ea19b10b242dd
0d3f25f8b95c704514ee3a79b9a60c9903850b47443328999d62a58e0d631149,85f1c8c8e324b6be99b13732edd1770eb0d200d15becbd659cc47ff5e060ac43
0d3f25f8b95c704514ee3a79b9a60c9903850b47443328999d62a58e0d631149,22611ceccd0b4d14703ccd4eaab3208ffc03d2c80d38655023b622e50d0466fe
0d3f25f8b95c704514ee3a79b9a60c9903850b47443328999d62a58e0d631149,da72bf5bbca4ca33b822955cfbbf9e5b84e4e0fa5e5e68cf9d30054109fac58b
0d3f25f8b95c704514ee3a79b9a60c9903850b47443328999d62a58e0d631149,9360404e4f35ac209099b0fce8615971c8e89d2ab06348841d708bc3f20d28e3
6b043e5b07efdef0311745d701126cdaa7d058994d4b4b8998ce728f0f126c0b,271a22f75d73e13fa558d991442ecde8d75a34a0b9f6216d44b116f8612c82dc
6b043e5b07efdef0311745d701126cdaa7d058994d4b4b8998ce728f0f126c0b,85f1c8c8e324b6be99b13732edd1770eb0d200d15becbd659cc47ff5e060ac43
13ce7d2a8fcc0129d5b02584d16228ba2e6b392e0c48dc4518a76194317e30ee,85f1c8c8e324b6be99b13732edd1770eb0d200d15becbd659cc47ff5e060ac43
13ce7d2a8fcc0129d5b02584d16228ba2e6b392e0c48dc4518a76194317e30ee,3bc3567a7fc6511a85072520dc1bdb95a732c4aee93a6533d53954f39124d7c9
d070a2eddec34ce3bb3a64236e5c6830afdc930b1dc2105d613cfe7b6580197c,9360404e4f35ac209099b0fce8615971c8e89d2ab06348841d708bc3f20d28e3
d070a2eddec34ce3bb3a64236e5c6830afdc930b1dc2105d613cfe7b6580197c,22611ceccd0b4d14703ccd4eaab3208ffc03d2c80d38655023b622e50d0466fe
d070a2eddec34ce3bb3a64236e5c6830afdc930b1dc2105d613cfe7b6580197c,64cff1319d2fd2cbb7a1e84ccecf22c1cc07b24435cdb522f8c0aa525d6002a6
719f756984b3327d0aae1aeb40a899aa997c6ffa030c6166fb9e2c6330f9379e,271a22f75d73e13fa558d991442ecde8d75a34a0b9f6216d44b116f8612c82dc
719f756984b3327d0aae1aeb40a899aa997c6ffa030c6166fb9e2c6330f9379e,9360404e4f35ac209099b0fce8615971c8e89d2ab06348841d708bc3f20d28e3
719f756984b3327d0aae1aeb40a899aa997c6ffa030c6166fb9e2c6330f9379e,9ed9b84aa0a7d0ba2089f52a0d93c4633ab780b01a7aa627de0a4238f33712a0
719f756984b3327d0aae1aeb40a899aa997c6ffa030c6166fb9e2c6330f9379e,35624b8800fae3fd49027ffc8d2a4e4bd697a0166c97ec564b5ea19b10b242dd
697965c333cd80dd7f84f76923d36fc6d6ba246cb90e10bd6c1b683d565aa75e,852a56bfaf803f454ce5e6380225fe1770c1e567bbb32cf335c99385c3930025
697965c333cd80dd7f84f76923d36fc6d6ba246cb90e10bd6c1b683d565aa75e,da72bf5bbca4ca33b822955cfbbf9e5b84e4e0fa5e5e68cf9d30054109fac58b
697965c333cd80dd7f84f76923d36fc6d6ba246cb90e10bd6c1b683d565aa75e,0e769600933790607b2a13b33ddfade0fa17810eb62c3b28ee23e59516516491
3123f5a2ed624571d34ba82448cd351b0412cb0fefebdcfaf2737a704dbec79a,9ed9b84aa0a7d0ba2089f52a0d93c4633ab780b01a7aa627de0a4238f33712a0
3123f5a2ed624571d34ba82448cd351b0412cb0fefebdcfaf2737a704dbec79a,9360404e4f35ac209099b0fce8615971c8e89d2ab06348841d708bc3f20d28e3
f40d4a1c10041b69c8bf324f271dfcf2b74e1653226d9ad0c42cde8e3be19f10,3bc3567a7fc6511a85072520dc1bdb95a732c4aee93a6533d53954f39124d7c9
f40d4a1c10041b69c8bf324f271dfcf2b74e1653226d9ad0c42cde8e3be19f10,da72bf5bbca4ca33b822955cfbbf9e5b84e4e0fa5e5e68cf9d30054109fac58b
f40d4a1c10041b69c8bf324f271dfcf2b74e1653226d9ad0c42cde8e3be19f10,0e769600933790607b2a13b33ddfade0fa17810eb62c3b28ee23e59516516491
5fefcfff2e500f52d4ca34b4838dcb8dcc7cb7e3877b3868c9036dcc9fb01b82,9360404e4f35ac209099b0fce8615971c8e89d2ab06348841d708bc3f20d28e3
5fefcfff2e500f52d4ca34b4838dcb8dcc7cb7e3877b3868c9036dcc9fb01b82,64cff1319d2fd2cbb7a1e84ccecf22c1cc07b24435cdb522f8c0aa525d6002a6
5fefcfff2e500f52d4ca34b4838dcb8dcc7cb7e3877b3868c9036dcc9fb01b82,9ed9b84aa0a7d0ba2089f52a0d93c4633ab780b01a7aa627de0a4238f33712a0
855b209a1f9fcd67de80b37aab239cb78af829cb988bba5128e5c237b1e5c02a,da72bf5bbca4ca33b822955cfbbf9e5b84e4e0fa5e5e68cf9d30054109fac58b
855b209a1f9fcd67de80b37aab239cb78af829cb988bba5128e5c237b1e5c02a,22611ceccd0b4d14703ccd4eaab3208ffc03d2c80d38655023b622e50d0466fe
33096d33b1d5a9f45c0adca8d39101d47615c32684d9247d1bd5eda21855997a,3bc3567a7fc6511a85072520dc1bdb95a732c4aee93a6533d53954f39124d7c9
85cac9a9e824a27b7e6cf6fb06aab0fb6b6d83a13b4106761290384d2096f641,da72bf5bbca4ca33b822955cfbbf9e5b84e4e0fa5e5e68cf9d30054109fac58b
85cac9a9e824a27b7e6cf6fb06aab0fb6b6d83a13b4106761290384d2096f641,3bc3567a7fc6511a85072520dc1bdb95a732c4aee93a6533d53954f39124d7c9
46175eae63de0af4c93599637ef1e6214f0f1c5290999dd08cafe2acb1b8460c,85f1c8c8e324b6be99b13732edd1770eb0d200d15becbd659cc47ff5e060ac43
58a4901246a465dc2a4833ec563f8576a6ad5cc383545362961825b18b648ac4,da72bf5bbca4ca33b822955cfbbf9e5b84e4e0fa5e5e68cf9d30054109fac58b
139fc0bd48fae361785c57ed662baaa3bb21b840339bafa3f4f8beae05bd8edd,1dd10f244a62771bcca9df74a9bc7d13363df8d3cd69ee07f66c2b1666b256ff
d88dec9e0affaeb393abf68edb615bba0afbd716340ce4994f0362e1119af22d,43f1fc2390a440781ffc1359e14ecb8389bfaaf8319bbe09f291a3872ea49bb9
d88dec9e0affaeb393abf68edb615bba0afbd716340ce4994f0362e1119af22d,6eb00b4b2614a144d41ccdf709017a675953fae2df6cfd6b397bd9e4d8708461
e199edd7e05a9cd969f08e66fa6c07a5770e1c24e59db13df909996271338043,3bc3567a7fc6511a85072520dc1bdb95a732c4aee93a6533d53954f39124d7c9
e199edd7e05a9cd969f08e66fa6c07a5770e1c24e59db13df909996271338043,64cff1319d2fd2cbb7a1e84ccecf22c1cc07b24435cdb522f8c0aa525d6002a6
1bdc053be713c5b38b572f1f10b9361a9c0cd85bc3f91bc640cc95cf32b64e11,85f1c8c8e324b6be99b13732edd1770eb0d200d15becbd659cc47ff5e060ac43
1bdc053be713c5b38b572f1f10b9361a9c0cd85bc3f91bc640cc95cf32b64e11,3bc3567a7fc6511a85072520dc1bdb95a732c4aee93a6533d53954f39124d7c9
ec9ab651cee7433c0232eee02ad5f3bbcf2727f5d1f3124eae035154738ead1d,43f1fc2390a440781ffc1359e14ecb8389bfaaf8319bbe09f291a3872ea49bb9
ec9ab651cee7433c0232eee02ad5f3bbcf2727f5d1f3124eae035154738ead1d,0e769600933790607b2a13b33ddfade0fa17810eb62c3b28ee23e59516516491
5d8f6af64068053691dec5c5db911120eab5b1d08af40e0429a8ed421e3cbd42,64cff1319d2fd2cbb7a1e84ccecf22c1cc07b24435cdb522f8c0aa525d6002a6
5d8f6af64068053691dec5c5db911120eab5b1d08af40e0429a8ed421e3cbd42,da72bf5bbca4ca33b822955cfbbf9e5b84e4e0fa5e5e68cf9d30054109fac58b
5d8f6af64068053691dec5c5db911120eab5b1d08af40e0429a8ed421e3cbd42,0e769600933790607b2a13b33ddfade0fa17810eb62c3b28ee23e59516516491
7b6a6f91a66487370a29484ac9fb6b51443726ed31b78bd322c5d2e5ade27766,85f1c8c8e324b6be99b13732edd1770eb0d200d15becbd659cc47ff5e060ac43
7b6a6f91a66487370a29484ac9fb6b51443726ed31b78bd322c5d2e5ade27766,da72bf5bbca4ca33b822955cfbbf9e5b84e4e0fa5e5e68cf9d30054109fac58b
c53e2b48913a8779fa847b8b9296f95d61db7c70b657b96830de58dcfeeae423,9360404e4f35ac209099b0fce8615971c8e89d2ab06348841d708bc3f20d28e3
c53e2b48913a8779fa847b8b9296f95d61db7c70b657b96830de58dcfeeae423,da72bf5bbca4ca33b822955cfbbf9e5b84e4e0fa5e5e68cf9d30054109fac58b
c1fd7903719556c6f2ce92611876fe558113ed9d5e875c42c80960030d419802,64cff1319d2fd2cbb7a1e84ccecf22c1cc07b24435cdb522f8c0aa525d6002a6
c1fd7903719556c6f2ce92611876fe558113ed9d5e875c42c80960030d419802,be8816dbd8b8aa53557ba5f25f5295b1ce2cf829d42d9256024b0698e7654f0d
c1fd7903719556c6f2ce92611876fe558113ed9d5e875c42c80960030d419802,0e769600933790607b2a13b33ddfade0fa17810eb62c3b28ee23e59516516491
1ba7c1f61db3c8e25689e9a965c79b97fd4c205034ac0878f88d2c8155feca3b,da72bf5bbca4ca33b822955cfbbf9e5b84e4e0fa5e5e68cf9d30054109fac58b
a512ad3e86acd0cfc798b533272cdeab07a58e3142d9da3554107e3bd6ee8dbb,85f1c8c8e324b6be99b13732edd1770eb0d200d15becbd659cc47ff5e060ac43
a512ad3e86acd0cfc798b533272cdeab07a58e3142d9da3554107e3bd6ee8dbb,3bc3567a7fc6511a85072520dc1bdb95a732c4aee93a6533d53954f39124d7c9
d2bde97825f7f36f41ff6975fa036a6aaf7661546d98f87815822d39b29178b3,da72bf5bbca4ca33b822955cfbbf9e5b84e4e0fa5e5e68cf9d30054109fac58b
34e3ba2d83474fe56945fbb28b4f966e133670e9e4fc26625e90be70b83007e5,da72bf5bbca4ca33b822955cfbbf9e5b84e4e0fa5e5e68cf9d30054109fac58b
34e3ba2d83474fe56945fbb28b4f966e133670e9e4fc26625e90be70b83007e5,bd2d677b2ed4381b48bb1d0841052c6d076e7d634d5052e85dcbe0b8a0dedd80
334f416b65a2e78a53bd522dfc6c3ac642a9b4f3b07f9ac22af79ec181167e38,85f1c8c8e324b6be99b13732edd1770eb0d200d15becbd659cc47ff5e060ac43
334f416b65a2e78a53bd522dfc6c3ac642a9b4f3b07f9ac22af79ec181167e38,3bc3567a7fc6511a85072520dc1bdb95a732c4aee93a6533d53954f39124d7c9
cc0fed0ad496c53a034630f3a44b3d2f198ed2405ebf3a5f0fd6afd520f0537a,da72bf5bbca4ca33b822955cfbbf9e5b84e4e0fa5e5e68cf9d30054109fac58b
cc0fed0ad496c53a034630f3a44b3d2f198ed2405ebf3a5f0fd6afd520f0537a,9a3c16424750cbde029c47e059f219dc64d8943ac4073a1cc5bc9accd979fc17
7b7cc3cf747676a953195fd412d840cc05e38d1f8606039ce579dfef3d521f60,da72bf5bbca4ca33b822955cfbbf9e5b84e4e0fa5e5e68cf9d30054109fac58b
7b7cc3cf747676a953195fd412d840cc05e38d1f8606039ce579dfef3d521f60,852a56bfaf803f454ce5e6380225fe1770c1e567bbb32cf335c99385c3930025
7b7cc3cf747676a953195fd412d840cc05e38d1f8606039ce579dfef3d521f60,9ed9b84aa0a7d0ba2089f52a0d93c4633ab780b01a7aa627de0a4238f33712a0
7b7cc3cf747676a953195fd412d840cc05e38d1f8606039ce579dfef3d521f60,22611ceccd0b4d14703ccd4eaab3208ffc03d2c80d38655023b622e50d0466fe
8aaecc90f5e933dfc0e9d037e14239dd43748a77a7bcb8dd63f8fcc444956f4c,43f1fc2390a440781ffc1359e14ecb8389bfaaf8319bbe09f291a3872ea49bb9
a7882f4135d33cdf05bb17eb55b7124b181e239bf3b3f44c33ed98b2973dcc03,0e769600933790607b2a13b33ddfade0fa17810eb62c3b28ee23e59516516491
a7882f4135d33cdf05bb17eb55b7124b181e239bf3b3f44c33ed98b2973dcc03,9a3c16424750cbde029c47e059f219dc64d8943ac4073a1cc5bc9accd979fc17
a7882f4135d33cdf05bb17eb55b7124b181e239bf3b3f44c33ed98b2973dcc03,da72bf5bbca4ca33b822955cfbbf9e5b84e4e0fa5e5e68cf9d30054109fac58b
859cec915d62653714028326b2aac82f3378e578b40c0f415b31019b849165a5,3bc3567a7fc6511a85072520dc1bdb95a732c4aee93a6533d53954f39124d7c9
859cec915d62653714028326b2aac82f3378e578b40c0f415b31019b849165a5,9360404e4f35ac209099b0fce8615971c8e89d2ab06348841d708bc3f20d28e3
db1f56e685a5e83692801187b7bc2c319b77426f2d83e1c69f69986cf7aa221c,da72bf5bbca4ca33b822955cfbbf9e5b84e4e0fa5e5e68cf9d30054109fac58b
db1f56e685a5e83692801187b7bc2c319b77426f2d83e1c69f69986cf7aa221c,85f1c8c8e324b6be99b13732edd1770eb0d200d15becbd659cc47ff5e060ac43
bd09bb88cf7997e5b5bf0f519c087d228fcf4a9366d1dee5bd33927db522c54b,35624b8800fae3fd49027ffc8d2a4e4bd697a0166c97ec564b5ea19b10b242dd
bd09bb88cf7997e5b5bf0f519c087d228fcf4a9366d1dee5bd33927db522c54b,64cff1319d2fd2cbb7a1e84ccecf22c1cc07b24435cdb522f8c0aa525d6002a6
7ff3c338f6983fabf1e2e75694af2c78d5a74faf79989be0ce33c03acbcd565c,64cff1319d2fd2cbb7a1e84ccecf22c1cc07b24435cdb522f8c0aa525d6002a6
7ff3c338f6983fabf1e2e75694af2c78d5a74faf79989be0ce33c03acbcd565c,85f1c8c8e324b6be99b13732edd1770eb0d200d15becbd659cc47ff5e060ac43
7ff3c338f6983fabf1e2e75694af2c78d5a74faf79989be0ce33c03acbcd565c,da72bf5bbca4ca33b822955cfbbf9e5b84e4e0fa5e5e68cf9d30054109fac58b
aae790d91036e689a2f5c90484395f14f1840b020243955005fc1a07c81e4029,da72bf5bbca4ca33b822955cfbbf9e5b84e4e0fa5e5e68cf9d30054109fac58b
aae790d91036e689a2f5c90484395f14f1840b020243955005fc1a07c81e4029,85f1c8c8e324b6be99b13732edd1770eb0d200d15becbd659cc47ff5e060ac43
b8f815958584256f3f7ed4476a08a207529969ca67627b276670de2e87a2531f,43f1fc2390a440781ffc1359e14ecb8389bfaaf8319bbe09f291a3872ea49bb9
8839d022e7a2570cd65832dc95aab180a68d3e23bd75007d414c1f80dd1b488c,85f1c8c8e324b6be99b13732edd1770eb0d200d15becbd659cc47ff5e060ac43
451f9daad710a7312d04306185330f699c88fec598bc7b73471605557c6c293b,da72bf5bbca4ca33b822955cfbbf9e5b84e4e0fa5e5e68cf9d30054109fac58b
47a76c0a20bcd0707d33696f7ce973f9c4896844f0d637d40ab762ff98b4fcdb,da72bf5bbca4ca33b822955cfbbf9e5b84e4e0fa5e5e68cf9d30054109fac58b
c21cb4e51c32a16c3c03c8b1e2aae09e438f3dfdfbb7c39f9618a42d639689bd,da72bf5bbca4ca33b822955cfbbf9e5b84e4e0fa5e5e68cf9d30054109fac58b
7e58b24571b4e8149ac9563d3d7c7c5756a1123a9ee53c785a70395d0de2f8ab,9ed9b84aa0a7d0ba2089f52a0d93c4633ab780b01a7aa627de0a4238f33712a0
7e58b24571b4e8149ac9563d3d7c7c5756a1123a9ee53c785a70395d0de2f8ab,9360404e4f35ac209099b0fce8615971c8e89d2ab06348841d708bc3f20d28e3
7e58b24571b4e8149ac9563d3d7c7c5756a1123a9ee53c785a70395d0de2f8ab,da72bf5bbca4ca33b822955cfbbf9e5b84e4e0fa5e5e68cf9d30054109fac58b
d58124a9f36574fdffba0cfa894de3c29883b44e7ba6e19ab08d5aa91ee68a45,da72bf5bbca4ca33b822955cfbbf9e5b84e4e0fa5e5e68cf9d30054109fac58b
d58124a9f36574fdffba0cfa894de3c29883b44e7ba6e19ab08d5aa91ee68a45,85f1c8c8e324b6be99b13732edd1770eb0d200d15becbd659cc47ff5e060ac43
4f611742c4b47bdd99ebd8eb19d34da3078d057ee4e639756c68b2d566f8758e,85f1c8c8e324b6be99b13732edd1770eb0d200d15becbd659cc47ff5e060ac43
eb3a9ca83cba78ba6e5ae812df79acc25ec9c0b8c84e95f3c9c621dda923b08d,9360404e4f35ac209099b0fce8615971c8e89d2ab06348841d708bc3f20d28e3
c614ce56ffb138738f64d1afed5687d7f9f2302f0437c5d936879771f2123c82,da72bf5bbca4ca33b822955cfbbf9e5b84e4e0fa5e5e68cf9d30054109fac58b
c614ce56ffb138738f64d1afed5687d7f9f2302f0437c5d936879771f2123c82,542855513e4f74d08a92352680c339d82e2ae347fb021a7128c7f4146c40d295
c614ce56ffb138738f64d1afed5687d7f9f2302f0437c5d936879771f2123c82,9ed9b84aa0a7d0ba2089f52a0d93c4633ab780b01a7aa627de0a4238f33712a0
f34113ba5dcd0630bf2cc39b5da2f06ff84fb2dd2cd4878824d1afa3bb89d0bf,542855513e4f74d08a92352680c339d82e2ae347fb021a7128c7f4146c40d295
f34113ba5dcd0630bf2cc39b5da2f06ff84fb2dd2cd4878824d1afa3bb89d0bf,da72bf5bbca4ca33b822955cfbbf9e5b84e4e0fa5e5e68cf9d30054109fac58b
d5516903e7b6b2eb00e89aa0003a022e8621cc8cd1cc1132773badde9b0383bf,9a3c16424750cbde029c47e059f219dc64d8943ac4073a1cc5bc9accd979fc17
d5516903e7b6b2eb00e89aa0003a022e8621cc8cd1cc1132773badde9b0383bf,da72bf5bbca4ca33b822955cfbbf9e5b84e4e0fa5e5e68cf9d30054109fac58b
d5516903e7b6b2eb00e89aa0003a022e8621cc8cd1cc1132773badde9b0383bf,bd2d677b2ed4381b48bb1d0841052c6d076e7d634d5052e85dcbe0b8a0dedd80
6bdbe9444eb53574987474afdcdbee3393a76df0979182a3eb5ceb8e1e892b69,64cff1319d2fd2cbb7a1e84ccecf22c1cc07b24435cdb522f8c0aa525d6002a6
a979556cbef3a3696a720fb3d1a75574d80a9032d549493ee81c6dedddcd3f2e,da72bf5bbca4ca33b822955cfbbf9e5b84e4e0fa5e5e68cf9d30054109fac58b
a5b0580bc37e99e02ec30ccb4e16136e608d95b3452cb289cd1a944d9f9c093f,da72bf5bbca4ca33b822955cfbbf9e5b84e4e0fa5e5e68cf9d30054109fac58b
03d4b3c99beb8f652848517b992c90b3f19dfcd743c44947569e0d34f93530e4,85f1c8c8e324b6be99b13732edd1770eb0d200d15becbd659cc47ff5e060ac43
03d4b3c99beb8f652848517b992c90b3f19dfcd743c44947569e0d34f93530e4,9ed9b84aa0a7d0ba2089f52a0d93c4633ab780b01a7aa627de0a4238f33712a0
03d4b3c99beb8f652848517b992c90b3f19dfcd743c44947569e0d34f93530e4,bd2d677b2ed4381b48bb1d0841052c6d076e7d634d5052e85dcbe0b8a0dedd80
aed405d04b367c677eee26577cc05a0740aa0b2daf986d0cea92d5e218506683,85f1c8c8e324b6be99b13732edd1770eb0d200d15becbd659cc47ff5e060ac43
71206905ea47e3f28820eeb5f86eab734082c50f1df6bed9b07013ff7bd1cbbc,da72bf5bbca4ca33b822955cfbbf9e5b84e4e0fa5e5e68cf9d30054109fac58b
71206905ea47e3f28820eeb5f86eab734082c50f1df6bed9b07013ff7bd1cbbc,271a22f75d73e13fa558d991442ecde8d75a34a0b9f6216d44b116f8612c82dc
6329e84ca8d582788c7373d5ac274dca07c47e85bddb0149d7883033d32a913c,85f1c8c8e324b6be99b13732edd1770eb0d200d15becbd659cc47ff5e060ac43
6329e84ca8d582788c7373d5ac274dca07c47e85bddb0149d7883033d32a913c,22611ceccd0b4d14703ccd4eaab3208ffc03d2c80d38655023b622e50d0466fe
6329e84ca8d582788c7373d5ac274dca07c47e85bddb0149d7883033d32a913c,da72bf5bbca4ca33b822955cfbbf9e5b84e4e0fa5e5e68cf9d30054109fac58b
8b3c3ec2c8e27ea24f125cd478db3510d773c066c26aa265a49b183bbd84530d,271a22f75d73e13fa558d991442ecde8d75a34a0b9f6216d44b116f8612c82dc
de38f47975306f3814669f657acd85dd6db588dd6476b45fde98ce7547aa9b7c,da72bf5bbca4ca33b822955cfbbf9e5b84e4e0fa5e5e68cf9d30054109fac58b
cde0500ec276ecc6186c153740fe9aaa9aae07a12f9629f810e01bd436fdfe6e,542855513e4f74d08a92352680c339d82e2ae347fb021a7128c7f4146c40d295
d9daa663b47c9be3bc19d29feca7be5c52bf3c58058d1466c1d6b3bbd0577a76,da72bf5bbca4ca33b822955cfbbf9e5b84e4e0fa5e5e68cf9d30054109fac58b
d9daa663b47c9be3bc19d29feca7be5c52bf3c58058d1466c1d6b3bbd0577a76,be8816dbd8b8aa53557ba5f25f5295b1ce2cf829d42d9256024b0698e7654f0d
dd76cfbdab95636e3dae36de47a33fb8bb352cb7095948404a3abe7d0d54490a,bd2d677b2ed4381b48bb1d0841052c6d076e7d634d5052e85dcbe0b8a0dedd80
eea8f9d2863ab2305ec55b9f99223431d68cf530bf1a38e89ccdff506d1ad72a,64cff1319d2fd2cbb7a1e84ccecf22c1cc07b24435cdb522f8c0aa525d6002a6
eea8f9d2863ab2305ec55b9f99223431d68cf530bf1a38e89ccdff506d1ad72a,9a3c16424750cbde029c47e059f219dc64d8943ac4073a1cc5bc9accd979fc17
eea8f9d2863ab2305ec55b9f99223431d68cf530bf1a38e89ccdff506d1ad72a,bd2d677b2ed4381b48bb1d0841052c6d076e7d634d5052e85dcbe0b8a0dedd80
eea8f9d2863ab2305ec55b9f99223431d68cf530bf1a38e89ccdff506d1ad72a,542855513e4f74d08a92352680c339d82e2ae347fb021a7128c7f4146c40d295
62c154ec76f30c39d4a5d2c65c85e4d3bd16c686163b811c4c398781e674cda0,43f1fc2390a440781ffc1359e14ecb8389bfaaf8319bbe09f291a3872ea49bb9
8cd23e28238fdd793d76f821453f54f825e9ce40a8f73e8abcae73f11eb45d17,271a22f75d73e13fa558d991442ecde8d75a34a0b9f6216d44b116f8612c82dc
0d905cedde3e6865e4075eef8a71c5b39c14971e031d50b99e967aac970d6ab3,da72bf5bbca4ca33b822955cfbbf9e5b84e4e0fa5e5e68cf9d30054109fac58b
99bc30ce234a22c80b4c9bc36ec8ce89c6ebd05016f05872115be5a1768cb4d7,3bc3567a7fc6511a85072520dc1bdb95a732c4aee93a6533d53954f39124d7c9
99bc30ce234a22c80b4c9bc36ec8ce89c6ebd05016f05872115be5a1768cb4d7,da72bf5bbca4ca33b822955cfbbf9e5b84e4e0fa5e5e68cf9d30054109fac58b
446a369ca26837da103a93756b121f45147262b82ca48bf62050952362b1022e,43f1fc2390a440781ffc1359e14ecb8389bfaaf8319bbe09f291a3872ea49bb9
220237080ec72c279b81b3a7d5ec96424e11f31750a339714b47c834b5ec1a0d,43f1fc2390a440781ffc1359e14ecb8389bfaaf8319bbe09f291a3872ea49bb9
546145a9f48e3531f55621de60ab78db963a335481e469de35514425344bd499,852a56bfaf803f454ce5e6380225fe1770c1e567bbb32cf335c99385c3930025
546145a9f48e3531f55621de60ab78db963a335481e469de35514425344bd499,da72bf5bbca4ca33b822955cfbbf9e5b84e4e0fa5e5e68cf9d30054109fac58b
ffd14a3f32ca63db83e836ef2b0662eaba08214441fee8128deb6b92ca300368,9360404e4f35ac209099b0fce8615971c8e89d2ab06348841d708bc3f20d28e3
bbc800e8e4e78d146ebe99654e4aebaee2cea7f3dce64d7ca47601431fa4f59e,1dd10f244a62771bcca9df74a9bc7d13363df8d3cd69ee07f66c2b1666b256ff
daee07fe7f1256cfb40532842ef0c64c29eb8fbf6e649f0d6a51068b10e3e777,85f1c8c8e324b6be99b13732edd1770eb0d200d15becbd659cc47ff5e060ac43
312841b430bbf8b85ad90285e9aef2183b4cc6a171c678cfa71d4fd86fdae793,da72bf5bbca4ca33b822955cfbbf9e5b84e4e0fa5e5e68cf9d30054109fac58b
b5bb19f666e04c31fa0a8328f1d834c9d2da05c3407916d33e4266d3c353d999,43f1fc2390a440781ffc1359e14ecb8389bfaaf8319bbe09f291a3872ea49bb9
7936f0ac04ec0f1a4d3d40b1159baa992a09aa3a185e59c22cacd99c0ab6ce34,43f1fc2390a440781ffc1359e14ecb8389bfaaf8319bbe09f291a3872ea49bb9
7bc9e844bd1d53aea93c6f96e7a7c03d49be1fc61d3abaec25aa72b057e8d945,43f1fc2390a440781ffc1359e14ecb8389bfaaf8319bbe09f291a3872ea49bb9
019001648f57923f2e4375f35af0f670782c2a57182f113d729a63575db4b73b,85f1c8c8e324b6be99b13732edd1770eb0d200d15becbd659cc47ff5e060ac43
019001648f57923f2e4375f35af0f670782c2a57182f113d729a63575db4b73b,35624b8800fae3fd49027ffc8d2a4e4bd697a0166c97ec564b5ea19b10b242dd
019001648f57923f2e4375f35af0f670782c2a57182f113d729a63575db4b73b,271a22f75d73e13fa558d991442ecde8d75a34a0b9f6216d44b116f8612c82dc
0ee48d21779c5151168a3a929fcfbb236d8d7a4dbe6efd541d5d88af8cdd533b,64cff1319d2fd2cbb7a1e84ccecf22c1cc07b24435cdb522f8c0aa525d6002a6
0ee48d21779c5151168a3a929fcfbb236d8d7a4dbe6efd541d5d88af8cdd533b,9a3c16424750cbde029c47e059f219dc64d8943ac4073a1cc5bc9accd979fc17
0ee48d21779c5151168a3a929fcfbb236d8d7a4dbe6efd541d5d88af8cdd533b,35624b8800fae3fd49027ffc8d2a4e4bd697a0166c97ec564b5ea19b10b242dd
21408ba80124f4d953ee353e43558ccf7607631e156c52178b1309ba6e66511f,271a22f75d73e13fa558d991442ecde8d75a34a0b9f6216d44b116f8612c82dc
6a9da1a007e612f9a752476f36cfafba6d3aa22f987795bd243566efdde2d77b,43f1fc2390a440781ffc1359e14ecb8389bfaaf8319bbe09f291a3872ea49bb9
36eb694ba6a4e17e7060b43d88c898d5e2bb35ba779a27c90e20b98df036bce6,9ed9b84aa0a7d0ba2089f52a0d93c4633ab780b01a7aa627de0a4238f33712a0
36eb694ba6a4e17e7060b43d88c898d5e2bb35ba779a27c90e20b98df036bce6,da72bf5bbca4ca33b822955cfbbf9e5b84e4e0fa5e5e68cf9d30054109fac58b
36eb694ba6a4e17e7060b43d88c898d5e2bb35ba779a27c90e20b98df036bce6,22611ceccd0b4d14703ccd4eaab3208ffc03d2c80d38655023b622e50d0466fe
7f65f4b6ce905e3b216224bbaa287d0de26cd7aff6cc6a0e2df8ddb96f2e17fc,da72bf5bbca4ca33b822955cfbbf9e5b84e4e0fa5e5e68cf9d30054109fac58b
a7370ab49612c216c71694e559834e0fa34bd515ee17c9cde5d514efdd5bbe77,85f1c8c8e324b6be99b13732edd1770eb0d200d15becbd659cc47ff5e060ac43
a7370ab49612c216c71694e559834e0fa34bd515ee17c9cde5d514efdd5bbe77,542855513e4f74d08a92352680c339d82e2ae347fb021a7128c7f4146c40d295
bde594ba76ca33c034af0fd580969361995472893e8a7f056a2a9c1e5a6cda28,85f1c8c8e324b6be99b13732edd1770eb0d200d15becbd659cc47ff5e060ac43
bfb37f91700e0aa6364eaee85fa3e87a5d67764cb11a2b089147387b31e20d34,85f1c8c8e324b6be99b13732edd1770eb0d200d15becbd659cc47ff5e060ac43
9b5dfb3755ffedc6b840af323688f397bc7b1657469b9adb0f3a9d142c35cf93,43f1fc2390a440781ffc1359e14ecb8389bfaaf8319bbe09f291a3872ea49bb9
2304bf17c1980a4582d82631ff7addf1c697fdc30de9fb36c569f51463ce5b8c,852a56bfaf803f454ce5e6380225fe1770c1e567bbb32cf335c99385c3930025
2304bf17c1980a4582d82631ff7addf1c697fdc30de9fb36c569f51463ce5b8c,85f1c8c8e324b6be99b13732edd1770eb0d200d15becbd659cc47ff5e060ac43
e71d13b3a272b428da16a41fbe05bb6c030c6ceb6dbc99b16ddd4c4ddc4657a1,271a22f75d73e13fa558d991442ecde8d75a34a0b9f6216d44b116f8612c82dc
2ddf66574b5fa80234a4ae58ffca8dd1a2fe4473bb61bc8baa47b7bbfd708744,3bc3567a7fc6511a85072520dc1bdb95a732c4aee93a6533d53954f39124d7c9
2ddf66574b5fa80234a4ae58ffca8dd1a2fe4473bb61bc8baa47b7bbfd708744,da72bf5bbca4ca33b822955cfbbf9e5b84e4e0fa5e5e68cf9d30054109fac58b
278faf86bc734802fd178d1c7ba0ed460fcb53dd8498b5ebcaf69a4b53e9e0dc,64cff1319d2fd2cbb7a1e84ccecf22c1cc07b24435cdb522f8c0aa525d6002a6
278faf86bc734802fd178d1c7ba0ed460fcb53dd8498b5ebcaf69a4b53e9e0dc,22611ceccd0b4d14703ccd4eaab3208ffc03d2c80d38655023b622e50d0466fe
278faf86bc734802fd178d1c7ba0ed460fcb53dd8498b5ebcaf69a4b53e9e0dc,9360404e4f35ac209099b0fce8615971c8e89d2ab06348841d708bc3f20d28e3
e7b181d941388bac260ca207767bc24a83dc16820c1b10106e0e5a40d361ecd6,542855513e4f74d08a92352680c339d82e2ae347fb021a7128c7f4146c40d295
e7b181d941388bac260ca207767bc24a83dc16820c1b10106e0e5a40d361ecd6,85f1c8c8e324b6be99b13732edd1770eb0d200d15becbd659cc47ff5e060ac43
e7b181d941388bac260ca207767bc24a83dc16820c1b10106e0e5a40d361ecd6,3bc3567a7fc6511a85072520dc1bdb95a732c4aee93a6533d53954f39124d7c9
e7b181d941388bac260ca207767bc24a83dc16820c1b10106e0e5a40d361ecd6,da72bf5bbca4ca33b822955cfbbf9e5b84e4e0fa5e5e68cf9d30054109fac58b
990fa2cac3ae0cdaf01a0d4172fbe67e302e5a600bd4de2bc02b99c3f0d074c0,da72bf5bbca4ca33b822955cfbbf9e5b84e4e0fa5e5e68cf9d30054109fac58b
7ac292999a59410ecfabe52701279879886222345127beeef51563cdc414f565,da72bf5bbca4ca33b822955cfbbf9e5b84e4e0fa5e5e68cf9d30054109fac58b
7ac292999a59410ecfabe52701279879886222345127beeef51563cdc414f565,6eb00b4b2614a144d41ccdf709017a675953fae2df6cfd6b397bd9e4d8708461
7ac292999a59410ecfabe52701279879886222345127beeef51563cdc414f565,3bc3567a7fc6511a85072520dc1bdb95a732c4aee93a6533d53954f39124d7c9
0d0ada61ee3584d0e543b355a8af351db8a2fc30ba5e7e7fa8fb948601b4aa4e,43f1fc2390a440781ffc1359e14ecb8389bfaaf8319bbe09f291a3872ea49bb9
7a578e17b56781309393bd3a0891ba901ae0d012790bbbbf8cef27a745ef97fa,da72bf5bbca4ca33b822955cfbbf9e5b84e4e0fa5e5e68cf9d30054109fac58b
69c392bb664c1a2cbac48b5b437ac736626bb473fbed6aa9d7e1c4193bf6d122,85f1c8c8e324b6be99b13732edd1770eb0d200d15becbd659cc47ff5e060ac43
d111af5ebbd6fe61a518324de516a43c811979319166e3462986240d05b48456,da72bf5bbca4ca33b822955cfbbf9e5b84e4e0fa5e5e68cf9d30054109fac58b
61221cbd351beb372c7345918c1fb149b84c91905b0e283a1d679dfda65bcf08,9360404e4f35ac209099b0fce8615971c8e89d2ab06348841d708bc3f20d28e3
61221cbd351beb372c7345918c1fb149b84c91905b0e283a1d679dfda65bcf08,64cff1319d2fd2cbb7a1e84ccecf22c1cc07b24435cdb522f8c0aa525d6002a6
76c4264052f3ff5180846e9e1f6a76c66652e657efb0b76fa380cf0825f338d2,da72bf5bbca4ca33b822955cfbbf9e5b84e4e0fa5e5e68cf9d30054109fac58b
76c4264052f3ff5180846e9e1f6a76c66652e657efb0b76fa380cf0825f338d2,64cff1319d2fd2cbb7a1e84ccecf22c1cc07b24435cdb522f8c0aa525d6002a6
79f65925f225e4fb85df921d9577f59d960d2073e05c584af9190a9a1543d036,43f1fc2390a440781ffc1359e14ecb8389bfaaf8319bbe09f291a3872ea49bb9
238b2d2ed5d3738e2b0cebd20e4d5fb4b97ace7df09b099efa5ed02310042ed3,da72bf5bbca4ca33b822955cfbbf9e5b84e4e0fa5e5e68cf9d30054109fac58b
af75e4aa0531f11a90e4cb9ff2a5ce4149ac17aa06b17e80ac02712977656cc9,43f1fc2390a440781ffc1359e14ecb8389bfaaf8319bbe09f291a3872ea49bb9
4b8fe9dc8c9873f8de265e077690da4ae873584e027fd5075105971dcb390171,3bc3567a7fc6511a85072520dc1bdb95a732c4aee93a6533d53954f39124d7c9
4b8fe9dc8c9873f8de265e077690da4ae873584e027fd5075105971dcb390171,85f1c8c8e324b6be99b13732edd1770eb0d200d15becbd659cc47ff5e060ac43
4b8fe9dc8c9873f8de265e077690da4ae873584e027fd5075105971dcb390171,da72bf5bbca4ca33b822955cfbbf9e5b84e4e0fa5e5e68cf9d30054109fac58b
fa9475423610316e31f78edd536a76e1d6b3e1462b40030863c9afe7071c59ed,da72bf5bbca4ca33b822955cfbbf9e5b84e4e0fa5e5e68cf9d30054109fac58b
280ef4050849ffd96216911ad14a37d3ecf465adecfb575603672fdadb7cbbd3,da72bf5bbca4ca33b822955cfbbf9e5b84e4e0fa5e5e68cf9d30054109fac58b
280ef4050849ffd96216911ad14a37d3ecf465adecfb575603672fdadb7cbbd3,3bc3567a7fc6511a85072520dc1bdb95a732c4aee93a6533d53954f39124d7c9
642728f704230cc5b300c6a7fba357b1d491c48124c6a6a66cea9003745a0836,da72bf5bbca4ca33b822955cfbbf9e5b84e4e0fa5e5e68cf9d30054109fac58b
5df1dda11be549314e599b2939d1b5bee58898b7e337974af9c202e629386c6c,da72bf5bbca4ca33b822955cfbbf9e5b84e4e0fa5e5e68cf9d30054109fac58b
5df1dda11be549314e599b2939d1b5bee58898b7e337974af9c202e629386c6c,542855513e4f74d08a92352680c339d82e2ae347fb021a7128c7f4146c40d295
5df1dda11be549314e599b2939d1b5bee58898b7e337974af9c202e629386c6c,bd2d677b2ed4381b48bb1d0841052c6d076e7d634d5052e85dcbe0b8a0dedd80
06f2bb96971e7d9ff0fbf41459bcd3c693f9c3fdb2de3f9b3b901f7d6a88357e,da72bf5bbca4ca33b822955cfbbf9e5b84e4e0fa5e5e68cf9d30054109fac58b
41bac1e6fe7bda58e541ba48789704e1a89bb0925bf38064e6581a51658a09f2,9a3c16424750cbde029c47e059f219dc64d8943ac4073a1cc5bc9accd979fc17
6e56b0d65501fcbcf013940f58c9397628f42c6bc08b13f1c5183449a9b4283b,da72bf5bbca4ca33b822955cfbbf9e5b84e4e0fa5e5e68cf9d30054109fac58b
d3f3e2bd122594c2372dec62dbb817fb9bd6351dcb097cab6b3d82de5743465a,da72bf5bbca4ca33b822955cfbbf9e5b84e4e0fa5e5e68cf9d30054109fac58b
d3f3e2bd122594c2372dec62dbb817fb9bd6351dcb097cab6b3d82de5743465a,3bc3567a7fc6511a85072520dc1bdb95a732c4aee93a6533d53954f39124d7c9
de0da916187fda2630eeb380e6b5a468cf7db36238f5b5fb7e0c9cc178d3f617,542855513e4f74d08a92352680c339d82e2ae347fb021a7128c7f4146c40d295
de0da916187fda2630eeb380e6b5a468cf7db36238f5b5fb7e0c9cc178d3f617,64cff1319d2fd2cbb7a1e84ccecf22c1cc07b24435cdb522f8c0aa525d6002a6
6218346a30f3d1229da8019dc54653aa85b6b288e773641fae10532bc466470c,9a3c16424750cbde029c47e059f219dc64d8943ac4073a1cc5bc9accd979fc17
6218346a30f3d1229da8019dc54653aa85b6b288e773641fae10532bc466470c,43f1fc2390a440781ffc1359e14ecb8389bfaaf8319bbe09f291a3872ea49bb9
0efff5d0deced7e352ce4860ab8fb6b9ddb221cc404c527e942621e340a15200,9ed9b84aa0a7d0ba2089f52a0d93c4633ab780b01a7aa627de0a4238f33712a0
0efff5d0deced7e352ce4860ab8fb6b9ddb221cc404c527e942621e340a15200,22611ceccd0b4d14703ccd4eaab3208ffc03d2c80d38655023b622e50d0466fe
0efff5d0deced7e352ce4860ab8fb6b9ddb221cc404c527e942621e340a15200,852a56bfaf803f454ce5e6380225fe1770c1e567bbb32cf335c99385c3930025
a3ff336e1be75a174bffc8733a6fbf456a40ebd001912f6fd453adf3edb5d108,da72bf5bbca4ca33b822955cfbbf9e5b84e4e0fa5e5e68cf9d30054109fac58b
e57a127ac92d555e7e4f38c9653cf6d35294743fe683402e196fc188c12e5ba4,85f1c8c8e324b6be99b13732edd1770eb0d200d15becbd659cc47ff5e060ac43
5de1cdacead60f2f7e4da6df3452430e5400e11f71f21965510c0c58bbf62eeb,852a56bfaf803f454ce5e6380225fe1770c1e567bbb32cf335c99385c3930025
5de1cdacead60f2f7e4da6df3452430e5400e11f71f21965510c0c58bbf62eeb,85f1c8c8e324b6be99b13732edd1770eb0d200d15becbd659cc47ff5e060ac43
5de1cdacead60f2f7e4da6df3452430e5400e11f71f21965510c0c58bbf62eeb,3bc3567a7fc6511a85072520dc1bdb95a732c4aee93a6533d53954f39124d7c9
908d12dbd97c28d7b4c71b9233babdd7947499f95a98f9fd1cfa5edccb428498,da72bf5bbca4ca33b822955cfbbf9e5b84e4e0fa5e5e68cf9d30054109fac58b
144bff0202b22c2f7c9d96bb5c57412feffd63f770c047a7210feeb0877df55a,da72bf5bbca4ca33b822955cfbbf9e5b84e4e0fa5e5e68cf9d30054109fac58b
144bff0202b22c2f7c9d96bb5c57412feffd63f770c047a7210feeb0877df55a,22611ceccd0b4d14703ccd4eaab3208ffc03d2c80d38655023b622e50d0466fe
1cd787ad1b1c8ee826d601be9627508623fc3cd815c9f5125e4a6b1f73516e1b,da72bf5bbca4ca33b822955cfbbf9e5b84e4e0fa5e5e68cf9d30054109fac58b
1cd787ad1b1c8ee826d601be9627508623fc3cd815c9f5125e4a6b1f73516e1b,35624b8800fae3fd49027ffc8d2a4e4bd697a0166c97ec564b5ea19b10b242dd
a7e3a869a7a17820901da730e4b69698c44ec92b7099103f43522ca9effe19d6,9ed9b84aa0a7d0ba2089f52a0d93c4633ab780b01a7aa627de0a4238f33712a0
a7e3a869a7a17820901da730e4b69698c44ec92b7099103f43522ca9effe19d6,da72bf5bbca4ca33b822955cfbbf9e5b84e4e0fa5e5e68cf9d30054109fac58b
1205488e5b6007022281788e329c46be094757d31c91078c01ef894d481c58a9,85f1c8c8e324b6be99b13732edd1770eb0d200d15becbd659cc47ff5e060ac43
0b0d6c298ebcbdba90d906f864daf476385483c087d5ad14d326bda0a46b5bc9,da72bf5bbca4ca33b822955cfbbf9e5b84e4e0fa5e5e68cf9d30054109fac58b
de1f9c15755b6fdf713b024085630e1ab5c696703ac558788bb5dd5f9e4b795f,da72bf5bbca4ca33b822955cfbbf9e5b84e4e0fa5e5e68cf9d30054109fac58b
de1f9c15755b6fdf713b024085630e1ab5c696703ac558788bb5dd5f9e4b795f,64cff1319d2fd2cbb7a1e84ccecf22c1cc07b24435cdb522f8c0aa525d6002a6
ebc9a5ddcb3620ee9c792053bbf8f1211b6ee96d0d6543be8069a20bcb48bfa6,3bc3567a7fc6511a85072520dc1bdb95a732c4aee93a6533d53954f39124d7c9
ebc9a5ddcb3620ee9c792053bbf8f1211b6ee96d0d6543be8069a20bcb48bfa6,da72bf5bbca4ca33b822955cfbbf9e5b84e4e0fa5e5e68cf9d30054109fac58b
ebc9a5ddcb3620ee9c792053bbf8f1211b6ee96d0d6543be8069a20bcb48bfa6,6eb00b4b2614a144d41ccdf709017a675953fae2df6cfd6b397bd9e4d8708461
ebc9a5ddcb3620ee9c792053bbf8f1211b6ee96d0d6543be8069a20bcb48bfa6,542855513e4f74d08a92352680c339d82e2ae347fb021a7128c7f4146c40d295
242cb47cc0fc072e42856a59159f56a1ee5e13c18ae7e776d727fac48b4ed848,da72bf5bbca4ca33b822955cfbbf9e5b84e4e0fa5e5e68cf9d30054109fac58b
8fdfe51d0089889ee3f99f848567b34d0eae6e48e52e2b8c980d727c00a9dd5d,43f1fc2390a440781ffc1359e14ecb8389bfaaf8319bbe09f291a3872ea49bb9
38b6c9b2efc59ffd0bac6202eb078600b835e93b0d101488261f2e80f13584a0,22611ceccd0b4d14703ccd4eaab3208ffc03d2c80d38655023b622e50d0466fe
38b6c9b2efc59ffd0bac6202eb078600b835e93b0d101488261f2e80f13584a0,64cff1319d2fd2cbb7a1e84ccecf22c1cc07b24435cdb522f8c0aa525d6002a6
38b6c9b2efc59ffd0bac6202eb078600b835e93b0d101488261f2e80f13584a0,da72bf5bbca4ca33b822955cfbbf9e5b84e4e0fa5e5e68cf9d30054109fac58b
6bd53ba8143486b37dd200252eb10a179ae726ad9590bb46c1d374762684ac1d,64cff1319d2fd2cbb7a1e84ccecf22c1cc07b24435cdb522f8c0aa525d6002a6
6bd53ba8143486b37dd200252eb10a179ae726ad9590bb46c1d374762684ac1d,35624b8800fae3fd49027ffc8d2a4e4bd697a0166c97ec564b5ea19b10b242dd
6bd53ba8143486b37dd200252eb10a179ae726ad9590bb46c1d374762684ac1d,271a22f75d73e13fa558d991442ecde8d75a34a0b9f6216d44b116f8612c82dc
5cff76d9e0c68d025857bcf49dd8941621137eb9047380d16e59b0dca43fcc34,da72bf5bbca4ca33b822955cfbbf9e5b84e4e0fa5e5e68cf9d30054109fac58b
5cff76d9e0c68d025857bcf49dd8941621137eb9047380d16e59b0dca43fcc34,85f1c8c8e324b6be99b13732edd1770eb0d200d15becbd659cc47ff5e060ac43
23567e730702dae3c9ff9e90ae1564f84b7df487e60fa1ae3818334341e1c4d1,542855513e4f74d08a92352680c339d82e2ae347fb021a7128c7f4146c40d295
23567e730702dae3c9ff9e90ae1564f84b7df487e60fa1ae3818334341e1c4d1,9ed9b84aa0a7d0ba2089f52a0d93c4633ab780b01a7aa627de0a4238f33712a0
23567e730702dae3c9ff9e90ae1564f84b7df487e60fa1ae3818334341e1c4d1,9360404e4f35ac209099b0fce8615971c8e89d2ab06348841d708bc3f20d28e3
7ba0c22895e3566ac85b1c4987d926be70f265621bdc185c0f7dbef5e75b2077,da72bf5bbca4ca33b822955cfbbf9e5b84e4e0fa5e5e68cf9d30054109fac58b
4ea27d30fb568104e9c38c2431867c148d06f4b19c2a39ade5b41c0ec1075890,da72bf5bbca4ca33b822955cfbbf9e5b84e4e0fa5e5e68cf9d30054109fac58b
4ea27d30fb568104e9c38c2431867c148d06f4b19c2a39ade5b41c0ec1075890,9360404e4f35ac209099b0fce8615971c8e89d2ab06348841d708bc3f20d28e3
5358bf4c01e48b8fb3b126df0b70007bc47459225c93a19ed862d6e095328c91,da72bf5bbca4ca33b822955cfbbf9e5b84e4e0fa5e5e68cf9d30054109fac58b
151d6964f24ddf9d78774499a3e323adaeb4fd5b6bfabc72ac9e3bd3726be58d,da72bf5bbca4ca33b822955cfbbf9e5b84e4e0fa5e5e68cf9d30054109fac58b
9c0d5e211e546c6a2aae0581b3531a46309f0c71f155f400844dc461a0df3a88,1dd10f244a62771bcca9df74a9bc7d13363df8d3cd69ee07f66c2b1666b256ff
9c0d5e211e546c6a2aae0581b3531a46309f0c71f155f400844dc461a0df3a88,64cff1319d2fd2cbb7a1e84ccecf22c1cc07b24435cdb522f8c0aa525d6002a6
9c0d5e211e546c6a2aae0581b3531a46309f0c71f155f400844dc461a0df3a88,22611ceccd0b4d14703ccd4eaab3208ffc03d2c80d38655023b622e50d0466fe
964a759719046f14dd6613f36c547cb7c2e0f7ce8ed98e5e1a0c7e4ee0d1c64a,35624b8800fae3fd49027ffc8d2a4e4bd697a0166c97ec564b5ea19b10b242dd
5af91edf17a69e1330ad9d13fdae227992d23d0bf07a39e1af864b1a3ff4ae78,da72bf5bbca4ca33b822955cfbbf9e5b84e4e0fa5e5e68cf9d30054109fac58b
3f98d3c2ac940387a700bc9b5f2ea688d2af48729b6f44f5838282779a55dc39,9ed9b84aa0a7d0ba2089f52a0d93c4633ab780b01a7aa627de0a4238f33712a0
3f98d3c2ac940387a700bc9b5f2ea688d2af48729b6f44f5838282779a55dc39,9360404e4f35ac209099b0fce8615971c8e89d2ab06348841d708bc3f20d28e3
3f98d3c2ac940387a700bc9b5f2ea688d2af48729b6f44f5838282779a55dc39,22611ceccd0b4d14703ccd4eaab3208ffc03d2c80d38655023b622e50d0466fe
c13d7b5cef4965125cd9b97fe6f4c3328c56d0dcdbbc771960ee457cb64b5ccc,85f1c8c8e324b6be99b13732edd1770eb0d200d15becbd659cc47ff5e060ac43
711e0f8d72d7e0370442942324079740899d6a4b0b8fd7bbae00612b64855efd,43f1fc2390a440781ffc1359e14ecb8389bfaaf8319bbe09f291a3872ea49bb9
6f21edc6dd461f48f2a624be50941f016ae6e13d5ce0d0910130ad29d459f014,da72bf5bbca4ca33b822955cfbbf9e5b84e4e0fa5e5e68cf9d30054109fac58b
6f21edc6dd461f48f2a624be50941f016ae6e13d5ce0d0910130ad29d459f014,6eb00b4b2614a144d41ccdf709017a675953fae2df6cfd6b397bd9e4d8708461
6f21edc6dd461f48f2a624be50941f016ae6e13d5ce0d0910130ad29d459f014,3bc3567a7fc6511a85072520dc1bdb95a732c4aee93a6533d53954f39124d7c9
a6e16c8294635fe09d5006bac5d6dc6e1b06464de3a4094415992b5fed298bf7,da72bf5bbca4ca33b822955cfbbf9e5b84e4e0fa5e5e68cf9d30054109fac58b
87853e55b16140b82149917a1d9b342d0ffb48e1a3e26a51318add7776a37cc6,6eb00b4b2614a144d41ccdf709017a675953fae2df6cfd6b397bd9e4d8708461
cce8275cb0866b713f47188313db9dd41db423a272063c7c85a62bbec1475a99,1dd10f244a62771bcca9df74a9bc7d13363df8d3cd69ee07f66c2b1666b256ff
cce8275cb0866b713f47188313db9dd41db423a272063c7c85a62bbec1475a99,43f1fc2390a440781ffc1359e14ecb8389bfaaf8319bbe09f291a3872ea49bb9
64cf3647bbce7044b8b5c68f8c0725fef784e950b658623da751ff52621e478d,43f1fc2390a440781ffc1359e14ecb8389bfaaf8319bbe09f291a3872ea49bb9
b2bd26d95967134ba8e5279bd55b174f2583600bf8c896f9ed37e3cf3e8b178b,22611ceccd0b4d14703ccd4eaab3208ffc03d2c80d38655023b622e50d0466fe
b2bd26d95967134ba8e5279bd55b174f2583600bf8c896f9ed37e3cf3e8b178b,852a56bfaf803f454ce5e6380225fe1770c1e567bbb32cf335c99385c3930025
36bf1162ad7e4bb6c9718f8980234ef6d93fe8d1fcc87b955ec8dd04d302e612,da72bf5bbca4ca33b822955cfbbf9e5b84e4e0fa5e5e68cf9d30054109fac58b
07d95cebb011e0f312d8e73662b1869184275619c620a70971a9dfa857aa91d9,85f1c8c8e324b6be99b13732edd1770eb0d200d15becbd659cc47ff5e060ac43
07d95cebb011e0f312d8e73662b1869184275619c620a70971a9dfa857aa91d9,22611ceccd0b4d14703ccd4eaab3208ffc03d2c80d38655023b622e50d0466fe
07d95cebb011e0f312d8e73662b1869184275619c620a70971a9dfa857aa91d9,542855513e4f74d08a92352680c339d82e2ae347fb021a7128c7f4146c40d295
0137dbbbaa955fa1c0772044de8a19c8d1dab97d2c3b15c1671667a25a1b7c35,43f1fc2390a440781ffc1359e14ecb8389bfaaf8319bbe09f291a3872ea49bb9
ffcdf8c1c03e632b7fef291252eacc4caf1dbfe9b105d63404bc3655a12ca1fc,43f1fc2390a440781ffc1359e14ecb8389bfaaf8319bbe09f291a3872ea49bb9
53984ff39fdb3c0c38cffe9f228e663750e2e27eb490885fea79c493812f051f,da72bf5bbca4ca33b822955cfbbf9e5b84e4e0fa5e5e68cf9d30054109fac58b
da1434a41ea5194f9c05a43c6be62158bc91a11fea75f07871c0a075bad6a0db,85f1c8c8e324b6be99b13732edd1770eb0d200d15becbd659cc47ff5e060ac43
da1434a41ea5194f9c05a43c6be62158bc91a11fea75f07871c0a075bad6a0db,da72bf5bbca4ca33b822955cfbbf9e5b84e4e0fa5e5e68cf9d30054109fac58b
150965650f92fc5c292e627c22e3aa476f51a2b41a9b8d838add8fbc3d6384dc,9360404e4f35ac209099b0fce8615971c8e89d2ab06348841d708bc3f20d28e3
150965650f92fc5c292e627c22e3aa476f51a2b41a9b8d838add8fbc3d6384dc,852a56bfaf803f454ce5e6380225fe1770c1e567bbb32cf335c99385c3930025
e280d4574875e89aafbb3f5cf92185f25bc287aa05846b9b5348abb5740fee7b,da72bf5bbca4ca33b822955cfbbf9e5b84e4e0fa5e5e68cf9d30054109fac58b
b5672269f39db388cb1a238d869fe4bbb10a646c6e168f7eebd8bb4b375f4fb4,542855513e4f74d08a92352680c339d82e2ae347fb021a7128c7f4146c40d295
b5672269f39db388cb1a238d869fe4bbb10a646c6e168f7eebd8bb4b375f4fb4,271a22f75d73e13fa558d991442ecde8d75a34a0b9f6216d44b116f8612c82dc
819444edabdabdcc4c8d47267a2db100646d9140651c29029558682cdb697b75,43f1fc2390a440781ffc1359e14ecb8389bfaaf8319bbe09f291a3872ea49bb9
93db2d3f8fb58a45c0eb27276407b3d6ad442e1a73bad25ffe75e16d9927f1ea,9ed9b84aa0a7d0ba2089f52a0d93c4633ab780b01a7aa627de0a4238f33712a0
93db2d3f8fb58a45c0eb27276407b3d6ad442e1a73bad25ffe75e16d9927f1ea,22611ceccd0b4d14703ccd4eaab3208ffc03d2c80d38655023b622e50d0466fe
93db2d3f8fb58a45c0eb27276407b3d6ad442e1a73bad25ffe75e16d9927f1ea,da72bf5bbca4ca33b822955cfbbf9e5b84e4e0fa5e5e68cf9d30054109fac58b
93db2d3f8fb58a45c0eb27276407b3d6ad442e1a73bad25ffe75e16d9927f1ea,852a56bfaf803f454ce5e6380225fe1770c1e567bbb32cf335c99385c3930025
bbf3b1b758dd64e023387ce7f02391345bdcbdb595e65805c09f5b2d5b26ebfb,43f1fc2390a440781ffc1359e14ecb8389bfaaf8319bbe09f291a3872ea49bb9
4dc0f8e2066554fe36cd8e8e347f41e342a25b111e3895109897841ec465fa6b,3bc3567a7fc6511a85072520dc1bdb95a732c4aee93a6533d53954f39124d7c9
4dc0f8e2066554fe36cd8e8e347f41e342a25b111e3895109897841ec465fa6b,85f1c8c8e324b6be99b13732edd1770eb0d200d15becbd659cc47ff5e060ac43
16346454b0206275ff931cd736b3d95fd1748cb1956d7f1fa26f60ee8a1f60f6,271a22f75d73e13fa558d991442ecde8d75a34a0b9f6216d44b116f8612c82dc
6b8128aa2b4eab7658f71d2a77a0331b367b8d51ccbc3cd25df71201d1e25d2d,bd2d677b2ed4381b48bb1d0841052c6d076e7d634d5052e85dcbe0b8a0dedd80
6b8128aa2b4eab7658f71d2a77a0331b367b8d51ccbc3cd25df71201d1e25d2d,9a3c16424750cbde029c47e059f219dc64d8943ac4073a1cc5bc9accd979fc17
6b8128aa2b4eab7658f71d2a77a0331b367b8d51ccbc3cd25df71201d1e25d2d,1dd10f244a62771bcca9df74a9bc7d13363df8d3cd69ee07f66c2b1666b256ff
6b8128aa2b4eab7658f71d2a77a0331b367b8d51ccbc3cd25df71201d1e25d2d,85f1c8c8e324b6be99b13732edd1770eb0d200d15becbd659cc47ff5e060ac43
6b8128aa2b4eab7658f71d2a77a0331b367b8d51ccbc3cd25df71201d1e25d2d,542855513e4f74d08a92352680c339d82e2ae347fb021a7128c7f4146c40d295
f6eb7f4bb8c8fc9a69d5ccfefd88c3b16a9d6993d7e7b82c225fa3e4f3147f35,43f1fc2390a440781ffc1359e14ecb8389bfaaf8319bbe09f291a3872ea49bb9
2bc87a867dd1a5c95ff84fc9f6cb45ee4dce91e2158b557cd2e6295b0b4c3ae7,85f1c8c8e324b6be99b13732edd1770eb0d200d15becbd659cc47ff5e060ac43
2bc87a867dd1a5c95ff84fc9f6cb45ee4dce91e2158b557cd2e6295b0b4c3ae7,bd2d677b2ed4381b48bb1d0841052c6d076e7d634d5052e85dcbe0b8a0dedd80
ed0aa2f4f7703cb2722e8fa93b236e3375f3c0a2f8c9d09b01c811337366c654,6eb00b4b2614a144d41ccdf709017a675953fae2df6cfd6b397bd9e4d8708461
ed0aa2f4f7703cb2722e8fa93b236e3375f3c0a2f8c9d09b01c811337366c654,43f1fc2390a440781ffc1359e14ecb8389bfaaf8319bbe09f291a3872ea49bb9
9a6615f77199b731841bc043f4cea5397eb684600e57124cdd278b65465a711e,271a22f75d73e13fa558d991442ecde8d75a34a0b9f6216d44b116f8612c82dc
9a6615f77199b731841bc043f4cea5397eb684600e57124cdd278b65465a711e,9360404e4f35ac209099b0fce8615971c8e89d2ab06348841d708bc3f20d28e3
95b24b7f5d3664feeb74daf192bf230263b04f2c7d1e9dd3570d3ca544b57167,22611ceccd0b4d14703ccd4eaab3208ffc03d2c80d38655023b622e50d0466fe
95b24b7f5d3664feeb74daf192bf230263b04f2c7d1e9dd3570d3ca544b57167,85f1c8c8e324b6be99b13732edd1770eb0d200d15becbd659cc47ff5e060ac43
acd83aa92b4f16fd187b39558c27c7a98ba9e79c1c6ed5dee9f9d8d15dcc76a8,1dd10f244a62771bcca9df74a9bc7d13363df8d3cd69ee07f66c2b1666b256ff
acd83aa92b4f16fd187b39558c27c7a98ba9e79c1c6ed5dee9f9d8d15dcc76a8,da72bf5bbca4ca33b822955cfbbf9e5b84e4e0fa5e5e68cf9d30054109fac58b
acd83aa92b4f16fd187b39558c27c7a98ba9e79c1c6ed5dee9f9d8d15dcc76a8,542855513e4f74d08a92352680c339d82e2ae347fb021a7128c7f4146c40d295
127493369bcbacc8648b79ccafb2928d12a1e56240d1c3cbe43e1e3a700e18e8,22611ceccd0b4d14703ccd4eaab3208ffc03d2c80d38655023b622e50d0466fe
127493369bcbacc8648b79ccafb2928d12a1e56240d1c3cbe43e1e3a700e18e8,9360404e4f35ac209099b0fce8615971c8e89d2ab06348841d708bc3f20d28e3
127493369bcbacc8648b79ccafb2928d12a1e56240d1c3cbe43e1e3a700e18e8,da72bf5bbca4ca33b822955cfbbf9e5b84e4e0fa5e5e68cf9d30054109fac58b
127493369bcbacc8648b79ccafb2928d12a1e56240d1c3cbe43e1e3a700e18e8,271a22f75d73e13fa558d991442ecde8d75a34a0b9f6216d44b116f8612c82dc
73f1893b83fc064c0fa8664d9fdb5a54eec405728ecd2633c8e429cf2e749926,43f1fc2390a440781ffc1359e14ecb8389bfaaf8319bbe09f291a3872ea49bb9
3ff2527fcd401813eaea03cbcbb00c409fe9f167795888b61d86cb4eda9515da,da72bf5bbca4ca33b822955cfbbf9e5b84e4e0fa5e5e68cf9d30054109fac58b
3d38d7b1f2f4a5c73b57c03fc9d530f962192cf2b361bdcc00c53a880156bfa5,da72bf5bbca4ca33b822955cfbbf9e5b84e4e0fa5e5e68cf9d30054109fac58b
dd231665e11b4a7d432b1c64f715bb408d4528b38364a29eebbca34897098ead,da72bf5bbca4ca33b822955cfbbf9e5b84e4e0fa5e5e68cf9d30054109fac58b
8279f80cb560058caabeb71c8bfebe313cb259b8f1f6715ac16fc3f385c392e3,da72bf5bbca4ca33b822955cfbbf9e5b84e4e0fa5e5e68cf9d30054109fac58b
351e97d586c3ecad0280721a738fdf9d439732c1d8301ade3f49c1eb7f7c8d27,da72bf5bbca4ca33b822955cfbbf9e5b84e4e0fa5e5e68cf9d30054109fac58b
5e8e11283c68fa14f1648ab880a25223e586403aa71dbef1c2d68c472c5085cb,85f1c8c8e324b6be99b13732edd1770eb0d200d15becbd659cc47ff5e060ac43
d1e789c2f49e291328e19189692b034695b11f0bbb782585c8666d30da52b9c3,9360404e4f35ac209099b0fce8615971c8e89d2ab06348841d708bc3f20d28e3
b47325c8f36d8c1b210225fb6b933198763e7fc7ea5fff870d4a7be7ebbc6bbe,85f1c8c8e324b6be99b13732edd1770eb0d200d15becbd659cc47ff5e060ac43
b47325c8f36d8c1b210225fb6b933198763e7fc7ea5fff870d4a7be7ebbc6bbe,35624b8800fae3fd49027ffc8d2a4e4bd697a0166c97ec564b5ea19b10b242dd
b47325c8f36d8c1b210225fb6b933198763e7fc7ea5fff870d4a7be7ebbc6bbe,da72bf5bbca4ca33b822955cfbbf9e5b84e4e0fa5e5e68cf9d30054109fac58b
b47325c8f36d8c1b210225fb6b933198763e7fc7ea5fff870d4a7be7ebbc6bbe,9ed9b84aa0a7d0ba2089f52a0d93c4633ab780b01a7aa627de0a4238f33712a0
8800d4b49446460bce4a05d68376f25345f23423a1768ad42fa45a223fbb381d,9360404e4f35ac209099b0fce8615971c8e89d2ab06348841d708bc3f20d28e3
8800d4b49446460bce4a05d68376f25345f23423a1768ad42fa45a223fbb381d,271a22f75d73e13fa558d991442ecde8d75a34a0b9f6216d44b116f8612c82dc
8800d4b49446460bce4a05d68376f25345f23423a1768ad42fa45a223fbb381d,da72bf5bbca4ca33b822955cfbbf9e5b84e4e0fa5e5e68cf9d30054109fac58b
612c3d9c4a5d774fff5a2240f2e4a5e2f964e20c6ababe53ea1fd828573e9084,6eb00b4b2614a144d41ccdf709017a675953fae2df6cfd6b397bd9e4d8708461
a92999422ab7d3195e25f2ae6b661dfdba6ddd01a98576198bba79b56d188ac2,da72bf5bbca4ca33b822955cfbbf9e5b84e4e0fa5e5e68cf9d30054109fac58b
4b656b6e3d3e7ee8cc9c57712bfdb65723a464948446f83bede21df3409cd12f,9360404e4f35ac209099b0fce8615971c8e89d2ab06348841d708bc3f20d28e3
27f3e14b2039ea9108189267ebdee4b571d443544c054cec7251a3d27d04d6e4,da72bf5bbca4ca33b822955cfbbf9e5b84e4e0fa5e5e68cf9d30054109fac58b
db70e178c11e8a3cadd83f39486e010bebdefac9f03c6f4d9d1ce8236c09518d,542855513e4f74d08a92352680c339d82e2ae347fb021a7128c7f4146c40d295
db70e178c11e8a3cadd83f39486e010bebdefac9f03c6f4d9d1ce8236c09518d,bd2d677b2ed4381b48bb1d0841052c6d076e7d634d5052e85dcbe0b8a0dedd80
db70e178c11e8a3cadd83f39486e010bebdefac9f03c6f4d9d1ce8236c09518d,9a3c16424750cbde029c47e059f219dc64d8943ac4073a1cc5bc9accd979fc17
db70e178c11e8a3cadd83f39486e010bebdefac9f03c6f4d9d1ce8236c09518d,64cff1319d2fd2cbb7a1e84ccecf22c1cc07b24435cdb522f8c0aa525d6002a6
db70e178c11e8a3cadd83f39486e010bebdefac9f03c6f4d9d1ce8236c09518d,85f1c8c8e324b6be99b13732edd1770eb0d200d15becbd659cc47ff5e060ac43
c099d9babfd08a066b426ca5400c7fd1ab2bd263c4829dbfafd0dc5f0783ea07,43f1fc2390a440781ffc1359e14ecb8389bfaaf8319bbe09f291a3872ea49bb9
2180bafba1e7f58438e48a581291e2f6065406a83103a5c2e36bdfc9cf68072f,da72bf5bbca4ca33b822955cfbbf9e5b84e4e0fa5e5e68cf9d30054109fac58b
ddf968a768fd32daa168e82a96b1da3cc6d85ea61f47c7f04f2e62e030d1c610,35624b8800fae3fd49027ffc8d2a4e4bd697a0166c97ec564b5ea19b10b242dd
ddf968a768fd32daa168e82a96b1da3cc6d85ea61f47c7f04f2e62e030d1c610,64cff1319d2fd2cbb7a1e84ccecf22c1cc07b24435cdb522f8c0aa525d6002a6
ddf968a768fd32daa168e82a96b1da3cc6d85ea61f47c7f04f2e62e030d1c610,da72bf5bbca4ca33b822955cfbbf9e5b84e4e0fa5e5e68cf9d30054109fac58b
ddf968a768fd32daa168e82a96b1da3cc6d85ea61f47c7f04f2e62e030d1c610,9360404e4f35ac209099b0fce8615971c8e89d2ab06348841d708bc3f20d28e3
59f1017c9fda82077b10f590bbe8499d5b9fb25e6b29ff93911aaef078b83ec2,da72bf5bbca4ca33b822955cfbbf9e5b84e4e0fa5e5e68cf9d30054109fac58b
b6cba585cfffaf53c965f59d95abf27d50fe78445a26b4be6498208fb46f2311,da72bf5bbca4ca33b822955cfbbf9e5b84e4e0fa5e5e68cf9d30054109fac58b
bb0e8ca6296df5ed3a1c379d01ec19f92f557293c638dac1ca067fe28d309df8,9ed9b84aa0a7d0ba2089f52a0d93c4633ab780b01a7aa627de0a4238f33712a0
bb0e8ca6296df5ed3a1c379d01ec19f92f557293c638dac1ca067fe28d309df8,9360404e4f35ac209099b0fce8615971c8e89d2ab06348841d708bc3f20d28e3
bb0e8ca6296df5ed3a1c379d01ec19f92f557293c638dac1ca067fe28d309df8,22611ceccd0b4d14703ccd4eaab3208ffc03d2c80d38655023b622e50d0466fe
e1564865adae8759bf9cdde6f524121fdf6e1169dd47079daadebfdc969b7408,43f1fc2390a440781ffc1359e14ecb8389bfaaf8319bbe09f291a3872ea49bb9
8d37ac90942425e0095c77d4b6041b6ab6440dede2a9b04f633872a7d5543e37,85f1c8c8e324b6be99b13732edd1770eb0d200d15becbd659cc47ff5e060ac43
b1b55fc3c119753a38636844cf06eda0016a915c65b56eb6a62699795dd5e05a,64cff1319d2fd2cbb7a1e84ccecf22c1cc07b24435cdb522f8c0aa525d6002a6
b1b55fc3c119753a38636844cf06eda0016a915c65b56eb6a62699795dd5e05a,35624b8800fae3fd49027ffc8d2a4e4bd697a0166c97ec564b5ea19b10b242dd
68f1259fe3ceb1c9f46c6fb4b728ad00f6a1b90c75975b6ac9571b20af0600ec,da72bf5bbca4ca33b822955cfbbf9e5b84e4e0fa5e5e68cf9d30054109fac58b
68f1259fe3ceb1c9f46c6fb4b728ad00f6a1b90c75975b6ac9571b20af0600ec,85f1c8c8e324b6be99b13732edd1770eb0d200d15becbd659cc47ff5e060ac43
2fc12a0b7ea619cec814effc3f06eaa14ed0ce5749245e990863b52f31cdd85d,43f1fc2390a440781ffc1359e14ecb8389bfaaf8319bbe09f291a3872ea49bb9
e9e69db60a943ff186018a01ce28aa819f1d685b1c1dcd319411115447b9bb23,be8816dbd8b8aa53557ba5f25f5295b1ce2cf829d42d9256024b0698e7654f0d
e9e69db60a943ff186018a01ce28aa819f1d685b1c1dcd319411115447b9bb23,da72bf5bbca4ca33b822955cfbbf9e5b84e4e0fa5e5e68cf9d30054109fac58b
e9e69db60a943ff186018a01ce28aa819f1d685b1c1dcd319411115447b9bb23,9360404e4f35ac209099b0fce8615971c8e89d2ab06348841d708bc3f20d28e3
1cd4c1e61a0f1c02ed0421ef47f566b577905f71d63aac8686efd78b60425e9d,271a22f75d73e13fa558d991442ecde8d75a34a0b9f6216d44b116f8612c82dc
98a2abd251d0148856deb746214283a58bf274aafd7895bb51cdde94586d1e8e,43f1fc2390a440781ffc1359e14ecb8389bfaaf8319bbe09f291a3872ea49bb9
2ed777c54c8d3c51ba7b936115ef95d7287eee31346e65f39c1b46295733b80c,271a22f75d73e13fa558d991442ecde8d75a34a0b9f6216d44b116f8612c82dc
2ed777c54c8d3c51ba7b936115ef95d7287eee31346e65f39c1b46295733b80c,9360404e4f35ac209099b0fce8615971c8e89d2ab06348841d708bc3f20d28e3
26adef694c4736339fd2a80be1a8e6f63166433376d7f694efba9af48379725b,0e769600933790607b2a13b33ddfade0fa17810eb62c3b28ee23e59516516491
26adef694c4736339fd2a80be1a8e6f63166433376d7f694efba9af48379725b,1dd10f244a62771bcca9df74a9bc7d13363df8d3cd69ee07f66c2b1666b256ff
ebd0afd8c1ebd14adaec2c00e21592e2c6dd69c82b9c9666f50db597e2963b81,85f1c8c8e324b6be99b13732edd1770eb0d200d15becbd659cc47ff5e060ac43
ebd0afd8c1ebd14adaec2c00e21592e2c6dd69c82b9c9666f50db597e2963b81,bd2d677b2ed4381b48bb1d0841052c6d076e7d634d5052e85dcbe0b8a0dedd80
ebd0afd8c1ebd14adaec2c00e21592e2c6dd69c82b9c9666f50db597e2963b81,3bc3567a7fc6511a85072520dc1bdb95a732c4aee93a6533d53954f39124d7c9
1dda9b1b17e84344ad438902d557004c64932f9ddfd64fcf4e55261643394fe7,da72bf5bbca4ca33b822955cfbbf9e5b84e4e0fa5e5e68cf9d30054109fac58b
1dda9b1b17e84344ad438902d557004c64932f9ddfd64fcf4e55261643394fe7,bd2d677b2ed4381b48bb1d0841052c6d076e7d634d5052e85dcbe0b8a0dedd80
3431243f59c246d73829d4a3eadc513359dd295b108af7e657deaab4916ca1e9,43f1fc2390a440781ffc1359e14ecb8389bfaaf8319bbe09f291a3872ea49bb9
0cab76ec1487e6304fd00ec83786b3c4b81073fcb361e27991fcadcd0b276de9,1dd10f244a62771bcca9df74a9bc7d13363df8d3cd69ee07f66c2b1666b256ff
0cab76ec1487e6304fd00ec83786b3c4b81073fcb361e27991fcadcd0b276de9,bd2d677b2ed4381b48bb1d0841052c6d076e7d634d5052e85dcbe0b8a0dedd80
9552763ca62b5ad6501472e828ce305f0275e006d83de5a0bb0ffb155019033d,43f1fc2390a440781ffc1359e14ecb8389bfaaf8319bbe09f291a3872ea49bb9
7154fe5d3048443c199f403f0788eb8c91d2f5b314fc39017a1df4aea48bd025,271a22f75d73e13fa558d991442ecde8d75a34a0b9f6216d44b116f8612c82dc
7154fe5d3048443c199f403f0788eb8c91d2f5b314fc39017a1df4aea48bd025,85f1c8c8e324b6be99b13732edd1770eb0d200d15becbd659cc47ff5e060ac43
36c928b78bfc079b207d3c6a8ae485b405a170dc5a0c8b4431f3276c9b75546a,da72bf5bbca4ca33b822955cfbbf9e5b84e4e0fa5e5e68cf9d30054109fac58b
36c928b78bfc079b207d3c6a8ae485b405a170dc5a0c8b4431f3276c9b75546a,85f1c8c8e324b6be99b13732edd1770eb0d200d15becbd659cc47ff5e060ac43
aa2f98000e25897c285356aca0d6c073f8f269fe981ef1d455f01ab9cf14f253,da72bf5bbca4ca33b822955cfbbf9e5b84e4e0fa5e5e68cf9d30054109fac58b
aa2f98000e25897c285356aca0d6c073f8f269fe981ef1d455f01ab9cf14f253,85f1c8c8e324b6be99b13732edd1770eb0d200d15becbd659cc47ff5e060ac43
7f7c8ff1d9b2e67be04921e3120803def8eaa61bfa0963e9e4b2ac274148e06a,da72bf5bbca4ca33b822955cfbbf9e5b84e4e0fa5e5e68cf9d30054109fac58b
7f7c8ff1d9b2e67be04921e3120803def8eaa61bfa0963e9e4b2ac274148e06a,22611ceccd0b4d14703ccd4eaab3208ffc03d2c80d38655023b622e50d0466fe
0f8d9b7cc9c95e63ec7d58477e49505631f1693a46e9f2d806a6840c30e7eca4,0e769600933790607b2a13b33ddfade0fa17810eb62c3b28ee23e59516516491
0f8d9b7cc9c95e63ec7d58477e49505631f1693a46e9f2d806a6840c30e7eca4,da72bf5bbca4ca33b822955cfbbf9e5b84e4e0fa5e5e68cf9d30054109fac58b
2665bb7de609d3d26a8c02c1e154930047a96216852b7903749837c7f985949e,1dd10f244a62771bcca9df74a9bc7d13363df8d3cd69ee07f66c2b1666b256ff
2665bb7de609d3d26a8c02c1e154930047a96216852b7903749837c7f985949e,bd2d677b2ed4381b48bb1d0841052c6d076e7d634d5052e85dcbe0b8a0dedd80
2665bb7de609d3d26a8c02c1e154930047a96216852b7903749837c7f985949e,9a3c16424750cbde029c47e059f219dc64d8943ac4073a1cc5bc9accd979fc17
eb0ceb39ff28dd6f054a40de7fe2b11f50f07ea6bc89ffedcf710d1c1537c446,da72bf5bbca4ca33b822955cfbbf9e5b84e4e0fa5e5e68cf9d30054109fac58b
eb0ceb39ff28dd6f054a40de7fe2b11f50f07ea6bc89ffedcf710d1c1537c446,85f1c8c8e324b6be99b13732edd1770eb0d200d15becbd659cc47ff5e060ac43
96eed61edc0e70d968e54ef40b02ce2ade789975362f7eb88c3439018d89964a,542855513e4f74d08a92352680c339d82e2ae347fb021a7128c7f4146c40d295
5ee0a7eb096487e66cd4296c1f77acc63ed5668b9232593c858ade015effc81e,da72bf5bbca4ca33b822955cfbbf9e5b84e4e0fa5e5e68cf9d30054109fac58b
5ee0a7eb096487e66cd4296c1f77acc63ed5668b9232593c858ade015effc81e,3bc3567a7fc6511a85072520dc1bdb95a732c4aee93a6533d53954f39124d7c9
32ee3ded7b76f99792353d9f1b61ae9cd7139bde8b36a82d2bac192e33b68a05,64cff1319d2fd2cbb7a1e84ccecf22c1cc07b24435cdb522f8c0aa525d6002a6
32ee3ded7b76f99792353d9f1b61ae9cd7139bde8b36a82d2bac192e33b68a05,9360404e4f35ac209099b0fce8615971c8e89d2ab06348841d708bc3f20d28e3
32ee3ded7b76f99792353d9f1b61ae9cd7139bde8b36a82d2bac192e33b68a05,9ed9b84aa0a7d0ba2089f52a0d93c4633ab780b01a7aa627de0a4238f33712a0
f5bd34383e0cfee33ec387a24e07fa9c6e4560beabb27e5737023b1ab6d31621,43f1fc2390a440781ffc1359e14ecb8389bfaaf8319bbe09f291a3872ea49bb9
abe221cf79611fbb112a4bb3918c10760c8efdef8be83b6ed0a3c96d0db6df19,271a22f75d73e13fa558d991442ecde8d75a34a0b9f6216d44b116f8612c82dc
7420fa4167a4c0eca919c8eb0846f4e26e967933ee0ee56827ce498a42ed15ea,85f1c8c8e324b6be99b13732edd1770eb0d200d15becbd659cc47ff5e060ac43
f60d76b8e83875e6d351093d6621e41e8ffe81347a838051bbb97ee06af256aa,43f1fc2390a440781ffc1359e14ecb8389bfaaf8319bbe09f291a3872ea49bb9
2b2eb07b1c941ba05743f9d7557c529d18ec5fcafd5e696bac8f19da1f206c8e,43f1fc2390a440781ffc1359e14ecb8389bfaaf8319bbe09f291a3872ea49bb9
2b2eb07b1c941ba05743f9d7557c529d18ec5fcafd5e696bac8f19da1f206c8e,da72bf5bbca4ca33b822955cfbbf9e5b84e4e0fa5e5e68cf9d30054109fac58b
ab26376687bd4e00a9c50e14f0c6324ecc9025a88fa4f5d1ddf0dea41a485005,da72bf5bbca4ca33b822955cfbbf9e5b84e4e0fa5e5e68cf9d30054109fac58b
ab26376687bd4e00a9c50e14f0c6324ecc9025a88fa4f5d1ddf0dea41a485005,85f1c8c8e324b6be99b13732edd1770eb0d200d15becbd659cc47ff5e060ac43
ab26376687bd4e00a9c50e14f0c6324ecc9025a88fa4f5d1ddf0dea41a485005,542855513e4f74d08a92352680c339d82e2ae347fb021a7128c7f4146c40d295
ab26376687bd4e00a9c50e14f0c6324ecc9025a88fa4f5d1ddf0dea41a485005,271a22f75d73e13fa558d991442ecde8d75a34a0b9f6216d44b116f8612c82dc
faf3d67a116b99360d0a6fec134a5f16731ee9d200a3dab506b41043c478d5be,da72bf5bbca4ca33b822955cfbbf9e5b84e4e0fa5e5e68cf9d30054109fac58b
faf3d67a116b99360d0a6fec134a5f16731ee9d200a3dab506b41043c478d5be,1dd10f244a62771bcca9df74a9bc7d13363df8d3cd69ee07f66c2b1666b256ff
07f0afe4dec0b90e5cbd24064c06959a1770ed28b8a25661e4eda074bf061c08,85f1c8c8e324b6be99b13732edd1770eb0d200d15becbd659cc47ff5e060ac43
07f0afe4dec0b90e5cbd24064c06959a1770ed28b8a25661e4eda074bf061c08,bd2d677b2ed4381b48bb1d0841052c6d076e7d634d5052e85dcbe0b8a0dedd80
b37bda70795a5b901a00d298b7be735a1cdd34e47145434dc34c78b518507102,85f1c8c8e324b6be99b13732edd1770eb0d200d15becbd659cc47ff5e060ac43
f4b934051c775095a33920f878bcebf8c74efaf4c0a5e3309e3e0f5e94ea3115,85f1c8c8e324b6be99b13732edd1770eb0d200d15becbd659cc47ff5e060ac43
487ad379bfcb48c7be1aa5f37e1ca5ae85a2e117ea7b8e1528efc4e9404c258e,3bc3567a7fc6511a85072520dc1bdb95a732c4aee93a6533d53954f39124d7c9
487ad379bfcb48c7be1aa5f37e1ca5ae85a2e117ea7b8e1528efc4e9404c258e,da72bf5bbca4ca33b822955cfbbf9e5b84e4e0fa5e5e68cf9d30054109fac58b
14ec5c32df0b4c6ec69a484c8672404b15ec4565a05140a5f4f83a512277051a,da72bf5bbca4ca33b822955cfbbf9e5b84e4e0fa5e5e68cf9d30054109fac58b
14ec5c32df0b4c6ec69a484c8672404b15ec4565a05140a5f4f83a512277051a,85f1c8c8e324b6be99b13732edd1770eb0d200d15becbd659cc47ff5e060ac43
c3dd00b80929385447d32f4a2c6baf953c876b6a4ecc99d94ee469813d025104,35624b8800fae3fd49027ffc8d2a4e4bd697a0166c97ec564b5ea19b10b242dd
a271c02487b4ba8a2e6e269cae2daf8cf67323d676d56429495fa55a65423962,43f1fc2390a440781ffc1359e14ecb8389bfaaf8319bbe09f291a3872ea49bb9
a271c02487b4ba8a2e6e269cae2daf8cf67323d676d56429495fa55a65423962,0e769600933790607b2a13b33ddfade0fa17810eb62c3b28ee23e59516516491
30e9c9e0ec2e34a23e24d5c620ddf2acc9ff91e78b811221917380fa66912f6b,da72bf5bbca4ca33b822955cfbbf9e5b84e4e0fa5e5e68cf9d30054109fac58b
912c674d998f0f134dd58c6df7d096bdeee118c53affaa36f7ddc3ca1bbd63b7,da72bf5bbca4ca33b822955cfbbf9e5b84e4e0fa5e5e68cf9d30054109fac58b
912c674d998f0f134dd58c6df7d096bdeee118c53affaa36f7ddc3ca1bbd63b7,9360404e4f35ac209099b0fce8615971c8e89d2ab06348841d708bc3f20d28e3
c7a0f644c270d37906a059c7ffaaec2ce0c249e9b242a3b717c5cc99803b267f,da72bf5bbca4ca33b822955cfbbf9e5b84e4e0fa5e5e68cf9d30054109fac58b
c7a0f644c270d37906a059c7ffaaec2ce0c249e9b242a3b717c5cc99803b267f,bd2d677b2ed4381b48bb1d0841052c6d076e7d634d5052e85dcbe0b8a0dedd80
c7a0f644c270d37906a059c7ffaaec2ce0c249e9b242a3b717c5cc99803b267f,0e769600933790607b2a13b33ddfade0fa17810eb62c3b28ee23e59516516491
c7a0f644c270d37906a059c7ffaaec2ce0c249e9b242a3b717c5cc99803b267f,6eb00b4b2614a144d41ccdf709017a675953fae2df6cfd6b397bd9e4d8708461
0d196588f214b2e44bca99c764f19017ec1489ecdf19894591c0bb0121e1b598,9360404e4f35ac209099b0fce8615971c8e89d2ab06348841d708bc3f20d28e3
a58de93a2659a8b578aa34b1fe9240378b304e3ed6ed17bbeb9ecd308cf54c9e,85f1c8c8e324b6be99b13732edd1770eb0d200d15becbd659cc47ff5e060ac43
a58de93a2659a8b578aa34b1fe9240378b304e3ed6ed17bbeb9ecd308cf54c9e,da72bf5bbca4ca33b822955cfbbf9e5b84e4e0fa5e5e68cf9d30054109fac58b
e3d8e5dbd542c8b039986e53028bee97e259705533a7de6f107b48c090b11055,85f1c8c8e324b6be99b13732edd1770eb0d200d15becbd659cc47ff5e060ac43
ad062325689af4d6a2a7b41031643a0515eb5baadfea5c49f19cb148463c7e40,85f1c8c8e324b6be99b13732edd1770eb0d200d15becbd659cc47ff5e060ac43
ad062325689af4d6a2a7b41031643a0515eb5baadfea5c49f19cb148463c7e40,3bc3567a7fc6511a85072520dc1bdb95a732c4aee93a6533d53954f39124d7c9
4ab770fc9b88de049dfc16ffd4e290e8a78a602db36b1a64d95e188ed8dbfcef,271a22f75d73e13fa558d991442ecde8d75a34a0b9f6216d44b116f8612c82dc
c4f85c39f46538daa1c2373730aa65f3d7ce6036c3642e7b789c8588553e1ca9,85f1c8c8e324b6be99b13732edd1770eb0d200d15becbd659cc47ff5e060ac43
c4f85c39f46538daa1c2373730aa65f3d7ce6036c3642e7b789c8588553e1ca9,bd2d677b2ed4381b48bb1d0841052c6d076e7d634d5052e85dcbe0b8a0dedd80
c4f85c39f46538daa1c2373730aa65f3d7ce6036c3642e7b789c8588553e1ca9,852a56bfaf803f454ce5e6380225fe1770c1e567bbb32cf335c99385c3930025
90867e01f48163e92e3b73406dfc6ed00fd9cc24c46a479a5e9cb015b31003c3,85f1c8c8e324b6be99b13732edd1770eb0d200d15becbd659cc47ff5e060ac43
ad5e56062a69465d1b25bed21c398de426ac03edb9dfadca02fbc1f6ac1c18cb,da72bf5bbca4ca33b822955cfbbf9e5b84e4e0fa5e5e68cf9d30054109fac58b
881d85f0ff5dcaf964e34c02b92bd2ffb307031e1e1018117dd1695f7872f1ee,9360404e4f35ac209099b0fce8615971c8e89d2ab06348841d708bc3f20d28e3
881d85f0ff5dcaf964e34c02b92bd2ffb307031e1e1018117dd1695f7872f1ee,852a56bfaf803f454ce5e6380225fe1770c1e567bbb32cf335c99385c3930025
6f28ea4b4f96f1b7eb1be2c7fc8ce984824f7df341514fd7dafbfc5b1fc29f31,43f1fc2390a440781ffc1359e14ecb8389bfaaf8319bbe09f291a3872ea49bb9
bc61540720f094b4e9123d9afdc6a11cb8c40209d2df48617b2861b91abd661b,22611ceccd0b4d14703ccd4eaab3208ffc03d2c80d38655023b622e50d0466fe
bc61540720f094b4e9123d9afdc6a11cb8c40209d2df48617b2861b91abd661b,9360404e4f35ac209099b0fce8615971c8e89d2ab06348841d708bc3f20d28e3
36a5a028652dfd98a6c3bf3e4e6191316d11e744410e935bbc9b59741f83ae91,64cff1319d2fd2cbb7a1e84ccecf22c1cc07b24435cdb522f8c0aa525d6002a6
36a5a028652dfd98a6c3bf3e4e6191316d11e744410e935bbc9b59741f83ae91,9a3c16424750cbde029c47e059f219dc64d8943ac4073a1cc5bc9accd979fc17
c969dd60d7d03c1af9722e300889fa6a7a8efe99581c5e2fe535808ab050884f,43f1fc2390a440781ffc1359e14ecb8389bfaaf8319bbe09f291a3872ea49bb9
c969dd60d7d03c1af9722e300889fa6a7a8efe99581c5e2fe535808ab050884f,0e769600933790607b2a13b33ddfade0fa17810eb62c3b28ee23e59516516491
5cb2b505dd6fc3d7210ff5f190d17708536730173a8ece3aa849b0be6dea40a4,64cff1319d2fd2cbb7a1e84ccecf22c1cc07b24435cdb522f8c0aa525d6002a6
5cb2b505dd6fc3d7210ff5f190d17708536730173a8ece3aa849b0be6dea40a4,9a3c16424750cbde029c47e059f219dc64d8943ac4073a1cc5bc9accd979fc17
5cb2b505dd6fc3d7210ff5f190d17708536730173a8ece3aa849b0be6dea40a4,35624b8800fae3fd49027ffc8d2a4e4bd697a0166c97ec564b5ea19b10b242dd
a2cddc48fc8d3199565660c1dc4c73eaac993fc77b2bf804ddc9e179db8966af,43f1fc2390a440781ffc1359e14ecb8389bfaaf8319bbe09f291a3872ea49bb9
1e29d15f24c8ef6fd854be40b4833907d240be5e412590948d8b91b3a7bb489c,3bc3567a7fc6511a85072520dc1bdb95a732c4aee93a6533d53954f39124d7c9
1e29d15f24c8ef6fd854be40b4833907d240be5e412590948d8b91b3a7bb489c,da72bf5bbca4ca33b822955cfbbf9e5b84e4e0fa5e5e68cf9d30054109fac58b
1e29d15f24c8ef6fd854be40b4833907d240be5e412590948d8b91b3a7bb489c,85f1c8c8e324b6be99b13732edd1770eb0d200d15becbd659cc47ff5e060ac43
a9042d81b5a132b7500431cf6e342ef73a09c786bb43189c07974f1266e60f35,85f1c8c8e324b6be99b13732edd1770eb0d200d15becbd659cc47ff5e060ac43
a9042d81b5a132b7500431cf6e342ef73a09c786bb43189c07974f1266e60f35,3bc3567a7fc6511a85072520dc1bdb95a732c4aee93a6533d53954f39124d7c9
9268f15781bd79fa171a6488c26394715f02f69abf63a7bec9e4f0802a6ee9e1,3bc3567a7fc6511a85072520dc1bdb95a732c4aee93a6533d53954f39124d7c9
9268f15781bd79fa171a6488c26394715f02f69abf63a7bec9e4f0802a6ee9e1,852a56bfaf803f454ce5e6380225fe1770c1e567bbb32cf335c99385c3930025
5213e71489b4194ea1c94e22e807295e6ad888fac4dfe08862fd8b39eba93cf6,6eb00b4b2614a144d41ccdf709017a675953fae2df6cfd6b397bd9e4d8708461
af16918a30e12e938971e1de573c98af6a6acdf76696b35f03e19a42705dc158,271a22f75d73e13fa558d991442ecde8d75a34a0b9f6216d44b116f8612c82dc
af16918a30e12e938971e1de573c98af6a6acdf76696b35f03e19a42705dc158,9360404e4f35ac209099b0fce8615971c8e89d2ab06348841d708bc3f20d28e3
68b0421d0ae477cfda6e36a625668728637dc014e70f5dae099d8ec0583bdef9,3bc3567a7fc6511a85072520dc1bdb95a732c4aee93a6533d53954f39124d7c9
2f8845917995fe79de11264f9e389d5cf5236830a6b80cf88da53498a93c208d,43f1fc2390a440781ffc1359e14ecb8389bfaaf8319bbe09f291a3872ea49bb9
8363dc80642f95b8d71268c5fc75296d4cdd3b7f358aca1d5f6860734f59129a,da72bf5bbca4ca33b822955cfbbf9e5b84e4e0fa5e5e68cf9d30054109fac58b
5c2d8b159748c2d7e14e598d2aeeafa97ac7bf74681ff47bc0165c9b88cc5bba,da72bf5bbca4ca33b822955cfbbf9e5b84e4e0fa5e5e68cf9d30054109fac58b
903faaa6087748a01cd738fe2c0c7d4453e1232e10a0f6d01ecf4d6a33728a88,da72bf5bbca4ca33b822955cfbbf9e5b84e4e0fa5e5e68cf9d30054109fac58b
10631c73d2539600daa2268da5efeb4a321ebe13baa14fe475ec7226314a150a,da72bf5bbca4ca33b822955cfbbf9e5b84e4e0fa5e5e68cf9d30054109fac58b
26048c83e90c6dc4c1a36e5d9b2e1e56d201cbcfb28973871a5652f1ed9c8e89,3bc3567a7fc6511a85072520dc1bdb95a732c4aee93a6533d53954f39124d7c9
26048c83e90c6dc4c1a36e5d9b2e1e56d201cbcfb28973871a5652f1ed9c8e89,da72bf5bbca4ca33b822955cfbbf9e5b84e4e0fa5e5e68cf9d30054109fac58b
cb596f55198fbefae3e6f6b72c4f460723be4c0a7fc44d2dc988411847baaee9,43f1fc2390a440781ffc1359e14ecb8389bfaaf8319bbe09f291a3872ea49bb9
92162831c907c84165e0b0101d92158ba208c3ab3f89e3408d4b1a72bba043a0,43f1fc2390a440781ffc1359e14ecb8389bfaaf8319bbe09f291a3872ea49bb9
2d3be6d71336eb590d174b7e2526c96908113c85b1eca351a33b8710e7c53ce5,da72bf5bbca4ca33b822955cfbbf9e5b84e4e0fa5e5e68cf9d30054109fac58b
0708254af0bc352e7a7fb8737e2a9a9eccc9906d08b07f554087f5b641988648,271a22f75d73e13fa558d991442ecde8d75a34a0b9f6216d44b116f8612c82dc
8bd739b057ef220b8be238cd7a4e1c14a4c59d4ee4d0003a0e71da2228df7e6c,43f1fc2390a440781ffc1359e14ecb8389bfaaf8319bbe09f291a3872ea49bb9
1b3ef259b646862e462d909ec0b233101ef64c98a2cfea711fee1be10ab95215,9360404e4f35ac209099b0fce8615971c8e89d2ab06348841d708bc3f20d28e3
520be131d1695695c6fbd9a1841432c81908dc92ffee9035fe08964508daa98a,43f1fc2390a440781ffc1359e14ecb8389bfaaf8319bbe09f291a3872ea49bb9
297e41e4239b9468bc1d352c77507721fa07cfc0c5b9d2e5e4c805e775104898,43f1fc2390a440781ffc1359e14ecb8389bfaaf8319bbe09f291a3872ea49bb9
054b1d1808c1398cfeed8c35015f20845b9779fbf243720150ddd74298adaacf,85f1c8c8e324b6be99b13732edd1770eb0d200d15becbd659cc47ff5e060ac43
0a63368ed63ea1968b554bc4096c348195766ecd9135c66b939f92cbcc6a7114,9360404e4f35ac209099b0fce8615971c8e89d2ab06348841d708bc3f20d28e3
0a63368ed63ea1968b554bc4096c348195766ecd9135c66b939f92cbcc6a7114,271a22f75d73e13fa558d991442ecde8d75a34a0b9f6216d44b116f8612c82dc
da03dbe250a3cdc4b14112866488bd51ae09e296fe49d89bc3ef526288cccfd1,3bc3567a7fc6511a85072520dc1bdb95a732c4aee93a6533d53954f39124d7c9
f0c7e40a229a48f6ef5f149b802ec95d0484e50ea543cec194eef33fc039b945,271a22f75d73e13fa558d991442ecde8d75a34a0b9f6216d44b116f8612c82dc
cdf763c072d752b02dd2143b410fbbc1e9fb0d1d1dae5c065874b5067d5cab42,85f1c8c8e324b6be99b13732edd1770eb0d200d15becbd659cc47ff5e060ac43
cdf763c072d752b02dd2143b410fbbc1e9fb0d1d1dae5c065874b5067d5cab42,da72bf5bbca4ca33b822955cfbbf9e5b84e4e0fa5e5e68cf9d30054109fac58b
92c3f196942bc422801b82b55714bd8d717cdeafb31d8483ebbe8ba10c0fbc83,1dd10f244a62771bcca9df74a9bc7d13363df8d3cd69ee07f66c2b1666b256ff
7b21be7b344e9c6938e5dd90b731a9cacf968fc5e27ae1dee3b4fa8aa92e9ff1,be8816dbd8b8aa53557ba5f25f5295b1ce2cf829d42d9256024b0698e7654f0d
60eb285458cad473637552daa1f49f9a642bc7a36ea032e067f8d37b6a67bf7f,271a22f75d73e13fa558d991442ecde8d75a34a0b9f6216d44b116f8612c82dc
4acbe5bb5d0ca83afe2dbb5fe5ebdbbd55043198b765a18ab2d5616f22509fc9,bd2d677b2ed4381b48bb1d0841052c6d076e7d634d5052e85dcbe0b8a0dedd80
4acbe5bb5d0ca83afe2dbb5fe5ebdbbd55043198b765a18ab2d5616f22509fc9,9a3c16424750cbde029c47e059f219dc64d8943ac4073a1cc5bc9accd979fc17
4acbe5bb5d0ca83afe2dbb5fe5ebdbbd55043198b765a18ab2d5616f22509fc9,85f1c8c8e324b6be99b13732edd1770eb0d200d15becbd659cc47ff5e060ac43
60025dd72d0cdec659cd6c0919721e8d03943ec53d4c0953d4b0bcf567b2cd9f,3bc3567a7fc6511a85072520dc1bdb95a732c4aee93a6533d53954f39124d7c9
60025dd72d0cdec659cd6c0919721e8d03943ec53d4c0953d4b0bcf567b2cd9f,852a56bfaf803f454ce5e6380225fe1770c1e567bbb32cf335c99385c3930025
60025dd72d0cdec659cd6c0919721e8d03943ec53d4c0953d4b0bcf567b2cd9f,85f1c8c8e324b6be99b13732edd1770eb0d200d15becbd659cc47ff5e060ac43
a3602b6a4be4c1baebeed47b8462330b0a446a44a11fc553330ce51d280a8c8e,da72bf5bbca4ca33b822955cfbbf9e5b84e4e0fa5e5e68cf9d30054109fac58b
a3602b6a4be4c1baebeed47b8462330b0a446a44a11fc553330ce51d280a8c8e,6eb00b4b2614a144d41ccdf709017a675953fae2df6cfd6b397bd9e4d8708461
a3602b6a4be4c1baebeed47b8462330b0a446a44a11fc553330ce51d280a8c8e,3bc3567a7fc6511a85072520dc1bdb95a732c4aee93a6533d53954f39124d7c9
effe9cafcefac490f0f1417c78033fb880db400ad4e8cbf4673ee9a8ecb000e1,da72bf5bbca4ca33b822955cfbbf9e5b84e4e0fa5e5e68cf9d30054109fac58b
effe9cafcefac490f0f1417c78033fb880db400ad4e8cbf4673ee9a8ecb000e1,3bc3567a7fc6511a85072520dc1bdb95a732c4aee93a6533d53954f39124d7c9
ae5ea8ae0d8524a154a9a8320506e1feecb9b4610792bc46aa156aa3c0a2648b,da72bf5bbca4ca33b822955cfbbf9e5b84e4e0fa5e5e68cf9d30054109fac58b
ae5ea8ae0d8524a154a9a8320506e1feecb9b4610792bc46aa156aa3c0a2648b,9360404e4f35ac209099b0fce8615971c8e89d2ab06348841d708bc3f20d28e3
bca22b15426cc4673592fa05f6b4a4dd10db998ca56dff17a165de99087390f3,271a22f75d73e13fa558d991442ecde8d75a34a0b9f6216d44b116f8612c82dc
e9e01b992a18055065b08d36a90a08f5f605b0f5c643372a60b8e93ccaa5d94b,da72bf5bbca4ca33b822955cfbbf9e5b84e4e0fa5e5e68cf9d30054109fac58b
e9e01b992a18055065b08d36a90a08f5f605b0f5c643372a60b8e93ccaa5d94b,9360404e4f35ac209099b0fce8615971c8e89d2ab06348841d708bc3f20d28e3
ecc3d39a47f25a8b1df0c1e12dbf3e4720b844118a751b3576705448f62d8afd,22611ceccd0b4d14703ccd4eaab3208ffc03d2c80d38655023b622e50d0466fe
ecc3d39a47f25a8b1df0c1e12dbf3e4720b844118a751b3576705448f62d8afd,271a22f75d73e13fa558d991442ecde8d75a34a0b9f6216d44b116f8612c82dc
7d876bdabae380f9d0b61a75035e9363763f0e132dcdaf0e2c6ccb0ccc1b9d18,43f1fc2390a440781ffc1359e14ecb8389bfaaf8319bbe09f291a3872ea49bb9
019d906c8457e835665110ab30619443eb5857a511cf823a15236172b312a6ea,43f1fc2390a440781ffc1359e14ecb8389bfaaf8319bbe09f291a3872ea49bb9
84b30654c2ff7555779b3891463c442e090d7777e75f7bedae3236d46244a899,43f1fc2390a440781ffc1359e14ecb8389bfaaf8319bbe09f291a3872ea49bb9
12a5ddf2a74876b3bfd4f069df46ce1a1ed74ab297c15d0ef76cd15a5d03eaf0,43f1fc2390a440781ffc1359e14ecb8389bfaaf8319bbe09f291a3872ea49bb9
366d19ee4205caf629b07ef5cad3d8a9f84f2572bb5fe268ed9b7ac1f7b88a67,43f1fc2390a440781ffc1359e14ecb8389bfaaf8319bbe09f291a3872ea49bb9
f1763a2f9e47071b002bd7606a5616519deb0b28b228e16662e0bdc578d47f5b,da72bf5bbca4ca33b822955cfbbf9e5b84e4e0fa5e5e68cf9d30054109fac58b
6d475c37d74081b5e5c1c240f06f0c93d2fcd72f07b0cb384d6b5814894cf6dc,9360404e4f35ac209099b0fce8615971c8e89d2ab06348841d708bc3f20d28e3
f8a336676512d2fdac857a7c4fd40d05d83008680000ef3c3bd8b08f9d887590,9a3c16424750cbde029c47e059f219dc64d8943ac4073a1cc5bc9accd979fc17
f8a336676512d2fdac857a7c4fd40d05d83008680000ef3c3bd8b08f9d887590,bd2d677b2ed4381b48bb1d0841052c6d076e7d634d5052e85dcbe0b8a0dedd80
f2d1c98109ba324c693befb9759d920699a61ac922db3eb8e9a783b2a3884522,35624b8800fae3fd49027ffc8d2a4e4bd697a0166c97ec564b5ea19b10b242dd
f2d1c98109ba324c693befb9759d920699a61ac922db3eb8e9a783b2a3884522,da72bf5bbca4ca33b822955cfbbf9e5b84e4e0fa5e5e68cf9d30054109fac58b
f2d1c98109ba324c693befb9759d920699a61ac922db3eb8e9a783b2a3884522,64cff1319d2fd2cbb7a1e84ccecf22c1cc07b24435cdb522f8c0aa525d6002a6
a2bc5a5743dbf9762c9fa67ef9285ea5207741390880cc66bec4c1b8123a4c52,43f1fc2390a440781ffc1359e14ecb8389bfaaf8319bbe09f291a3872ea49bb9
5b3e1f47ef803ac03ef38a0d02140c9fd9f66a1eea1e48d09d7794325f4ffa1b,85f1c8c8e324b6be99b13732edd1770eb0d200d15becbd659cc47ff5e060ac43
5b3e1f47ef803ac03ef38a0d02140c9fd9f66a1eea1e48d09d7794325f4ffa1b,9ed9b84aa0a7d0ba2089f52a0d93c4633ab780b01a7aa627de0a4238f33712a0
5b3e1f47ef803ac03ef38a0d02140c9fd9f66a1eea1e48d09d7794325f4ffa1b,3bc3567a7fc6511a85072520dc1bdb95a732c4aee93a6533d53954f39124d7c9
99ce29462dc73977da95c10e51a3b80da5a2c9939c58aa2f81b327094c97c425,9a3c16424750cbde029c47e059f219dc64d8943ac4073a1cc5bc9accd979fc17
99ce29462dc73977da95c10e51a3b80da5a2c9939c58aa2f81b327094c97c425,da72bf5bbca4ca33b822955cfbbf9e5b84e4e0fa5e5e68cf9d30054109fac58b
99ce29462dc73977da95c10e51a3b80da5a2c9939c58aa2f81b327094c97c425,3bc3567a7fc6511a85072520dc1bdb95a732c4aee93a6533d53954f39124d7c9
66e4ce974633bb3e5e752e602b3d8841bc62c6b8dee1a3158bd26f4bbfa8927b,22611ceccd0b4d14703ccd4eaab3208ffc03d2c80d38655023b622e50d0466fe
66e4ce974633bb3e5e752e602b3d8841bc62c6b8dee1a3158bd26f4bbfa8927b,da72bf5bbca4ca33b822955cfbbf9e5b84e4e0fa5e5e68cf9d30054109fac58b
66e4ce974633bb3e5e752e602b3d8841bc62c6b8dee1a3158bd26f4bbfa8927b,3bc3567a7fc6511a85072520dc1bdb95a732c4aee93a6533d53954f39124d7c9
61f527c4799c7397c75960290e358f583ebfe49f894609a170f5bf4b07c18492,852a56bfaf803f454ce5e6380225fe1770c1e567bbb32cf335c99385c3930025
61f527c4799c7397c75960290e358f583ebfe49f894609a170f5bf4b07c18492,da72bf5bbca4ca33b822955cfbbf9e5b84e4e0fa5e5e68cf9d30054109fac58b
61f527c4799c7397c75960290e358f583ebfe49f894609a170f5bf4b07c18492,85f1c8c8e324b6be99b13732edd1770eb0d200d15becbd659cc47ff5e060ac43
a24a1180d0c89928ebb2f14ce5be52a1cd366071f660debac7d05496a684bfb8,85f1c8c8e324b6be99b13732edd1770eb0d200d15becbd659cc47ff5e060ac43
7c4f8b2a86983cc09599d7ec329946a2caca973474ace3cf18eb1e6f6f598826,43f1fc2390a440781ffc1359e14ecb8389bfaaf8319bbe09f291a3872ea49bb9
0fb4d2bf92c9debb5c446d80cdecb888cc21a4b597ebf4c81c71cf19f67b6c6d,271a22f75d73e13fa558d991442ecde8d75a34a0b9f6216d44b116f8612c82dc
15ce2546dcd23da236c065192ded5d0d92abd507e5dd7a2f4c00d01470bce380,43f1fc2390a440781ffc1359e14ecb8389bfaaf8319bbe09f291a3872ea49bb9
1efb75d000cb1734b2afca9d55c1a2bc6de4b33b46b90dbe03a52eb87f7be2f5,9360404e4f35ac209099b0fce8615971c8e89d2ab06348841d708bc3f20d28e3
1efb75d000cb1734b2afca9d55c1a2bc6de4b33b46b90dbe03a52eb87f7be2f5,852a56bfaf803f454ce5e6380225fe1770c1e567bbb32cf335c99385c3930025
be6b345f7159a9397b575110165dd52aa6143d9d86a787cf869099b9f43f614c,9360404e4f35ac209099b0fce8615971c8e89d2ab06348841d708bc3f20d28e3
115253c97fffa839756deef89c8d67061475cdfa2a98cc6064ac6b245271cc96,9a3c16424750cbde029c47e059f219dc64d8943ac4073a1cc5bc9accd979fc17
115253c97fffa839756deef89c8d67061475cdfa2a98cc6064ac6b245271cc96,da72bf5bbca4ca33b822955cfbbf9e5b84e4e0fa5e5e68cf9d30054109fac58b
9f2111265047e506b06050a6b875b4f960ae69ef5c6bb601dcad7eed92435d82,271a22f75d73e13fa558d991442ecde8d75a34a0b9f6216d44b116f8612c82dc
9f2111265047e506b06050a6b875b4f960ae69ef5c6bb601dcad7eed92435d82,542855513e4f74d08a92352680c339d82e2ae347fb021a7128c7f4146c40d295
9f2111265047e506b06050a6b875b4f960ae69ef5c6bb601dcad7eed92435d82,3bc3567a7fc6511a85072520dc1bdb95a732c4aee93a6533d53954f39124d7c9
16905a201a677f3ace89197252e9b1832a29067f219fb033742907038be53b7b,da72bf5bbca4ca33b822955cfbbf9e5b84e4e0fa5e5e68cf9d30054109fac58b
63c242f206113320c927fa14b93f5a66ae51438de42cc9afccb9c2ab74beee93,da72bf5bbca4ca33b822955cfbbf9e5b84e4e0fa5e5e68cf9d30054109fac58b
63c242f206113320c927fa14b93f5a66ae51438de42cc9afccb9c2ab74beee93,0e769600933790607b2a13b33ddfade0fa17810eb62c3b28ee23e59516516491
63c242f206113320c927fa14b93f5a66ae51438de42cc9afccb9c2ab74beee93,9a3c16424750cbde029c47e059f219dc64d8943ac4073a1cc5bc9accd979fc17
6b9954ba4fecdc399c5014e278a459ccea1c584d393b1ac1f004469c6cb06684,da72bf5bbca4ca33b822955cfbbf9e5b84e4e0fa5e5e68cf9d30054109fac58b
6b9954ba4fecdc399c5014e278a459ccea1c584d393b1ac1f004469c6cb06684,0e769600933790607b2a13b33ddfade0fa17810eb62c3b28ee23e59516516491
0e8c409668dcc57b7991b3440bc3ba9b8145b7dc31adac8f3bace642eeec28d1,da72bf5bbca4ca33b822955cfbbf9e5b84e4e0fa5e5e68cf9d30054109fac58b
0e8c409668dcc57b7991b3440bc3ba9b8145b7dc31adac8f3bace642eeec28d1,3bc3567a7fc6511a85072520dc1bdb95a732c4aee93a6533d53954f39124d7c9
2f4739d8db82402952538351d8ff33759f24f77724357871a66a43862219f2e0,43f1fc2390a440781ffc1359e14ecb8389bfaaf8319bbe09f291a3872ea49bb9
4a8ab9f668d814ecd8e3ddc710800d49deeba32ecab71df767a17a06c61f62c6,43f1fc2390a440781ffc1359e14ecb8389bfaaf8319bbe09f291a3872ea49bb9
83c72446d15a8e35c00ec8809bc65ca3a66150ec66da00603f398de204fde7da,da72bf5bbca4ca33b822955cfbbf9e5b84e4e0fa5e5e68cf9d30054109fac58b
81a3e69140bc2e65e86b752cdbd9d64f595470e5601117efae2385cd6cc93ecd,da72bf5bbca4ca33b822955cfbbf9e5b84e4e0fa5e5e68cf9d30054109fac58b
ae0edfea6f24dc6c328d4e774a93ab8a3fec9569768edb98d9f391f7bc66722e,da72bf5bbca4ca33b822955cfbbf9e5b84e4e0fa5e5e68cf9d30054109fac58b
ae0edfea6f24dc6c328d4e774a93ab8a3fec9569768edb98d9f391f7bc66722e,3bc3567a7fc6511a85072520dc1bdb95a732c4aee93a6533d53954f39124d7c9
0039cf64d3190556005848fe28bf5e9efe71a59ac7a09c08e2c6f3422bb799a7,43f1fc2390a440781ffc1359e14ecb8389bfaaf8319bbe09f291a3872ea49bb9
2efd342873b57916ea4ccfd6eb57939dd427c72f6dfbe8d29851fb79a2283315,43f1fc2390a440781ffc1359e14ecb8389bfaaf8319bbe09f291a3872ea49bb9
53629876268665f7f5b32f469dfec865bac097bfb72b408f9c535897bb89f9d3,43f1fc2390a440781ffc1359e14ecb8389bfaaf8319bbe09f291a3872ea49bb9
6482db1b621c42a4325eaa26e03c379e237af662336a510100d91e479aace2d0,35624b8800fae3fd49027ffc8d2a4e4bd697a0166c97ec564b5ea19b10b242dd
65453451470a70a7da278b4a777101a0d4e5a0131ca053c04ed53228ad05ff27,43f1fc2390a440781ffc1359e14ecb8389bfaaf8319bbe09f291a3872ea49bb9
bae091de9bdbff2d31b24cc7539e5043ddba035421949e06207c74bf7de13b98,9360404e4f35ac209099b0fce8615971c8e89d2ab06348841d708bc3f20d28e3
979021e4f3144cbf6ff1ff4056ca713d938dd7688044d8d23e14f162a4e2786c,43f1fc2390a440781ffc1359e14ecb8389bfaaf8319bbe09f291a3872ea49bb9
6262390ca2daf7daf638d4cc00743e3f7daf1042f4098184f38817e1c5bd1e41,43f1fc2390a440781ffc1359e14ecb8389bfaaf8319bbe09f291a3872ea49bb9
47e9c1bf12f622a3b5a7c1a7e45ee7f0eeeba9f0b07351cbdfb3b193db7de136,43f1fc2390a440781ffc1359e14ecb8389bfaaf8319bbe09f291a3872ea49bb9
a68bf564cc36623d6c5582eb3b74845f68d0261edf2b270b686063f3893b2c9b,271a22f75d73e13fa558d991442ecde8d75a34a0b9f6216d44b116f8612c82dc
a68bf564cc36623d6c5582eb3b74845f68d0261edf2b270b686063f3893b2c9b,da72bf5bbca4ca33b822955cfbbf9e5b84e4e0fa5e5e68cf9d30054109fac58b
1106bdc96ef8e5b08cdac15756a1e2d2af48da2b9118485464caa024048f19be,6eb00b4b2614a144d41ccdf709017a675953fae2df6cfd6b397bd9e4d8708461
1106bdc96ef8e5b08cdac15756a1e2d2af48da2b9118485464caa024048f19be,43f1fc2390a440781ffc1359e14ecb8389bfaaf8319bbe09f291a3872ea49bb9
ed7a1809f179ee7502ab67c4c542d4787d06780a4bd3c39bb94bb7573dd27f6b,35624b8800fae3fd49027ffc8d2a4e4bd697a0166c97ec564b5ea19b10b242dd
ed7a1809f179ee7502ab67c4c542d4787d06780a4bd3c39bb94bb7573dd27f6b,64cff1319d2fd2cbb7a1e84ccecf22c1cc07b24435cdb522f8c0aa525d6002a6
ed7a1809f179ee7502ab67c4c542d4787d06780a4bd3c39bb94bb7573dd27f6b,9a3c16424750cbde029c47e059f219dc64d8943ac4073a1cc5bc9accd979fc17
ed7a1809f179ee7502ab67c4c542d4787d06780a4bd3c39bb94bb7573dd27f6b,85f1c8c8e324b6be99b13732edd1770eb0d200d15becbd659cc47ff5e060ac43
ed7a1809f179ee7502ab67c4c542d4787d06780a4bd3c39bb94bb7573dd27f6b,852a56bfaf803f454ce5e6380225fe1770c1e567bbb32cf335c99385c3930025
010eb9a1510b8dc1fc1100adfc223e94c6bb41e3cf8166d8ab45b30bc7068b0b,43f1fc2390a440781ffc1359e14ecb8389bfaaf8319bbe09f291a3872ea49bb9
349e847be9793d7831e2bdae5330387886b289f4dbec3bd6cdcdb5f406e9512b,43f1fc2390a440781ffc1359e14ecb8389bfaaf8319bbe09f291a3872ea49bb9
8b6fab2af1f7e5161e7c6ef77b8317ccf67fb64a9e2f1eb5e59ea15c8a1fe466,85f1c8c8e324b6be99b13732edd1770eb0d200d15becbd659cc47ff5e060ac43
b1afa6d802442dc1374776fc7bcc0ce89b7963a6ab54045c1cda9fd1df16e570,85f1c8c8e324b6be99b13732edd1770eb0d200d15becbd659cc47ff5e060ac43
b1afa6d802442dc1374776fc7bcc0ce89b7963a6ab54045c1cda9fd1df16e570,542855513e4f74d08a92352680c339d82e2ae347fb021a7128c7f4146c40d295
b1afa6d802442dc1374776fc7bcc0ce89b7963a6ab54045c1cda9fd1df16e570,3bc3567a7fc6511a85072520dc1bdb95a732c4aee93a6533d53954f39124d7c9
2fe26b9b7548ea4395f07c709eca09439a57cce1b99427ae55753869471b3381,43f1fc2390a440781ffc1359e14ecb8389bfaaf8319bbe09f291a3872ea49bb9
862f7427bfcab6ea7465e437cec0607e226362104211079249fd3c1f88238443,da72bf5bbca4ca33b822955cfbbf9e5b84e4e0fa5e5e68cf9d30054109fac58b
9d37eeca0ad6b83c82a76899e95a82a7ebe6c383f3587afd86d54e31386873b3,43f1fc2390a440781ffc1359e14ecb8389bfaaf8319bbe09f291a3872ea49bb9
9d37eeca0ad6b83c82a76899e95a82a7ebe6c383f3587afd86d54e31386873b3,6eb00b4b2614a144d41ccdf709017a675953fae2df6cfd6b397bd9e4d8708461
efa0a5eaaf5eca4c83b5eb38d840e0b3d60008307f7f2df72005f3dc6e139ddf,da72bf5bbca4ca33b822955cfbbf9e5b84e4e0fa5e5e68cf9d30054109fac58b
0146fbf7edacd5b6afa3909fa400f472e16687f7b252cdf66b09eb8ba7b6d7d6,43f1fc2390a440781ffc1359e14ecb8389bfaaf8319bbe09f291a3872ea49bb9
30e1a3f5305a71aed432f85a02f6b9bd8d074622c598a20f9b676e28bbc01343,da72bf5bbca4ca33b822955cfbbf9e5b84e4e0fa5e5e68cf9d30054109fac58b
bff64e5c545db6c7bbacf8794d26326239e85688214eeb26804ed1dbd744ad71,35624b8800fae3fd49027ffc8d2a4e4bd697a0166c97ec564b5ea19b10b242dd
c294d858d016365623d034c74a3a684abe7a9c973ebf46e97a2be9d723ba88b9,da72bf5bbca4ca33b822955cfbbf9e5b84e4e0fa5e5e68cf9d30054109fac58b
a8edc4dd1664ae19b6ca7834c3a69eac7fc6161e577146a001f68c1ea2fd1ea7,da72bf5bbca4ca33b822955cfbbf9e5b84e4e0fa5e5e68cf9d30054109fac58b
a8edc4dd1664ae19b6ca7834c3a69eac7fc6161e577146a001f68c1ea2fd1ea7,bd2d677b2ed4381b48bb1d0841052c6d076e7d634d5052e85dcbe0b8a0dedd80
6fd780da9eb0240efe145f5ee53592c04c36c2a3209da961b399f562b1c42b1f,da72bf5bbca4ca33b822955cfbbf9e5b84e4e0fa5e5e68cf9d30054109fac58b
7a9452b18ea02bf9a1a9ff4e84cb659e6570897ccb51005f99d932c950c3491a,64cff1319d2fd2cbb7a1e84ccecf22c1cc07b24435cdb522f8c0aa525d6002a6
bd2970e4af2b46ab7141614ca43d84746acf590ef8da2cd3625628fdb2aa3558,da72bf5bbca4ca33b822955cfbbf9e5b84e4e0fa5e5e68cf9d30054109fac58b
bd2970e4af2b46ab7141614ca43d84746acf590ef8da2cd3625628fdb2aa3558,85f1c8c8e324b6be99b13732edd1770eb0d200d15becbd659cc47ff5e060ac43
c273e2660b302591835ae626834e6691f3715b23e4b5d906460781fcb3ec8640,85f1c8c8e324b6be99b13732edd1770eb0d200d15becbd659cc47ff5e060ac43
81029da36a61c046786a8cda0cd793660a04a9ac6b80555664fd57cfef7fd6c4,1dd10f244a62771bcca9df74a9bc7d13363df8d3cd69ee07f66c2b1666b256ff
81029da36a61c046786a8cda0cd793660a04a9ac6b80555664fd57cfef7fd6c4,da72bf5bbca4ca33b822955cfbbf9e5b84e4e0fa5e5e68cf9d30054109fac58b
a2fef7ddbcf10e4da73a2ad5ec18cfa9c3cdf25f29fdd1e14b0cec81328b82e7,64cff1319d2fd2cbb7a1e84ccecf22c1cc07b24435cdb522f8c0aa525d6002a6
a2fef7ddbcf10e4da73a2ad5ec18cfa9c3cdf25f29fdd1e14b0cec81328b82e7,22611ceccd0b4d14703ccd4eaab3208ffc03d2c80d38655023b622e50d0466fe
528999f9ef8384fccd5216c738fda70b19ef2417e51e2d98daa11c914ecd3d1c,da72bf5bbca4ca33b822955cfbbf9e5b84e4e0fa5e5e68cf9d30054109fac58b
99836e150fe529a16d24343abc19f83e09b4d923fae7a9209291baaf32ab2d6b,43f1fc2390a440781ffc1359e14ecb8389bfaaf8319bbe09f291a3872ea49bb9
ab916d2f4d07d01ea34650ca38bf1a456522a46580095145f14c486286b06ca5,1dd10f244a62771bcca9df74a9bc7d13363df8d3cd69ee07f66c2b1666b256ff
7e540c82d189e61ce405f19e5cc3d97c0882e92e802469e0976acf640fdb0230,da72bf5bbca4ca33b822955cfbbf9e5b84e4e0fa5e5e68cf9d30054109fac58b
e6428c07bca1e5236e9d47d9b2a61a3b420f85fa1ba953703edcae2fb80d0325,852a56bfaf803f454ce5e6380225fe1770c1e567bbb32cf335c99385c3930025
e6428c07bca1e5236e9d47d9b2a61a3b420f85fa1ba953703edcae2fb80d0325,d7d2f0ffb02cf5f91acf2010f88656db336d9e293f80d504b1d3dac08aa17502
e6428c07bca1e5236e9d47d9b2a61a3b420f85fa1ba953703edcae2fb80d0325,da72bf5bbca4ca33b822955cfbbf9e5b84e4e0fa5e5e68cf9d30054109fac58b
a83ed1aa57161e07bfc9fd05ccd977066867c1a445349d3d6c61ead0245566a1,3bc3567a7fc6511a85072520dc1bdb95a732c4aee93a6533d53954f39124d7c9
a83ed1aa57161e07bfc9fd05ccd977066867c1a445349d3d6c61ead0245566a1,542855513e4f74d08a92352680c339d82e2ae347fb021a7128c7f4146c40d295
a83ed1aa57161e07bfc9fd05ccd977066867c1a445349d3d6c61ead0245566a1,da72bf5bbca4ca33b822955cfbbf9e5b84e4e0fa5e5e68cf9d30054109fac58b
a83ed1aa57161e07bfc9fd05ccd977066867c1a445349d3d6c61ead0245566a1,bd2d677b2ed4381b48bb1d0841052c6d076e7d634d5052e85dcbe0b8a0dedd80
2a7bad30aec6da12f14bf723aaacad4bf9cb6697ea37722c28c9005aafc519f3,43f1fc2390a440781ffc1359e14ecb8389bfaaf8319bbe09f291a3872ea49bb9
bbf0f8d21c5bcd283794218f82b78ce4eb2a1a030da6856ed818b759af211a14,da72bf5bbca4ca33b822955cfbbf9e5b84e4e0fa5e5e68cf9d30054109fac58b
d5fc1c00b1814c6e6a621d241e3a46f8eb3c516b9b8e0ed5cb6c0dc3a0cedd74,43f1fc2390a440781ffc1359e14ecb8389bfaaf8319bbe09f291a3872ea49bb9
b527961ea6b98d6e2da526167520e0a0d1a5b46c35ce1eb59869b78b900e1d49,da72bf5bbca4ca33b822955cfbbf9e5b84e4e0fa5e5e68cf9d30054109fac58b
23a1181b3eb2071939f774a09877c1ec92e6d1b66d262da9cd8f4d0cd6d82cc5,da72bf5bbca4ca33b822955cfbbf9e5b84e4e0fa5e5e68cf9d30054109fac58b
23a1181b3eb2071939f774a09877c1ec92e6d1b66d262da9cd8f4d0cd6d82cc5,0e769600933790607b2a13b33ddfade0fa17810eb62c3b28ee23e59516516491
6a55e418dc50922127eb101e0ba2150b3a6c8165095878f55a53ea80913d5119,9ed9b84aa0a7d0ba2089f52a0d93c4633ab780b01a7aa627de0a4238f33712a0
6a55e418dc50922127eb101e0ba2150b3a6c8165095878f55a53ea80913d5119,852a56bfaf803f454ce5e6380225fe1770c1e567bbb32cf335c99385c3930025
6a55e418dc50922127eb101e0ba2150b3a6c8165095878f55a53ea80913d5119,22611ceccd0b4d14703ccd4eaab3208ffc03d2c80d38655023b622e50d0466fe
6a55e418dc50922127eb101e0ba2150b3a6c8165095878f55a53ea80913d5119,da72bf5bbca4ca33b822955cfbbf9e5b84e4e0fa5e5e68cf9d30054109fac58b
605be16f9b3faa8f0ae2553b676eb33add60480d7c03da169dc942efcbe5d397,9ed9b84aa0a7d0ba2089f52a0d93c4633ab780b01a7aa627de0a4238f33712a0
605be16f9b3faa8f0ae2553b676eb33add60480d7c03da169dc942efcbe5d397,852a56bfaf803f454ce5e6380225fe1770c1e567bbb32cf335c99385c3930025
417ca31a5d07e587f5d8d0fb999fce3342b48c0eb669baffb470e3479a24abaf,43f1fc2390a440781ffc1359e14ecb8389bfaaf8319bbe09f291a3872ea49bb9
7c9ff273a2fa2c2b4593e55c8d0f906e33aadcf1bb0cfe6606eee1f165945ba0,43f1fc2390a440781ffc1359e14ecb8389bfaaf8319bbe09f291a3872ea49bb9
1381a1ccb9ab53e7d3c166fd60567b27324d322856fab32c8703d320e062a888,271a22f75d73e13fa558d991442ecde8d75a34a0b9f6216d44b116f8612c82dc
8f2da2c7d6d5718f5578c29d8631d13a7ce5f7b93cc0cc9eabad8ca24e84ab19,da72bf5bbca4ca33b822955cfbbf9e5b84e4e0fa5e5e68cf9d30054109fac58b
8f2da2c7d6d5718f5578c29d8631d13a7ce5f7b93cc0cc9eabad8ca24e84ab19,bd2d677b2ed4381b48bb1d0841052c6d076e7d634d5052e85dcbe0b8a0dedd80
0821b10093d3242a3432628d1bebe9feb40d4fdf6608ef2a81114db26b36de68,9a3c16424750cbde029c47e059f219dc64d8943ac4073a1cc5bc9accd979fc17
0821b10093d3242a3432628d1bebe9feb40d4fdf6608ef2a81114db26b36de68,da72bf5bbca4ca33b822955cfbbf9e5b84e4e0fa5e5e68cf9d30054109fac58b
2f2c51834ccfd77ee45d587eb687f9f13475334fc8c8c26ce31f7110303fcc62,43f1fc2390a440781ffc1359e14ecb8389bfaaf8319bbe09f291a3872ea49bb9
6cb58f2de97c0c8d60ba9b6cce6f7b0f2e053f45aff34277ea66d05960e4ae81,271a22f75d73e13fa558d991442ecde8d75a34a0b9f6216d44b116f8612c82dc
6cb58f2de97c0c8d60ba9b6cce6f7b0f2e053f45aff34277ea66d05960e4ae81,9360404e4f35ac209099b0fce8615971c8e89d2ab06348841d708bc3f20d28e3
e117113dc3992abe0edef00919fe5099ef10e1274c56b07d7c7e13d34280fbf4,85f1c8c8e324b6be99b13732edd1770eb0d200d15becbd659cc47ff5e060ac43
38b1ae512e4422333c5a8940edbd040f9aeefea0e02185a391997745ddd68620,da72bf5bbca4ca33b822955cfbbf9e5b84e4e0fa5e5e68cf9d30054109fac58b
00140cb793cbe495d1d3b88bb8ca98dbbd69cf51c8fd68997c1d0b6af647abee,da72bf5bbca4ca33b822955cfbbf9e5b84e4e0fa5e5e68cf9d30054109fac58b
2b93fb04670d4876ba7a4afdf37af0fd12b4dcdd04764dcff6027d4b47c15764,9a3c16424750cbde029c47e059f219dc64d8943ac4073a1cc5bc9accd979fc17
22ac6b0801fbf237549faedd2a325e141dba625013b3f815fb878a06d0e44fe6,43f1fc2390a440781ffc1359e14ecb8389bfaaf8319bbe09f291a3872ea49bb9
1cb722172d045f40ac61470f4c4d6f6c31ead6f08c4f1515be7b6b2a1d3aa71b,9360404e4f35ac209099b0fce8615971c8e89d2ab06348841d708bc3f20d28e3
1cb722172d045f40ac61470f4c4d6f6c31ead6f08c4f1515be7b6b2a1d3aa71b,64cff1319d2fd2cbb7a1e84ccecf22c1cc07b24435cdb522f8c0aa525d6002a6
e8d7718c69c2a0e4e735fd2d53f5359ec561101e6e0e823900375f04313570e5,da72bf5bbca4ca33b822955cfbbf9e5b84e4e0fa5e5e68cf9d30054109fac58b
c65cbce3a845b156dc3cc1056876a31798e67ffcbe605310cd63e16c75ad7736,1dd10f244a62771bcca9df74a9bc7d13363df8d3cd69ee07f66c2b1666b256ff
c5ecbe282153cf13c54a96f2ca99a0ab64c145f2b4175281119a44d30a6cf133,da72bf5bbca4ca33b822955cfbbf9e5b84e4e0fa5e5e68cf9d30054109fac58b
54d9bc1561728cdc0d85c37956abda86c739919ee08c2943d5f9f229f666f55f,271a22f75d73e13fa558d991442ecde8d75a34a0b9f6216d44b116f8612c82dc
ffffc9a0c08c76ad36c5d2fe3a4257c8722d6999ba9ba2405253e32767480982,da72bf5bbca4ca33b822955cfbbf9e5b84e4e0fa5e5e68cf9d30054109fac58b
ffffc9a0c08c76ad36c5d2fe3a4257c8722d6999ba9ba2405253e32767480982,0e769600933790607b2a13b33ddfade0fa17810eb62c3b28ee23e59516516491
cec729899b32708b27c7e4923943c2253b0ce0c722910a2189f364f1a0940742,da72bf5bbca4ca33b822955cfbbf9e5b84e4e0fa5e5e68cf9d30054109fac58b
cec729899b32708b27c7e4923943c2253b0ce0c722910a2189f364f1a0940742,271a22f75d73e13fa558d991442ecde8d75a34a0b9f6216d44b116f8612c82dc
cec729899b32708b27c7e4923943c2253b0ce0c722910a2189f364f1a0940742,9ed9b84aa0a7d0ba2089f52a0d93c4633ab780b01a7aa627de0a4238f33712a0
cec729899b32708b27c7e4923943c2253b0ce0c722910a2189f364f1a0940742,9360404e4f35ac209099b0fce8615971c8e89d2ab06348841d708bc3f20d28e3
db8218c72021069137d9b60ae3c0871628c4c743cbcf20b1f392aba4d29bc67b,3bc3567a7fc6511a85072520dc1bdb95a732c4aee93a6533d53954f39124d7c9
db8218c72021069137d9b60ae3c0871628c4c743cbcf20b1f392aba4d29bc67b,85f1c8c8e324b6be99b13732edd1770eb0d200d15becbd659cc47ff5e060ac43
db8218c72021069137d9b60ae3c0871628c4c743cbcf20b1f392aba4d29bc67b,bd2d677b2ed4381b48bb1d0841052c6d076e7d634d5052e85dcbe0b8a0dedd80
98535ab34e2dbd96a00c445a76a45ec76f5b5bf9fbac05db5e18e5cfda6c6bdf,1dd10f244a62771bcca9df74a9bc7d13363df8d3cd69ee07f66c2b1666b256ff
98535ab34e2dbd96a00c445a76a45ec76f5b5bf9fbac05db5e18e5cfda6c6bdf,85f1c8c8e324b6be99b13732edd1770eb0d200d15becbd659cc47ff5e060ac43
a4a23eccdd3f5c86a9e97f0907f3f70e3b050a59c1e032aeb6b0f8cb671705bc,271a22f75d73e13fa558d991442ecde8d75a34a0b9f6216d44b116f8612c82dc
a4a23eccdd3f5c86a9e97f0907f3f70e3b050a59c1e032aeb6b0f8cb671705bc,542855513e4f74d08a92352680c339d82e2ae347fb021a7128c7f4146c40d295
03456645e2d97e1ed17c44bd1a1197cd85bc0bd5e20fc4656b8b39216e59f68b,43f1fc2390a440781ffc1359e14ecb8389bfaaf8319bbe09f291a3872ea49bb9
aaede2145068e3dbaafaec7d7ee17e23ef9cc8b73cf599253609452da6060061,43f1fc2390a440781ffc1359e14ecb8389bfaaf8319bbe09f291a3872ea49bb9
1e45e110e150a8ec63c054c43a162e07b9242512784a0d7fde5ddbe033b07453,43f1fc2390a440781ffc1359e14ecb8389bfaaf8319bbe09f291a3872ea49bb9
1bcb087a4e0f683a2aeac7721ca8a9cbc9f845ccc1b0a2abf17563da9163c60f,da72bf5bbca4ca33b822955cfbbf9e5b84e4e0fa5e5e68cf9d30054109fac58b
1bcb087a4e0f683a2aeac7721ca8a9cbc9f845ccc1b0a2abf17563da9163c60f,9360404e4f35ac209099b0fce8615971c8e89d2ab06348841d708bc3f20d28e3
f3708472807aecfa55b5e47b1fd7d552ed373aec9ca65155c08e73d40cc32549,271a22f75d73e13fa558d991442ecde8d75a34a0b9f6216d44b116f8612c82dc
f3708472807aecfa55b5e47b1fd7d552ed373aec9ca65155c08e73d40cc32549,85f1c8c8e324b6be99b13732edd1770eb0d200d15becbd659cc47ff5e060ac43
f3708472807aecfa55b5e47b1fd7d552ed373aec9ca65155c08e73d40cc32549,1dd10f244a62771bcca9df74a9bc7d13363df8d3cd69ee07f66c2b1666b256ff
9c6ecd6f619dd58938f6499c1117f89ff11b705d10ab5898ad7522e7e9cf483f,43f1fc2390a440781ffc1359e14ecb8389bfaaf8319bbe09f291a3872ea49bb9
9c6ecd6f619dd58938f6499c1117f89ff11b705d10ab5898ad7522e7e9cf483f,852a56bfaf803f454ce5e6380225fe1770c1e567bbb32cf335c99385c3930025
d16659581d92c33089478882bdb8d16f6023dee806a27a120ff6e67d909e8c17,85f1c8c8e324b6be99b13732edd1770eb0d200d15becbd659cc47ff5e060ac43
d16659581d92c33089478882bdb8d16f6023dee806a27a120ff6e67d909e8c17,da72bf5bbca4ca33b822955cfbbf9e5b84e4e0fa5e5e68cf9d30054109fac58b
ba7633b34de54ddf6519fd5c6fc1d140f62683268495e7b1463b327a85f3132a,9360404e4f35ac209099b0fce8615971c8e89d2ab06348841d708bc3f20d28e3
47521ef32e87485170e1d1444d5ec2c74e4a5c9e35c692e4c99ea1293ce0e4af,85f1c8c8e324b6be99b13732edd1770eb0d200d15becbd659cc47ff5e060ac43
47521ef32e87485170e1d1444d5ec2c74e4a5c9e35c692e4c99ea1293ce0e4af,da72bf5bbca4ca33b822955cfbbf9e5b84e4e0fa5e5e68cf9d30054109fac58b
591ab035b3b8e94c2855b8081921f99da3c4f02c66ef8559c375a426c773e041,da72bf5bbca4ca33b822955cfbbf9e5b84e4e0fa5e5e68cf9d30054109fac58b
fe7e03d62968232dc231b37d13a1f4b70a8813e470bfbfd4f9bfaef1d0dfd920,64cff1319d2fd2cbb7a1e84ccecf22c1cc07b24435cdb522f8c0aa525d6002a6
fe7e03d62968232dc231b37d13a1f4b70a8813e470bfbfd4f9bfaef1d0dfd920,d7d2f0ffb02cf5f91acf2010f88656db336d9e293f80d504b1d3dac08aa17502
26865b801c047cc686d68f63975eef675804b880d814492ff0d3653be730d645,da72bf5bbca4ca33b822955cfbbf9e5b84e4e0fa5e5e68cf9d30054109fac58b
26865b801c047cc686d68f63975eef675804b880d814492ff0d3653be730d645,3bc3567a7fc6511a85072520dc1bdb95a732c4aee93a6533d53954f39124d7c9
26865b801c047cc686d68f63975eef675804b880d814492ff0d3653be730d645,6eb00b4b2614a144d41ccdf709017a675953fae2df6cfd6b397bd9e4d8708461
a42c85abfa2481166cd4b67462b81b3af44b43606cbdce16032c302ea1f58938,da72bf5bbca4ca33b822955cfbbf9e5b84e4e0fa5e5e68cf9d30054109fac58b
a42c85abfa2481166cd4b67462b81b3af44b43606cbdce16032c302ea1f58938,22611ceccd0b4d14703ccd4eaab3208ffc03d2c80d38655023b622e50d0466fe
a42c85abfa2481166cd4b67462b81b3af44b43606cbdce16032c302ea1f58938,9360404e4f35ac209099b0fce8615971c8e89d2ab06348841d708bc3f20d28e3
882398ed07767628411aa330aab6b3f36e0f5a41b22e6a17475c87cc8d2a633f,43f1fc2390a440781ffc1359e14ecb8389bfaaf8319bbe09f291a3872ea49bb9
265c804c8a0de8bd4b3e2194156823204aa081d4dcbd5314463c413dd3d9f6df,43f1fc2390a440781ffc1359e14ecb8389bfaaf8319bbe09f291a3872ea49bb9
259ae67455096ea5ba59fc8455957a87d2e020d4b7448198cdb24d23a6bdd2dc,da72bf5bbca4ca33b822955cfbbf9e5b84e4e0fa5e5e68cf9d30054109fac58b
259ae67455096ea5ba59fc8455957a87d2e020d4b7448198cdb24d23a6bdd2dc,9360404e4f35ac209099b0fce8615971c8e89d2ab06348841d708bc3f20d28e3
f6af7204aff5d40e127ffd7b1b519f755542d05c8657d19d5a555dd2e894eb74,da72bf5bbca4ca33b822955cfbbf9e5b84e4e0fa5e5e68cf9d30054109fac58b
ac3fae8f980011448b4a3c92ff16b0a88f3f37de557a04e406cdbbc595d0142c,271a22f75d73e13fa558d991442ecde8d75a34a0b9f6216d44b116f8612c82dc
ac3fae8f980011448b4a3c92ff16b0a88f3f37de557a04e406cdbbc595d0142c,542855513e4f74d08a92352680c339d82e2ae347fb021a7128c7f4146c40d295
3e835b89411eecdaf077aee8d8a81098529691815b70e7daba1666854ba9a2b8,da72bf5bbca4ca33b822955cfbbf9e5b84e4e0fa5e5e68cf9d30054109fac58b
3e835b89411eecdaf077aee8d8a81098529691815b70e7daba1666854ba9a2b8,9360404e4f35ac209099b0fce8615971c8e89d2ab06348841d708bc3f20d28e3
ff85072663e9b7b71a7bb566b3f3094cfddffaaffc5a3247cfb68397e31eec95,271a22f75d73e13fa558d991442ecde8d75a34a0b9f6216d44b116f8612c82dc
f0b23de1aafb6924de68597ca5c49869e43e9cd96a6285affa372b1777b7dafb,64cff1319d2fd2cbb7a1e84ccecf22c1cc07b24435cdb522f8c0aa525d6002a6
f0b23de1aafb6924de68597ca5c49869e43e9cd96a6285affa372b1777b7dafb,85f1c8c8e324b6be99b13732edd1770eb0d200d15becbd659cc47ff5e060ac43
6e106f1e8cda1d07ab083399ad34142d8eaf605ca33086d57f369bd77f9ac7c4,1dd10f244a62771bcca9df74a9bc7d13363df8d3cd69ee07f66c2b1666b256ff
6e106f1e8cda1d07ab083399ad34142d8eaf605ca33086d57f369bd77f9ac7c4,bd2d677b2ed4381b48bb1d0841052c6d076e7d634d5052e85dcbe0b8a0dedd80
3ea9bb74586116d079ff3f98beecd9373c903df814f9037e8aab884c62fb7a3b,da72bf5bbca4ca33b822955cfbbf9e5b84e4e0fa5e5e68cf9d30054109fac58b
961bc9aee4ae7b414dd653acc71e7ed205beaaab9dd06fe3827f8bf9f6aead96,43f1fc2390a440781ffc1359e14ecb8389bfaaf8319bbe09f291a3872ea49bb9
60e8712211aad6af8a40f397d489b1f19dc7ed72a37c60f6014837fec98e3481,9360404e4f35ac209099b0fce8615971c8e89d2ab06348841d708bc3f20d28e3
60e8712211aad6af8a40f397d489b1f19dc7ed72a37c60f6014837fec98e3481,22611ceccd0b4d14703ccd4eaab3208ffc03d2c80d38655023b622e50d0466fe
60e8712211aad6af8a40f397d489b1f19dc7ed72a37c60f6014837fec98e3481,0e769600933790607b2a13b33ddfade0fa17810eb62c3b28ee23e59516516491
bf362b0567995b866ecf1e9291b700ca7d3cd037b9cdfa5eefc04debb78150a9,da72bf5bbca4ca33b822955cfbbf9e5b84e4e0fa5e5e68cf9d30054109fac58b
0d8c672f99caeb5db75ee41e32a8039393ac8167b40e99962b7b788c21edf260,43f1fc2390a440781ffc1359e14ecb8389bfaaf8319bbe09f291a3872ea49bb9
97b8634a8137c5e8da68511248f29bef2003fd802e7681566877a6ec3558a2a2,43f1fc2390a440781ffc1359e14ecb8389bfaaf8319bbe09f291a3872ea49bb9
043efe77fcce3926f7d9adfd0dfdbc57d74e3a03ff104897ae2cc6a2422022f3,1dd10f244a62771bcca9df74a9bc7d13363df8d3cd69ee07f66c2b1666b256ff
43f6253bab7dd61e461474761f887e425a31f7141dda0149ddfc5c51025ba66e,1dd10f244a62771bcca9df74a9bc7d13363df8d3cd69ee07f66c2b1666b256ff
43f6253bab7dd61e461474761f887e425a31f7141dda0149ddfc5c51025ba66e,9a3c16424750cbde029c47e059f219dc64d8943ac4073a1cc5bc9accd979fc17
43f6253bab7dd61e461474761f887e425a31f7141dda0149ddfc5c51025ba66e,bd2d677b2ed4381b48bb1d0841052c6d076e7d634d5052e85dcbe0b8a0dedd80
43f6253bab7dd61e461474761f887e425a31f7141dda0149ddfc5c51025ba66e,542855513e4f74d08a92352680c339d82e2ae347fb021a7128c7f4146c40d295
1c888e0cf0169b9421ee04f1c407858bfb9a88e7b84e7f75ff75c86beeb01cf3,43f1fc2390a440781ffc1359e14ecb8389bfaaf8319bbe09f291a3872ea49bb9
97aa579aeb9030fd643bf4198e6c8d32bfdf31a77f96bff15eaa2715d991cf24,43f1fc2390a440781ffc1359e14ecb8389bfaaf8319bbe09f291a3872ea49bb9
86c98b7fffc04de5ae2a1499174d5c9b77d9482339b3cf932df59a57d1b0a598,43f1fc2390a440781ffc1359e14ecb8389bfaaf8319bbe09f291a3872ea49bb9
e3e342024dd9a1b6b587a353ad58a01d3735a55ca0dda3c77fa76d5020577998,da72bf5bbca4ca33b822955cfbbf9e5b84e4e0fa5e5e68cf9d30054109fac58b
84a39769de9ae56506a21f78c24b24ff0a267e591d7701043759c305be5932d2,85f1c8c8e324b6be99b13732edd1770eb0d200d15becbd659cc47ff5e060ac43
84a39769de9ae56506a21f78c24b24ff0a267e591d7701043759c305be5932d2,da72bf5bbca4ca33b822955cfbbf9e5b84e4e0fa5e5e68cf9d30054109fac58b
365dfaf48a966b2048e88c194b3d1b007dda1b735f6417c4da126f775c12eb26,da72bf5bbca4ca33b822955cfbbf9e5b84e4e0fa5e5e68cf9d30054109fac58b
9c14f2ea133196203c1d64c1679937e4639fa1c92840ac05070d467df68a80bd,271a22f75d73e13fa558d991442ecde8d75a34a0b9f6216d44b116f8612c82dc
c85de25611d382d2cbae039c4f401dd4a2a4a2f75afe2c9003ce730aea79b0c1,85f1c8c8e324b6be99b13732edd1770eb0d200d15becbd659cc47ff5e060ac43
89ddf274801ebec39855170466ac6c286b830e5ffbeef771b474d477e7ed10a1,271a22f75d73e13fa558d991442ecde8d75a34a0b9f6216d44b116f8612c82dc
89ddf274801ebec39855170466ac6c286b830e5ffbeef771b474d477e7ed10a1,85f1c8c8e324b6be99b13732edd1770eb0d200d15becbd659cc47ff5e060ac43
e93a2c51117bf8bb871d9ddd66262322f69e3180ab51765ad673118843f89f25,271a22f75d73e13fa558d991442ecde8d75a34a0b9f6216d44b116f8612c82dc
a33adc27296d7f54a1efdbb29eb60196f342cbc40db5f08cf910281cd63daba3,85f1c8c8e324b6be99b13732edd1770eb0d200d15becbd659cc47ff5e060ac43
a33adc27296d7f54a1efdbb29eb60196f342cbc40db5f08cf910281cd63daba3,da72bf5bbca4ca33b822955cfbbf9e5b84e4e0fa5e5e68cf9d30054109fac58b
38017229f9c2cad2dc07efdb66abadcc0613aafec406e28c24acdb3786429964,271a22f75d73e13fa558d991442ecde8d75a34a0b9f6216d44b116f8612c82dc
23b7fab7f9c3510e928fcb51c9b273e22aaa924b770adeee94a962108810189f,43f1fc2390a440781ffc1359e14ecb8389bfaaf8319bbe09f291a3872ea49bb9
282e640769249c52ad3ebbfde7820f079277cefdb2547d521ff39d176a4d451e,271a22f75d73e13fa558d991442ecde8d75a34a0b9f6216d44b116f8612c82dc
282e640769249c52ad3ebbfde7820f079277cefdb2547d521ff39d176a4d451e,85f1c8c8e324b6be99b13732edd1770eb0d200d15becbd659cc47ff5e060ac43
06b60ebfebc3a85fa968d80d24204553399b9c756a9ce5997ad7daad22151780,9360404e4f35ac209099b0fce8615971c8e89d2ab06348841d708bc3f20d28e3
06b60ebfebc3a85fa968d80d24204553399b9c756a9ce5997ad7daad22151780,852a56bfaf803f454ce5e6380225fe1770c1e567bbb32cf335c99385c3930025
732a9267a17d3d24489398dc92153e584f41c1d493cd35979d82f4867d0db903,22611ceccd0b4d14703ccd4eaab3208ffc03d2c80d38655023b622e50d0466fe
a0553d15bc201554852fb016ed7e3bfef8770a7cfa439215aa7582fe36ad0eb1,da72bf5bbca4ca33b822955cfbbf9e5b84e4e0fa5e5e68cf9d30054109fac58b
f7711b7db750fb297e4f731da74afdf06873a517dd0e01ea280f7791e2953de1,43f1fc2390a440781ffc1359e14ecb8389bfaaf8319bbe09f291a3872ea49bb9
97e01b4470bfefc38cd5390277724d947e60058a308cb43246b628ef4f9924ab,271a22f75d73e13fa558d991442ecde8d75a34a0b9f6216d44b116f8612c82dc
3ffb7fac32cb41e16c57bb5e52bc0a132916f28b47a6a59756894ad6701fd8c9,9360404e4f35ac209099b0fce8615971c8e89d2ab06348841d708bc3f20d28e3
501b5471ac260089ce6d952d50177bcc530dad5117e25759bcecf82c1b2d949b,22611ceccd0b4d14703ccd4eaab3208ffc03d2c80d38655023b622e50d0466fe
501b5471ac260089ce6d952d50177bcc530dad5117e25759bcecf82c1b2d949b,9360404e4f35ac209099b0fce8615971c8e89d2ab06348841d708bc3f20d28e3
501b5471ac260089ce6d952d50177bcc530dad5117e25759bcecf82c1b2d949b,9ed9b84aa0a7d0ba2089f52a0d93c4633ab780b01a7aa627de0a4238f33712a0
742b65ee852ea8e4247c2f289db4949b024a3434a532933fde5b17c6aa6c1b44,64cff1319d2fd2cbb7a1e84ccecf22c1cc07b24435cdb522f8c0aa525d6002a6
742b65ee852ea8e4247c2f289db4949b024a3434a532933fde5b17c6aa6c1b44,da72bf5bbca4ca33b822955cfbbf9e5b84e4e0fa5e5e68cf9d30054109fac58b
742b65ee852ea8e4247c2f289db4949b024a3434a532933fde5b17c6aa6c1b44,9360404e4f35ac209099b0fce8615971c8e89d2ab06348841d708bc3f20d28e3
07248f9784b0221c8ed7352b56ea6f17e6fa626ca50ea6c195311577e602c010,da72bf5bbca4ca33b822955cfbbf9e5b84e4e0fa5e5e68cf9d30054109fac58b
07248f9784b0221c8ed7352b56ea6f17e6fa626ca50ea6c195311577e602c010,9ed9b84aa0a7d0ba2089f52a0d93c4633ab780b01a7aa627de0a4238f33712a0
07248f9784b0221c8ed7352b56ea6f17e6fa626ca50ea6c195311577e602c010,9360404e4f35ac209099b0fce8615971c8e89d2ab06348841d708bc3f20d28e3
07248f9784b0221c8ed7352b56ea6f17e6fa626ca50ea6c195311577e602c010,0e769600933790607b2a13b33ddfade0fa17810eb62c3b28ee23e59516516491
25864e1e680238240bd8a2f9d53d843c16d27dc669da4097420c74e7ad137a66,271a22f75d73e13fa558d991442ecde8d75a34a0b9f6216d44b116f8612c82dc
536539751b28bb07b2f5bfd0ffe82003cf2fe94f771fc79a51e1e60204d1966a,da72bf5bbca4ca33b822955cfbbf9e5b84e4e0fa5e5e68cf9d30054109fac58b
536539751b28bb07b2f5bfd0ffe82003cf2fe94f771fc79a51e1e60204d1966a,85f1c8c8e324b6be99b13732edd1770eb0d200d15becbd659cc47ff5e060ac43
9ba4e8b01626ca01c1835fde4fb9b96fcfcad627ca02f6288ee82965ad1aec48,35624b8800fae3fd49027ffc8d2a4e4bd697a0166c97ec564b5ea19b10b242dd
9ba4e8b01626ca01c1835fde4fb9b96fcfcad627ca02f6288ee82965ad1aec48,9ed9b84aa0a7d0ba2089f52a0d93c4633ab780b01a7aa627de0a4238f33712a0
9ba4e8b01626ca01c1835fde4fb9b96fcfcad627ca02f6288ee82965ad1aec48,da72bf5bbca4ca33b822955cfbbf9e5b84e4e0fa5e5e68cf9d30054109fac58b
9ba4e8b01626ca01c1835fde4fb9b96fcfcad627ca02f6288ee82965ad1aec48,9360404e4f35ac209099b0fce8615971c8e89d2ab06348841d708bc3f20d28e3
9ba4e8b01626ca01c1835fde4fb9b96fcfcad627ca02f6288ee82965ad1aec48,852a56bfaf803f454ce5e6380225fe1770c1e567bbb32cf335c99385c3930025
6cee0992a52e9057d2563e938d483a2896c1272cf737254a949dacaa90c43093,da72bf5bbca4ca33b822955cfbbf9e5b84e4e0fa5e5e68cf9d30054109fac58b
fff593162aa6848dcfa302b3dc1b503d3b5e59052573fca0952b084d2648ab15,271a22f75d73e13fa558d991442ecde8d75a34a0b9f6216d44b116f8612c82dc
a16cba2a7351cb852f49ff99cd4bc844a9d170f360af8c3f7f25726e283c1c56,da72bf5bbca4ca33b822955cfbbf9e5b84e4e0fa5e5e68cf9d30054109fac58b
2c792f002a758cc2254086a1fdeddcb1cbec14cc37b4825823bdf959965e5ca9,271a22f75d73e13fa558d991442ecde8d75a34a0b9f6216d44b116f8612c82dc
2c792f002a758cc2254086a1fdeddcb1cbec14cc37b4825823bdf959965e5ca9,85f1c8c8e324b6be99b13732edd1770eb0d200d15becbd659cc47ff5e060ac43
d0563f8134a2ab23c36c8ba17b7da87ea642eff56979ee7f635b931c9c647cbd,1dd10f244a62771bcca9df74a9bc7d13363df8d3cd69ee07f66c2b1666b256ff
d0563f8134a2ab23c36c8ba17b7da87ea642eff56979ee7f635b931c9c647cbd,da72bf5bbca4ca33b822955cfbbf9e5b84e4e0fa5e5e68cf9d30054109fac58b
850acad7e0bc467572dba78f30f924cce0ed6882a0a11d26cb8de161297cf5ab,da72bf5bbca4ca33b822955cfbbf9e5b84e4e0fa5e5e68cf9d30054109fac58b
2d39e5202343247ac6f709973c36864d9d103beeb4fcede227baaf8330fb4d5f,43f1fc2390a440781ffc1359e14ecb8389bfaaf8319bbe09f291a3872ea49bb9
a9c19fdf475481e1510b7493f88858a7be17ddf2d054ae57fca97aa379b00879,271a22f75d73e13fa558d991442ecde8d75a34a0b9f6216d44b116f8612c82dc
00a00f9f6bf96200056472e8b6e8cd6c3c1ae19bcc5016797be2b962dbaf0d45,9360404e4f35ac209099b0fce8615971c8e89d2ab06348841d708bc3f20d28e3
00a00f9f6bf96200056472e8b6e8cd6c3c1ae19bcc5016797be2b962dbaf0d45,852a56bfaf803f454ce5e6380225fe1770c1e567bbb32cf335c99385c3930025
8f4db1ab0b4140331f99283c2ca3c8be014c0db196caf86e212766f8ea60eaeb,da72bf5bbca4ca33b822955cfbbf9e5b84e4e0fa5e5e68cf9d30054109fac58b
8f4db1ab0b4140331f99283c2ca3c8be014c0db196caf86e212766f8ea60eaeb,9360404e4f35ac209099b0fce8615971c8e89d2ab06348841d708bc3f20d28e3
1c678e8b4a20b5bd77bf79bd7e69fab0c65ccb3fa7cbbae1a6d69b5ffc3a6bbe,9ed9b84aa0a7d0ba2089f52a0d93c4633ab780b01a7aa627de0a4238f33712a0
1c678e8b4a20b5bd77bf79bd7e69fab0c65ccb3fa7cbbae1a6d69b5ffc3a6bbe,22611ceccd0b4d14703ccd4eaab3208ffc03d2c80d38655023b622e50d0466fe
bc210be589630dd2c1db766af68ea84a3838ee6e49755bede8e9a59f9359c7bf,1dd10f244a62771bcca9df74a9bc7d13363df8d3cd69ee07f66c2b1666b256ff
bc210be589630dd2c1db766af68ea84a3838ee6e49755bede8e9a59f9359c7bf,9a3c16424750cbde029c47e059f219dc64d8943ac4073a1cc5bc9accd979fc17
bc210be589630dd2c1db766af68ea84a3838ee6e49755bede8e9a59f9359c7bf,85f1c8c8e324b6be99b13732edd1770eb0d200d15becbd659cc47ff5e060ac43
bc210be589630dd2c1db766af68ea84a3838ee6e49755bede8e9a59f9359c7bf,bd2d677b2ed4381b48bb1d0841052c6d076e7d634d5052e85dcbe0b8a0dedd80
41a1f30208ee3b61b089dcf835eb8428f6dbe154ccf309d523daec0fa40d9845,3bc3567a7fc6511a85072520dc1bdb95a732c4aee93a6533d53954f39124d7c9
41a1f30208ee3b61b089dcf835eb8428f6dbe154ccf309d523daec0fa40d9845,da72bf5bbca4ca33b822955cfbbf9e5b84e4e0fa5e5e68cf9d30054109fac58b
41a1f30208ee3b61b089dcf835eb8428f6dbe154ccf309d523daec0fa40d9845,852a56bfaf803f454ce5e6380225fe1770c1e567bbb32cf335c99385c3930025
0a73ec837a95b889bf8cbdfb18650494d1dda468e61dc8ab28076ce80a64612a,64cff1319d2fd2cbb7a1e84ccecf22c1cc07b24435cdb522f8c0aa525d6002a6
0a73ec837a95b889bf8cbdfb18650494d1dda468e61dc8ab28076ce80a64612a,da72bf5bbca4ca33b822955cfbbf9e5b84e4e0fa5e5e68cf9d30054109fac58b
5b95d873d8dc7331d86ff082ece480e5a3231f362732d5629552fb986dcea2b8,43f1fc2390a440781ffc1359e14ecb8389bfaaf8319bbe09f291a3872ea49bb9
9ccd4cd8fff3b251aca22a2167ddb2fff8b30e219a0e79c594385a97b9f05d71,da72bf5bbca4ca33b822955cfbbf9e5b84e4e0fa5e5e68cf9d30054109fac58b
43d82ca90dcca28e1b21e955c42dc8bc8886825fd14a13418e155eb5d1d53e9f,271a22f75d73e13fa558d991442ecde8d75a34a0b9f6216d44b116f8612c82dc
f16708e270a51123df2d684dd82084954b0a793825d0a0fc53470ab91da47eb3,85f1c8c8e324b6be99b13732edd1770eb0d200d15becbd659cc47ff5e060ac43
02aff76621ed2b80a5229b2ae1fe1e123b7c664477f3c577606df44257b123fc,da72bf5bbca4ca33b822955cfbbf9e5b84e4e0fa5e5e68cf9d30054109fac58b
37ba00d7f4467e0c2742faf493ccaaf7da42a73f70f34be83186cc538abc75d0,da72bf5bbca4ca33b822955cfbbf9e5b84e4e0fa5e5e68cf9d30054109fac58b
37ba00d7f4467e0c2742faf493ccaaf7da42a73f70f34be83186cc538abc75d0,9360404e4f35ac209099b0fce8615971c8e89d2ab06348841d708bc3f20d28e3
eede5e08b108d09daf8a5e0a2bf6b49be8e73c2154b544b521416145bef671d8,85f1c8c8e324b6be99b13732edd1770eb0d200d15becbd659cc47ff5e060ac43
6dd8155c3c59f425d3684d1da9686ce71c9c66e9974e8aa735155163fc31dccc,43f1fc2390a440781ffc1359e14ecb8389bfaaf8319bbe09f291a3872ea49bb9
9eecdeb3d55e8a9c676c557f5f0c2a5c2aaa9be6d40dde04061f94dbac28076c,da72bf5bbca4ca33b822955cfbbf9e5b84e4e0fa5e5e68cf9d30054109fac58b
b917ee602c4feebb314343b62b2f2b333647b582d0529d64b2259be1e84098ed,da72bf5bbca4ca33b822955cfbbf9e5b84e4e0fa5e5e68cf9d30054109fac58b
8b4fa3bef38cd3f103e638269d9929e3f9e597ff91d0e120cc53918bd99cfce6,85f1c8c8e324b6be99b13732edd1770eb0d200d15becbd659cc47ff5e060ac43
8b4fa3bef38cd3f103e638269d9929e3f9e597ff91d0e120cc53918bd99cfce6,64cff1319d2fd2cbb7a1e84ccecf22c1cc07b24435cdb522f8c0aa525d6002a6
8b4fa3bef38cd3f103e638269d9929e3f9e597ff91d0e120cc53918bd99cfce6,3bc3567a7fc6511a85072520dc1bdb95a732c4aee93a6533d53954f39124d7c9
52e18680c6c34bdd3fbee7e20d4f0ea08de603adfc828213099b12fa6b16e8db,85f1c8c8e324b6be99b13732edd1770eb0d200d15becbd659cc47ff5e060ac43
52e18680c6c34bdd3fbee7e20d4f0ea08de603adfc828213099b12fa6b16e8db,da72bf5bbca4ca33b822955cfbbf9e5b84e4e0fa5e5e68cf9d30054109fac58b
8f8de26e32efec6736f71e1678d53df3112559e45add3412cd33f4d7083bfedd,43f1fc2390a440781ffc1359e14ecb8389bfaaf8319bbe09f291a3872ea49bb9
49b469fa422d98810638ab290475f93cc17e31f08be9ab4ebb36ce28f0db342f,85f1c8c8e324b6be99b13732edd1770eb0d200d15becbd659cc47ff5e060ac43
49b469fa422d98810638ab290475f93cc17e31f08be9ab4ebb36ce28f0db342f,da72bf5bbca4ca33b822955cfbbf9e5b84e4e0fa5e5e68cf9d30054109fac58b
49b469fa422d98810638ab290475f93cc17e31f08be9ab4ebb36ce28f0db342f,3bc3567a7fc6511a85072520dc1bdb95a732c4aee93a6533d53954f39124d7c9
4e9d91ba6f55c2afe3f8b441bffd1d5cca7b382c1fe4592aab63dc420459910c,da72bf5bbca4ca33b822955cfbbf9e5b84e4e0fa5e5e68cf9d30054109fac58b
1c64f43cf8f9d4b11b568ad5044a2e8d6882d2e5dcee022fff23c522c9fdb541,85f1c8c8e324b6be99b13732edd1770eb0d200d15becbd659cc47ff5e060ac43
660cf4b6b4c9efbd63a359c297cc639d65edd983ae91422d4c2d792a9421c889,43f1fc2390a440781ffc1359e14ecb8389bfaaf8319bbe09f291a3872ea49bb9
c5b555c45d73d9112b0b7daa89689403e2afeab462121ec9ad96c4d3fb39df11,43f1fc2390a440781ffc1359e14ecb8389bfaaf8319bbe09f291a3872ea49bb9
33fcda25aa753b4cb1319162bde5e138dcc76e6a68efc0422679db51f959942d,85f1c8c8e324b6be99b13732edd1770eb0d200d15becbd659cc47ff5e060ac43
33fcda25aa753b4cb1319162bde5e138dcc76e6a68efc0422679db51f959942d,3bc3567a7fc6511a85072520dc1bdb95a732c4aee93a6533d53954f39124d7c9
b437da0c76a423f1eb4a2ac4d7d47babe53c3da26550267552f2a209f1a35684,85f1c8c8e324b6be99b13732edd1770eb0d200d15becbd659cc47ff5e060ac43
b437da0c76a423f1eb4a2ac4d7d47babe53c3da26550267552f2a209f1a35684,da72bf5bbca4ca33b822955cfbbf9e5b84e4e0fa5e5e68cf9d30054109fac58b
96a11aded81d5dc2c12cad33065b2d6f29571166babd325f3f65d072b97b0a94,43f1fc2390a440781ffc1359e14ecb8389bfaaf8319bbe09f291a3872ea49bb9
ae2af765d276ea8cf68c7134bf19a2ae25a78c4e20b521ddec7342fa13e5221e,85f1c8c8e324b6be99b13732edd1770eb0d200d15becbd659cc47ff5e060ac43
ae2af765d276ea8cf68c7134bf19a2ae25a78c4e20b521ddec7342fa13e5221e,da72bf5bbca4ca33b822955cfbbf9e5b84e4e0fa5e5e68cf9d30054109fac58b
5d7c6ff74d1f637a936cf28b8a05717df7c58cfed958cc3f75318a5fea2c6200,22611ceccd0b4d14703ccd4eaab3208ffc03d2c80d38655023b622e50d0466fe
5d7c6ff74d1f637a936cf28b8a05717df7c58cfed958cc3f75318a5fea2c6200,9360404e4f35ac209099b0fce8615971c8e89d2ab06348841d708bc3f20d28e3
ce80c713d2c3cb894801df2e155aff55f7cb3913e76d849926d2ccd1d979d6db,271a22f75d73e13fa558d991442ecde8d75a34a0b9f6216d44b116f8612c82dc
1d8e06998f3da2031a9c8df8aa6312dd84279b00bf38224760b9cda075c8efab,43f1fc2390a440781ffc1359e14ecb8389bfaaf8319bbe09f291a3872ea49bb9
c3401608e80f37e41f5153d58f7360e7cdbb2901692c26789f548111ffc9b58a,85f1c8c8e324b6be99b13732edd1770eb0d200d15becbd659cc47ff5e060ac43
8ea5e69b93ca54401cbe135139f48ec3ef3e15c1a098e32b35ae2bb4a0ffa53a,da72bf5bbca4ca33b822955cfbbf9e5b84e4e0fa5e5e68cf9d30054109fac58b
ff80a66b1ea54626a79a64dcd6b5f09c5b8b799bc9a7c9c9f7d026ed85ad5f57,9360404e4f35ac209099b0fce8615971c8e89d2ab06348841d708bc3f20d28e3
ff80a66b1ea54626a79a64dcd6b5f09c5b8b799bc9a7c9c9f7d026ed85ad5f57,22611ceccd0b4d14703ccd4eaab3208ffc03d2c80d38655023b622e50d0466fe
ff80a66b1ea54626a79a64dcd6b5f09c5b8b799bc9a7c9c9f7d026ed85ad5f57,da72bf5bbca4ca33b822955cfbbf9e5b84e4e0fa5e5e68cf9d30054109fac58b
ad6b78d323b75f5e4f841e5db7ef2e8b3ac53de5376cc43c98e387ba7705a7f2,85f1c8c8e324b6be99b13732edd1770eb0d200d15becbd659cc47ff5e060ac43
ad6b78d323b75f5e4f841e5db7ef2e8b3ac53de5376cc43c98e387ba7705a7f2,bd2d677b2ed4381b48bb1d0841052c6d076e7d634d5052e85dcbe0b8a0dedd80
6116023c82a7fd2ddbde8935f503968591a2b5f498131ed91f96e746ee3af869,85f1c8c8e324b6be99b13732edd1770eb0d200d15becbd659cc47ff5e060ac43
ef59de9e96ea4951cb600880ce8e583ddf5db89add55556a4d7fc0d3f54dabb9,85f1c8c8e324b6be99b13732edd1770eb0d200d15becbd659cc47ff5e060ac43
807c127bbfc2784e4e2ce5f34932638d4d60e5cee70314ab7d8bf4e1578d64ea,da72bf5bbca4ca33b822955cfbbf9e5b84e4e0fa5e5e68cf9d30054109fac58b
807c127bbfc2784e4e2ce5f34932638d4d60e5cee70314ab7d8bf4e1578d64ea,64cff1319d2fd2cbb7a1e84ccecf22c1cc07b24435cdb522f8c0aa525d6002a6
807c127bbfc2784e4e2ce5f34932638d4d60e5cee70314ab7d8bf4e1578d64ea,85f1c8c8e324b6be99b13732edd1770eb0d200d15becbd659cc47ff5e060ac43
4438cb982246a9297365851ee9a985d47c86cde56cc19671ddc834c6c5ff8e67,85f1c8c8e324b6be99b13732edd1770eb0d200d15becbd659cc47ff5e060ac43
f89f3e9651d6a7b38d5e7888f0ae4c98f8ae1bdf1ef2f17814cedd33d6768422,85f1c8c8e324b6be99b13732edd1770eb0d200d15becbd659cc47ff5e060ac43
8c000e030f06a0bf5d5b82241e5dac25c70bab9353e673929763c2a5ea2ecc16,43f1fc2390a440781ffc1359e14ecb8389bfaaf8319bbe09f291a3872ea49bb9
70179dedc0dce29482a04d8c216add7b349225e4997977072e50976eab595090,271a22f75d73e13fa558d991442ecde8d75a34a0b9f6216d44b116f8612c82dc
738036b0c486ac1f7ed2e0290d1bf963479204e603e4e18b7526b15dffd1d881,271a22f75d73e13fa558d991442ecde8d75a34a0b9f6216d44b116f8612c82dc
738036b0c486ac1f7ed2e0290d1bf963479204e603e4e18b7526b15dffd1d881,9ed9b84aa0a7d0ba2089f52a0d93c4633ab780b01a7aa627de0a4238f33712a0
738036b0c486ac1f7ed2e0290d1bf963479204e603e4e18b7526b15dffd1d881,9360404e4f35ac209099b0fce8615971c8e89d2ab06348841d708bc3f20d28e3
61f36e936a85820a5ad1091c4f527600e3b3ce729f26d47a8b318c75c3124db1,85f1c8c8e324b6be99b13732edd1770eb0d200d15becbd659cc47ff5e060ac43
8b336f95f130aae107c37ed24752de29748129391c9469c9a22559c15eadaa41,1dd10f244a62771bcca9df74a9bc7d13363df8d3cd69ee07f66c2b1666b256ff
229676e5e2895b23b7092c6758fcafbdc47e50f47ad80e2a5486f8de9c7565d6,da72bf5bbca4ca33b822955cfbbf9e5b84e4e0fa5e5e68cf9d30054109fac58b
229676e5e2895b23b7092c6758fcafbdc47e50f47ad80e2a5486f8de9c7565d6,0e769600933790607b2a13b33ddfade0fa17810eb62c3b28ee23e59516516491
13e356f03307aae6efcdabe3e6a44391dd60c4f2e4bc4f2400e08081ea39535b,43f1fc2390a440781ffc1359e14ecb8389bfaaf8319bbe09f291a3872ea49bb9
0a8d7cab77a876941256d6450fecf5acfd5ffd603a0599c684b3524ca3e6613f,0e769600933790607b2a13b33ddfade0fa17810eb62c3b28ee23e59516516491
0a8d7cab77a876941256d6450fecf5acfd5ffd603a0599c684b3524ca3e6613f,542855513e4f74d08a92352680c339d82e2ae347fb021a7128c7f4146c40d295
0a8d7cab77a876941256d6450fecf5acfd5ffd603a0599c684b3524ca3e6613f,da72bf5bbca4ca33b822955cfbbf9e5b84e4e0fa5e5e68cf9d30054109fac58b
604f58c1b95a76d9516a0048ad028d54f39347e33471dee29a95c2baec8672b9,da72bf5bbca4ca33b822955cfbbf9e5b84e4e0fa5e5e68cf9d30054109fac58b
604f58c1b95a76d9516a0048ad028d54f39347e33471dee29a95c2baec8672b9,0e769600933790607b2a13b33ddfade0fa17810eb62c3b28ee23e59516516491
14bfe8e355011b988d412c756698447a404f488ecfefa6c2627c435af149e3df,85f1c8c8e324b6be99b13732edd1770eb0d200d15becbd659cc47ff5e060ac43
8484104caed624e6dc90d55916ac6f475597854deceafb446f9d894b2117d5e8,1dd10f244a62771bcca9df74a9bc7d13363df8d3cd69ee07f66c2b1666b256ff
7004ea5f566a7c6020c13bf858296f041d7661da047b0f199af0d41ef2a626a0,da72bf5bbca4ca33b822955cfbbf9e5b84e4e0fa5e5e68cf9d30054109fac58b
d97bc7ef68297362a0e12db39d6cf313fd88d2ae96592219cb0bece424b3a463,9360404e4f35ac209099b0fce8615971c8e89d2ab06348841d708bc3f20d28e3
d3df5ec0ed710ccce58e11fa8e8f85b40e921bd336c000a02a9be18661b6cd80,271a22f75d73e13fa558d991442ecde8d75a34a0b9f6216d44b116f8612c82dc
c38b7573aa858600710f6150718745d8429eaf0c9656c303fb088ab3cc7ff7fc,da72bf5bbca4ca33b822955cfbbf9e5b84e4e0fa5e5e68cf9d30054109fac58b
cca864ce9d25cb43c0aeb20e83c55cbbc0d4a75ee1d5350cfba328fcc9742f76,da72bf5bbca4ca33b822955cfbbf9e5b84e4e0fa5e5e68cf9d30054109fac58b
68651a5bdbb5cda9b5c759db99bbf103158f2337aaaea5485c14334a7b570810,da72bf5bbca4ca33b822955cfbbf9e5b84e4e0fa5e5e68cf9d30054109fac58b
724e9a3b4520feec2db9ab752edc068f34592e4ccf26261fbc490889f9f2f332,da72bf5bbca4ca33b822955cfbbf9e5b84e4e0fa5e5e68cf9d30054109fac58b
4144abcfcfe3af1afde33696ba878e7863cd0edc29392b4475db6c33012dd998,64cff1319d2fd2cbb7a1e84ccecf22c1cc07b24435cdb522f8c0aa525d6002a6
4144abcfcfe3af1afde33696ba878e7863cd0edc29392b4475db6c33012dd998,da72bf5bbca4ca33b822955cfbbf9e5b84e4e0fa5e5e68cf9d30054109fac58b
bde3ae9c86e24d43d80bece8ae105f1a99f4d5778c14ea2d47d0991cdb304864,da72bf5bbca4ca33b822955cfbbf9e5b84e4e0fa5e5e68cf9d30054109fac58b
bde3ae9c86e24d43d80bece8ae105f1a99f4d5778c14ea2d47d0991cdb304864,3bc3567a7fc6511a85072520dc1bdb95a732c4aee93a6533d53954f39124d7c9
f6cfe8a97be2b18dd045d7051c075a1c3d78d51edcc1421aa3928d51237a18d0,da72bf5bbca4ca33b822955cfbbf9e5b84e4e0fa5e5e68cf9d30054109fac58b
f6cfe8a97be2b18dd045d7051c075a1c3d78d51edcc1421aa3928d51237a18d0,9360404e4f35ac209099b0fce8615971c8e89d2ab06348841d708bc3f20d28e3
bd1203241f75aef2079e1395c7cb1158d7eaf22246196b99557753b67356424f,da72bf5bbca4ca33b822955cfbbf9e5b84e4e0fa5e5e68cf9d30054109fac58b
1439b68ff77d1e76d16655917a0c593db8db082730e3133387a6e9ea2ec96f77,da72bf5bbca4ca33b822955cfbbf9e5b84e4e0fa5e5e68cf9d30054109fac58b
1439b68ff77d1e76d16655917a0c593db8db082730e3133387a6e9ea2ec96f77,9360404e4f35ac209099b0fce8615971c8e89d2ab06348841d708bc3f20d28e3
1439b68ff77d1e76d16655917a0c593db8db082730e3133387a6e9ea2ec96f77,852a56bfaf803f454ce5e6380225fe1770c1e567bbb32cf335c99385c3930025
45636736e9120a74c54bc700197f4d7cf4395d9e6e47bb518f1b4f9b74609459,85f1c8c8e324b6be99b13732edd1770eb0d200d15becbd659cc47ff5e060ac43
63c6468d02fa856694ed9eb49117d2c49dff5932257d5834005c8a9cd472dc2c,43f1fc2390a440781ffc1359e14ecb8389bfaaf8319bbe09f291a3872ea49bb9
2b28a4094bba7ccc9e1e455635f618135b63de553600bad45e06cf569eb5f386,43f1fc2390a440781ffc1359e14ecb8389bfaaf8319bbe09f291a3872ea49bb9
290f3c31909a58ec22f852addf7973994146c7a76c56b875e75f93e997526a57,3bc3567a7fc6511a85072520dc1bdb95a732c4aee93a6533d53954f39124d7c9
5958f9792f193f5da413c17a5903d3dbfb0a02ea2f7556c30890e961608d3280,3bc3567a7fc6511a85072520dc1bdb95a732c4aee93a6533d53954f39124d7c9
5958f9792f193f5da413c17a5903d3dbfb0a02ea2f7556c30890e961608d3280,542855513e4f74d08a92352680c339d82e2ae347fb021a7128c7f4146c40d295
5958f9792f193f5da413c17a5903d3dbfb0a02ea2f7556c30890e961608d3280,da72bf5bbca4ca33b822955cfbbf9e5b84e4e0fa5e5e68cf9d30054109fac58b
bd7538d765e70f3f91cb4f3588b65a446f7ade05490b006d8fa41d7b122770f2,da72bf5bbca4ca33b822955cfbbf9e5b84e4e0fa5e5e68cf9d30054109fac58b
ed5c529489742bc703b5f8aece99eafbd9fddac8fd81d8a40c4c81e9fc75ed0a,271a22f75d73e13fa558d991442ecde8d75a34a0b9f6216d44b116f8612c82dc
0c8a88669a80ee097a92fd15d4207ea6a410f68a3816926df0245132749a9143,85f1c8c8e324b6be99b13732edd1770eb0d200d15becbd659cc47ff5e060ac43
0c8a88669a80ee097a92fd15d4207ea6a410f68a3816926df0245132749a9143,da72bf5bbca4ca33b822955cfbbf9e5b84e4e0fa5e5e68cf9d30054109fac58b
0c8a88669a80ee097a92fd15d4207ea6a410f68a3816926df0245132749a9143,bd2d677b2ed4381b48bb1d0841052c6d076e7d634d5052e85dcbe0b8a0dedd80
0524e7394eb76df1f29574d4ba57055eac2ed1c6669e318c552693a2d0d97ae9,da72bf5bbca4ca33b822955cfbbf9e5b84e4e0fa5e5e68cf9d30054109fac58b
148c43e26e1e42820c7f994865247902e44bd7e4d2784bb1e1e866014a21ff44,271a22f75d73e13fa558d991442ecde8d75a34a0b9f6216d44b116f8612c82dc
5351ed6c15c1297e5c88a6d832e3de9a920be554793e3552714ecb99d11a5157,da72bf5bbca4ca33b822955cfbbf9e5b84e4e0fa5e5e68cf9d30054109fac58b
5351ed6c15c1297e5c88a6d832e3de9a920be554793e3552714ecb99d11a5157,3bc3567a7fc6511a85072520dc1bdb95a732c4aee93a6533d53954f39124d7c9
4e54a87437b744fa053422b28fd6e12819daebae3f5a9e413b9d8fdf32fcab13,bd2d677b2ed4381b48bb1d0841052c6d076e7d634d5052e85dcbe0b8a0dedd80
4e54a87437b744fa053422b28fd6e12819daebae3f5a9e413b9d8fdf32fcab13,6eb00b4b2614a144d41ccdf709017a675953fae2df6cfd6b397bd9e4d8708461
f64da48dd526ce77f01c3ed06e9cc5d548e4bc8198572ecce1975ae024db983b,43f1fc2390a440781ffc1359e14ecb8389bfaaf8319bbe09f291a3872ea49bb9
fdac62d7284ed2e76d62d948fbd45208fefde87cd26553d413293b84ca15c77d,da72bf5bbca4ca33b822955cfbbf9e5b84e4e0fa5e5e68cf9d30054109fac58b
15fe27809be42a54b224d00682babcdaa3c0cb920d6494212a1f8eb296f16af3,da72bf5bbca4ca33b822955cfbbf9e5b84e4e0fa5e5e68cf9d30054109fac58b
15fe27809be42a54b224d00682babcdaa3c0cb920d6494212a1f8eb296f16af3,3bc3567a7fc6511a85072520dc1bdb95a732c4aee93a6533d53954f39124d7c9
c94998601760c32a11e3a9e69919597770748e5b99215f52a6d0434d60b9792c,da72bf5bbca4ca33b822955cfbbf9e5b84e4e0fa5e5e68cf9d30054109fac58b
002dcac67e9b5cc4f67c9422287db77b6f73d48e0824827afb67b4f9a39a9c98,85f1c8c8e324b6be99b13732edd1770eb0d200d15becbd659cc47ff5e060ac43
002dcac67e9b5cc4f67c9422287db77b6f73d48e0824827afb67b4f9a39a9c98,271a22f75d73e13fa558d991442ecde8d75a34a0b9f6216d44b116f8612c82dc
f5d150fda0ef5f9b85ff18ae5c9b604ec689ffda1ff3c1caee74f1e433703e6a,da72bf5bbca4ca33b822955cfbbf9e5b84e4e0fa5e5e68cf9d30054109fac58b
f5d150fda0ef5f9b85ff18ae5c9b604ec689ffda1ff3c1caee74f1e433703e6a,22611ceccd0b4d14703ccd4eaab3208ffc03d2c80d38655023b622e50d0466fe
f5d150fda0ef5f9b85ff18ae5c9b604ec689ffda1ff3c1caee74f1e433703e6a,9ed9b84aa0a7d0ba2089f52a0d93c4633ab780b01a7aa627de0a4238f33712a0
2af66db74dc4c6b2ed8b1ff7227527d3294dbe30aa31ce72e262ebd8d4601ad0,64cff1319d2fd2cbb7a1e84ccecf22c1cc07b24435cdb522f8c0aa525d6002a6
2af66db74dc4c6b2ed8b1ff7227527d3294dbe30aa31ce72e262ebd8d4601ad0,22611ceccd0b4d14703ccd4eaab3208ffc03d2c80d38655023b622e50d0466fe
fcbe2e9766f0fe40ff3708dd84fd32a02f0db7b01c00b04d49c5baa9307f8533,da72bf5bbca4ca33b822955cfbbf9e5b84e4e0fa5e5e68cf9d30054109fac58b
1ce3b4f402ac753388fb5b811871efb64c6bd2b5041f9da14e897d8f9c0d2072,271a22f75d73e13fa558d991442ecde8d75a34a0b9f6216d44b116f8612c82dc
77bee727183a4c0248f0dfff2abf814bf67bb877817927d1c1b90211c581c828,43f1fc2390a440781ffc1359e14ecb8389bfaaf8319bbe09f291a3872ea49bb9
fac228b2b758ed10acd8bc3be4992be0868baeb15ec8b236709ccf30d86351d8,da72bf5bbca4ca33b822955cfbbf9e5b84e4e0fa5e5e68cf9d30054109fac58b
fac228b2b758ed10acd8bc3be4992be0868baeb15ec8b236709ccf30d86351d8,64cff1319d2fd2cbb7a1e84ccecf22c1cc07b24435cdb522f8c0aa525d6002a6
bdddfc7f0ff6be0eac21f138ac7124ddabb55cac2e2a29317b847dab1b0c6bb7,43f1fc2390a440781ffc1359e14ecb8389bfaaf8319bbe09f291a3872ea49bb9
0e128822b069642e471c6f025d619408203a9869dbadbab8152555157edfe2a9,9360404e4f35ac209099b0fce8615971c8e89d2ab06348841d708bc3f20d28e3
0e128822b069642e471c6f025d619408203a9869dbadbab8152555157edfe2a9,9ed9b84aa0a7d0ba2089f52a0d93c4633ab780b01a7aa627de0a4238f33712a0
0e128822b069642e471c6f025d619408203a9869dbadbab8152555157edfe2a9,da72bf5bbca4ca33b822955cfbbf9e5b84e4e0fa5e5e68cf9d30054109fac58b
91683a1d530e31e9a4ebd70e1f8c61c7a4889bd4eff750cd73cdbaab652d2c7d,64cff1319d2fd2cbb7a1e84ccecf22c1cc07b24435cdb522f8c0aa525d6002a6
91683a1d530e31e9a4ebd70e1f8c61c7a4889bd4eff750cd73cdbaab652d2c7d,22611ceccd0b4d14703ccd4eaab3208ffc03d2c80d38655023b622e50d0466fe
91683a1d530e31e9a4ebd70e1f8c61c7a4889bd4eff750cd73cdbaab652d2c7d,da72bf5bbca4ca33b822955cfbbf9e5b84e4e0fa5e5e68cf9d30054109fac58b
62319180405e8c1b10b1e41ff82bf1177e9d152366673f1a9f92ae6126247f20,43f1fc2390a440781ffc1359e14ecb8389bfaaf8319bbe09f291a3872ea49bb9
45ff27d766a535835887208ba05790212041c1cca9c8016e27dc78d6465cde6b,542855513e4f74d08a92352680c339d82e2ae347fb021a7128c7f4146c40d295
7afebc54c4f29003376e8107d7f4a40ce66ae825bc65e461ac0c65c9e084d584,271a22f75d73e13fa558d991442ecde8d75a34a0b9f6216d44b116f8612c82dc
06a7bcacb6a69c57df797aa8511bf9a3dbbbbebbd7467be9e7c952178f8277cd,da72bf5bbca4ca33b822955cfbbf9e5b84e4e0fa5e5e68cf9d30054109fac58b
06a7bcacb6a69c57df797aa8511bf9a3dbbbbebbd7467be9e7c952178f8277cd,85f1c8c8e324b6be99b13732edd1770eb0d200d15becbd659cc47ff5e060ac43
06a7bcacb6a69c57df797aa8511bf9a3dbbbbebbd7467be9e7c952178f8277cd,3bc3567a7fc6511a85072520dc1bdb95a732c4aee93a6533d53954f39124d7c9
f72b40dde9a3203d87bea8e518a83be3e50efaa7247443faa5ee2b2ad43c68c3,da72bf5bbca4ca33b822955cfbbf9e5b84e4e0fa5e5e68cf9d30054109fac58b
6beb73d2f73078141d615f8b3ba736de6c670a95c8d6732afe357af5c9f06367,43f1fc2390a440781ffc1359e14ecb8389bfaaf8319bbe09f291a3872ea49bb9
d69db18183a2839afb55bf836af986662968fbd93d3a28659326c4cd0b42b6f4,da72bf5bbca4ca33b822955cfbbf9e5b84e4e0fa5e5e68cf9d30054109fac58b
5118da1111c4be8a779c10ee95cb29ac60ec475b77ecba3cc27ced6bd9c1de2b,3bc3567a7fc6511a85072520dc1bdb95a732c4aee93a6533d53954f39124d7c9
5118da1111c4be8a779c10ee95cb29ac60ec475b77ecba3cc27ced6bd9c1de2b,852a56bfaf803f454ce5e6380225fe1770c1e567bbb32cf335c99385c3930025
82e38b7f52d3cfc679cf1b1c51442e13c6b899f5c294cbb0cab9ff0e9bc066a7,271a22f75d73e13fa558d991442ecde8d75a34a0b9f6216d44b116f8612c82dc
82e38b7f52d3cfc679cf1b1c51442e13c6b899f5c294cbb0cab9ff0e9bc066a7,85f1c8c8e324b6be99b13732edd1770eb0d200d15becbd659cc47ff5e060ac43
253ebcd5838095155e900afd268e5b88292eb98770e6fae235af3c34ab103e58,271a22f75d73e13fa558d991442ecde8d75a34a0b9f6216d44b116f8612c82dc
0aa5dc29512aee6424c2ae501d346e1599d4f6e83482e047d3a0e6f3be42e08a,271a22f75d73e13fa558d991442ecde8d75a34a0b9f6216d44b116f8612c82dc
f29201903f9c0222f02beb9e5402539f56cc93da573235c7f44af1b6be7b3d50,43f1fc2390a440781ffc1359e14ecb8389bfaaf8319bbe09f291a3872ea49bb9
29828557d7c8d9a3702f079e217227fe9370d411cefdbb63daef4ba26a46e334,271a22f75d73e13fa558d991442ecde8d75a34a0b9f6216d44b116f8612c82dc
6aa6089025e7645d0b9cbad6025f45d9a38cd3bf5ad1e6efde714bbd8f405830,852a56bfaf803f454ce5e6380225fe1770c1e567bbb32cf335c99385c3930025
250a6c3bf968726e8fd2fc84f7d4b8e897378a54b462f093aa0cd3b65f54bdbf,271a22f75d73e13fa558d991442ecde8d75a34a0b9f6216d44b116f8612c82dc
250a6c3bf968726e8fd2fc84f7d4b8e897378a54b462f093aa0cd3b65f54bdbf,85f1c8c8e324b6be99b13732edd1770eb0d200d15becbd659cc47ff5e060ac43
75a315b13242a45b7dc23f52727f0053996550fa78e4b0ed713cf08628b3af30,64cff1319d2fd2cbb7a1e84ccecf22c1cc07b24435cdb522f8c0aa525d6002a6
75a315b13242a45b7dc23f52727f0053996550fa78e4b0ed713cf08628b3af30,85f1c8c8e324b6be99b13732edd1770eb0d200d15becbd659cc47ff5e060ac43
f2a1eff1746cb8de240d8e6a98ac95e6bd288e07b121ea152216cf353a89d6ce,da72bf5bbca4ca33b822955cfbbf9e5b84e4e0fa5e5e68cf9d30054109fac58b
58a0f29c78331b7f6c25253bf53788285f01ea90c7b176c842e9f86b1019b6cd,da72bf5bbca4ca33b822955cfbbf9e5b84e4e0fa5e5e68cf9d30054109fac58b
85ff43eb9d3e7cab18436b6d01dac6883c869f5dcb1a55694dc8123f9b05d959,271a22f75d73e13fa558d991442ecde8d75a34a0b9f6216d44b116f8612c82dc
85ff43eb9d3e7cab18436b6d01dac6883c869f5dcb1a55694dc8123f9b05d959,9360404e4f35ac209099b0fce8615971c8e89d2ab06348841d708bc3f20d28e3
9e3c9498a7295795f6690ad05d48d5ad00ba155682bca8bc861dbe4f44c0a131,43f1fc2390a440781ffc1359e14ecb8389bfaaf8319bbe09f291a3872ea49bb9
47729e1c2040640d7439d634cef17a7549fa01e6500fadf0a6deec0d30060fbc,da72bf5bbca4ca33b822955cfbbf9e5b84e4e0fa5e5e68cf9d30054109fac58b
47ac413daa67784237112f89795cb742720efecb1fb504d7048806f6762a6c29,43f1fc2390a440781ffc1359e14ecb8389bfaaf8319bbe09f291a3872ea49bb9
0409f585b393c59279a55551b84e634b67d88c5a1acc43d635a3af2dad36b3b5,da72bf5bbca4ca33b822955cfbbf9e5b84e4e0fa5e5e68cf9d30054109fac58b
0409f585b393c59279a55551b84e634b67d88c5a1acc43d635a3af2dad36b3b5,64cff1319d2fd2cbb7a1e84ccecf22c1cc07b24435cdb522f8c0aa525d6002a6
a832cf65558d1a457b60e076a013a14331cc8e59a89edfebd6b86b7195de69a4,da72bf5bbca4ca33b822955cfbbf9e5b84e4e0fa5e5e68cf9d30054109fac58b
a832cf65558d1a457b60e076a013a14331cc8e59a89edfebd6b86b7195de69a4,852a56bfaf803f454ce5e6380225fe1770c1e567bbb32cf335c99385c3930025
a832cf65558d1a457b60e076a013a14331cc8e59a89edfebd6b86b7195de69a4,6eb00b4b2614a144d41ccdf709017a675953fae2df6cfd6b397bd9e4d8708461
cec8f530a12671931e9e6f55ad6945770d34dbd17ce6c402334aef4714e80214,43f1fc2390a440781ffc1359e14ecb8389bfaaf8319bbe09f291a3872ea49bb9
63b4a9661c2897c9470fb83b75fcb1d59f724ba8b8c95d80955464438b2b0221,da72bf5bbca4ca33b822955cfbbf9e5b84e4e0fa5e5e68cf9d30054109fac58b
c6b67f8eb8a63b3a89225182a968f084211e97c2d7718b43cb28fb996c76f19f,d7d2f0ffb02cf5f91acf2010f88656db336d9e293f80d504b1d3dac08aa17502
d45d11686b788e49cc3214f5248e44cb015b3f3025b048c19be1a73824e9a293,85f1c8c8e324b6be99b13732edd1770eb0d200d15becbd659cc47ff5e060ac43
e8dc17171b8a8b242c5a23931ffb33ac51838d302f5f536675d4e90b17aab643,da72bf5bbca4ca33b822955cfbbf9e5b84e4e0fa5e5e68cf9d30054109fac58b
e8dc17171b8a8b242c5a23931ffb33ac51838d302f5f536675d4e90b17aab643,3bc3567a7fc6511a85072520dc1bdb95a732c4aee93a6533d53954f39124d7c9
08bb9da01ebb2d2a08fa91568dd8c421d85f2c0a93643108e9874c01f077dfdf,43f1fc2390a440781ffc1359e14ecb8389bfaaf8319bbe09f291a3872ea49bb9
7c02e643490192828f18e2fcf803f015d86d3b7f7c7efeec7d60944e670c3f9e,271a22f75d73e13fa558d991442ecde8d75a34a0b9f6216d44b116f8612c82dc
7c02e643490192828f18e2fcf803f015d86d3b7f7c7efeec7d60944e670c3f9e,9360404e4f35ac209099b0fce8615971c8e89d2ab06348841d708bc3f20d28e3
7c02e643490192828f18e2fcf803f015d86d3b7f7c7efeec7d60944e670c3f9e,9ed9b84aa0a7d0ba2089f52a0d93c4633ab780b01a7aa627de0a4238f33712a0
7c02e643490192828f18e2fcf803f015d86d3b7f7c7efeec7d60944e670c3f9e,852a56bfaf803f454ce5e6380225fe1770c1e567bbb32cf335c99385c3930025
19b3918571e67e65f99246a9c2d909aa47d8eaa641355fa841fb641cbc53ee2d,43f1fc2390a440781ffc1359e14ecb8389bfaaf8319bbe09f291a3872ea49bb9
0c19e30cf78044c4d65525955ee68b1c25a6fcf649c255fa19c92b0501c38951,271a22f75d73e13fa558d991442ecde8d75a34a0b9f6216d44b116f8612c82dc
8a1a93407bef729e22f5c23a1b6e077e627acff07a4bf989ccecc9df2da97289,85f1c8c8e324b6be99b13732edd1770eb0d200d15becbd659cc47ff5e060ac43
58c70e1065b58080461183412aabba656c9b0f5b01e882ecb4368cb8735bdd7f,85f1c8c8e324b6be99b13732edd1770eb0d200d15becbd659cc47ff5e060ac43
58c70e1065b58080461183412aabba656c9b0f5b01e882ecb4368cb8735bdd7f,3bc3567a7fc6511a85072520dc1bdb95a732c4aee93a6533d53954f39124d7c9
685de0e3b7cbef86ac68864af66d54061640cb681df9220da28e9c2f3b02ba3f,43f1fc2390a440781ffc1359e14ecb8389bfaaf8319bbe09f291a3872ea49bb9
5a36828eca9d64d445f84ff68ad7e9d29004aa7b17b7937fef7891a47b6b9935,9360404e4f35ac209099b0fce8615971c8e89d2ab06348841d708bc3f20d28e3
67fc33999aab323c22c708321c2b9216c583a95da8a504abb384b9b60caa677f,da72bf5bbca4ca33b822955cfbbf9e5b84e4e0fa5e5e68cf9d30054109fac58b
1f8df9b94487089fc3daef2550a28c54edbf341ad8ff786093df318ab2c8fbce,da72bf5bbca4ca33b822955cfbbf9e5b84e4e0fa5e5e68cf9d30054109fac58b
a45805af019f2c37819907b228cd6b9a568973f71203be218a931e25367d5ba7,da72bf5bbca4ca33b822955cfbbf9e5b84e4e0fa5e5e68cf9d30054109fac58b
eb609a7e169f780c6ffaf06daaca7484d9aaeae98406d24f79c473424ecd4c0c,da72bf5bbca4ca33b822955cfbbf9e5b84e4e0fa5e5e68cf9d30054109fac58b
8f1a457f9a8cf5029d7701246a2380794df7d545492c752b2fea9467a843ebfc,1dd10f244a62771bcca9df74a9bc7d13363df8d3cd69ee07f66c2b1666b256ff
8f1a457f9a8cf5029d7701246a2380794df7d545492c752b2fea9467a843ebfc,bd2d677b2ed4381b48bb1d0841052c6d076e7d634d5052e85dcbe0b8a0dedd80
445ac036ff45f180ec55480cea608901bdf66592682073fe6cc8ba8eb8659331,da72bf5bbca4ca33b822955cfbbf9e5b84e4e0fa5e5e68cf9d30054109fac58b
445ac036ff45f180ec55480cea608901bdf66592682073fe6cc8ba8eb8659331,271a22f75d73e13fa558d991442ecde8d75a34a0b9f6216d44b116f8612c82dc
445ac036ff45f180ec55480cea608901bdf66592682073fe6cc8ba8eb8659331,9360404e4f35ac209099b0fce8615971c8e89d2ab06348841d708bc3f20d28e3
911a87e7c97e1dcf14bb56243fa89fc101f9d9bec62cae8d26c12f823e371415,43f1fc2390a440781ffc1359e14ecb8389bfaaf8319bbe09f291a3872ea49bb9
1bf289b0ad7912d24e20a55025f7757396a5d6aa97b819271ab0b06946f9e997,43f1fc2390a440781ffc1359e14ecb8389bfaaf8319bbe09f291a3872ea49bb9
59013d0977a95c758324f850482f08ce6c989b15774a89b67c88ef5532d5eac5,6eb00b4b2614a144d41ccdf709017a675953fae2df6cfd6b397bd9e4d8708461
594e53e86a0af7cde0e3db3a43d4c759ded8332bb561e4063bea8ed6bdc8bca5,9360404e4f35ac209099b0fce8615971c8e89d2ab06348841d708bc3f20d28e3
594e53e86a0af7cde0e3db3a43d4c759ded8332bb561e4063bea8ed6bdc8bca5,271a22f75d73e13fa558d991442ecde8d75a34a0b9f6216d44b116f8612c82dc
594e53e86a0af7cde0e3db3a43d4c759ded8332bb561e4063bea8ed6bdc8bca5,da72bf5bbca4ca33b822955cfbbf9e5b84e4e0fa5e5e68cf9d30054109fac58b
ec33ce2c85c22dee5e9789a97e4fb732a9f0612450d9787210033d3e58f17ce0,da72bf5bbca4ca33b822955cfbbf9e5b84e4e0fa5e5e68cf9d30054109fac58b
ec33ce2c85c22dee5e9789a97e4fb732a9f0612450d9787210033d3e58f17ce0,9ed9b84aa0a7d0ba2089f52a0d93c4633ab780b01a7aa627de0a4238f33712a0
ec33ce2c85c22dee5e9789a97e4fb732a9f0612450d9787210033d3e58f17ce0,85f1c8c8e324b6be99b13732edd1770eb0d200d15becbd659cc47ff5e060ac43
fb9bd4af012b6a78e5891910f48ceeca05dd4bf178e0f8e56a06f52b37dafca0,1dd10f244a62771bcca9df74a9bc7d13363df8d3cd69ee07f66c2b1666b256ff
f0e7b1e57fc9c0036c0b6f7775a5d2b171468579f694338e51cd1fdccc07815f,43f1fc2390a440781ffc1359e14ecb8389bfaaf8319bbe09f291a3872ea49bb9
446f8c66d9f548e6aede984dda32b5f7a34943ed9922df6a11a6c922530a5571,43f1fc2390a440781ffc1359e14ecb8389bfaaf8319bbe09f291a3872ea49bb9
af01be23176136386c73f7c1ad7b3b5a5d9de1cf95cb0477e1005693c318e738,da72bf5bbca4ca33b822955cfbbf9e5b84e4e0fa5e5e68cf9d30054109fac58b
e9be34f637b9cc97b4e438d906efbdcd58ebf8681ad20ac0b078734bc133c7cc,43f1fc2390a440781ffc1359e14ecb8389bfaaf8319bbe09f291a3872ea49bb9
9f7f330e0433b9cad2f46d748ae6329935cecf720d5ee406beeb0602567bd69a,da72bf5bbca4ca33b822955cfbbf9e5b84e4e0fa5e5e68cf9d30054109fac58b
52ad602bb3c0de199eced739c2249d807c4d72d2d32f7262a74b4e9b4ff9c5fe,da72bf5bbca4ca33b822955cfbbf9e5b84e4e0fa5e5e68cf9d30054109fac58b
65859b279b80f6391a7ba668b66025332cab16307e87974c7db7fabee7e16f35,22611ceccd0b4d14703ccd4eaab3208ffc03d2c80d38655023b622e50d0466fe
65859b279b80f6391a7ba668b66025332cab16307e87974c7db7fabee7e16f35,852a56bfaf803f454ce5e6380225fe1770c1e567bbb32cf335c99385c3930025
65859b279b80f6391a7ba668b66025332cab16307e87974c7db7fabee7e16f35,da72bf5bbca4ca33b822955cfbbf9e5b84e4e0fa5e5e68cf9d30054109fac58b
490bb2a1191b60cd753e5eaf7e815f646aedc96e0e6e40073f3d0b41873dd376,43f1fc2390a440781ffc1359e14ecb8389bfaaf8319bbe09f291a3872ea49bb9
3b10aaf37b98cde66d4a17585b92dde782464eb450a418ebbcced89e32595a8e,43f1fc2390a440781ffc1359e14ecb8389bfaaf8319bbe09f291a3872ea49bb9
0ed49705aa40be7a78f25f1b6d749ce5834cb6d14b66681c8a2984c396567681,542855513e4f74d08a92352680c339d82e2ae347fb021a7128c7f4146c40d295
0efd1be187bcb5a9901cf8945cb31cb3af3e853ecdb4c5a944d7f3a325e4c85c,da72bf5bbca4ca33b822955cfbbf9e5b84e4e0fa5e5e68cf9d30054109fac58b
0efd1be187bcb5a9901cf8945cb31cb3af3e853ecdb4c5a944d7f3a325e4c85c,85f1c8c8e324b6be99b13732edd1770eb0d200d15becbd659cc47ff5e060ac43
5130703011df2531c7f6f3880981ad3036e73d92748ff40f328ddf5512037f0e,da72bf5bbca4ca33b822955cfbbf9e5b84e4e0fa5e5e68cf9d30054109fac58b
7e11ff701da42eb2940d42f8c4d468db11d4dd3447ecbe1404be2a46814bdfdd,bd2d677b2ed4381b48bb1d0841052c6d076e7d634d5052e85dcbe0b8a0dedd80
e5d6e492b39f9ab47fe277df1ff122a2b39077a9458cd8d845bb32d9371ae98f,271a22f75d73e13fa558d991442ecde8d75a34a0b9f6216d44b116f8612c82dc
2d3801f09c77575be9701c674db4883310eb88a7a69aa506526ea287b48544b3,da72bf5bbca4ca33b822955cfbbf9e5b84e4e0fa5e5e68cf9d30054109fac58b
10b101f7c2e89c9cb58e362a5e3a693c9a1c349a44cb5b8912a77733a0234d60,22611ceccd0b4d14703ccd4eaab3208ffc03d2c80d38655023b622e50d0466fe
ef03298f7128d33130d86501b8962874280be2da2e029322285639aba280b825,43f1fc2390a440781ffc1359e14ecb8389bfaaf8319bbe09f291a3872ea49bb9
535d1c7d606de946014da6364a32f90f36c6690204b804025225530f916231f1,da72bf5bbca4ca33b822955cfbbf9e5b84e4e0fa5e5e68cf9d30054109fac58b
33e99ea3211eddcc2fe4e305190e411ae35440223a9c58277d4edab56306a711,64cff1319d2fd2cbb7a1e84ccecf22c1cc07b24435cdb522f8c0aa525d6002a6
33e99ea3211eddcc2fe4e305190e411ae35440223a9c58277d4edab56306a711,3bc3567a7fc6511a85072520dc1bdb95a732c4aee93a6533d53954f39124d7c9
5e2d7ea6844d22d35189a5d386cf52373d40c9a0be1967b3a5dce085b530dfd6,da72bf5bbca4ca33b822955cfbbf9e5b84e4e0fa5e5e68cf9d30054109fac58b
730c6b20e33b7d4450c5de7213b7a0e2b84e8019e9c36bb5cec14d1d28dfb2fb,da72bf5bbca4ca33b822955cfbbf9e5b84e4e0fa5e5e68cf9d30054109fac58b
9361f717aa2e75df24bc084f600e3b621af703b105b72e8ba19271ddce9e79ca,6eb00b4b2614a144d41ccdf709017a675953fae2df6cfd6b397bd9e4d8708461
be74c4544be0220c1329e270b85b4114539a1b2da03302fcc6d4e8a8ae9589c7,da72bf5bbca4ca33b822955cfbbf9e5b84e4e0fa5e5e68cf9d30054109fac58b
0b5de68b61a24f55d8946ec62ede1cd6fcb7a068aa82370d6d489b785514f713,da72bf5bbca4ca33b822955cfbbf9e5b84e4e0fa5e5e68cf9d30054109fac58b
0b5de68b61a24f55d8946ec62ede1cd6fcb7a068aa82370d6d489b785514f713,bd2d677b2ed4381b48bb1d0841052c6d076e7d634d5052e85dcbe0b8a0dedd80
8904bd95d5a6759d7e4e43d5e6c442fef1f37e978fb4696e8382951bbae639c6,85f1c8c8e324b6be99b13732edd1770eb0d200d15becbd659cc47ff5e060ac43
8904bd95d5a6759d7e4e43d5e6c442fef1f37e978fb4696e8382951bbae639c6,35624b8800fae3fd49027ffc8d2a4e4bd697a0166c97ec564b5ea19b10b242dd
8904bd95d5a6759d7e4e43d5e6c442fef1f37e978fb4696e8382951bbae639c6,1dd10f244a62771bcca9df74a9bc7d13363df8d3cd69ee07f66c2b1666b256ff
81f55b12ea511759ca63f4b6a23e7642f39e9ff5e8112c7928329f04346058bf,da72bf5bbca4ca33b822955cfbbf9e5b84e4e0fa5e5e68cf9d30054109fac58b
81f55b12ea511759ca63f4b6a23e7642f39e9ff5e8112c7928329f04346058bf,852a56bfaf803f454ce5e6380225fe1770c1e567bbb32cf335c99385c3930025
b001595a185a94640bfd90d442661b1bd0a7ed92b1480ec8063205ee1ee47b52,43f1fc2390a440781ffc1359e14ecb8389bfaaf8319bbe09f291a3872ea49bb9
a48a8ced106a90c2c6ebaa1994ee7b479b7271a8ab180058f6c85624f100d0bb,43f1fc2390a440781ffc1359e14ecb8389bfaaf8319bbe09f291a3872ea49bb9
d24c800715c11b318748839eabfd64676f64d2f59ffcd0e2c6ef72774cc12e35,542855513e4f74d08a92352680c339d82e2ae347fb021a7128c7f4146c40d295
d24c800715c11b318748839eabfd64676f64d2f59ffcd0e2c6ef72774cc12e35,9360404e4f35ac209099b0fce8615971c8e89d2ab06348841d708bc3f20d28e3
a7a63452206e817b4e44ac3401b551411ffbe72c602d6e94c46d0820f647409d,da72bf5bbca4ca33b822955cfbbf9e5b84e4e0fa5e5e68cf9d30054109fac58b
a7a63452206e817b4e44ac3401b551411ffbe72c602d6e94c46d0820f647409d,3bc3567a7fc6511a85072520dc1bdb95a732c4aee93a6533d53954f39124d7c9
29bb4f5ab280f5d9205c154ed1d105d4f806393b774e318deb7cec6062779d83,da72bf5bbca4ca33b822955cfbbf9e5b84e4e0fa5e5e68cf9d30054109fac58b
29bb4f5ab280f5d9205c154ed1d105d4f806393b774e318deb7cec6062779d83,3bc3567a7fc6511a85072520dc1bdb95a732c4aee93a6533d53954f39124d7c9
bd8e9c91300cfbd0cc14689358bcd8f20543c69cece36c8dcb2e3e6bb33220d6,9360404e4f35ac209099b0fce8615971c8e89d2ab06348841d708bc3f20d28e3
bd8e9c91300cfbd0cc14689358bcd8f20543c69cece36c8dcb2e3e6bb33220d6,64cff1319d2fd2cbb7a1e84ccecf22c1cc07b24435cdb522f8c0aa525d6002a6
3e66811a7dcddf9557ea9c46bbdada5b44ae78daa7e638e34226a536ac2dfbe1,da72bf5bbca4ca33b822955cfbbf9e5b84e4e0fa5e5e68cf9d30054109fac58b
3e66811a7dcddf9557ea9c46bbdada5b44ae78daa7e638e34226a536ac2dfbe1,bd2d677b2ed4381b48bb1d0841052c6d076e7d634d5052e85dcbe0b8a0dedd80
ba0ef078b6e6b518a2b99fae90ca2c95a9c4ab206f8566db5225fef9ce2478b3,271a22f75d73e13fa558d991442ecde8d75a34a0b9f6216d44b116f8612c82dc
ba0ef078b6e6b518a2b99fae90ca2c95a9c4ab206f8566db5225fef9ce2478b3,22611ceccd0b4d14703ccd4eaab3208ffc03d2c80d38655023b622e50d0466fe
7296b6a100cd85209d09add54c93405b84563d24a0f1bb364708d9ec30040990,da72bf5bbca4ca33b822955cfbbf9e5b84e4e0fa5e5e68cf9d30054109fac58b
7296b6a100cd85209d09add54c93405b84563d24a0f1bb364708d9ec30040990,9ed9b84aa0a7d0ba2089f52a0d93c4633ab780b01a7aa627de0a4238f33712a0
7296b6a100cd85209d09add54c93405b84563d24a0f1bb364708d9ec30040990,35624b8800fae3fd49027ffc8d2a4e4bd697a0166c97ec564b5ea19b10b242dd
2cf1708f760cb2c8de816195d2589c87015c95296742ec5f74510117fd28753b,da72bf5bbca4ca33b822955cfbbf9e5b84e4e0fa5e5e68cf9d30054109fac58b
c532c219a3a97be8e759503a40916d861aaac0ed209d8b64db0c7d44fa0f4581,43f1fc2390a440781ffc1359e14ecb8389bfaaf8319bbe09f291a3872ea49bb9
7ad5e4fd6c8524913d3a6bb9925f5743561936257ec7f432d1084d8be68fa581,da72bf5bbca4ca33b822955cfbbf9e5b84e4e0fa5e5e68cf9d30054109fac58b
39455ddfa73d5ef3efbc13ca8b328d492596a934fd1d4002f7fed0631b73c812,22611ceccd0b4d14703ccd4eaab3208ffc03d2c80d38655023b622e50d0466fe
39455ddfa73d5ef3efbc13ca8b328d492596a934fd1d4002f7fed0631b73c812,da72bf5bbca4ca33b822955cfbbf9e5b84e4e0fa5e5e68cf9d30054109fac58b
7b0e1c4fcd89cba37f935addb8bb310440132884260b35a0d35a5b77363ba81d,43f1fc2390a440781ffc1359e14ecb8389bfaaf8319bbe09f291a3872ea49bb9
00140d9f291d76d6dd64d7c3b4d5adc4d8939b2a19d481e8c8081a3b648d83a9,271a22f75d73e13fa558d991442ecde8d75a34a0b9f6216d44b116f8612c82dc
7afa7ee2d73d5bda4c7f14780582695672a473855a44348e711bfb4ffee6f446,da72bf5bbca4ca33b822955cfbbf9e5b84e4e0fa5e5e68cf9d30054109fac58b
9df76ef7abfeb205f9d01c58088e1b2d54c43702a21330c575784265cbef704f,1dd10f244a62771bcca9df74a9bc7d13363df8d3cd69ee07f66c2b1666b256ff
9df76ef7abfeb205f9d01c58088e1b2d54c43702a21330c575784265cbef704f,9a3c16424750cbde029c47e059f219dc64d8943ac4073a1cc5bc9accd979fc17
9df76ef7abfeb205f9d01c58088e1b2d54c43702a21330c575784265cbef704f,64cff1319d2fd2cbb7a1e84ccecf22c1cc07b24435cdb522f8c0aa525d6002a6
9df76ef7abfeb205f9d01c58088e1b2d54c43702a21330c575784265cbef704f,542855513e4f74d08a92352680c339d82e2ae347fb021a7128c7f4146c40d295
5890ad14c09d4727ebd3c7150338c28bf875e37f0e3818c7ef67edbdc2faa8d3,da72bf5bbca4ca33b822955cfbbf9e5b84e4e0fa5e5e68cf9d30054109fac58b
1487ebeac4b3444af604b61631344562c022efa921b984152c74d71ab18809dc,43f1fc2390a440781ffc1359e14ecb8389bfaaf8319bbe09f291a3872ea49bb9
2f1ed9ecac60acfd46e97b9fc917cee5239e60221f13e6624e7744e245564311,da72bf5bbca4ca33b822955cfbbf9e5b84e4e0fa5e5e68cf9d30054109fac58b
177aecdd6dbdde6342ca6b868de4d1dc96182e1eb9278361334a632dff84e346,271a22f75d73e13fa558d991442ecde8d75a34a0b9f6216d44b116f8612c82dc
177aecdd6dbdde6342ca6b868de4d1dc96182e1eb9278361334a632dff84e346,9360404e4f35ac209099b0fce8615971c8e89d2ab06348841d708bc3f20d28e3
e9fb8603de9206ec05d84d8d3cbd25f49cf021f45b486011d731d5162618fe9e,43f1fc2390a440781ffc1359e14ecb8389bfaaf8319bbe09f291a3872ea49bb9
e9fb8603de9206ec05d84d8d3cbd25f49cf021f45b486011d731d5162618fe9e,6eb00b4b2614a144d41ccdf709017a675953fae2df6cfd6b397bd9e4d8708461
d13c254a41a1c32171ecbec3b61a904fbd7adf3d1e0ab2e300050efd4b9c591d,9360404e4f35ac209099b0fce8615971c8e89d2ab06348841d708bc3f20d28e3
bef55a21c2222e7d1abb6aa4348d9ddcfb555bde443c0a0dd721717ce9f56da8,9360404e4f35ac209099b0fce8615971c8e89d2ab06348841d708bc3f20d28e3
bef55a21c2222e7d1abb6aa4348d9ddcfb555bde443c0a0dd721717ce9f56da8,da72bf5bbca4ca33b822955cfbbf9e5b84e4e0fa5e5e68cf9d30054109fac58b
1e074ad606ad2b108abad94c82f9bb6fdd3ded2faa0f2b85080ad0ad6654c2fa,271a22f75d73e13fa558d991442ecde8d75a34a0b9f6216d44b116f8612c82dc
1e074ad606ad2b108abad94c82f9bb6fdd3ded2faa0f2b85080ad0ad6654c2fa,852a56bfaf803f454ce5e6380225fe1770c1e567bbb32cf335c99385c3930025
4ffc6460f0a5e38b90214206180d0a89f82ea674469738a88f03f23d2ab0495d,9360404e4f35ac209099b0fce8615971c8e89d2ab06348841d708bc3f20d28e3
641f6322778d2835efc56d2314dd31341000904c3c6512cf260587778d733eef,da72bf5bbca4ca33b822955cfbbf9e5b84e4e0fa5e5e68cf9d30054109fac58b
641f6322778d2835efc56d2314dd31341000904c3c6512cf260587778d733eef,85f1c8c8e324b6be99b13732edd1770eb0d200d15becbd659cc47ff5e060ac43
04a38905841abca014b6443e3902aa1df33ca3da4fcf3ee030bd3cd566874457,85f1c8c8e324b6be99b13732edd1770eb0d200d15becbd659cc47ff5e060ac43
04a38905841abca014b6443e3902aa1df33ca3da4fcf3ee030bd3cd566874457,271a22f75d73e13fa558d991442ecde8d75a34a0b9f6216d44b116f8612c82dc
04a38905841abca014b6443e3902aa1df33ca3da4fcf3ee030bd3cd566874457,35624b8800fae3fd49027ffc8d2a4e4bd697a0166c97ec564b5ea19b10b242dd
6a9d68cacc8047c5c777c30c00fa4b985f874d726f3b905d756c3f29eab62436,1dd10f244a62771bcca9df74a9bc7d13363df8d3cd69ee07f66c2b1666b256ff
9d53b93e08e71f9ba46a84a7a21567c41134e7d3b22814e422b97a1be5373038,64cff1319d2fd2cbb7a1e84ccecf22c1cc07b24435cdb522f8c0aa525d6002a6
993076fbd994a989eb3656c86017af58ae53b08e2dc282fcb632274bc7b82d1b,43f1fc2390a440781ffc1359e14ecb8389bfaaf8319bbe09f291a3872ea49bb9
049d2d498aa7ec5d748845febdf64f79f3ed9110adfa1cfd0fa2a25b11bfdeec,43f1fc2390a440781ffc1359e14ecb8389bfaaf8319bbe09f291a3872ea49bb9
10d9c3a29528c2d99952a564563c299e3876e2bf04dd98e278bbc8ff2588a5be,da72bf5bbca4ca33b822955cfbbf9e5b84e4e0fa5e5e68cf9d30054109fac58b
9f9d798fbdf8061da7f158651520bf78a10bafcf7eb65cccca71ee0c554e9160,85f1c8c8e324b6be99b13732edd1770eb0d200d15becbd659cc47ff5e060ac43
9f9d798fbdf8061da7f158651520bf78a10bafcf7eb65cccca71ee0c554e9160,22611ceccd0b4d14703ccd4eaab3208ffc03d2c80d38655023b622e50d0466fe
9f9d798fbdf8061da7f158651520bf78a10bafcf7eb65cccca71ee0c554e9160,271a22f75d73e13fa558d991442ecde8d75a34a0b9f6216d44b116f8612c82dc
9f9d798fbdf8061da7f158651520bf78a10bafcf7eb65cccca71ee0c554e9160,9ed9b84aa0a7d0ba2089f52a0d93c4633ab780b01a7aa627de0a4238f33712a0
9f9d798fbdf8061da7f158651520bf78a10bafcf7eb65cccca71ee0c554e9160,9360404e4f35ac209099b0fce8615971c8e89d2ab06348841d708bc3f20d28e3
87e83aa995db55c89705b18812a0526c01486e815d3b223807822f1cda547302,271a22f75d73e13fa558d991442ecde8d75a34a0b9f6216d44b116f8612c82dc
0917df312515921036628069ad728cd86f22ffd75935bbbb309b48040120cfd3,85f1c8c8e324b6be99b13732edd1770eb0d200d15becbd659cc47ff5e060ac43
7faf9ec36eb87278f957330ac855b56ec15380c4f1848a1f94f6a05f091a2e5d,1dd10f244a62771bcca9df74a9bc7d13363df8d3cd69ee07f66c2b1666b256ff
7faf9ec36eb87278f957330ac855b56ec15380c4f1848a1f94f6a05f091a2e5d,9a3c16424750cbde029c47e059f219dc64d8943ac4073a1cc5bc9accd979fc17
7faf9ec36eb87278f957330ac855b56ec15380c4f1848a1f94f6a05f091a2e5d,bd2d677b2ed4381b48bb1d0841052c6d076e7d634d5052e85dcbe0b8a0dedd80
7faf9ec36eb87278f957330ac855b56ec15380c4f1848a1f94f6a05f091a2e5d,542855513e4f74d08a92352680c339d82e2ae347fb021a7128c7f4146c40d295
d0a29ec3ca13ba5822d0a48d3ffa9f92088911ee5e6e45cf5b0c69e58a804659,43f1fc2390a440781ffc1359e14ecb8389bfaaf8319bbe09f291a3872ea49bb9
0d7ae2a4bdbd3e5951467686c48b6e3dc68964720f96b5ecd1aa27d05af21db5,852a56bfaf803f454ce5e6380225fe1770c1e567bbb32cf335c99385c3930025
0d7ae2a4bdbd3e5951467686c48b6e3dc68964720f96b5ecd1aa27d05af21db5,9ed9b84aa0a7d0ba2089f52a0d93c4633ab780b01a7aa627de0a4238f33712a0
e3fc4aebeabd8112960bac68d374417b105d116d1ba375c5724474c4a83ef9be,43f1fc2390a440781ffc1359e14ecb8389bfaaf8319bbe09f291a3872ea49bb9
acedb98b55c2356876ecfcf6401518526f8b1b304f3be6f61a9e930551ebb3bc,1dd10f244a62771bcca9df74a9bc7d13363df8d3cd69ee07f66c2b1666b256ff
b61e6aed0991e219a4b59f7b72abd890d52ba4b2a37ad17dd467e10110fa3301,be8816dbd8b8aa53557ba5f25f5295b1ce2cf829d42d9256024b0698e7654f0d
c8c3e47276904e6b3bb813efcd11feab2401f5cde90bb9021232f799e88db0a8,85f1c8c8e324b6be99b13732edd1770eb0d200d15becbd659cc47ff5e060ac43
c8c3e47276904e6b3bb813efcd11feab2401f5cde90bb9021232f799e88db0a8,852a56bfaf803f454ce5e6380225fe1770c1e567bbb32cf335c99385c3930025
e0ccf0e41c8d64ba33f5b75ff32790d0dfb43e1af6f0c6e0a993808e1def9c6f,da72bf5bbca4ca33b822955cfbbf9e5b84e4e0fa5e5e68cf9d30054109fac58b
e0ccf0e41c8d64ba33f5b75ff32790d0dfb43e1af6f0c6e0a993808e1def9c6f,9360404e4f35ac209099b0fce8615971c8e89d2ab06348841d708bc3f20d28e3
000f65a96c97d5e1723b46203d0802be76501d43476e4fbe32e46fa5bb1dbd16,271a22f75d73e13fa558d991442ecde8d75a34a0b9f6216d44b116f8612c82dc
842f2c03b48e363e84a876b6b3c189e95066ce69edcd9c4dc7a11b4faf76a524,da72bf5bbca4ca33b822955cfbbf9e5b84e4e0fa5e5e68cf9d30054109fac58b
842f2c03b48e363e84a876b6b3c189e95066ce69edcd9c4dc7a11b4faf76a524,be8816dbd8b8aa53557ba5f25f5295b1ce2cf829d42d9256024b0698e7654f0d
842f2c03b48e363e84a876b6b3c189e95066ce69edcd9c4dc7a11b4faf76a524,0e769600933790607b2a13b33ddfade0fa17810eb62c3b28ee23e59516516491
3a5730ac121d74b4f219abfa0ab5815499021c9f698b5ae0405fb0bf57f91ab2,da72bf5bbca4ca33b822955cfbbf9e5b84e4e0fa5e5e68cf9d30054109fac58b
3321969a869010167e06b84736c7a598e61b571d4b447393b32547644452bbe3,da72bf5bbca4ca33b822955cfbbf9e5b84e4e0fa5e5e68cf9d30054109fac58b
12749fc0e961d4a30b334d0ad33ccc5a520682790ec736ef7cbfe9205e0be849,da72bf5bbca4ca33b822955cfbbf9e5b84e4e0fa5e5e68cf9d30054109fac58b
12749fc0e961d4a30b334d0ad33ccc5a520682790ec736ef7cbfe9205e0be849,542855513e4f74d08a92352680c339d82e2ae347fb021a7128c7f4146c40d295
1196577a59e58888e1b0770a28ef1b89d54e56b1c67c455e4213eaea31ff4eab,22611ceccd0b4d14703ccd4eaab3208ffc03d2c80d38655023b622e50d0466fe
1196577a59e58888e1b0770a28ef1b89d54e56b1c67c455e4213eaea31ff4eab,da72bf5bbca4ca33b822955cfbbf9e5b84e4e0fa5e5e68cf9d30054109fac58b
3d0986c4ed9059654b57a4a1d67b7c807c3ad2f13bfc04b661a16f6604566c27,43f1fc2390a440781ffc1359e14ecb8389bfaaf8319bbe09f291a3872ea49bb9
72dcb1e819d973d34704a8104a1fd5c2cede4ed7f51908c56f36775e76c30b6a,bd2d677b2ed4381b48bb1d0841052c6d076e7d634d5052e85dcbe0b8a0dedd80
72dcb1e819d973d34704a8104a1fd5c2cede4ed7f51908c56f36775e76c30b6a,6eb00b4b2614a144d41ccdf709017a675953fae2df6cfd6b397bd9e4d8708461
72dcb1e819d973d34704a8104a1fd5c2cede4ed7f51908c56f36775e76c30b6a,85f1c8c8e324b6be99b13732edd1770eb0d200d15becbd659cc47ff5e060ac43
72dcb1e819d973d34704a8104a1fd5c2cede4ed7f51908c56f36775e76c30b6a,852a56bfaf803f454ce5e6380225fe1770c1e567bbb32cf335c99385c3930025
f2f515e1332e78ffa1d9ef780f5df1246b0d3861085eb8ff10d4d1542031ff77,da72bf5bbca4ca33b822955cfbbf9e5b84e4e0fa5e5e68cf9d30054109fac58b
f2f515e1332e78ffa1d9ef780f5df1246b0d3861085eb8ff10d4d1542031ff77,9360404e4f35ac209099b0fce8615971c8e89d2ab06348841d708bc3f20d28e3
f2f515e1332e78ffa1d9ef780f5df1246b0d3861085eb8ff10d4d1542031ff77,3bc3567a7fc6511a85072520dc1bdb95a732c4aee93a6533d53954f39124d7c9
d4f5afc434f2699fc9ec2f7357c74b8ecd212952e605793ec54e5309a3968bf3,43f1fc2390a440781ffc1359e14ecb8389bfaaf8319bbe09f291a3872ea49bb9
4949b0dae44ece55fe083f975533e8518550a49914ace75e37a3b7f9c58d21bc,271a22f75d73e13fa558d991442ecde8d75a34a0b9f6216d44b116f8612c82dc
965d5a686ad2e904ff995480b7244e8cc45d321cb7ede688d20a5bd7a953b44f,43f1fc2390a440781ffc1359e14ecb8389bfaaf8319bbe09f291a3872ea49bb9
916d701d66bcee44c3949e5675b2460c97962270428da8bfc35b96d96c9eb850,271a22f75d73e13fa558d991442ecde8d75a34a0b9f6216d44b116f8612c82dc
ed14c56eafa7f8be6a1448124cde8d77b9a358498a6c540331935f2482dff6df,43f1fc2390a440781ffc1359e14ecb8389bfaaf8319bbe09f291a3872ea49bb9
ee00cbbc3ca599b0bc1de4025002ed09e8093d2d81f6008cfc29bab7f1d47b25,85f1c8c8e324b6be99b13732edd1770eb0d200d15becbd659cc47ff5e060ac43
ee00cbbc3ca599b0bc1de4025002ed09e8093d2d81f6008cfc29bab7f1d47b25,271a22f75d73e13fa558d991442ecde8d75a34a0b9f6216d44b116f8612c82dc
1536c78f4d7f50f55371d89f767d21ee6cf2656e242ef748bbd7518090bb29f8,da72bf5bbca4ca33b822955cfbbf9e5b84e4e0fa5e5e68cf9d30054109fac58b
84b49056e7972b72e387ed8c04be23b5c1f426d27062e8f57bd62ab5b2f13b54,43f1fc2390a440781ffc1359e14ecb8389bfaaf8319bbe09f291a3872ea49bb9
35083f1ce19bf8fa0780edcbef570f107b04fd162682b507b97d944ca6f4a32a,85f1c8c8e324b6be99b13732edd1770eb0d200d15becbd659cc47ff5e060ac43
a2711957d970f04faba9e001ecc47f0764fe30aab543b320ee014f79857993e2,271a22f75d73e13fa558d991442ecde8d75a34a0b9f6216d44b116f8612c82dc
9b99f7bb5fabf1101ad112f237d1add9aa8230153384e4f8910dea4ea876948d,da72bf5bbca4ca33b822955cfbbf9e5b84e4e0fa5e5e68cf9d30054109fac58b
9b99f7bb5fabf1101ad112f237d1add9aa8230153384e4f8910dea4ea876948d,3bc3567a7fc6511a85072520dc1bdb95a732c4aee93a6533d53954f39124d7c9
35ec97841aeae5dc38c30926aeccce2ba306268e802498471b0c828467549fd3,271a22f75d73e13fa558d991442ecde8d75a34a0b9f6216d44b116f8612c82dc
35ec97841aeae5dc38c30926aeccce2ba306268e802498471b0c828467549fd3,9360404e4f35ac209099b0fce8615971c8e89d2ab06348841d708bc3f20d28e3
3d2d44b8985ba8fa0a361ed7efb0d1e67b7b6c7b8694d7d3ff55be6934d95942,da72bf5bbca4ca33b822955cfbbf9e5b84e4e0fa5e5e68cf9d30054109fac58b
f8d2915c4069fcec8eac96d6493145f620cff850c2ebd49531f9ee84b5e610f8,0e769600933790607b2a13b33ddfade0fa17810eb62c3b28ee23e59516516491
f8d2915c4069fcec8eac96d6493145f620cff850c2ebd49531f9ee84b5e610f8,da72bf5bbca4ca33b822955cfbbf9e5b84e4e0fa5e5e68cf9d30054109fac58b
15f1a84def13830d833b5c63452f81ac3bef6678b42948349d8acd2fc1c15be0,3bc3567a7fc6511a85072520dc1bdb95a732c4aee93a6533d53954f39124d7c9
f4b1cbc6223aa69a0704ac2c9c3909b57e5568a09ef9df5899ebdeeab34daf68,35624b8800fae3fd49027ffc8d2a4e4bd697a0166c97ec564b5ea19b10b242dd
569dcc00da2775714ab6c5b90c8bc4181b1ed4096b99a568ca908d975bea523b,9ed9b84aa0a7d0ba2089f52a0d93c4633ab780b01a7aa627de0a4238f33712a0
569dcc00da2775714ab6c5b90c8bc4181b1ed4096b99a568ca908d975bea523b,22611ceccd0b4d14703ccd4eaab3208ffc03d2c80d38655023b622e50d0466fe
569dcc00da2775714ab6c5b90c8bc4181b1ed4096b99a568ca908d975bea523b,271a22f75d73e13fa558d991442ecde8d75a34a0b9f6216d44b116f8612c82dc
569dcc00da2775714ab6c5b90c8bc4181b1ed4096b99a568ca908d975bea523b,9360404e4f35ac209099b0fce8615971c8e89d2ab06348841d708bc3f20d28e3
738bc25127651b3b1fef64f2f21cc6fd723505a394ee549aa11f6993c58b6c5e,da72bf5bbca4ca33b822955cfbbf9e5b84e4e0fa5e5e68cf9d30054109fac58b
738bc25127651b3b1fef64f2f21cc6fd723505a394ee549aa11f6993c58b6c5e,271a22f75d73e13fa558d991442ecde8d75a34a0b9f6216d44b116f8612c82dc
c32d6655b5a133130fbf645032ee8a709386d4add457235c4b6879b6db4d86ea,9360404e4f35ac209099b0fce8615971c8e89d2ab06348841d708bc3f20d28e3
c32d6655b5a133130fbf645032ee8a709386d4add457235c4b6879b6db4d86ea,852a56bfaf803f454ce5e6380225fe1770c1e567bbb32cf335c99385c3930025
552faa4407556e1b44acc1e0b356a665692e34fb5b302eed4e4a824f167554ee,da72bf5bbca4ca33b822955cfbbf9e5b84e4e0fa5e5e68cf9d30054109fac58b
552faa4407556e1b44acc1e0b356a665692e34fb5b302eed4e4a824f167554ee,9ed9b84aa0a7d0ba2089f52a0d93c4633ab780b01a7aa627de0a4238f33712a0
552faa4407556e1b44acc1e0b356a665692e34fb5b302eed4e4a824f167554ee,3bc3567a7fc6511a85072520dc1bdb95a732c4aee93a6533d53954f39124d7c9
cf73c9d7565a839036bc67f172f6fdf8fe76323ff8f6a2139b1b3321df4c329b,271a22f75d73e13fa558d991442ecde8d75a34a0b9f6216d44b116f8612c82dc
cf73c9d7565a839036bc67f172f6fdf8fe76323ff8f6a2139b1b3321df4c329b,9360404e4f35ac209099b0fce8615971c8e89d2ab06348841d708bc3f20d28e3
656989b7ae622e20079a0dff04cec1924b77fd39c5f07484059767b32078ed7b,43f1fc2390a440781ffc1359e14ecb8389bfaaf8319bbe09f291a3872ea49bb9
44f9dbdd5b466b7ce861209488a16512902da166cb475e774cd9653178552025,43f1fc2390a440781ffc1359e14ecb8389bfaaf8319bbe09f291a3872ea49bb9
e0b9305e46734513326c62f61e9bf53f38882daf9d342788a3267bab6b9551aa,da72bf5bbca4ca33b822955cfbbf9e5b84e4e0fa5e5e68cf9d30054109fac58b
f1dbf857dd33a33e31ea1ae32fa3a53eb090917f6092a6f8eafe6197c8e1fca9,43f1fc2390a440781ffc1359e14ecb8389bfaaf8319bbe09f291a3872ea49bb9
f1dbf857dd33a33e31ea1ae32fa3a53eb090917f6092a6f8eafe6197c8e1fca9,6eb00b4b2614a144d41ccdf709017a675953fae2df6cfd6b397bd9e4d8708461
18ba806eb63819961a27e6dc9e3c1b9d4c7b082e7769c93ccd6540aea029faf5,85f1c8c8e324b6be99b13732edd1770eb0d200d15becbd659cc47ff5e060ac43
18ba806eb63819961a27e6dc9e3c1b9d4c7b082e7769c93ccd6540aea029faf5,da72bf5bbca4ca33b822955cfbbf9e5b84e4e0fa5e5e68cf9d30054109fac58b
18ba806eb63819961a27e6dc9e3c1b9d4c7b082e7769c93ccd6540aea029faf5,542855513e4f74d08a92352680c339d82e2ae347fb021a7128c7f4146c40d295
f936f2121dd7a958e2c121e284a3a27cd5e82f2fc57908c784a961c67b4de4e9,43f1fc2390a440781ffc1359e14ecb8389bfaaf8319bbe09f291a3872ea49bb9
4389f3fd97db3580a84bae48ba7ca67eca2e51f31c439f5f5f60387f1b673ee3,43f1fc2390a440781ffc1359e14ecb8389bfaaf8319bbe09f291a3872ea49bb9
82080ce81065a60895b65b2f993f8d6c207d97030e764af44af427d6dbdf506d,85f1c8c8e324b6be99b13732edd1770eb0d200d15becbd659cc47ff5e060ac43
bdaa4f7a9269d9596a394d91aa00bbe251bb12a68ac6702197278cc5e1426410,bd2d677b2ed4381b48bb1d0841052c6d076e7d634d5052e85dcbe0b8a0dedd80
bdaa4f7a9269d9596a394d91aa00bbe251bb12a68ac6702197278cc5e1426410,542855513e4f74d08a92352680c339d82e2ae347fb021a7128c7f4146c40d295
bdaa4f7a9269d9596a394d91aa00bbe251bb12a68ac6702197278cc5e1426410,852a56bfaf803f454ce5e6380225fe1770c1e567bbb32cf335c99385c3930025
b92295f54fc2df2de529964133512fe5df967cefb1ea62b726202867f6d46322,1dd10f244a62771bcca9df74a9bc7d13363df8d3cd69ee07f66c2b1666b256ff
9def9aafb06d94780c63d16b13a402f657a8fd6aa08ab1097dcd5d5021535fdc,43f1fc2390a440781ffc1359e14ecb8389bfaaf8319bbe09f291a3872ea49bb9
8035193c70202833399d99f6a8e698559ba11d2fef5923e53cdeb298b0364ea9,43f1fc2390a440781ffc1359e14ecb8389bfaaf8319bbe09f291a3872ea49bb9
a6dc3de2d8e1dcef69a7e04a07b6c9b58addde0f8c5575c737831ca1a087e8d7,43f1fc2390a440781ffc1359e14ecb8389bfaaf8319bbe09f291a3872ea49bb9
196649df178ddeda122747e1e109eef0234de1d272297c408b10a5801d93b130,3bc3567a7fc6511a85072520dc1bdb95a732c4aee93a6533d53954f39124d7c9
196649df178ddeda122747e1e109eef0234de1d272297c408b10a5801d93b130,da72bf5bbca4ca33b822955cfbbf9e5b84e4e0fa5e5e68cf9d30054109fac58b
196649df178ddeda122747e1e109eef0234de1d272297c408b10a5801d93b130,85f1c8c8e324b6be99b13732edd1770eb0d200d15becbd659cc47ff5e060ac43
586779c3d1742ae5146b4c7a73b78eb4cf9a8f95df6d3bd776d5bf5cef6a140f,da72bf5bbca4ca33b822955cfbbf9e5b84e4e0fa5e5e68cf9d30054109fac58b
761357254ab61c5bd6c955c471c3727f49de6504c53d55367b3a62dba0e2194c,da72bf5bbca4ca33b822955cfbbf9e5b84e4e0fa5e5e68cf9d30054109fac58b
5980881c1df9059b501a6524000a6560bc265889fc8307c4b78cf815a367cf0d,85f1c8c8e324b6be99b13732edd1770eb0d200d15becbd659cc47ff5e060ac43
7d16bc0fe59c4ac4f76876a818b617785e52f0a916de0a81d3260999186b6cfe,271a22f75d73e13fa558d991442ecde8d75a34a0b9f6216d44b116f8612c82dc
814ed60abb498369f6fbbef682177e507c5f84a00c2ff857e87f9cd86efad025,da72bf5bbca4ca33b822955cfbbf9e5b84e4e0fa5e5e68cf9d30054109fac58b
1ce4df66b465fa25995ef75dd9e5761aa4c80e012989d44e7f4989a702cff4a1,85f1c8c8e324b6be99b13732edd1770eb0d200d15becbd659cc47ff5e060ac43
1ce4df66b465fa25995ef75dd9e5761aa4c80e012989d44e7f4989a702cff4a1,3bc3567a7fc6511a85072520dc1bdb95a732c4aee93a6533d53954f39124d7c9
6051c662c59258741b0ae25398148e56aceb147ea459970040648361d8daccff,9360404e4f35ac209099b0fce8615971c8e89d2ab06348841d708bc3f20d28e3
f82e95ac44c47a68bb0a7e73045792a9ff7e15360e9a6567e7b6c496f89f72ec,43f1fc2390a440781ffc1359e14ecb8389bfaaf8319bbe09f291a3872ea49bb9
52f9fcc8db4be52d256fc84915829260e1e31aa95c9f5a0bfdbe1b3c3c7c5cd9,85f1c8c8e324b6be99b13732edd1770eb0d200d15becbd659cc47ff5e060ac43
f0674c94a664d9d41b51a95506e9a9ee97e8658ed63aa409004c2f1c5e394361,271a22f75d73e13fa558d991442ecde8d75a34a0b9f6216d44b116f8612c82dc
f0674c94a664d9d41b51a95506e9a9ee97e8658ed63aa409004c2f1c5e394361,9360404e4f35ac209099b0fce8615971c8e89d2ab06348841d708bc3f20d28e3
4b00ab5f7d776ba0e5e7115209e7f3378f0d7947546d2d43f7a4b5628048cd07,1dd10f244a62771bcca9df74a9bc7d13363df8d3cd69ee07f66c2b1666b256ff
43928f8d780cd956a8ebccbbb870c91f1d7e5608eae0caa4545cd10ab4b32250,1dd10f244a62771bcca9df74a9bc7d13363df8d3cd69ee07f66c2b1666b256ff
e81276ce9fc82770969ed0f4740037abb9af55bcbc18677d27565d53d0eaaa0c,43f1fc2390a440781ffc1359e14ecb8389bfaaf8319bbe09f291a3872ea49bb9
e2f3251fd43db6661c770d723348fdf23f3017d08180d722c3933838e67ce8b7,da72bf5bbca4ca33b822955cfbbf9e5b84e4e0fa5e5e68cf9d30054109fac58b
5a742c2ad516b414d6f4f6464dc2627fa21f0186cbe7df09c32cb6a0164f5bf4,da72bf5bbca4ca33b822955cfbbf9e5b84e4e0fa5e5e68cf9d30054109fac58b
8ed35126ed5eb8803b667af913687b49c342362cda8ce232a6eb55468632e4a8,85f1c8c8e324b6be99b13732edd1770eb0d200d15becbd659cc47ff5e060ac43
eb3180bc59fa66829c4752d46c1610cd9d17f2496565d45b987f3ba00175eda2,da72bf5bbca4ca33b822955cfbbf9e5b84e4e0fa5e5e68cf9d30054109fac58b
eb3180bc59fa66829c4752d46c1610cd9d17f2496565d45b987f3ba00175eda2,bd2d677b2ed4381b48bb1d0841052c6d076e7d634d5052e85dcbe0b8a0dedd80
d4d4a7549ea2e86179959d81a0d64f452daf2e5bdc4977bab75de73d0efb6eee,3bc3567a7fc6511a85072520dc1bdb95a732c4aee93a6533d53954f39124d7c9
3328634de9eccb595c8e129616aabddb2c6c92ca56c22e5aeea9cadd703ea60d,da72bf5bbca4ca33b822955cfbbf9e5b84e4e0fa5e5e68cf9d30054109fac58b
3328634de9eccb595c8e129616aabddb2c6c92ca56c22e5aeea9cadd703ea60d,3bc3567a7fc6511a85072520dc1bdb95a732c4aee93a6533d53954f39124d7c9
f008b6518bdbf12821ecf2cbb9664b777f64e59050175fc3a2905d87279b49c7,85f1c8c8e324b6be99b13732edd1770eb0d200d15becbd659cc47ff5e060ac43
9d36dddf995cf2020475d15437993afb527879d3cee1d826809501ac518faa4c,9a3c16424750cbde029c47e059f219dc64d8943ac4073a1cc5bc9accd979fc17
9d36dddf995cf2020475d15437993afb527879d3cee1d826809501ac518faa4c,85f1c8c8e324b6be99b13732edd1770eb0d200d15becbd659cc47ff5e060ac43
9d36dddf995cf2020475d15437993afb527879d3cee1d826809501ac518faa4c,3bc3567a7fc6511a85072520dc1bdb95a732c4aee93a6533d53954f39124d7c9
ce87b91d358fb923c8cffd62745f6171af4a6d07ba8f4b429e5d4d17271314cc,da72bf5bbca4ca33b822955cfbbf9e5b84e4e0fa5e5e68cf9d30054109fac58b
c4bd03aeb22a66020a05f299a2430b481485ae2c17909e3ce79cc665d6f21cae,271a22f75d73e13fa558d991442ecde8d75a34a0b9f6216d44b116f8612c82dc
8fe14122f3c27e2a23fa30414a5c5733ba8b791ef65bb850af6e72ee558aefe0,85f1c8c8e324b6be99b13732edd1770eb0d200d15becbd659cc47ff5e060ac43
8fe14122f3c27e2a23fa30414a5c5733ba8b791ef65bb850af6e72ee558aefe0,da72bf5bbca4ca33b822955cfbbf9e5b84e4e0fa5e5e68cf9d30054109fac58b
feeb319ff6a3cf6de08792499de67d62712fa15579f1ce2687105f8f15778419,9ed9b84aa0a7d0ba2089f52a0d93c4633ab780b01a7aa627de0a4238f33712a0
feeb319ff6a3cf6de08792499de67d62712fa15579f1ce2687105f8f15778419,271a22f75d73e13fa558d991442ecde8d75a34a0b9f6216d44b116f8612c82dc
23c7e4bd6b5532e7fdfb4a42ed3eff6331ad758b3b6ba397a5599d2bb90a038f,da72bf5bbca4ca33b822955cfbbf9e5b84e4e0fa5e5e68cf9d30054109fac58b
23c7e4bd6b5532e7fdfb4a42ed3eff6331ad758b3b6ba397a5599d2bb90a038f,9360404e4f35ac209099b0fce8615971c8e89d2ab06348841d708bc3f20d28e3
5e1289ff8d64dae4ab6338307fe0ad94df1443ad458d168aa24f68c24fa8a86c,da72bf5bbca4ca33b822955cfbbf9e5b84e4e0fa5e5e68cf9d30054109fac58b
e3233f29ad75e68fb951398e1ba3dcb3133015627b0122dd871f06c49ff8477c,271a22f75d73e13fa558d991442ecde8d75a34a0b9f6216d44b116f8612c82dc
e3233f29ad75e68fb951398e1ba3dcb3133015627b0122dd871f06c49ff8477c,9360404e4f35ac209099b0fce8615971c8e89d2ab06348841d708bc3f20d28e3
2e13f3848f169944864255eee116322252c47820ea87e4b2840b201891f6a9fc,3bc3567a7fc6511a85072520dc1bdb95a732c4aee93a6533d53954f39124d7c9
d7d588866f8e53f1daf66e805b66efed7f43c5f00274b9dffa7c19dc8fce2657,da72bf5bbca4ca33b822955cfbbf9e5b84e4e0fa5e5e68cf9d30054109fac58b
71752b23b9b442c9437c3ad6e836fb8ebf0e493ed8385077895147ff7ad693b7,43f1fc2390a440781ffc1359e14ecb8389bfaaf8319bbe09f291a3872ea49bb9
813d84207c68ed900065e14d39015305ac4ebfba14406a9803efa3689a6b5e82,da72bf5bbca4ca33b822955cfbbf9e5b84e4e0fa5e5e68cf9d30054109fac58b
646ff3795cb60ef2a6f6f341f9356b39640e97ebc3f37975af63908c048851ef,da72bf5bbca4ca33b822955cfbbf9e5b84e4e0fa5e5e68cf9d30054109fac58b
60004762325e3353c483b579858ee36b16013f04ad1843cb9a067181772cc304,85f1c8c8e324b6be99b13732edd1770eb0d200d15becbd659cc47ff5e060ac43
60004762325e3353c483b579858ee36b16013f04ad1843cb9a067181772cc304,3bc3567a7fc6511a85072520dc1bdb95a732c4aee93a6533d53954f39124d7c9
60004762325e3353c483b579858ee36b16013f04ad1843cb9a067181772cc304,852a56bfaf803f454ce5e6380225fe1770c1e567bbb32cf335c99385c3930025
8b1691b4db798dab15cf776aa252c698d63cec7320feb76b67abb863b2f71cf2,64cff1319d2fd2cbb7a1e84ccecf22c1cc07b24435cdb522f8c0aa525d6002a6
8b1691b4db798dab15cf776aa252c698d63cec7320feb76b67abb863b2f71cf2,da72bf5bbca4ca33b822955cfbbf9e5b84e4e0fa5e5e68cf9d30054109fac58b
8b1691b4db798dab15cf776aa252c698d63cec7320feb76b67abb863b2f71cf2,9360404e4f35ac209099b0fce8615971c8e89d2ab06348841d708bc3f20d28e3
7ea6849fff8533389da80858509333e2a7aa6a0598fcdca1f3fa6198ef282d1b,22611ceccd0b4d14703ccd4eaab3208ffc03d2c80d38655023b622e50d0466fe
7ea6849fff8533389da80858509333e2a7aa6a0598fcdca1f3fa6198ef282d1b,da72bf5bbca4ca33b822955cfbbf9e5b84e4e0fa5e5e68cf9d30054109fac58b
7ea6849fff8533389da80858509333e2a7aa6a0598fcdca1f3fa6198ef282d1b,9360404e4f35ac209099b0fce8615971c8e89d2ab06348841d708bc3f20d28e3
96b2a1b167b76a5bd4de0541ba6342bff1a8f1e899596275e19a409cfb2030b6,85f1c8c8e324b6be99b13732edd1770eb0d200d15becbd659cc47ff5e060ac43
f284216b431294b129ed11c15a6017d057cfda9f7091a003afb9bb1c1df2dc56,43f1fc2390a440781ffc1359e14ecb8389bfaaf8319bbe09f291a3872ea49bb9
f541a83e7f6d6e6d4317b41d6e0453920450cb1b2dea68f1a40d676c905a11db,271a22f75d73e13fa558d991442ecde8d75a34a0b9f6216d44b116f8612c82dc
64e7c4a44be32079e939c4fb01095e9015bceb5afe487b16c714eab139e78dda,43f1fc2390a440781ffc1359e14ecb8389bfaaf8319bbe09f291a3872ea49bb9
b30a4f742aedcbec5d39e537daa7a68678615a06c1e0bee490eb9cfb90827601,43f1fc2390a440781ffc1359e14ecb8389bfaaf8319bbe09f291a3872ea49bb9
256c675e7602d34d40942959c379b44d612fcad78a7b6042f67150f8dbd87138,64cff1319d2fd2cbb7a1e84ccecf22c1cc07b24435cdb522f8c0aa525d6002a6
256c675e7602d34d40942959c379b44d612fcad78a7b6042f67150f8dbd87138,542855513e4f74d08a92352680c339d82e2ae347fb021a7128c7f4146c40d295
256c675e7602d34d40942959c379b44d612fcad78a7b6042f67150f8dbd87138,271a22f75d73e13fa558d991442ecde8d75a34a0b9f6216d44b116f8612c82dc
60860668fa1991502e048d6019d2f9d16976025b949a506dd6162cd17949b5cc,271a22f75d73e13fa558d991442ecde8d75a34a0b9f6216d44b116f8612c82dc
60860668fa1991502e048d6019d2f9d16976025b949a506dd6162cd17949b5cc,9a3c16424750cbde029c47e059f219dc64d8943ac4073a1cc5bc9accd979fc17
e9be305536b508a784be7447da7366aea41eb2750b5326564965e062ac395532,da72bf5bbca4ca33b822955cfbbf9e5b84e4e0fa5e5e68cf9d30054109fac58b
e9be305536b508a784be7447da7366aea41eb2750b5326564965e062ac395532,3bc3567a7fc6511a85072520dc1bdb95a732c4aee93a6533d53954f39124d7c9
f4de931fdccacd9f1ee08306bb2a102a2923ca96c357af3d7587c33aceea2ba5,271a22f75d73e13fa558d991442ecde8d75a34a0b9f6216d44b116f8612c82dc
4f987a78100d0577c52009628b6656769339003ada0c42372ea0aeae5440e8fb,85f1c8c8e324b6be99b13732edd1770eb0d200d15becbd659cc47ff5e060ac43
4f45371f49ed1b21b1d4f1fa09a35252632057b9be035fe168971af949703f37,43f1fc2390a440781ffc1359e14ecb8389bfaaf8319bbe09f291a3872ea49bb9
1750b70e18c16718a2012bcd1615661c1ecf89f9debbad9c3002c960a8e2a2cc,43f1fc2390a440781ffc1359e14ecb8389bfaaf8319bbe09f291a3872ea49bb9
9e1a2033bdc1cde04e484ce466ff900d762a1efe13adc44419a483de4fcec36a,271a22f75d73e13fa558d991442ecde8d75a34a0b9f6216d44b116f8612c82dc
9e1a2033bdc1cde04e484ce466ff900d762a1efe13adc44419a483de4fcec36a,35624b8800fae3fd49027ffc8d2a4e4bd697a0166c97ec564b5ea19b10b242dd
39e7588c834b1dbb52604884c6b577a70f5f1c914eed89ad410f68bbcc4fe43b,da72bf5bbca4ca33b822955cfbbf9e5b84e4e0fa5e5e68cf9d30054109fac58b
39e7588c834b1dbb52604884c6b577a70f5f1c914eed89ad410f68bbcc4fe43b,bd2d677b2ed4381b48bb1d0841052c6d076e7d634d5052e85dcbe0b8a0dedd80
9c593c1d4ef5fa45132270e7164a748e456624cf60ec1a143f60efb672b52a3b,da72bf5bbca4ca33b822955cfbbf9e5b84e4e0fa5e5e68cf9d30054109fac58b
3dc6be57514f664252acbee70fa78b4980c0f3450bcfad5eea7e7cc2e5c3f5b5,da72bf5bbca4ca33b822955cfbbf9e5b84e4e0fa5e5e68cf9d30054109fac58b
3d6971774a49fcb8378b16d506f6b0cdbc1a4936ae0c9b0aa5b523d98b43edff,271a22f75d73e13fa558d991442ecde8d75a34a0b9f6216d44b116f8612c82dc
3d6971774a49fcb8378b16d506f6b0cdbc1a4936ae0c9b0aa5b523d98b43edff,852a56bfaf803f454ce5e6380225fe1770c1e567bbb32cf335c99385c3930025
3d6971774a49fcb8378b16d506f6b0cdbc1a4936ae0c9b0aa5b523d98b43edff,85f1c8c8e324b6be99b13732edd1770eb0d200d15becbd659cc47ff5e060ac43
1ba9145b3f615c3df67e228999ed5798d3abec66a79ba0295d9a00579811dfc9,85f1c8c8e324b6be99b13732edd1770eb0d200d15becbd659cc47ff5e060ac43
1ba9145b3f615c3df67e228999ed5798d3abec66a79ba0295d9a00579811dfc9,da72bf5bbca4ca33b822955cfbbf9e5b84e4e0fa5e5e68cf9d30054109fac58b
5e45c6de0fb2c67d0b06d81f925e98ff6bb2b8a254b435506e9317cece3e3a7c,85f1c8c8e324b6be99b13732edd1770eb0d200d15becbd659cc47ff5e060ac43
5e45c6de0fb2c67d0b06d81f925e98ff6bb2b8a254b435506e9317cece3e3a7c,da72bf5bbca4ca33b822955cfbbf9e5b84e4e0fa5e5e68cf9d30054109fac58b
5e45c6de0fb2c67d0b06d81f925e98ff6bb2b8a254b435506e9317cece3e3a7c,3bc3567a7fc6511a85072520dc1bdb95a732c4aee93a6533d53954f39124d7c9
516db527ac9e1306806e18d60bcde8766940b0526d3291dbdfa67b6911d6e7e1,9360404e4f35ac209099b0fce8615971c8e89d2ab06348841d708bc3f20d28e3
516db527ac9e1306806e18d60bcde8766940b0526d3291dbdfa67b6911d6e7e1,852a56bfaf803f454ce5e6380225fe1770c1e567bbb32cf335c99385c3930025
8a4e2a22c9e6810847eb023a901a22684223254b1dcf4fdef64ebb8f31ddb94e,da72bf5bbca4ca33b822955cfbbf9e5b84e4e0fa5e5e68cf9d30054109fac58b
8a4e2a22c9e6810847eb023a901a22684223254b1dcf4fdef64ebb8f31ddb94e,542855513e4f74d08a92352680c339d82e2ae347fb021a7128c7f4146c40d295
4ac2cdc791c3f7275e279a6b3d3bae3dad4b6090dc080d6542ac3c662bdfa9ae,da72bf5bbca4ca33b822955cfbbf9e5b84e4e0fa5e5e68cf9d30054109fac58b
4ac2cdc791c3f7275e279a6b3d3bae3dad4b6090dc080d6542ac3c662bdfa9ae,852a56bfaf803f454ce5e6380225fe1770c1e567bbb32cf335c99385c3930025
1af2f7bafedd5ef7da7f5f0ad41e02a5636b69b5f65008b9aa8224d1708db95c,542855513e4f74d08a92352680c339d82e2ae347fb021a7128c7f4146c40d295
1af2f7bafedd5ef7da7f5f0ad41e02a5636b69b5f65008b9aa8224d1708db95c,271a22f75d73e13fa558d991442ecde8d75a34a0b9f6216d44b116f8612c82dc
019975c189afb6b027eeb2cf6f5b9dc8178055cee9581920fa323f628dd8d3c6,da72bf5bbca4ca33b822955cfbbf9e5b84e4e0fa5e5e68cf9d30054109fac58b
019975c189afb6b027eeb2cf6f5b9dc8178055cee9581920fa323f628dd8d3c6,271a22f75d73e13fa558d991442ecde8d75a34a0b9f6216d44b116f8612c82dc
b5752f794fab8d94fd4c3046d3f753efe736512371e3ad72e3cb795d332cf028,35624b8800fae3fd49027ffc8d2a4e4bd697a0166c97ec564b5ea19b10b242dd
b1f28043de9628ba2d58bca5fab65b1c0e8230667399ecefab92a19e4ecfeb32,6eb00b4b2614a144d41ccdf709017a675953fae2df6cfd6b397bd9e4d8708461
b1f28043de9628ba2d58bca5fab65b1c0e8230667399ecefab92a19e4ecfeb32,43f1fc2390a440781ffc1359e14ecb8389bfaaf8319bbe09f291a3872ea49bb9
4e5583a14d17ce3ab688633b8f663ead0d70bf08e3296ead7a2426d035e85250,da72bf5bbca4ca33b822955cfbbf9e5b84e4e0fa5e5e68cf9d30054109fac58b
4e5583a14d17ce3ab688633b8f663ead0d70bf08e3296ead7a2426d035e85250,35624b8800fae3fd49027ffc8d2a4e4bd697a0166c97ec564b5ea19b10b242dd
35b4b33ec1b81662982bdea18c57751aebf2f2dad30e9c40d721f91fb6154889,64cff1319d2fd2cbb7a1e84ccecf22c1cc07b24435cdb522f8c0aa525d6002a6
35b4b33ec1b81662982bdea18c57751aebf2f2dad30e9c40d721f91fb6154889,9360404e4f35ac209099b0fce8615971c8e89d2ab06348841d708bc3f20d28e3
35b4b33ec1b81662982bdea18c57751aebf2f2dad30e9c40d721f91fb6154889,22611ceccd0b4d14703ccd4eaab3208ffc03d2c80d38655023b622e50d0466fe
08b3624d37ab364d672c7cda82f2f94f63927b1b14c10519ac09e5965ebb3a1d,43f1fc2390a440781ffc1359e14ecb8389bfaaf8319bbe09f291a3872ea49bb9
1cafbbc68057d43f2589ef5154d759bcf81edb85a540abf584d17a1a2939de02,9360404e4f35ac209099b0fce8615971c8e89d2ab06348841d708bc3f20d28e3
652a6d58bac7c68b6458faed6dc299fb10bac815188082cb34533e6fd297bab5,9a3c16424750cbde029c47e059f219dc64d8943ac4073a1cc5bc9accd979fc17
652a6d58bac7c68b6458faed6dc299fb10bac815188082cb34533e6fd297bab5,35624b8800fae3fd49027ffc8d2a4e4bd697a0166c97ec564b5ea19b10b242dd
b9038a6cd327ffff839ee406ebce7ac463f125f9da97133ad17485332c6d44c6,43f1fc2390a440781ffc1359e14ecb8389bfaaf8319bbe09f291a3872ea49bb9
ad95cfa3692c2eeb871440fc8d53a17f648042ad24e02028d1599d403b60664c,43f1fc2390a440781ffc1359e14ecb8389bfaaf8319bbe09f291a3872ea49bb9
6c4d2c5e7e89209507b6c144f07d2ab256fc6c1813a8d9f1fdbf8ca39b1f82f6,35624b8800fae3fd49027ffc8d2a4e4bd697a0166c97ec564b5ea19b10b242dd
6c4d2c5e7e89209507b6c144f07d2ab256fc6c1813a8d9f1fdbf8ca39b1f82f6,85f1c8c8e324b6be99b13732edd1770eb0d200d15becbd659cc47ff5e060ac43
6c4d2c5e7e89209507b6c144f07d2ab256fc6c1813a8d9f1fdbf8ca39b1f82f6,da72bf5bbca4ca33b822955cfbbf9e5b84e4e0fa5e5e68cf9d30054109fac58b
9b72046efce3bc8c6db14899973aca0aec26c122a3fc72de4921377dc2b86310,85f1c8c8e324b6be99b13732edd1770eb0d200d15becbd659cc47ff5e060ac43
7a991eb747e431e9a95251e96260f3d63e01db543ce432b5cc55580ce61a85d4,da72bf5bbca4ca33b822955cfbbf9e5b84e4e0fa5e5e68cf9d30054109fac58b
d1f203e993cd7719f93ce0980338d1fde89ae03d2be3d830e155f2f704e22e72,43f1fc2390a440781ffc1359e14ecb8389bfaaf8319bbe09f291a3872ea49bb9
4e824b5dadbb17a5ae5f9a186b438fbb979513f1a4291c8b1b404b094a4863bd,271a22f75d73e13fa558d991442ecde8d75a34a0b9f6216d44b116f8612c82dc
287f7983e06f870aaf8342c61e8c08aa80df98ae69ad4c419ea5fb400513f57f,85f1c8c8e324b6be99b13732edd1770eb0d200d15becbd659cc47ff5e060ac43
512185a38007d1b4e48f67fc3d5cbd6097c81f1f20890f3c688e5a6b67b5957d,1dd10f244a62771bcca9df74a9bc7d13363df8d3cd69ee07f66c2b1666b256ff
512185a38007d1b4e48f67fc3d5cbd6097c81f1f20890f3c688e5a6b67b5957d,bd2d677b2ed4381b48bb1d0841052c6d076e7d634d5052e85dcbe0b8a0dedd80
e2d61354550e630e73f16f77cb3134c5d158549af7e9a4d78963812fc00d4ab9,271a22f75d73e13fa558d991442ecde8d75a34a0b9f6216d44b116f8612c82dc
133135654f48174ce102b6e9daee4814e52447f098461d64fdff015d3c6fef0d,da72bf5bbca4ca33b822955cfbbf9e5b84e4e0fa5e5e68cf9d30054109fac58b
5e75a078ae73e4b38f3f0b2614b20d876f089cf8db7b8f2a2002dbd314226cab,da72bf5bbca4ca33b822955cfbbf9e5b84e4e0fa5e5e68cf9d30054109fac58b
da143cc5fde6b16e71cda2f1f8519af7be4ddba4bb6529667405b6b692df9bfb,3bc3567a7fc6511a85072520dc1bdb95a732c4aee93a6533d53954f39124d7c9
df7fa497b434b3bde1c19fdae6fae9087b8af12814b2a159ca4e37d89ba19091,43f1fc2390a440781ffc1359e14ecb8389bfaaf8319bbe09f291a3872ea49bb9
603f0b39e72be591ffe5e9821558039e4852025b37eb92439ea5dca39b51eb10,43f1fc2390a440781ffc1359e14ecb8389bfaaf8319bbe09f291a3872ea49bb9
e0ef2105a76f7bfd486729a238e08c492585ac9df4e10a567633090707f2eeae,43f1fc2390a440781ffc1359e14ecb8389bfaaf8319bbe09f291a3872ea49bb9
1a8fbfb1a17a97470f640c573ace30228cf1f6ffc15481cb8b6634d4e1eb8cda,da72bf5bbca4ca33b822955cfbbf9e5b84e4e0fa5e5e68cf9d30054109fac58b
015d4533f1aae61947d692c29dd6fcc49d75504b91d271ea073481cf2cdd9f3c,da72bf5bbca4ca33b822955cfbbf9e5b84e4e0fa5e5e68cf9d30054109fac58b
3c89c18df3cc9469f39e3fa85c9294b9f35a9d9202d6cdbef6ac578afb37a4c9,1dd10f244a62771bcca9df74a9bc7d13363df8d3cd69ee07f66c2b1666b256ff
3c89c18df3cc9469f39e3fa85c9294b9f35a9d9202d6cdbef6ac578afb37a4c9,da72bf5bbca4ca33b822955cfbbf9e5b84e4e0fa5e5e68cf9d30054109fac58b
3c89c18df3cc9469f39e3fa85c9294b9f35a9d9202d6cdbef6ac578afb37a4c9,271a22f75d73e13fa558d991442ecde8d75a34a0b9f6216d44b116f8612c82dc
7905f7c952efc5fd3f94ab0ac6f5ec95f2c69e42c43204680f9b087900671a6b,43f1fc2390a440781ffc1359e14ecb8389bfaaf8319bbe09f291a3872ea49bb9
3e59766404a55e65d2cea69450ac06bdbf902273a884c949d8af4af734ff7d49,43f1fc2390a440781ffc1359e14ecb8389bfaaf8319bbe09f291a3872ea49bb9
afcdb99aa50d5764a59ed853d33fc7aae264f9a48a14449e6ea640ecfe17575b,43f1fc2390a440781ffc1359e14ecb8389bfaaf8319bbe09f291a3872ea49bb9
d4a95ccf17f00f70a2d4c8f64505d9815e5dfe8c5d2c2e048b2f78eed0f149d6,0e769600933790607b2a13b33ddfade0fa17810eb62c3b28ee23e59516516491
d4a95ccf17f00f70a2d4c8f64505d9815e5dfe8c5d2c2e048b2f78eed0f149d6,852a56bfaf803f454ce5e6380225fe1770c1e567bbb32cf335c99385c3930025
d4a95ccf17f00f70a2d4c8f64505d9815e5dfe8c5d2c2e048b2f78eed0f149d6,43f1fc2390a440781ffc1359e14ecb8389bfaaf8319bbe09f291a3872ea49bb9
2961b5d805ab94a3110a53fad4a1be2c5ad3553ff42b502fb90d15e8f4e9d308,43f1fc2390a440781ffc1359e14ecb8389bfaaf8319bbe09f291a3872ea49bb9
6d9679fcaebbda64d343ace9a6542ac3c6a621e400e74951357e9aafc9f8d786,542855513e4f74d08a92352680c339d82e2ae347fb021a7128c7f4146c40d295
6d9679fcaebbda64d343ace9a6542ac3c6a621e400e74951357e9aafc9f8d786,3bc3567a7fc6511a85072520dc1bdb95a732c4aee93a6533d53954f39124d7c9
6d9679fcaebbda64d343ace9a6542ac3c6a621e400e74951357e9aafc9f8d786,da72bf5bbca4ca33b822955cfbbf9e5b84e4e0fa5e5e68cf9d30054109fac58b
881b68f4cbe2bee8be3c9fff2845f05566bb22bb1cc72ac9b4a571bf9c5ed8f3,271a22f75d73e13fa558d991442ecde8d75a34a0b9f6216d44b116f8612c82dc
6bc160e109d8b6978dc64480921ec50f0602152cd92fc1c0ae1191aa16f972f2,43f1fc2390a440781ffc1359e14ecb8389bfaaf8319bbe09f291a3872ea49bb9
6c2f502f717f80c97853618e20911a49fddd3dfe23c65e524695e6ef5bd35725,271a22f75d73e13fa558d991442ecde8d75a34a0b9f6216d44b116f8612c82dc
6c2f502f717f80c97853618e20911a49fddd3dfe23c65e524695e6ef5bd35725,9ed9b84aa0a7d0ba2089f52a0d93c4633ab780b01a7aa627de0a4238f33712a0
6c2f502f717f80c97853618e20911a49fddd3dfe23c65e524695e6ef5bd35725,9360404e4f35ac209099b0fce8615971c8e89d2ab06348841d708bc3f20d28e3
774a00e038d366910055cc9e0daf6d4ef7249ac991ffc5f3afa28cf888c52fd1,9360404e4f35ac209099b0fce8615971c8e89d2ab06348841d708bc3f20d28e3
774a00e038d366910055cc9e0daf6d4ef7249ac991ffc5f3afa28cf888c52fd1,da72bf5bbca4ca33b822955cfbbf9e5b84e4e0fa5e5e68cf9d30054109fac58b
774a00e038d366910055cc9e0daf6d4ef7249ac991ffc5f3afa28cf888c52fd1,22611ceccd0b4d14703ccd4eaab3208ffc03d2c80d38655023b622e50d0466fe
7be897e56fac7237af41a9d584e5109d88800e5e35ea0847f78b3007d8474a03,1dd10f244a62771bcca9df74a9bc7d13363df8d3cd69ee07f66c2b1666b256ff
7be897e56fac7237af41a9d584e5109d88800e5e35ea0847f78b3007d8474a03,271a22f75d73e13fa558d991442ecde8d75a34a0b9f6216d44b116f8612c82dc
c8d7a9b9bbb7279649c6ef39967ef8625c0a25d067c78408b6ce6a5e5b690e54,da72bf5bbca4ca33b822955cfbbf9e5b84e4e0fa5e5e68cf9d30054109fac58b
c8d7a9b9bbb7279649c6ef39967ef8625c0a25d067c78408b6ce6a5e5b690e54,271a22f75d73e13fa558d991442ecde8d75a34a0b9f6216d44b116f8612c82dc
f172080a0022c1ec791778ab9388021ca61dc7eaeafa28f10151a332dd124f72,64cff1319d2fd2cbb7a1e84ccecf22c1cc07b24435cdb522f8c0aa525d6002a6
c7ed12f55bd09355af2d8dabf858eefa650f0db91928b81618a50bb7cf32677a,85f1c8c8e324b6be99b13732edd1770eb0d200d15becbd659cc47ff5e060ac43
8388f719f161a066455121732d399e92e891c3b6295e8438d9814d801403bbb3,85f1c8c8e324b6be99b13732edd1770eb0d200d15becbd659cc47ff5e060ac43
1b2361ba0963d890bc492a8325161f54cdfab9dc4037c1263cd18c692aadc08a,43f1fc2390a440781ffc1359e14ecb8389bfaaf8319bbe09f291a3872ea49bb9
52e9c3f7219de51f200ae2a2aaa0fd6144a477bee7e2f621e55488f948664057,43f1fc2390a440781ffc1359e14ecb8389bfaaf8319bbe09f291a3872ea49bb9
b58bbbdd432ba8a89c47a71f99e10cd3f37776f3a0789149e6c013296c081eac,1dd10f244a62771bcca9df74a9bc7d13363df8d3cd69ee07f66c2b1666b256ff
b58bbbdd432ba8a89c47a71f99e10cd3f37776f3a0789149e6c013296c081eac,bd2d677b2ed4381b48bb1d0841052c6d076e7d634d5052e85dcbe0b8a0dedd80
b58bbbdd432ba8a89c47a71f99e10cd3f37776f3a0789149e6c013296c081eac,85f1c8c8e324b6be99b13732edd1770eb0d200d15becbd659cc47ff5e060ac43
a291a55e773c8266a2567d0b48755483eb5c1cee92859e1a8ad237c5b7753b74,85f1c8c8e324b6be99b13732edd1770eb0d200d15becbd659cc47ff5e060ac43
1625fad5abf1dce28f509efa909e3168ad2a46280996780c1080ef76102bcad3,43f1fc2390a440781ffc1359e14ecb8389bfaaf8319bbe09f291a3872ea49bb9
d962761cac228a6cb0206879a8fc2515dfb6732404601de1c2e4769d6b88984b,bd2d677b2ed4381b48bb1d0841052c6d076e7d634d5052e85dcbe0b8a0dedd80
d962761cac228a6cb0206879a8fc2515dfb6732404601de1c2e4769d6b88984b,542855513e4f74d08a92352680c339d82e2ae347fb021a7128c7f4146c40d295
d962761cac228a6cb0206879a8fc2515dfb6732404601de1c2e4769d6b88984b,9a3c16424750cbde029c47e059f219dc64d8943ac4073a1cc5bc9accd979fc17
1ddddd4ac2270e830ea0f6a9e520f572ea03f08678284bfdae054f000f63e8fd,da72bf5bbca4ca33b822955cfbbf9e5b84e4e0fa5e5e68cf9d30054109fac58b
1ddddd4ac2270e830ea0f6a9e520f572ea03f08678284bfdae054f000f63e8fd,0e769600933790607b2a13b33ddfade0fa17810eb62c3b28ee23e59516516491
0201e4cfae2c11d0dc6449e3da1a6a339bebf7bd58e7bf17b3ea1146c2b12bb0,271a22f75d73e13fa558d991442ecde8d75a34a0b9f6216d44b116f8612c82dc
7a56bcf94e4d37ae008edd568fdfe3c15065b9664160e7b0b62e2b5c132d7914,1dd10f244a62771bcca9df74a9bc7d13363df8d3cd69ee07f66c2b1666b256ff
2416199e2c7bc909c4a2301a77ff9c9fbe7b5aa34a514833b1b48a7ef7a8e056,da72bf5bbca4ca33b822955cfbbf9e5b84e4e0fa5e5e68cf9d30054109fac58b
415a4afaee153f6a51ec9d0a493a96331c71cddeae8a54e3f68074d87dd3d1d1,43f1fc2390a440781ffc1359e14ecb8389bfaaf8319bbe09f291a3872ea49bb9
a5fbd44ec029fb38e5aee1868d2839842e421b59bd6e350cd7320fa006aff854,bd2d677b2ed4381b48bb1d0841052c6d076e7d634d5052e85dcbe0b8a0dedd80
a5fbd44ec029fb38e5aee1868d2839842e421b59bd6e350cd7320fa006aff854,da72bf5bbca4ca33b822955cfbbf9e5b84e4e0fa5e5e68cf9d30054109fac58b
36515c4574832f948ec17dd2d16cab0f67b4b7bbbb94ea550958da36931eb664,da72bf5bbca4ca33b822955cfbbf9e5b84e4e0fa5e5e68cf9d30054109fac58b
985e4842d08c86db7cec0c0d2dd8cc6d434df4cd205c3f98ada40c36d68be7d1,be8816dbd8b8aa53557ba5f25f5295b1ce2cf829d42d9256024b0698e7654f0d
985e4842d08c86db7cec0c0d2dd8cc6d434df4cd205c3f98ada40c36d68be7d1,da72bf5bbca4ca33b822955cfbbf9e5b84e4e0fa5e5e68cf9d30054109fac58b
97cdec8a0dddb69bf91eaa1f4cbee1b615b8f054695e1385904bfd0d05537c09,9a3c16424750cbde029c47e059f219dc64d8943ac4073a1cc5bc9accd979fc17
97cdec8a0dddb69bf91eaa1f4cbee1b615b8f054695e1385904bfd0d05537c09,da72bf5bbca4ca33b822955cfbbf9e5b84e4e0fa5e5e68cf9d30054109fac58b
871a0d1bb54953e37acd305afb63efb40f29cb3830bb5a189e28003548f227de,9360404e4f35ac209099b0fce8615971c8e89d2ab06348841d708bc3f20d28e3
4d17e8b9f038f08d16d2762125549d9ec209844cc709b294303c6dc0e5027288,271a22f75d73e13fa558d991442ecde8d75a34a0b9f6216d44b116f8612c82dc
4d17e8b9f038f08d16d2762125549d9ec209844cc709b294303c6dc0e5027288,da72bf5bbca4ca33b822955cfbbf9e5b84e4e0fa5e5e68cf9d30054109fac58b
f02c66feb207d9b1597afa6bcb3da339a91208c42a3da5edc966245f0df52809,85f1c8c8e324b6be99b13732edd1770eb0d200d15becbd659cc47ff5e060ac43
f02c66feb207d9b1597afa6bcb3da339a91208c42a3da5edc966245f0df52809,be8816dbd8b8aa53557ba5f25f5295b1ce2cf829d42d9256024b0698e7654f0d
f02c66feb207d9b1597afa6bcb3da339a91208c42a3da5edc966245f0df52809,22611ceccd0b4d14703ccd4eaab3208ffc03d2c80d38655023b622e50d0466fe
f02c66feb207d9b1597afa6bcb3da339a91208c42a3da5edc966245f0df52809,43f1fc2390a440781ffc1359e14ecb8389bfaaf8319bbe09f291a3872ea49bb9
f02c66feb207d9b1597afa6bcb3da339a91208c42a3da5edc966245f0df52809,271a22f75d73e13fa558d991442ecde8d75a34a0b9f6216d44b116f8612c82dc
f02c66feb207d9b1597afa6bcb3da339a91208c42a3da5edc966245f0df52809,9360404e4f35ac209099b0fce8615971c8e89d2ab06348841d708bc3f20d28e3
a4e096b9ea7f976f97d7a00d63b9cd53ef0cb063a4eb79ecb806356b21c4cfde,da72bf5bbca4ca33b822955cfbbf9e5b84e4e0fa5e5e68cf9d30054109fac58b
a4e096b9ea7f976f97d7a00d63b9cd53ef0cb063a4eb79ecb806356b21c4cfde,271a22f75d73e13fa558d991442ecde8d75a34a0b9f6216d44b116f8612c82dc
a4e096b9ea7f976f97d7a00d63b9cd53ef0cb063a4eb79ecb806356b21c4cfde,9ed9b84aa0a7d0ba2089f52a0d93c4633ab780b01a7aa627de0a4238f33712a0
a4e096b9ea7f976f97d7a00d63b9cd53ef0cb063a4eb79ecb806356b21c4cfde,9360404e4f35ac209099b0fce8615971c8e89d2ab06348841d708bc3f20d28e3
4763470d4aa1ae4ca9548413181682c0a64896e09cf43966d3bf7b890b6747af,da72bf5bbca4ca33b822955cfbbf9e5b84e4e0fa5e5e68cf9d30054109fac58b
4ce601ae503f4c1b24fb66867f972ae4ec20d0e46ea0918bb4e72a4bb73bc8bb,da72bf5bbca4ca33b822955cfbbf9e5b84e4e0fa5e5e68cf9d30054109fac58b
4ce601ae503f4c1b24fb66867f972ae4ec20d0e46ea0918bb4e72a4bb73bc8bb,3bc3567a7fc6511a85072520dc1bdb95a732c4aee93a6533d53954f39124d7c9
0fc726452fd9aebe0a0bb296afdd72e3728a94eac63a18db7e91bda5dc36859c,271a22f75d73e13fa558d991442ecde8d75a34a0b9f6216d44b116f8612c82dc
a1740c40038d3b74cd86ea21d6c0091757c12544ae1e2f37fa951007f1d760a7,85f1c8c8e324b6be99b13732edd1770eb0d200d15becbd659cc47ff5e060ac43
a1740c40038d3b74cd86ea21d6c0091757c12544ae1e2f37fa951007f1d760a7,1dd10f244a62771bcca9df74a9bc7d13363df8d3cd69ee07f66c2b1666b256ff
6a543e4d5a4d8dbc362d8cc352bf8caad9ef1fff85b92c0bcdc584b07ed872be,22611ceccd0b4d14703ccd4eaab3208ffc03d2c80d38655023b622e50d0466fe
6a543e4d5a4d8dbc362d8cc352bf8caad9ef1fff85b92c0bcdc584b07ed872be,da72bf5bbca4ca33b822955cfbbf9e5b84e4e0fa5e5e68cf9d30054109fac58b
6a543e4d5a4d8dbc362d8cc352bf8caad9ef1fff85b92c0bcdc584b07ed872be,9360404e4f35ac209099b0fce8615971c8e89d2ab06348841d708bc3f20d28e3
dd6034f86d3587cb394f53df48e700de753875ac310da8c858c718f70a9c703f,9360404e4f35ac209099b0fce8615971c8e89d2ab06348841d708bc3f20d28e3
dd6034f86d3587cb394f53df48e700de753875ac310da8c858c718f70a9c703f,da72bf5bbca4ca33b822955cfbbf9e5b84e4e0fa5e5e68cf9d30054109fac58b
8818d3060fc14a661f7394dfd46c93b6fa1fdc5175785dd7dd784f1ffa7ca27a,85f1c8c8e324b6be99b13732edd1770eb0d200d15becbd659cc47ff5e060ac43
855930dc6cce6ebc35365b9db09921f116c672958d69262c8fff8c5d9a84e997,9a3c16424750cbde029c47e059f219dc64d8943ac4073a1cc5bc9accd979fc17
855930dc6cce6ebc35365b9db09921f116c672958d69262c8fff8c5d9a84e997,64cff1319d2fd2cbb7a1e84ccecf22c1cc07b24435cdb522f8c0aa525d6002a6
855930dc6cce6ebc35365b9db09921f116c672958d69262c8fff8c5d9a84e997,0e769600933790607b2a13b33ddfade0fa17810eb62c3b28ee23e59516516491
7e54428abefabfd77c677a80df812d3c50bfc83ede11c728847ef196f6010a44,3bc3567a7fc6511a85072520dc1bdb95a732c4aee93a6533d53954f39124d7c9
7e54428abefabfd77c677a80df812d3c50bfc83ede11c728847ef196f6010a44,852a56bfaf803f454ce5e6380225fe1770c1e567bbb32cf335c99385c3930025
cf11514e0e8a17be30100f6642066456cd172e39cc63107c680170cac30e937e,43f1fc2390a440781ffc1359e14ecb8389bfaaf8319bbe09f291a3872ea49bb9
fb98a16de0d25c7a749419c201eb33e1d68c74b1de5ee83b13e3e78f2e1820d2,43f1fc2390a440781ffc1359e14ecb8389bfaaf8319bbe09f291a3872ea49bb9
5bec24708a0062c4ee892906aace3b75f7ff642fc460bd99c8960657d480148f,43f1fc2390a440781ffc1359e14ecb8389bfaaf8319bbe09f291a3872ea49bb9
aa994dfd4da265182ef268d8f105de19cbfea643608be6e7d5020cab63deb85e,3bc3567a7fc6511a85072520dc1bdb95a732c4aee93a6533d53954f39124d7c9
aa994dfd4da265182ef268d8f105de19cbfea643608be6e7d5020cab63deb85e,da72bf5bbca4ca33b822955cfbbf9e5b84e4e0fa5e5e68cf9d30054109fac58b
ea8a38f2b549d88a3bb0cf4f1483109635b775b5a56424e6364804291c08dfff,da72bf5bbca4ca33b822955cfbbf9e5b84e4e0fa5e5e68cf9d30054109fac58b
b46760ee6ecd91935f10afc9b9c3b6d26d0e4dbcf47da0fb93ef6bf866d26502,542855513e4f74d08a92352680c339d82e2ae347fb021a7128c7f4146c40d295
b46760ee6ecd91935f10afc9b9c3b6d26d0e4dbcf47da0fb93ef6bf866d26502,35624b8800fae3fd49027ffc8d2a4e4bd697a0166c97ec564b5ea19b10b242dd
d6620ecb93eb7394a1145c5bfc1bc033f7d5f15a6d1eba79f49bc6c5de517b04,da72bf5bbca4ca33b822955cfbbf9e5b84e4e0fa5e5e68cf9d30054109fac58b
b8a1851f402b1e12930fa16d625da0df532178f4a3cc583c6aa78505ca160c2c,43f1fc2390a440781ffc1359e14ecb8389bfaaf8319bbe09f291a3872ea49bb9
dda972878e8fd4bfeecdea2884574108cd059bccee17b01ddd036d51078f1093,da72bf5bbca4ca33b822955cfbbf9e5b84e4e0fa5e5e68cf9d30054109fac58b
796ab1736d969fb940ebdf338c2f2886431a0e97397746fd03d5f26bee8c300d,da72bf5bbca4ca33b822955cfbbf9e5b84e4e0fa5e5e68cf9d30054109fac58b
5a31c7ed55e8751415b656f70cc860a3e33bd11573b290076a77f2d750c29ba4,da72bf5bbca4ca33b822955cfbbf9e5b84e4e0fa5e5e68cf9d30054109fac58b
42fb35fb8fdcb7c9c7017b33ce3bf97adfacb59d367fb0262c35a1ab5282f69f,43f1fc2390a440781ffc1359e14ecb8389bfaaf8319bbe09f291a3872ea49bb9
42fb35fb8fdcb7c9c7017b33ce3bf97adfacb59d367fb0262c35a1ab5282f69f,9a3c16424750cbde029c47e059f219dc64d8943ac4073a1cc5bc9accd979fc17
42fb35fb8fdcb7c9c7017b33ce3bf97adfacb59d367fb0262c35a1ab5282f69f,3bc3567a7fc6511a85072520dc1bdb95a732c4aee93a6533d53954f39124d7c9
77c615859c8957c7ac08133b5bebefddc7be9fc689b1957446f2f38fd80186b6,43f1fc2390a440781ffc1359e14ecb8389bfaaf8319bbe09f291a3872ea49bb9
7a73824d3cf39c471fe8daa578d6245b9d644166761ea2dd15b803adc4250cc2,da72bf5bbca4ca33b822955cfbbf9e5b84e4e0fa5e5e68cf9d30054109fac58b
7a73824d3cf39c471fe8daa578d6245b9d644166761ea2dd15b803adc4250cc2,0e769600933790607b2a13b33ddfade0fa17810eb62c3b28ee23e59516516491
38037a6936bda4ff52312643bdd62629d23926639bf1b74f0c5da5731d83bd10,da72bf5bbca4ca33b822955cfbbf9e5b84e4e0fa5e5e68cf9d30054109fac58b
d0d21733b2b4eb9251a6b09d4dd7b678bbbbb87a3e77c1894ee3401babc2461a,85f1c8c8e324b6be99b13732edd1770eb0d200d15becbd659cc47ff5e060ac43
3d92b29ae855157a843db93dda7ff12f97e921860a766b778a41245ed52bd5e9,9360404e4f35ac209099b0fce8615971c8e89d2ab06348841d708bc3f20d28e3
b8970b93e32c72875d29f0c985691e872ad0a3d2ce4e8f895c50d11721c951da,85f1c8c8e324b6be99b13732edd1770eb0d200d15becbd659cc47ff5e060ac43
fe0b5cc3d2808af492fa9e975ca9feb9e72e18615e3d9e4e85038b0269cd05b3,271a22f75d73e13fa558d991442ecde8d75a34a0b9f6216d44b116f8612c82dc
e5ac0ef48998aec14e83261d281b7562cbc9b95fe752b59211a19aa4a1cceea7,271a22f75d73e13fa558d991442ecde8d75a34a0b9f6216d44b116f8612c82dc
8dc9e3aaf2121900e97ad9ac7bf84745dc24e9a7256282b0adfa1b447467899a,22611ceccd0b4d14703ccd4eaab3208ffc03d2c80d38655023b622e50d0466fe
15f765a28ee7c8af6ffa722e2a77242e4fd726a56e3e1ba312a936af6888977d,271a22f75d73e13fa558d991442ecde8d75a34a0b9f6216d44b116f8612c82dc
83e0f97255fde448df471234770736403bebd86b8798c0e2b2360f41ee0727f6,da72bf5bbca4ca33b822955cfbbf9e5b84e4e0fa5e5e68cf9d30054109fac58b
83e0f97255fde448df471234770736403bebd86b8798c0e2b2360f41ee0727f6,bd2d677b2ed4381b48bb1d0841052c6d076e7d634d5052e85dcbe0b8a0dedd80
72892f1566fe256a1bf734bad5882ff95cbc403edd41fa3f6a32cfd95afa40ac,271a22f75d73e13fa558d991442ecde8d75a34a0b9f6216d44b116f8612c82dc
399c1404a2e5967a3fa3dcd445dd0b347f3e38d491dac3579855f6e76a931723,43f1fc2390a440781ffc1359e14ecb8389bfaaf8319bbe09f291a3872ea49bb9
399c1404a2e5967a3fa3dcd445dd0b347f3e38d491dac3579855f6e76a931723,6eb00b4b2614a144d41ccdf709017a675953fae2df6cfd6b397bd9e4d8708461
c62674c750d8ce1451c8f0d28ba17ba719975f1cd1217f4528374ee68a72c78a,85f1c8c8e324b6be99b13732edd1770eb0d200d15becbd659cc47ff5e060ac43
6cccced5850f56113adc57900013c2c5f0a2839f5f055bcb789874af55599d9f,43f1fc2390a440781ffc1359e14ecb8389bfaaf8319bbe09f291a3872ea49bb9
6cccced5850f56113adc57900013c2c5f0a2839f5f055bcb789874af55599d9f,1dd10f244a62771bcca9df74a9bc7d13363df8d3cd69ee07f66c2b1666b256ff
63cd9fc1dff215feeeb43b3b3dba4b1399b5d90ff960cde254c9d352c493e756,43f1fc2390a440781ffc1359e14ecb8389bfaaf8319bbe09f291a3872ea49bb9
50c1eba92234a664189cfe4deb9ca874b8934cd7b601209aeb608d47234c882c,43f1fc2390a440781ffc1359e14ecb8389bfaaf8319bbe09f291a3872ea49bb9
9f393680b699136a561df6681b63f135fd79269bc4cbf54ad502981436da747b,da72bf5bbca4ca33b822955cfbbf9e5b84e4e0fa5e5e68cf9d30054109fac58b
9f393680b699136a561df6681b63f135fd79269bc4cbf54ad502981436da747b,3bc3567a7fc6511a85072520dc1bdb95a732c4aee93a6533d53954f39124d7c9
5b46741c9c54efbc0d0a469141bb215f0b0fd18b0acb0dad4f78ae963b59d293,da72bf5bbca4ca33b822955cfbbf9e5b84e4e0fa5e5e68cf9d30054109fac58b
5b46741c9c54efbc0d0a469141bb215f0b0fd18b0acb0dad4f78ae963b59d293,6eb00b4b2614a144d41ccdf709017a675953fae2df6cfd6b397bd9e4d8708461
e5c8cc0bd85d866136a7daa2735f7562650271b5caf1371214e969b3317b5a1b,43f1fc2390a440781ffc1359e14ecb8389bfaaf8319bbe09f291a3872ea49bb9
b31103d6e461c246409efb6d8e7a0354b045a134bb0e9ad4f5bbc03a21224f69,43f1fc2390a440781ffc1359e14ecb8389bfaaf8319bbe09f291a3872ea49bb9
27eb92284ea25b6fba66cc6a6615cc9823bfc3db98f146ab0ac019d9400b8406,43f1fc2390a440781ffc1359e14ecb8389bfaaf8319bbe09f291a3872ea49bb9
35be9c0eb0201713d8a0e5d6a48af85d0720abbfd7ee64a62fb20ed4aa2def24,1dd10f244a62771bcca9df74a9bc7d13363df8d3cd69ee07f66c2b1666b256ff
35be9c0eb0201713d8a0e5d6a48af85d0720abbfd7ee64a62fb20ed4aa2def24,9ed9b84aa0a7d0ba2089f52a0d93c4633ab780b01a7aa627de0a4238f33712a0
f611fcc2c423e2ba2cd0d131c698ffac461a600ef00c4b1442e1a374b1c668d1,271a22f75d73e13fa558d991442ecde8d75a34a0b9f6216d44b116f8612c82dc
019fc7bd5cb361098d942f004ced265c4a89558927ec9781605e81f7f0307edb,85f1c8c8e324b6be99b13732edd1770eb0d200d15becbd659cc47ff5e060ac43
019fc7bd5cb361098d942f004ced265c4a89558927ec9781605e81f7f0307edb,da72bf5bbca4ca33b822955cfbbf9e5b84e4e0fa5e5e68cf9d30054109fac58b
2a443ef8ed61ff95ab0c50c0df2a71292a6887e1fe19b4df0a6be7b06e596c9b,43f1fc2390a440781ffc1359e14ecb8389bfaaf8319bbe09f291a3872ea49bb9
aa7a0419e012580752e8761a7ec9b720f1089c39f0e7d0fa97c703518e63f4b2,43f1fc2390a440781ffc1359e14ecb8389bfaaf8319bbe09f291a3872ea49bb9
aa7a0419e012580752e8761a7ec9b720f1089c39f0e7d0fa97c703518e63f4b2,35624b8800fae3fd49027ffc8d2a4e4bd697a0166c97ec564b5ea19b10b242dd
ad12bc842ed9f0a8f7f16718831c5e6da35a0fabaf9cbbb0ba19ce5aa6931edd,43f1fc2390a440781ffc1359e14ecb8389bfaaf8319bbe09f291a3872ea49bb9
243db9f81baec4500625a6144c8fe5e8b644ce846d7b79e2fad65028e6caddab,85f1c8c8e324b6be99b13732edd1770eb0d200d15becbd659cc47ff5e060ac43
243db9f81baec4500625a6144c8fe5e8b644ce846d7b79e2fad65028e6caddab,da72bf5bbca4ca33b822955cfbbf9e5b84e4e0fa5e5e68cf9d30054109fac58b
a4d814ba2f918345f8d509072ff597661c23e7b61cee0d764eb88ba4358e5890,43f1fc2390a440781ffc1359e14ecb8389bfaaf8319bbe09f291a3872ea49bb9
798b2f783d8c847e9f27eea331701e558e816088b74520fc61cb8b80140b0444,852a56bfaf803f454ce5e6380225fe1770c1e567bbb32cf335c99385c3930025
798b2f783d8c847e9f27eea331701e558e816088b74520fc61cb8b80140b0444,3bc3567a7fc6511a85072520dc1bdb95a732c4aee93a6533d53954f39124d7c9
611ff4d4a0666ef87f6c35bfa949badd0ab0ceb1491bad78a69032c09fddc037,da72bf5bbca4ca33b822955cfbbf9e5b84e4e0fa5e5e68cf9d30054109fac58b
5d772a96b85321f66223c0b9913cfad5522fd95782e3c91abddbd9adc466fae0,85f1c8c8e324b6be99b13732edd1770eb0d200d15becbd659cc47ff5e060ac43
b4da6f800ab5786ca30af3310c96550e9e3e9f750b5308980d7ddacebffd8467,3bc3567a7fc6511a85072520dc1bdb95a732c4aee93a6533d53954f39124d7c9
b4da6f800ab5786ca30af3310c96550e9e3e9f750b5308980d7ddacebffd8467,852a56bfaf803f454ce5e6380225fe1770c1e567bbb32cf335c99385c3930025
db3ea15a87ce18b4ad8425ac181de4c3443265de109805733b37ad3e3eae4e29,35624b8800fae3fd49027ffc8d2a4e4bd697a0166c97ec564b5ea19b10b242dd
db3ea15a87ce18b4ad8425ac181de4c3443265de109805733b37ad3e3eae4e29,da72bf5bbca4ca33b822955cfbbf9e5b84e4e0fa5e5e68cf9d30054109fac58b
9b32c701dd885bc163391870f6b5c2f0d8daf1856529dac4fde29d737a3e0f7e,85f1c8c8e324b6be99b13732edd1770eb0d200d15becbd659cc47ff5e060ac43
9b32c701dd885bc163391870f6b5c2f0d8daf1856529dac4fde29d737a3e0f7e,3bc3567a7fc6511a85072520dc1bdb95a732c4aee93a6533d53954f39124d7c9
2f5764c635977736ebb0d7748fbba015f104f392c7ea657b72a1e9417c187a91,271a22f75d73e13fa558d991442ecde8d75a34a0b9f6216d44b116f8612c82dc
743be015489437e849981127fb26419d93959985a329a26d21bc7cd09e793e9b,da72bf5bbca4ca33b822955cfbbf9e5b84e4e0fa5e5e68cf9d30054109fac58b
467b773241d5f8fe4eb4c25c9f1eae47697273f35c5e72a6bda21af7cef11594,43f1fc2390a440781ffc1359e14ecb8389bfaaf8319bbe09f291a3872ea49bb9
12a8d300dca37540693126864979d2c597be4693a1077ed02e1d8d4ead8224be,43f1fc2390a440781ffc1359e14ecb8389bfaaf8319bbe09f291a3872ea49bb9
79ca5d46393f316111e8bd185e36612eaae274d4b2fad11701d1c3177113a615,43f1fc2390a440781ffc1359e14ecb8389bfaaf8319bbe09f291a3872ea49bb9
c79d2ae26a92ec8e2ba6b882e76127ccf2509a4f3334925bb95babdd4cea724a,271a22f75d73e13fa558d991442ecde8d75a34a0b9f6216d44b116f8612c82dc
be9ddfe8471bae18664d0913def106183957f175b55a9d4eda88f4a8f89c04da,43f1fc2390a440781ffc1359e14ecb8389bfaaf8319bbe09f291a3872ea49bb9
011c396c80ce5a7e6d93ce28a486f182f967c5028a65add30baa7e9282dec07e,64cff1319d2fd2cbb7a1e84ccecf22c1cc07b24435cdb522f8c0aa525d6002a6
6608b000bd3de899d8faa03efbf23a5b8829629be6e5c6d3707917a68a32949c,271a22f75d73e13fa558d991442ecde8d75a34a0b9f6216d44b116f8612c82dc
6608b000bd3de899d8faa03efbf23a5b8829629be6e5c6d3707917a68a32949c,542855513e4f74d08a92352680c339d82e2ae347fb021a7128c7f4146c40d295
6608b000bd3de899d8faa03efbf23a5b8829629be6e5c6d3707917a68a32949c,da72bf5bbca4ca33b822955cfbbf9e5b84e4e0fa5e5e68cf9d30054109fac58b
72e138072ef5cc1c4f6a2eb5e6c271971c3bafbad613dcd6404aecfa814d763a,43f1fc2390a440781ffc1359e14ecb8389bfaaf8319bbe09f291a3872ea49bb9
72e138072ef5cc1c4f6a2eb5e6c271971c3bafbad613dcd6404aecfa814d763a,1dd10f244a62771bcca9df74a9bc7d13363df8d3cd69ee07f66c2b1666b256ff
1b089a412e4e85ddf539067e6bde320503e15f51b1d4634f21ff1cebf7680d37,271a22f75d73e13fa558d991442ecde8d75a34a0b9f6216d44b116f8612c82dc
f4ff08e3e20b4e418cb4e4d1ea94d9524bab6586f7eb20918671d88063c7c040,43f1fc2390a440781ffc1359e14ecb8389bfaaf8319bbe09f291a3872ea49bb9
dda8cab6082a591a6ed0d9a8e2a62177653f42a03f230770949347892fbee4bd,43f1fc2390a440781ffc1359e14ecb8389bfaaf8319bbe09f291a3872ea49bb9
5e58316d73d3b0f6e56955e675d515a3a2845a1da1f12ec818aead48154ffcbf,43f1fc2390a440781ffc1359e14ecb8389bfaaf8319bbe09f291a3872ea49bb9
2899e6138505825e9c3c6c5c520fe8e4a1dc86dd201f3edd1e6d879c0e028b3e,be8816dbd8b8aa53557ba5f25f5295b1ce2cf829d42d9256024b0698e7654f0d
2899e6138505825e9c3c6c5c520fe8e4a1dc86dd201f3edd1e6d879c0e028b3e,0e769600933790607b2a13b33ddfade0fa17810eb62c3b28ee23e59516516491
2899e6138505825e9c3c6c5c520fe8e4a1dc86dd201f3edd1e6d879c0e028b3e,da72bf5bbca4ca33b822955cfbbf9e5b84e4e0fa5e5e68cf9d30054109fac58b
8167110434a0d706c9001315b2f2c3f70222a64cd16fb7131c083b6d0a033399,271a22f75d73e13fa558d991442ecde8d75a34a0b9f6216d44b116f8612c82dc
12868bb344ebb14fc48a5d7be2c9fcceb99ad19a9253ee801a75b81b170ab238,1dd10f244a62771bcca9df74a9bc7d13363df8d3cd69ee07f66c2b1666b256ff
d25538eb698115183572abf608f9beba3ae4d5ef71983381c17af19448020d20,43f1fc2390a440781ffc1359e14ecb8389bfaaf8319bbe09f291a3872ea49bb9
d25538eb698115183572abf608f9beba3ae4d5ef71983381c17af19448020d20,0e769600933790607b2a13b33ddfade0fa17810eb62c3b28ee23e59516516491
f46a0ce4de5265e36950223af4bef8e3cc2df30142adccb0342e46272cf8290a,271a22f75d73e13fa558d991442ecde8d75a34a0b9f6216d44b116f8612c82dc
3eb6dd6f1e6d19f1c0ed2eb9dcb91e14a99d465107242fffc2ad0185284da37a,9360404e4f35ac209099b0fce8615971c8e89d2ab06348841d708bc3f20d28e3
4d1a3d2d3785c6370ee706ca269dd18518510bbe4479e5df7caf7fc64a76094a,1dd10f244a62771bcca9df74a9bc7d13363df8d3cd69ee07f66c2b1666b256ff
4d1a3d2d3785c6370ee706ca269dd18518510bbe4479e5df7caf7fc64a76094a,271a22f75d73e13fa558d991442ecde8d75a34a0b9f6216d44b116f8612c82dc
4d1a3d2d3785c6370ee706ca269dd18518510bbe4479e5df7caf7fc64a76094a,9ed9b84aa0a7d0ba2089f52a0d93c4633ab780b01a7aa627de0a4238f33712a0
4d1a3d2d3785c6370ee706ca269dd18518510bbe4479e5df7caf7fc64a76094a,542855513e4f74d08a92352680c339d82e2ae347fb021a7128c7f4146c40d295
3b3ad93f48fc0657bea86dfcddb626f36def6ae5ce15dbcb83fb1967d1e7e8d6,9ed9b84aa0a7d0ba2089f52a0d93c4633ab780b01a7aa627de0a4238f33712a0
715e7f58845f76061861d5ff028709ad74416a8cf4cb66f939a2ae1f01846148,da72bf5bbca4ca33b822955cfbbf9e5b84e4e0fa5e5e68cf9d30054109fac58b
e8789739745ebe4254329f3c3eafa36c907c9ff92e927bb21c8820c7f1e11012,64cff1319d2fd2cbb7a1e84ccecf22c1cc07b24435cdb522f8c0aa525d6002a6
e8789739745ebe4254329f3c3eafa36c907c9ff92e927bb21c8820c7f1e11012,85f1c8c8e324b6be99b13732edd1770eb0d200d15becbd659cc47ff5e060ac43
9c8d9c6ffb8ca287c28538f88b8357967fec90dcd0d3e4fa6fc12e97cd966079,9360404e4f35ac209099b0fce8615971c8e89d2ab06348841d708bc3f20d28e3
9c8d9c6ffb8ca287c28538f88b8357967fec90dcd0d3e4fa6fc12e97cd966079,271a22f75d73e13fa558d991442ecde8d75a34a0b9f6216d44b116f8612c82dc
aba9455151c61220d970e7cb606ea3ab133348690430e434f3a87b086172fe16,43f1fc2390a440781ffc1359e14ecb8389bfaaf8319bbe09f291a3872ea49bb9
37085f3ee8d14990ec612699d66df8333c7930c73f2a9c424e9f7aa50c34d713,bd2d677b2ed4381b48bb1d0841052c6d076e7d634d5052e85dcbe0b8a0dedd80
37085f3ee8d14990ec612699d66df8333c7930c73f2a9c424e9f7aa50c34d713,85f1c8c8e324b6be99b13732edd1770eb0d200d15becbd659cc47ff5e060ac43
37085f3ee8d14990ec612699d66df8333c7930c73f2a9c424e9f7aa50c34d713,3bc3567a7fc6511a85072520dc1bdb95a732c4aee93a6533d53954f39124d7c9
b467d84916e23a3756e21933abe8c2b27b30a063fea8c7e246d9b15242fea838,da72bf5bbca4ca33b822955cfbbf9e5b84e4e0fa5e5e68cf9d30054109fac58b
3ed0cc467260d888945f3b7a23ef31407b92e36ce29c20ac895f8bc3a5f002bf,43f1fc2390a440781ffc1359e14ecb8389bfaaf8319bbe09f291a3872ea49bb9
0cf38fbb84dbfdc225f90ba8825d00c992d91981c75cf2fabaebd7b20c2cf36e,85f1c8c8e324b6be99b13732edd1770eb0d200d15becbd659cc47ff5e060ac43
0cf38fbb84dbfdc225f90ba8825d00c992d91981c75cf2fabaebd7b20c2cf36e,271a22f75d73e13fa558d991442ecde8d75a34a0b9f6216d44b116f8612c82dc
5401dc8957248f83e3dacab328b622d3d5ea8c895af113b448990eb2d818bc03,43f1fc2390a440781ffc1359e14ecb8389bfaaf8319bbe09f291a3872ea49bb9
d4a97f0394a26f3879ab52ccbccd68683f8311e5580f714d2700d07ac288080e,1dd10f244a62771bcca9df74a9bc7d13363df8d3cd69ee07f66c2b1666b256ff
d4a97f0394a26f3879ab52ccbccd68683f8311e5580f714d2700d07ac288080e,85f1c8c8e324b6be99b13732edd1770eb0d200d15becbd659cc47ff5e060ac43
d4a97f0394a26f3879ab52ccbccd68683f8311e5580f714d2700d07ac288080e,bd2d677b2ed4381b48bb1d0841052c6d076e7d634d5052e85dcbe0b8a0dedd80
c21f6f57955b7da323cf2953656bce4415ab29a0cf29b8a7d17ab8a2ff1edd62,da72bf5bbca4ca33b822955cfbbf9e5b84e4e0fa5e5e68cf9d30054109fac58b
6fd08a96de8087309dd4a8b0c7c924fa8345bb9136b88ab6c102a69a7275ed80,1dd10f244a62771bcca9df74a9bc7d13363df8d3cd69ee07f66c2b1666b256ff
6fd08a96de8087309dd4a8b0c7c924fa8345bb9136b88ab6c102a69a7275ed80,43f1fc2390a440781ffc1359e14ecb8389bfaaf8319bbe09f291a3872ea49bb9
e96dd2a6db0a00b1d970375f378ec8b870b9ec55c8625ccb9c7e14299f28e2a7,1dd10f244a62771bcca9df74a9bc7d13363df8d3cd69ee07f66c2b1666b256ff
77b5da65518ba442c860911190b31e63d3571c987048bfeacaef7509e86f9b8e,da72bf5bbca4ca33b822955cfbbf9e5b84e4e0fa5e5e68cf9d30054109fac58b
77b5da65518ba442c860911190b31e63d3571c987048bfeacaef7509e86f9b8e,be8816dbd8b8aa53557ba5f25f5295b1ce2cf829d42d9256024b0698e7654f0d
bf0b2e4f0c693d98a63598491e33117341853390ac9d95b84a85090055815fcb,da72bf5bbca4ca33b822955cfbbf9e5b84e4e0fa5e5e68cf9d30054109fac58b
bf0b2e4f0c693d98a63598491e33117341853390ac9d95b84a85090055815fcb,852a56bfaf803f454ce5e6380225fe1770c1e567bbb32cf335c99385c3930025
a07f7761d5cd2c5f55484c5c1dd5bf6930063f8cfd52c8166f43ec7ac826ed10,43f1fc2390a440781ffc1359e14ecb8389bfaaf8319bbe09f291a3872ea49bb9
8bac785b07cbed9da5ee536389a788f207b28c4dc0531ae448e183ed77d0d04d,43f1fc2390a440781ffc1359e14ecb8389bfaaf8319bbe09f291a3872ea49bb9
f22ac9b919659e0d6ee3f1910cc4f632589f78b6b1dc7f45b96b2bf2cf71d5e4,43f1fc2390a440781ffc1359e14ecb8389bfaaf8319bbe09f291a3872ea49bb9
8fa424d5d8de47102efda360129941009c9cb8a489e0d729f1337aa4ea54fcb9,85f1c8c8e324b6be99b13732edd1770eb0d200d15becbd659cc47ff5e060ac43
192f477115c77a54c62eed78ac9f6bfd836f91bbfa4d1b4246f68caa951e917f,43f1fc2390a440781ffc1359e14ecb8389bfaaf8319bbe09f291a3872ea49bb9
8942523c741fae1217c95ecc3af0600a3da95ef6b05fa5f4254920c91456381e,9360404e4f35ac209099b0fce8615971c8e89d2ab06348841d708bc3f20d28e3
90b2630391e03cb7b5aa6f9eecbd06348eceb91031c94af54ecc131f133b742d,9360404e4f35ac209099b0fce8615971c8e89d2ab06348841d708bc3f20d28e3
90b2630391e03cb7b5aa6f9eecbd06348eceb91031c94af54ecc131f133b742d,64cff1319d2fd2cbb7a1e84ccecf22c1cc07b24435cdb522f8c0aa525d6002a6
90b2630391e03cb7b5aa6f9eecbd06348eceb91031c94af54ecc131f133b742d,35624b8800fae3fd49027ffc8d2a4e4bd697a0166c97ec564b5ea19b10b242dd
c45dada9c5a8d30802836d87802ead5df17f2ca5af7f72eeb8a0662e59921185,da72bf5bbca4ca33b822955cfbbf9e5b84e4e0fa5e5e68cf9d30054109fac58b
c45dada9c5a8d30802836d87802ead5df17f2ca5af7f72eeb8a0662e59921185,6eb00b4b2614a144d41ccdf709017a675953fae2df6cfd6b397bd9e4d8708461
74973f695e0538baa6c31d0ff353770ea361bb6cbc96ed0dcf1216c260f09788,6eb00b4b2614a144d41ccdf709017a675953fae2df6cfd6b397bd9e4d8708461
74973f695e0538baa6c31d0ff353770ea361bb6cbc96ed0dcf1216c260f09788,43f1fc2390a440781ffc1359e14ecb8389bfaaf8319bbe09f291a3872ea49bb9
13ac0928a1e4a96638df5c2126da7beeb589d86cfd4e04bbe27a63b18427fc8f,271a22f75d73e13fa558d991442ecde8d75a34a0b9f6216d44b116f8612c82dc
cd1326327d9f28c41c350d9045745bb2bdaa7302910a5429098f99f3b4dfc99b,da72bf5bbca4ca33b822955cfbbf9e5b84e4e0fa5e5e68cf9d30054109fac58b
cd1326327d9f28c41c350d9045745bb2bdaa7302910a5429098f99f3b4dfc99b,542855513e4f74d08a92352680c339d82e2ae347fb021a7128c7f4146c40d295
21f4f87a828f837848e9caaa75ef0609869498e2328cdca67dc7f2188a0ee165,43f1fc2390a440781ffc1359e14ecb8389bfaaf8319bbe09f291a3872ea49bb9
8364b7929aec6ddec5cb3ee6e18254f31166e0f21c235949af5905ef03847e64,9ed9b84aa0a7d0ba2089f52a0d93c4633ab780b01a7aa627de0a4238f33712a0
8364b7929aec6ddec5cb3ee6e18254f31166e0f21c235949af5905ef03847e64,542855513e4f74d08a92352680c339d82e2ae347fb021a7128c7f4146c40d295
bad207aee6e760719bad0965b9a9257d33a3629296df139f5d9b23f03090ac31,22611ceccd0b4d14703ccd4eaab3208ffc03d2c80d38655023b622e50d0466fe
bad207aee6e760719bad0965b9a9257d33a3629296df139f5d9b23f03090ac31,da72bf5bbca4ca33b822955cfbbf9e5b84e4e0fa5e5e68cf9d30054109fac58b
19cf4d11fc5552f30552ef0f9cf5a1e1629259cf472fa12658cabd981df1ac7c,da72bf5bbca4ca33b822955cfbbf9e5b84e4e0fa5e5e68cf9d30054109fac58b
19cf4d11fc5552f30552ef0f9cf5a1e1629259cf472fa12658cabd981df1ac7c,271a22f75d73e13fa558d991442ecde8d75a34a0b9f6216d44b116f8612c82dc
b4768eecee6faf6e40ef4ed78d9e7440989156af8de9b55118a6237688115d31,271a22f75d73e13fa558d991442ecde8d75a34a0b9f6216d44b116f8612c82dc
d99ddb850f90a27eaa983f2f767bde72ca04726fbae5f0cb6d519107d56ce2a4,35624b8800fae3fd49027ffc8d2a4e4bd697a0166c97ec564b5ea19b10b242dd
d99ddb850f90a27eaa983f2f767bde72ca04726fbae5f0cb6d519107d56ce2a4,da72bf5bbca4ca33b822955cfbbf9e5b84e4e0fa5e5e68cf9d30054109fac58b
330a241fa08dcb8ae0af8eaf03c690513ed66fda56e42e7711459bdbe12d6528,da72bf5bbca4ca33b822955cfbbf9e5b84e4e0fa5e5e68cf9d30054109fac58b
b5d46c15b32523aa7643559358d894f172d71b84bfbe63178ef350b8938decf5,da72bf5bbca4ca33b822955cfbbf9e5b84e4e0fa5e5e68cf9d30054109fac58b
b5d46c15b32523aa7643559358d894f172d71b84bfbe63178ef350b8938decf5,9ed9b84aa0a7d0ba2089f52a0d93c4633ab780b01a7aa627de0a4238f33712a0
b5d46c15b32523aa7643559358d894f172d71b84bfbe63178ef350b8938decf5,9360404e4f35ac209099b0fce8615971c8e89d2ab06348841d708bc3f20d28e3
e9f97e14d66fcfd4f9dd32015f11662678801c1e938d71cb649a418a0fb0a6f0,da72bf5bbca4ca33b822955cfbbf9e5b84e4e0fa5e5e68cf9d30054109fac58b
94fadc5bfe2a89d1339694d010769601f23f686d8d0976b73f593f6376a61778,1dd10f244a62771bcca9df74a9bc7d13363df8d3cd69ee07f66c2b1666b256ff
94fadc5bfe2a89d1339694d010769601f23f686d8d0976b73f593f6376a61778,85f1c8c8e324b6be99b13732edd1770eb0d200d15becbd659cc47ff5e060ac43
94fadc5bfe2a89d1339694d010769601f23f686d8d0976b73f593f6376a61778,da72bf5bbca4ca33b822955cfbbf9e5b84e4e0fa5e5e68cf9d30054109fac58b
6be6b818f5013bd1b60cdb16398c38479ad932d4ec98613e56c82d61afdb5acf,da72bf5bbca4ca33b822955cfbbf9e5b84e4e0fa5e5e68cf9d30054109fac58b
6be6b818f5013bd1b60cdb16398c38479ad932d4ec98613e56c82d61afdb5acf,be8816dbd8b8aa53557ba5f25f5295b1ce2cf829d42d9256024b0698e7654f0d
85d1020c64dd7ae2e11207eee6d982851c80340f94e6bdc72ad645ce2506512e,da72bf5bbca4ca33b822955cfbbf9e5b84e4e0fa5e5e68cf9d30054109fac58b
85d1020c64dd7ae2e11207eee6d982851c80340f94e6bdc72ad645ce2506512e,43f1fc2390a440781ffc1359e14ecb8389bfaaf8319bbe09f291a3872ea49bb9
c0bed3d0f1d23395ea3ad287246eca491fd7c61f33f5a12cf4db04c6052f3296,1dd10f244a62771bcca9df74a9bc7d13363df8d3cd69ee07f66c2b1666b256ff
c0bed3d0f1d23395ea3ad287246eca491fd7c61f33f5a12cf4db04c6052f3296,85f1c8c8e324b6be99b13732edd1770eb0d200d15becbd659cc47ff5e060ac43
c0bed3d0f1d23395ea3ad287246eca491fd7c61f33f5a12cf4db04c6052f3296,64cff1319d2fd2cbb7a1e84ccecf22c1cc07b24435cdb522f8c0aa525d6002a6
c0bed3d0f1d23395ea3ad287246eca491fd7c61f33f5a12cf4db04c6052f3296,bd2d677b2ed4381b48bb1d0841052c6d076e7d634d5052e85dcbe0b8a0dedd80
a96f0a726e6ce0499cc4e5883dc672193d8fe063d882349aefa290ea5607b203,43f1fc2390a440781ffc1359e14ecb8389bfaaf8319bbe09f291a3872ea49bb9
c1c687125c8df183ef51219995ba4054ab1a8d952101354c38e93d916ac4a498,85f1c8c8e324b6be99b13732edd1770eb0d200d15becbd659cc47ff5e060ac43
5d8aa269ce30a2ca5c466ef198a393c23fe8be798db7bd4f3ce66368afe00364,43f1fc2390a440781ffc1359e14ecb8389bfaaf8319bbe09f291a3872ea49bb9
5d8aa269ce30a2ca5c466ef198a393c23fe8be798db7bd4f3ce66368afe00364,6eb00b4b2614a144d41ccdf709017a675953fae2df6cfd6b397bd9e4d8708461
e9c28f5ff6f59f80967bf568b451df2e4514a8d0dec83d8955ce27c5b341d75d,da72bf5bbca4ca33b822955cfbbf9e5b84e4e0fa5e5e68cf9d30054109fac58b
42b652ef65f892332a6ff54626f8ce3ed7a71cc4ea80a373ce7a4f47879e6f2f,da72bf5bbca4ca33b822955cfbbf9e5b84e4e0fa5e5e68cf9d30054109fac58b
d56b85fb169f73239aabaa79112f0a97326d72fbdd0c09929fab928dafb5bfd5,1dd10f244a62771bcca9df74a9bc7d13363df8d3cd69ee07f66c2b1666b256ff
e100f075daccc290f4f0eef524c455dec61e59447dfd807810caca026cf10502,43f1fc2390a440781ffc1359e14ecb8389bfaaf8319bbe09f291a3872ea49bb9
e100f075daccc290f4f0eef524c455dec61e59447dfd807810caca026cf10502,0e769600933790607b2a13b33ddfade0fa17810eb62c3b28ee23e59516516491
e100f075daccc290f4f0eef524c455dec61e59447dfd807810caca026cf10502,852a56bfaf803f454ce5e6380225fe1770c1e567bbb32cf335c99385c3930025
e2509910cfc01ebe8243251c649b042363174619d6ced83ff9dfd9794efae981,9360404e4f35ac209099b0fce8615971c8e89d2ab06348841d708bc3f20d28e3
e2509910cfc01ebe8243251c649b042363174619d6ced83ff9dfd9794efae981,271a22f75d73e13fa558d991442ecde8d75a34a0b9f6216d44b116f8612c82dc
eaf7d178ce4a8bade402a349c92de2d2d92aa59e6cbd8793a35a81124d3ca958,271a22f75d73e13fa558d991442ecde8d75a34a0b9f6216d44b116f8612c82dc
eaf7d178ce4a8bade402a349c92de2d2d92aa59e6cbd8793a35a81124d3ca958,3bc3567a7fc6511a85072520dc1bdb95a732c4aee93a6533d53954f39124d7c9
c67331bb07ab428cab12793b760a1794032f3b592ff15ba44c0e16973be44748,1dd10f244a62771bcca9df74a9bc7d13363df8d3cd69ee07f66c2b1666b256ff
cb781186492d634cf461efd2853bf9850d26541650f312b06548f79bfb87f1a7,35624b8800fae3fd49027ffc8d2a4e4bd697a0166c97ec564b5ea19b10b242dd
cb781186492d634cf461efd2853bf9850d26541650f312b06548f79bfb87f1a7,64cff1319d2fd2cbb7a1e84ccecf22c1cc07b24435cdb522f8c0aa525d6002a6
cb781186492d634cf461efd2853bf9850d26541650f312b06548f79bfb87f1a7,542855513e4f74d08a92352680c339d82e2ae347fb021a7128c7f4146c40d295
ef1ba5173231e9755d7dd0d646baeefdd712bba218773e440d76d5292d9c0384,64cff1319d2fd2cbb7a1e84ccecf22c1cc07b24435cdb522f8c0aa525d6002a6
197caf0e6611c8e9ae1cc46a5968aeb40609619160101aeef575e3b79f9eb695,da72bf5bbca4ca33b822955cfbbf9e5b84e4e0fa5e5e68cf9d30054109fac58b
197caf0e6611c8e9ae1cc46a5968aeb40609619160101aeef575e3b79f9eb695,9a3c16424750cbde029c47e059f219dc64d8943ac4073a1cc5bc9accd979fc17
80d514ac67e22fab68cd2b3c0b2af0ac8eb76da5a4e4edb61c4202677143ad71,9360404e4f35ac209099b0fce8615971c8e89d2ab06348841d708bc3f20d28e3
1135eecaed8dfa6f6b1a91c0895a8a6fc68e2e8b857a4820417855970ac70ea8,43f1fc2390a440781ffc1359e14ecb8389bfaaf8319bbe09f291a3872ea49bb9
1135eecaed8dfa6f6b1a91c0895a8a6fc68e2e8b857a4820417855970ac70ea8,6eb00b4b2614a144d41ccdf709017a675953fae2df6cfd6b397bd9e4d8708461
9058c9ac5ba0677ed74f1891a8feb72c8c03f1c461537eef925091162a356ea0,da72bf5bbca4ca33b822955cfbbf9e5b84e4e0fa5e5e68cf9d30054109fac58b
9058c9ac5ba0677ed74f1891a8feb72c8c03f1c461537eef925091162a356ea0,85f1c8c8e324b6be99b13732edd1770eb0d200d15becbd659cc47ff5e060ac43
7267c76d0a733a17c69860a5748999c681c761e191b502ae500c4f6418a1e739,43f1fc2390a440781ffc1359e14ecb8389bfaaf8319bbe09f291a3872ea49bb9
c117e610f0a606988e429bcd9fd9d0e9960cb76c58345d484277e63a96446651,43f1fc2390a440781ffc1359e14ecb8389bfaaf8319bbe09f291a3872ea49bb9
e7342526113a5bbd5cf1a189964ab224d111ce7c796f05fb8d936a6ec1374b07,1dd10f244a62771bcca9df74a9bc7d13363df8d3cd69ee07f66c2b1666b256ff
c83c9243368568535cfe73fddd433e72f65dff1028ad6fb892093b0d80a88084,271a22f75d73e13fa558d991442ecde8d75a34a0b9f6216d44b116f8612c82dc
c83c9243368568535cfe73fddd433e72f65dff1028ad6fb892093b0d80a88084,35624b8800fae3fd49027ffc8d2a4e4bd697a0166c97ec564b5ea19b10b242dd
283ffcd1e0b4cfbfd6aee4d0ec651972ceb16898eb574c94b73315b2ceb37462,da72bf5bbca4ca33b822955cfbbf9e5b84e4e0fa5e5e68cf9d30054109fac58b
cd805ca289addfb1df9e2f16a0fc0be184023f7e7e55bc5fcc2850d1330b90d0,85f1c8c8e324b6be99b13732edd1770eb0d200d15becbd659cc47ff5e060ac43
ea58307974ec2ff9d7c152b51c521abbc350c788c43c80bbc890aa9e16e36837,85f1c8c8e324b6be99b13732edd1770eb0d200d15becbd659cc47ff5e060ac43
ea58307974ec2ff9d7c152b51c521abbc350c788c43c80bbc890aa9e16e36837,da72bf5bbca4ca33b822955cfbbf9e5b84e4e0fa5e5e68cf9d30054109fac58b
951eaff42967a63a979bd781d3574c1d5ff0a219ae490e58a8243cd2403898d4,85f1c8c8e324b6be99b13732edd1770eb0d200d15becbd659cc47ff5e060ac43
089f052e973c2aa7a3ca89e14c38b04b0726ae0e299ccdd1b93466236f56d83d,da72bf5bbca4ca33b822955cfbbf9e5b84e4e0fa5e5e68cf9d30054109fac58b
089f052e973c2aa7a3ca89e14c38b04b0726ae0e299ccdd1b93466236f56d83d,bd2d677b2ed4381b48bb1d0841052c6d076e7d634d5052e85dcbe0b8a0dedd80
3a21ee6e5aa932c406cce849d2817a7b6d39acb772d92d2eda9ce9c9941eab4c,271a22f75d73e13fa558d991442ecde8d75a34a0b9f6216d44b116f8612c82dc
3a21ee6e5aa932c406cce849d2817a7b6d39acb772d92d2eda9ce9c9941eab4c,9360404e4f35ac209099b0fce8615971c8e89d2ab06348841d708bc3f20d28e3
a3233928fea9663986f824ea52a12a23663517d30a261d6cbc120b24d00ff96e,1dd10f244a62771bcca9df74a9bc7d13363df8d3cd69ee07f66c2b1666b256ff
a3233928fea9663986f824ea52a12a23663517d30a261d6cbc120b24d00ff96e,64cff1319d2fd2cbb7a1e84ccecf22c1cc07b24435cdb522f8c0aa525d6002a6
a3233928fea9663986f824ea52a12a23663517d30a261d6cbc120b24d00ff96e,85f1c8c8e324b6be99b13732edd1770eb0d200d15becbd659cc47ff5e060ac43
a3233928fea9663986f824ea52a12a23663517d30a261d6cbc120b24d00ff96e,da72bf5bbca4ca33b822955cfbbf9e5b84e4e0fa5e5e68cf9d30054109fac58b
123f0f6cf243c440bff7133dd504e1c541bb6e52e1e66b771377b65998e3cf3f,271a22f75d73e13fa558d991442ecde8d75a34a0b9f6216d44b116f8612c82dc
dc355cab28b4634879be8f45bd91c5dbecf3a2804d955b37e90dbc617ffdc16e,1dd10f244a62771bcca9df74a9bc7d13363df8d3cd69ee07f66c2b1666b256ff
752024a475b12e7980ecaf49c087c9bc3dc00c9700621abb4adeacf98be3fbd3,43f1fc2390a440781ffc1359e14ecb8389bfaaf8319bbe09f291a3872ea49bb9
752024a475b12e7980ecaf49c087c9bc3dc00c9700621abb4adeacf98be3fbd3,da72bf5bbca4ca33b822955cfbbf9e5b84e4e0fa5e5e68cf9d30054109fac58b
f24bc51ec4211d408127a487109b85fadaa77d86432b834e23a9ac8a48d384f2,da72bf5bbca4ca33b822955cfbbf9e5b84e4e0fa5e5e68cf9d30054109fac58b
4a0701bc3c618027b6100b465caddd6060b87ab932a44267cbd64ae56cb77b71,43f1fc2390a440781ffc1359e14ecb8389bfaaf8319bbe09f291a3872ea49bb9
731ab082894d4e457ff7cad41e4f1d591dfc1fe0a03cd6b99fca945a73e041a7,85f1c8c8e324b6be99b13732edd1770eb0d200d15becbd659cc47ff5e060ac43
564e1a09c46b25d2459b2bb26b63283ecf6bd6aa322c1ffca0390142a20da728,da72bf5bbca4ca33b822955cfbbf9e5b84e4e0fa5e5e68cf9d30054109fac58b
564e1a09c46b25d2459b2bb26b63283ecf6bd6aa322c1ffca0390142a20da728,22611ceccd0b4d14703ccd4eaab3208ffc03d2c80d38655023b622e50d0466fe
227cfa334f593011a40df281cfe3b1ae7703d32791983912fcf1f7b11ababc4b,43f1fc2390a440781ffc1359e14ecb8389bfaaf8319bbe09f291a3872ea49bb9
1dfcfcaf2e12fbc61e03f570939bb0b1a26caa266c7adcee59d8239dd431a02f,64cff1319d2fd2cbb7a1e84ccecf22c1cc07b24435cdb522f8c0aa525d6002a6
6591d2e8e9e9738d66a33fbc064c7b4c86f606ad6317d63c25e8b551c4def9ff,da72bf5bbca4ca33b822955cfbbf9e5b84e4e0fa5e5e68cf9d30054109fac58b
6591d2e8e9e9738d66a33fbc064c7b4c86f606ad6317d63c25e8b551c4def9ff,9360404e4f35ac209099b0fce8615971c8e89d2ab06348841d708bc3f20d28e3
6591d2e8e9e9738d66a33fbc064c7b4c86f606ad6317d63c25e8b551c4def9ff,9ed9b84aa0a7d0ba2089f52a0d93c4633ab780b01a7aa627de0a4238f33712a0
ed3c2d4d65abe25d5620971f58e5646cf3845df18249983241c1a50a564ade78,22611ceccd0b4d14703ccd4eaab3208ffc03d2c80d38655023b622e50d0466fe
ed3c2d4d65abe25d5620971f58e5646cf3845df18249983241c1a50a564ade78,9360404e4f35ac209099b0fce8615971c8e89d2ab06348841d708bc3f20d28e3
4ca6d8ea8c8f2723546aaccac1643d6a231461c3a3775614ad36d70ffd30856a,43f1fc2390a440781ffc1359e14ecb8389bfaaf8319bbe09f291a3872ea49bb9
0f192966b076d53498ce0716477cb18cb2a04fddced28b06c1496e0d2ac3e476,9360404e4f35ac209099b0fce8615971c8e89d2ab06348841d708bc3f20d28e3
0f192966b076d53498ce0716477cb18cb2a04fddced28b06c1496e0d2ac3e476,9ed9b84aa0a7d0ba2089f52a0d93c4633ab780b01a7aa627de0a4238f33712a0
0f192966b076d53498ce0716477cb18cb2a04fddced28b06c1496e0d2ac3e476,35624b8800fae3fd49027ffc8d2a4e4bd697a0166c97ec564b5ea19b10b242dd
7e04e3e653874ba561565f812f4b2b8e6ebdb71a6843346532e58d8a15e169b2,271a22f75d73e13fa558d991442ecde8d75a34a0b9f6216d44b116f8612c82dc
1098a1ccf340502c388b85a1e38d870f98678eee91be4cf63dc7d12a9fb6acc8,22611ceccd0b4d14703ccd4eaab3208ffc03d2c80d38655023b622e50d0466fe
1098a1ccf340502c388b85a1e38d870f98678eee91be4cf63dc7d12a9fb6acc8,9360404e4f35ac209099b0fce8615971c8e89d2ab06348841d708bc3f20d28e3
1098a1ccf340502c388b85a1e38d870f98678eee91be4cf63dc7d12a9fb6acc8,852a56bfaf803f454ce5e6380225fe1770c1e567bbb32cf335c99385c3930025
d79d443870188e868419214660a0f9a93e9c754067ece8150eb1e100b6c479ac,85f1c8c8e324b6be99b13732edd1770eb0d200d15becbd659cc47ff5e060ac43
a4a556a8cc0aeea956666a335d429f0a5b8b9035f3a60c5d1234e6a37a67bfe6,da72bf5bbca4ca33b822955cfbbf9e5b84e4e0fa5e5e68cf9d30054109fac58b
69a40b83d55a4aad2d1c637fdc37b306e83ba1324d03aba0ffa00726c6114fa5,85f1c8c8e324b6be99b13732edd1770eb0d200d15becbd659cc47ff5e060ac43
69a40b83d55a4aad2d1c637fdc37b306e83ba1324d03aba0ffa00726c6114fa5,64cff1319d2fd2cbb7a1e84ccecf22c1cc07b24435cdb522f8c0aa525d6002a6
69a40b83d55a4aad2d1c637fdc37b306e83ba1324d03aba0ffa00726c6114fa5,22611ceccd0b4d14703ccd4eaab3208ffc03d2c80d38655023b622e50d0466fe
b1855c98891a001a838078bc3207dde2af08d07795504b4c808a9268aa16f939,852a56bfaf803f454ce5e6380225fe1770c1e567bbb32cf335c99385c3930025
b1855c98891a001a838078bc3207dde2af08d07795504b4c808a9268aa16f939,85f1c8c8e324b6be99b13732edd1770eb0d200d15becbd659cc47ff5e060ac43
90282026da8bff419181c5ccc96586c99764d604f4279f2f679c613cd4dd0d11,da72bf5bbca4ca33b822955cfbbf9e5b84e4e0fa5e5e68cf9d30054109fac58b
a9f3b158c0ea702f581ff3ab5a812cb6f139f9c302127b97c86c4e47abe24adc,da72bf5bbca4ca33b822955cfbbf9e5b84e4e0fa5e5e68cf9d30054109fac58b
a9f3b158c0ea702f581ff3ab5a812cb6f139f9c302127b97c86c4e47abe24adc,bd2d677b2ed4381b48bb1d0841052c6d076e7d634d5052e85dcbe0b8a0dedd80
d7f0f05c599085c6ae30fe7325af936ea4bf5ce68c8474c8a5aafa3f5d0f4aa3,85f1c8c8e324b6be99b13732edd1770eb0d200d15becbd659cc47ff5e060ac43
d7f0f05c599085c6ae30fe7325af936ea4bf5ce68c8474c8a5aafa3f5d0f4aa3,3bc3567a7fc6511a85072520dc1bdb95a732c4aee93a6533d53954f39124d7c9
af532c18cc70115e42d84d0f6bc2d32ed983ef339d518740863cd398419b7140,85f1c8c8e324b6be99b13732edd1770eb0d200d15becbd659cc47ff5e060ac43
af532c18cc70115e42d84d0f6bc2d32ed983ef339d518740863cd398419b7140,3bc3567a7fc6511a85072520dc1bdb95a732c4aee93a6533d53954f39124d7c9
c2f02046ea22dc7c7bf8a618888f95baf1336ea2943bfd66906aafcb9721ac6b,43f1fc2390a440781ffc1359e14ecb8389bfaaf8319bbe09f291a3872ea49bb9
14ddb3ebed6afbc242c18f5a3790e9b988ade28208f8e2cf18db78a22cb82b81,35624b8800fae3fd49027ffc8d2a4e4bd697a0166c97ec564b5ea19b10b242dd
14ddb3ebed6afbc242c18f5a3790e9b988ade28208f8e2cf18db78a22cb82b81,da72bf5bbca4ca33b822955cfbbf9e5b84e4e0fa5e5e68cf9d30054109fac58b
14ddb3ebed6afbc242c18f5a3790e9b988ade28208f8e2cf18db78a22cb82b81,85f1c8c8e324b6be99b13732edd1770eb0d200d15becbd659cc47ff5e060ac43
42b0b6de0bd742827bb3520a826ceff8260fff9588a5d9f17579806bdc8bcecd,43f1fc2390a440781ffc1359e14ecb8389bfaaf8319bbe09f291a3872ea49bb9
e19a614d36720ad36dbdd9ec25c7032d9e803cdc0f30f64ff24a5eeea8fdcb5e,271a22f75d73e13fa558d991442ecde8d75a34a0b9f6216d44b116f8612c82dc
c07224b27601e440869c1c9a0568aedf636ff78e2ad547cbed5fc9fbc4045533,da72bf5bbca4ca33b822955cfbbf9e5b84e4e0fa5e5e68cf9d30054109fac58b
c07224b27601e440869c1c9a0568aedf636ff78e2ad547cbed5fc9fbc4045533,0e769600933790607b2a13b33ddfade0fa17810eb62c3b28ee23e59516516491
464f27223d7dbf556fe86888be534c3a0cfe1fdcb777e4ed8b1d49db43a825ca,bd2d677b2ed4381b48bb1d0841052c6d076e7d634d5052e85dcbe0b8a0dedd80
464f27223d7dbf556fe86888be534c3a0cfe1fdcb777e4ed8b1d49db43a825ca,85f1c8c8e324b6be99b13732edd1770eb0d200d15becbd659cc47ff5e060ac43
464f27223d7dbf556fe86888be534c3a0cfe1fdcb777e4ed8b1d49db43a825ca,542855513e4f74d08a92352680c339d82e2ae347fb021a7128c7f4146c40d295
464f27223d7dbf556fe86888be534c3a0cfe1fdcb777e4ed8b1d49db43a825ca,1dd10f244a62771bcca9df74a9bc7d13363df8d3cd69ee07f66c2b1666b256ff
6abfad26e9e50f7671b6b97f8d3e5c5311c3d6271e051e555a447e6047112040,271a22f75d73e13fa558d991442ecde8d75a34a0b9f6216d44b116f8612c82dc
e4d00dfd7635238eaa9630c1cbbdb16d4cac255bc257b65bfdab53a2e304ab56,85f1c8c8e324b6be99b13732edd1770eb0d200d15becbd659cc47ff5e060ac43
e4d00dfd7635238eaa9630c1cbbdb16d4cac255bc257b65bfdab53a2e304ab56,bd2d677b2ed4381b48bb1d0841052c6d076e7d634d5052e85dcbe0b8a0dedd80
e4d00dfd7635238eaa9630c1cbbdb16d4cac255bc257b65bfdab53a2e304ab56,da72bf5bbca4ca33b822955cfbbf9e5b84e4e0fa5e5e68cf9d30054109fac58b
7c2501de83f0cc139c3c99179033cb4cc7c364da992f852e7297ea20200dce1a,85f1c8c8e324b6be99b13732edd1770eb0d200d15becbd659cc47ff5e060ac43
e935ac367c6275cf0d92492c7c54ad7c1ce3b7f07e743f90dcf22e3a82555e03,da72bf5bbca4ca33b822955cfbbf9e5b84e4e0fa5e5e68cf9d30054109fac58b
8f6ea9e01579e3e83af3f3571ea151334b50bbad61978c77752649617f1a28e4,43f1fc2390a440781ffc1359e14ecb8389bfaaf8319bbe09f291a3872ea49bb9
d5e34fa2ad4c54eb5ed5010d80d7cbdd463d06332c176d24a50078465c71c541,9360404e4f35ac209099b0fce8615971c8e89d2ab06348841d708bc3f20d28e3
d5e34fa2ad4c54eb5ed5010d80d7cbdd463d06332c176d24a50078465c71c541,852a56bfaf803f454ce5e6380225fe1770c1e567bbb32cf335c99385c3930025
e687cc6418a641c7c83a8e11486db9ff9e45fbe8a6823f2c57e1cff42d62c8cd,85f1c8c8e324b6be99b13732edd1770eb0d200d15becbd659cc47ff5e060ac43
b005c6e6950babb92b175b7a644108b88b91559f50b33c21769d97f017e25e55,da72bf5bbca4ca33b822955cfbbf9e5b84e4e0fa5e5e68cf9d30054109fac58b
b005c6e6950babb92b175b7a644108b88b91559f50b33c21769d97f017e25e55,35624b8800fae3fd49027ffc8d2a4e4bd697a0166c97ec564b5ea19b10b242dd
189ced0436f9dea5270d9e55d80427aa35cd560bceb5dfd86b983ca30559ceb2,852a56bfaf803f454ce5e6380225fe1770c1e567bbb32cf335c99385c3930025
189ced0436f9dea5270d9e55d80427aa35cd560bceb5dfd86b983ca30559ceb2,da72bf5bbca4ca33b822955cfbbf9e5b84e4e0fa5e5e68cf9d30054109fac58b
ecf27c0a136431b0d219722599382f7a5bb1bcc6864a41100777e8d9a8b0257f,43f1fc2390a440781ffc1359e14ecb8389bfaaf8319bbe09f291a3872ea49bb9
2aec350d7d31d34d15d8ee640e8cf9a44a9a61aeb846e54c3fef2f0422524fc9,43f1fc2390a440781ffc1359e14ecb8389bfaaf8319bbe09f291a3872ea49bb9
3efdb60fdf5fd937110d2cfb2ee9fb6c8b9145982f7d1166cdf407719c4e0cd4,85f1c8c8e324b6be99b13732edd1770eb0d200d15becbd659cc47ff5e060ac43
3efdb60fdf5fd937110d2cfb2ee9fb6c8b9145982f7d1166cdf407719c4e0cd4,bd2d677b2ed4381b48bb1d0841052c6d076e7d634d5052e85dcbe0b8a0dedd80
4e6cf275b7f3c84aac52bf8dc1602651ccbae0aafdba9f6f9770145d700fd5b6,bd2d677b2ed4381b48bb1d0841052c6d076e7d634d5052e85dcbe0b8a0dedd80
73c123b6ab7c8e3713ff33cb72bde95a770c42074c96c12c870dfcf8b8fe335a,43f1fc2390a440781ffc1359e14ecb8389bfaaf8319bbe09f291a3872ea49bb9
dfec2d104d2b622116d33c34ee1e2657dddcda8026a3a3655c46fa1355377803,43f1fc2390a440781ffc1359e14ecb8389bfaaf8319bbe09f291a3872ea49bb9
3595a4ed0d978f6cbfaf413c3e85e017d11e5c139bca5bc4a823cd1a91fe22aa,85f1c8c8e324b6be99b13732edd1770eb0d200d15becbd659cc47ff5e060ac43
5bd4662e0e479e26ec8903df4f90bc43f2dc03138f73b1ba51eb7128de169d37,85f1c8c8e324b6be99b13732edd1770eb0d200d15becbd659cc47ff5e060ac43
5bd4662e0e479e26ec8903df4f90bc43f2dc03138f73b1ba51eb7128de169d37,da72bf5bbca4ca33b822955cfbbf9e5b84e4e0fa5e5e68cf9d30054109fac58b
1fbf953f92bd9741c55956220e315450d59d82eb86dc00ff34f6f36a07cd6cff,da72bf5bbca4ca33b822955cfbbf9e5b84e4e0fa5e5e68cf9d30054109fac58b
dc29c35f6bede633edc3e22e5b940dcaa1cbc065454ce735fd4e39bda62b157f,da72bf5bbca4ca33b822955cfbbf9e5b84e4e0fa5e5e68cf9d30054109fac58b
dc29c35f6bede633edc3e22e5b940dcaa1cbc065454ce735fd4e39bda62b157f,85f1c8c8e324b6be99b13732edd1770eb0d200d15becbd659cc47ff5e060ac43
92d419a6968a962e793e88672b674dbd4bfb60c776b00488bc3639a26dd858fc,43f1fc2390a440781ffc1359e14ecb8389bfaaf8319bbe09f291a3872ea49bb9
50bae8a1793f3627b67d56c9383c4a6ab5e7a20d599e1511b39804f3e9a7a769,22611ceccd0b4d14703ccd4eaab3208ffc03d2c80d38655023b622e50d0466fe
50bae8a1793f3627b67d56c9383c4a6ab5e7a20d599e1511b39804f3e9a7a769,64cff1319d2fd2cbb7a1e84ccecf22c1cc07b24435cdb522f8c0aa525d6002a6
a16162e228e28444954a170011a77e4d01ff7dbe0039f6b618228bf0ecc1a4a2,43f1fc2390a440781ffc1359e14ecb8389bfaaf8319bbe09f291a3872ea49bb9
3cf3d9c7c2d36feba00dc2af89f39e1385b9408055884770c5430144bf233770,22611ceccd0b4d14703ccd4eaab3208ffc03d2c80d38655023b622e50d0466fe
079ada55f58e980a667980fe7859a6da49cd9e125546d1384052eb6678342647,da72bf5bbca4ca33b822955cfbbf9e5b84e4e0fa5e5e68cf9d30054109fac58b
08175ac34f94e5bfe16ff79363fadca50274b137ab1f84a3cb382670e9edcbe9,1dd10f244a62771bcca9df74a9bc7d13363df8d3cd69ee07f66c2b1666b256ff
e35cfb3aa0b649d89fa711e51a013c5049e39c74c495391915aff7082a0a084d,85f1c8c8e324b6be99b13732edd1770eb0d200d15becbd659cc47ff5e060ac43
0074daf92d2e3ae706256db3357acb8e7d4b1b46fc7b0b7a58f9bf0f0c6f03a5,43f1fc2390a440781ffc1359e14ecb8389bfaaf8319bbe09f291a3872ea49bb9
3439bfce680ade7470749855b66a01298e1546c9cd3f26507b6111225ca4573c,da72bf5bbca4ca33b822955cfbbf9e5b84e4e0fa5e5e68cf9d30054109fac58b
3439bfce680ade7470749855b66a01298e1546c9cd3f26507b6111225ca4573c,271a22f75d73e13fa558d991442ecde8d75a34a0b9f6216d44b116f8612c82dc
349f8392346f8625a20efd39b367aedb4562d671ecdc66c5e58ab477448572f4,271a22f75d73e13fa558d991442ecde8d75a34a0b9f6216d44b116f8612c82dc
cbc5dce0bdabaaf6e4bfbeedcc72b2ddf2f0df61c5e02f96492da494cff2adc9,271a22f75d73e13fa558d991442ecde8d75a34a0b9f6216d44b116f8612c82dc
cbc5dce0bdabaaf6e4bfbeedcc72b2ddf2f0df61c5e02f96492da494cff2adc9,9360404e4f35ac209099b0fce8615971c8e89d2ab06348841d708bc3f20d28e3
ef35ecb6d1a71b7ad5693fc7f53118c878797843398815305ba3ab65357e6c18,da72bf5bbca4ca33b822955cfbbf9e5b84e4e0fa5e5e68cf9d30054109fac58b
ef35ecb6d1a71b7ad5693fc7f53118c878797843398815305ba3ab65357e6c18,9360404e4f35ac209099b0fce8615971c8e89d2ab06348841d708bc3f20d28e3
82574487b0bc45edc59d0e1db06b4f7ff29906a2e2da3e1362ac19900bbb4c54,da72bf5bbca4ca33b822955cfbbf9e5b84e4e0fa5e5e68cf9d30054109fac58b
40e7f9359dea38dc2df0527d7276afe2867c7514548154c10d62ad21fdcdfd54,64cff1319d2fd2cbb7a1e84ccecf22c1cc07b24435cdb522f8c0aa525d6002a6
40e7f9359dea38dc2df0527d7276afe2867c7514548154c10d62ad21fdcdfd54,22611ceccd0b4d14703ccd4eaab3208ffc03d2c80d38655023b622e50d0466fe
40e7f9359dea38dc2df0527d7276afe2867c7514548154c10d62ad21fdcdfd54,da72bf5bbca4ca33b822955cfbbf9e5b84e4e0fa5e5e68cf9d30054109fac58b
8a44659967e2d2a2f32a7df749bb2320fbfa98f7ec388d6dddfa7dac9bf7171c,43f1fc2390a440781ffc1359e14ecb8389bfaaf8319bbe09f291a3872ea49bb9
a611f9ebe403e3e26d97e2698c73a27a36f9e73443cbab462d2caaa1c8ffa1cb,bd2d677b2ed4381b48bb1d0841052c6d076e7d634d5052e85dcbe0b8a0dedd80
a611f9ebe403e3e26d97e2698c73a27a36f9e73443cbab462d2caaa1c8ffa1cb,da72bf5bbca4ca33b822955cfbbf9e5b84e4e0fa5e5e68cf9d30054109fac58b
909de89051f9af4e4cbcd543bc1b2e0298b2ec3982e549aed350663bb180a767,43f1fc2390a440781ffc1359e14ecb8389bfaaf8319bbe09f291a3872ea49bb9
c588a318687db2ffc0e543a7d3caab074eb15e77982b4466f21e3482601ca31c,542855513e4f74d08a92352680c339d82e2ae347fb021a7128c7f4146c40d295
c588a318687db2ffc0e543a7d3caab074eb15e77982b4466f21e3482601ca31c,3bc3567a7fc6511a85072520dc1bdb95a732c4aee93a6533d53954f39124d7c9
c588a318687db2ffc0e543a7d3caab074eb15e77982b4466f21e3482601ca31c,da72bf5bbca4ca33b822955cfbbf9e5b84e4e0fa5e5e68cf9d30054109fac58b
eb4d0680652cbdb7917b862dc14916c760333ffacd393f424e48c2d1461602c1,35624b8800fae3fd49027ffc8d2a4e4bd697a0166c97ec564b5ea19b10b242dd
eb4d0680652cbdb7917b862dc14916c760333ffacd393f424e48c2d1461602c1,1dd10f244a62771bcca9df74a9bc7d13363df8d3cd69ee07f66c2b1666b256ff
4de8b002200aa71ba7ee0a6349d421d52352f7498b0e45c33ca69be5dd47762a,9360404e4f35ac209099b0fce8615971c8e89d2ab06348841d708bc3f20d28e3
4de8b002200aa71ba7ee0a6349d421d52352f7498b0e45c33ca69be5dd47762a,da72bf5bbca4ca33b822955cfbbf9e5b84e4e0fa5e5e68cf9d30054109fac58b
e7864e7d663d7c4145dacfe639a35bdd029b97e89d3393b4ad68d240c38f5077,da72bf5bbca4ca33b822955cfbbf9e5b84e4e0fa5e5e68cf9d30054109fac58b
c0c1982a85c62bc9377dda12e1a52cbf390511e2d512a3c6a160cf301d0b482f,da72bf5bbca4ca33b822955cfbbf9e5b84e4e0fa5e5e68cf9d30054109fac58b
7a78ccdb340c8d6212a000c72308d2720ba09b69cd4e2c9c24d46ea4734785bf,271a22f75d73e13fa558d991442ecde8d75a34a0b9f6216d44b116f8612c82dc
d6c5931fc9df4bc834f80fcad80dc9d941df8a8d9d014d6987a6cdf18dc8875d,da72bf5bbca4ca33b822955cfbbf9e5b84e4e0fa5e5e68cf9d30054109fac58b
d6c5931fc9df4bc834f80fcad80dc9d941df8a8d9d014d6987a6cdf18dc8875d,85f1c8c8e324b6be99b13732edd1770eb0d200d15becbd659cc47ff5e060ac43
db98b62680562acacb462690ea009a2cfe97a713430306d2fed5488e3c94bff7,271a22f75d73e13fa558d991442ecde8d75a34a0b9f6216d44b116f8612c82dc
26a42ef86aeb5fa4bc2d10b6ff39daa0363b549a98d91eaa68eb19008d9a079d,da72bf5bbca4ca33b822955cfbbf9e5b84e4e0fa5e5e68cf9d30054109fac58b
26a42ef86aeb5fa4bc2d10b6ff39daa0363b549a98d91eaa68eb19008d9a079d,64cff1319d2fd2cbb7a1e84ccecf22c1cc07b24435cdb522f8c0aa525d6002a6
f5c4f234cd3d059d02f3509239f9869f416b29b344f3dd03ccbd6fabc94d0f40,85f1c8c8e324b6be99b13732edd1770eb0d200d15becbd659cc47ff5e060ac43
f5c4f234cd3d059d02f3509239f9869f416b29b344f3dd03ccbd6fabc94d0f40,da72bf5bbca4ca33b822955cfbbf9e5b84e4e0fa5e5e68cf9d30054109fac58b
29cda9f6029eb697c5cba377c8c7311f8d95d67770b0257c22d1698ad517e82a,43f1fc2390a440781ffc1359e14ecb8389bfaaf8319bbe09f291a3872ea49bb9
9331e3eb36980d1fcffd4f5c198d6611ea78f51e160d392b407454381c30a962,43f1fc2390a440781ffc1359e14ecb8389bfaaf8319bbe09f291a3872ea49bb9
53912ddd702378d988cdbdd9920172cb8a861c3983625e1f2ecba922b923ffde,85f1c8c8e324b6be99b13732edd1770eb0d200d15becbd659cc47ff5e060ac43
53912ddd702378d988cdbdd9920172cb8a861c3983625e1f2ecba922b923ffde,64cff1319d2fd2cbb7a1e84ccecf22c1cc07b24435cdb522f8c0aa525d6002a6
6790bd53b75b6cc060ad5eb443fe116cc482f157f006dfde719d046073b30c00,43f1fc2390a440781ffc1359e14ecb8389bfaaf8319bbe09f291a3872ea49bb9
ac9c33f501763c986036190ccfe6caf0d8b1f1602d8acd7586af5af2ae02825e,43f1fc2390a440781ffc1359e14ecb8389bfaaf8319bbe09f291a3872ea49bb9
b01c611e21cef445b83ee854c2affd4c29026d7de7adb97d7836a81facd1b4f3,da72bf5bbca4ca33b822955cfbbf9e5b84e4e0fa5e5e68cf9d30054109fac58b
1b07dd3072d6693c7ce0fdde6541ba7a59bc164a06a7584f70baf835b1c52f6b,da72bf5bbca4ca33b822955cfbbf9e5b84e4e0fa5e5e68cf9d30054109fac58b
1b07dd3072d6693c7ce0fdde6541ba7a59bc164a06a7584f70baf835b1c52f6b,271a22f75d73e13fa558d991442ecde8d75a34a0b9f6216d44b116f8612c82dc
578b5ab26ba0dac147e811afeddbd64406002f5f729a015b5a348fe1ff53bf71,3bc3567a7fc6511a85072520dc1bdb95a732c4aee93a6533d53954f39124d7c9
a071648367230ef5e9dbea949295befb463684ee14423074f495b497841d9ca3,43f1fc2390a440781ffc1359e14ecb8389bfaaf8319bbe09f291a3872ea49bb9
9a754cb8fbc53ebe0a59e3a177702d52c248782388d90d93ee74321690a51bbd,43f1fc2390a440781ffc1359e14ecb8389bfaaf8319bbe09f291a3872ea49bb9
9a754cb8fbc53ebe0a59e3a177702d52c248782388d90d93ee74321690a51bbd,0e769600933790607b2a13b33ddfade0fa17810eb62c3b28ee23e59516516491
0bbe417162d5afc5fc223e35a9089d8331eceba9210db51a4aee024b6c234c88,852a56bfaf803f454ce5e6380225fe1770c1e567bbb32cf335c99385c3930025
0bbe417162d5afc5fc223e35a9089d8331eceba9210db51a4aee024b6c234c88,1dd10f244a62771bcca9df74a9bc7d13363df8d3cd69ee07f66c2b1666b256ff
0bbe417162d5afc5fc223e35a9089d8331eceba9210db51a4aee024b6c234c88,9a3c16424750cbde029c47e059f219dc64d8943ac4073a1cc5bc9accd979fc17
0bbe417162d5afc5fc223e35a9089d8331eceba9210db51a4aee024b6c234c88,85f1c8c8e324b6be99b13732edd1770eb0d200d15becbd659cc47ff5e060ac43
0bbe417162d5afc5fc223e35a9089d8331eceba9210db51a4aee024b6c234c88,bd2d677b2ed4381b48bb1d0841052c6d076e7d634d5052e85dcbe0b8a0dedd80
0bbe417162d5afc5fc223e35a9089d8331eceba9210db51a4aee024b6c234c88,542855513e4f74d08a92352680c339d82e2ae347fb021a7128c7f4146c40d295
4ada8bd3abb86097762037d45d2226366115567d9462eb2a89e5587fbcddbc7d,3bc3567a7fc6511a85072520dc1bdb95a732c4aee93a6533d53954f39124d7c9
4ada8bd3abb86097762037d45d2226366115567d9462eb2a89e5587fbcddbc7d,85f1c8c8e324b6be99b13732edd1770eb0d200d15becbd659cc47ff5e060ac43
6aac106b8d90d063185bc8a602d2268b55d38f8d7df346c6443a7ad981279fe5,43f1fc2390a440781ffc1359e14ecb8389bfaaf8319bbe09f291a3872ea49bb9
7897761c28b08de9a0b008b24bc8851333ec1b84df016a95165d4810607792ac,64cff1319d2fd2cbb7a1e84ccecf22c1cc07b24435cdb522f8c0aa525d6002a6
7897761c28b08de9a0b008b24bc8851333ec1b84df016a95165d4810607792ac,9a3c16424750cbde029c47e059f219dc64d8943ac4073a1cc5bc9accd979fc17
7897761c28b08de9a0b008b24bc8851333ec1b84df016a95165d4810607792ac,0e769600933790607b2a13b33ddfade0fa17810eb62c3b28ee23e59516516491
7897761c28b08de9a0b008b24bc8851333ec1b84df016a95165d4810607792ac,1dd10f244a62771bcca9df74a9bc7d13363df8d3cd69ee07f66c2b1666b256ff
8a11883f47ea282edc0ab7ab924a648c0d02bf02f9050beee11acccae9532869,85f1c8c8e324b6be99b13732edd1770eb0d200d15becbd659cc47ff5e060ac43
762e2443fa1921ad2d32e6105586f56e99b1f5bd857dedcf3d33c7189fb1f437,85f1c8c8e324b6be99b13732edd1770eb0d200d15becbd659cc47ff5e060ac43
57c8fcf0e3a35591827ddebba72e5584368b776e8654e9c86cba8093b3bd3f19,43f1fc2390a440781ffc1359e14ecb8389bfaaf8319bbe09f291a3872ea49bb9
57c8fcf0e3a35591827ddebba72e5584368b776e8654e9c86cba8093b3bd3f19,852a56bfaf803f454ce5e6380225fe1770c1e567bbb32cf335c99385c3930025
5bf6d5303df0c340d092ab86196b245a6f3edd5ca3c03c648b58d06a001c4cef,271a22f75d73e13fa558d991442ecde8d75a34a0b9f6216d44b116f8612c82dc
5bf6d5303df0c340d092ab86196b245a6f3edd5ca3c03c648b58d06a001c4cef,9360404e4f35ac209099b0fce8615971c8e89d2ab06348841d708bc3f20d28e3
1d7887fae6b9814c3bd576121855f9191625867443e19d93c8f0b95cab86fe83,43f1fc2390a440781ffc1359e14ecb8389bfaaf8319bbe09f291a3872ea49bb9
1d7887fae6b9814c3bd576121855f9191625867443e19d93c8f0b95cab86fe83,0e769600933790607b2a13b33ddfade0fa17810eb62c3b28ee23e59516516491
b7040ff0038a98379df049102ee690452a1ab35ed9007a2fb31bd767129d836e,43f1fc2390a440781ffc1359e14ecb8389bfaaf8319bbe09f291a3872ea49bb9
86aeef67fc162b085705007b1b1e95b129b897e09516c7b538345a4ebef37bab,da72bf5bbca4ca33b822955cfbbf9e5b84e4e0fa5e5e68cf9d30054109fac58b
7dd9b4571da7075b6ce7c6bee818a8efc21c3a00e226e0eb0fac7f690205eb3c,43f1fc2390a440781ffc1359e14ecb8389bfaaf8319bbe09f291a3872ea49bb9
07bc084a09f8d4bc761669b985d6ce6647c9283421e3172b7708a04ed9ed269b,271a22f75d73e13fa558d991442ecde8d75a34a0b9f6216d44b116f8612c82dc
42929523e2920f7f05338349943b27480a3c34a22858a8144f498faea0f3881a,85f1c8c8e324b6be99b13732edd1770eb0d200d15becbd659cc47ff5e060ac43
42929523e2920f7f05338349943b27480a3c34a22858a8144f498faea0f3881a,da72bf5bbca4ca33b822955cfbbf9e5b84e4e0fa5e5e68cf9d30054109fac58b
42929523e2920f7f05338349943b27480a3c34a22858a8144f498faea0f3881a,22611ceccd0b4d14703ccd4eaab3208ffc03d2c80d38655023b622e50d0466fe
bb24b3fd7215b30cca72336c7f932f2dc2552b59eb0da0f3163698805ea419ab,64cff1319d2fd2cbb7a1e84ccecf22c1cc07b24435cdb522f8c0aa525d6002a6
bb24b3fd7215b30cca72336c7f932f2dc2552b59eb0da0f3163698805ea419ab,22611ceccd0b4d14703ccd4eaab3208ffc03d2c80d38655023b622e50d0466fe
bb24b3fd7215b30cca72336c7f932f2dc2552b59eb0da0f3163698805ea419ab,9360404e4f35ac209099b0fce8615971c8e89d2ab06348841d708bc3f20d28e3
f1f9b1b0c42ae3209752cc102aa2fd703e7452da9f8d71c99b04caa50754ae5e,43f1fc2390a440781ffc1359e14ecb8389bfaaf8319bbe09f291a3872ea49bb9
704908b5824c49b0a760b734256a3aca6d2a400e923cbb313b2cbd025fbe7459,43f1fc2390a440781ffc1359e14ecb8389bfaaf8319bbe09f291a3872ea49bb9
aa7016431555e48b0b27de51f195ea80687b99985cd17b2d1c1251d9917988d8,1dd10f244a62771bcca9df74a9bc7d13363df8d3cd69ee07f66c2b1666b256ff
aa7016431555e48b0b27de51f195ea80687b99985cd17b2d1c1251d9917988d8,85f1c8c8e324b6be99b13732edd1770eb0d200d15becbd659cc47ff5e060ac43
908fecd994b12a3eabb488d0613a78f266eab11603241d469eebb3bc4611cb3a,35624b8800fae3fd49027ffc8d2a4e4bd697a0166c97ec564b5ea19b10b242dd
cb72d5ec85a0931637190a49b0df4f12c38ed5821ffbd8c2b14423a6dd701755,85f1c8c8e324b6be99b13732edd1770eb0d200d15becbd659cc47ff5e060ac43
cb72d5ec85a0931637190a49b0df4f12c38ed5821ffbd8c2b14423a6dd701755,da72bf5bbca4ca33b822955cfbbf9e5b84e4e0fa5e5e68cf9d30054109fac58b
ccc6b911dc86253e87bedb86ca42e5872e4592f3d367b03d12ccd1cf53d9aca7,1dd10f244a62771bcca9df74a9bc7d13363df8d3cd69ee07f66c2b1666b256ff
7377609d2a9f01699abd915c44de55986188786a39c184b5936b6eb4baafccbe,9360404e4f35ac209099b0fce8615971c8e89d2ab06348841d708bc3f20d28e3
0d67cd4413ac56a286072c3d3caa049cfcb60f0da3904cfb9df1f750e75f57df,9360404e4f35ac209099b0fce8615971c8e89d2ab06348841d708bc3f20d28e3
9d8f7dd93b9c7202fb8af11e0fcf7918bf888310e5d4f8fba89aad4692886348,85f1c8c8e324b6be99b13732edd1770eb0d200d15becbd659cc47ff5e060ac43
a2faca423047e8c1c31c1c5db5e895659b51e845144af5f36204f5ff3b8d8fde,da72bf5bbca4ca33b822955cfbbf9e5b84e4e0fa5e5e68cf9d30054109fac58b
a2faca423047e8c1c31c1c5db5e895659b51e845144af5f36204f5ff3b8d8fde,3bc3567a7fc6511a85072520dc1bdb95a732c4aee93a6533d53954f39124d7c9
d841468ad796107c872c522eacc09bb8319e4a7f08c6457e7d795f3081b86d7c,da72bf5bbca4ca33b822955cfbbf9e5b84e4e0fa5e5e68cf9d30054109fac58b
64d39cd0578ad3fc3be16e64b86a0fb3511ea29a878d348705d9742acbc99ccd,da72bf5bbca4ca33b822955cfbbf9e5b84e4e0fa5e5e68cf9d30054109fac58b
f279ec73bc44f3146f4349b8aaf74259d6c43656cbc21c13a0e73a4ec1260bfd,22611ceccd0b4d14703ccd4eaab3208ffc03d2c80d38655023b622e50d0466fe
f279ec73bc44f3146f4349b8aaf74259d6c43656cbc21c13a0e73a4ec1260bfd,9360404e4f35ac209099b0fce8615971c8e89d2ab06348841d708bc3f20d28e3
f279ec73bc44f3146f4349b8aaf74259d6c43656cbc21c13a0e73a4ec1260bfd,d7d2f0ffb02cf5f91acf2010f88656db336d9e293f80d504b1d3dac08aa17502
f279ec73bc44f3146f4349b8aaf74259d6c43656cbc21c13a0e73a4ec1260bfd,9ed9b84aa0a7d0ba2089f52a0d93c4633ab780b01a7aa627de0a4238f33712a0
f279ec73bc44f3146f4349b8aaf74259d6c43656cbc21c13a0e73a4ec1260bfd,64cff1319d2fd2cbb7a1e84ccecf22c1cc07b24435cdb522f8c0aa525d6002a6
bc8f5eba6d350fca8d38771e054f52477af797a729fa0c920cfd168f02672a55,da72bf5bbca4ca33b822955cfbbf9e5b84e4e0fa5e5e68cf9d30054109fac58b
7a5b13f551f1707f66947cd7573f31baff12430085efd7c3918572404015f587,da72bf5bbca4ca33b822955cfbbf9e5b84e4e0fa5e5e68cf9d30054109fac58b
038c4be49db8402a00bc77fb60cb3acfd686bd97954a1bd725c3b10c34eab650,da72bf5bbca4ca33b822955cfbbf9e5b84e4e0fa5e5e68cf9d30054109fac58b
9963a8353eaa1cdb9d384fb8f62aeb2b6f9fabfd49cfb83ad416fe50e44b481a,43f1fc2390a440781ffc1359e14ecb8389bfaaf8319bbe09f291a3872ea49bb9
e11d7dfbe3e51ed1b254ac3929cb32e0221463bd2f44c764f166fab3f948e660,271a22f75d73e13fa558d991442ecde8d75a34a0b9f6216d44b116f8612c82dc
5c40fabf3c16ad4e27a8ee1d1323dfa59d65b52dc6b4b22befb34f2a6b8cd29b,da72bf5bbca4ca33b822955cfbbf9e5b84e4e0fa5e5e68cf9d30054109fac58b
8caa7cb25929bb6eb38e8af31396326fd27dba88143cd05a08a8b416900f9bc3,85f1c8c8e324b6be99b13732edd1770eb0d200d15becbd659cc47ff5e060ac43
8caa7cb25929bb6eb38e8af31396326fd27dba88143cd05a08a8b416900f9bc3,da72bf5bbca4ca33b822955cfbbf9e5b84e4e0fa5e5e68cf9d30054109fac58b
e3409872a1eda8de57af50693fb64997ff77f5864ca960b098dbf1bb0cfed28a,85f1c8c8e324b6be99b13732edd1770eb0d200d15becbd659cc47ff5e060ac43
0fab9e448b93219de0a43322fa2cbbe75f4e3b9bf4d74f1dbd99e921d6aa463a,da72bf5bbca4ca33b822955cfbbf9e5b84e4e0fa5e5e68cf9d30054109fac58b
b5b6d4f53544128acda4a86bbe71c76c67508359239966e470c8ef2640dc3e11,35624b8800fae3fd49027ffc8d2a4e4bd697a0166c97ec564b5ea19b10b242dd
b5b6d4f53544128acda4a86bbe71c76c67508359239966e470c8ef2640dc3e11,da72bf5bbca4ca33b822955cfbbf9e5b84e4e0fa5e5e68cf9d30054109fac58b
b5b6d4f53544128acda4a86bbe71c76c67508359239966e470c8ef2640dc3e11,3bc3567a7fc6511a85072520dc1bdb95a732c4aee93a6533d53954f39124d7c9
b5b6d4f53544128acda4a86bbe71c76c67508359239966e470c8ef2640dc3e11,852a56bfaf803f454ce5e6380225fe1770c1e567bbb32cf335c99385c3930025
85894875f0f6765bb15c2e7b08961b28fc53b2f252aac19bb6afd688bb6cdbf3,43f1fc2390a440781ffc1359e14ecb8389bfaaf8319bbe09f291a3872ea49bb9
85894875f0f6765bb15c2e7b08961b28fc53b2f252aac19bb6afd688bb6cdbf3,0e769600933790607b2a13b33ddfade0fa17810eb62c3b28ee23e59516516491
c1c594c488ffe995887e453420aec8c5bf2570a3db8a0e5cb0343314a36b4b84,85f1c8c8e324b6be99b13732edd1770eb0d200d15becbd659cc47ff5e060ac43
c1c594c488ffe995887e453420aec8c5bf2570a3db8a0e5cb0343314a36b4b84,3bc3567a7fc6511a85072520dc1bdb95a732c4aee93a6533d53954f39124d7c9
c1c594c488ffe995887e453420aec8c5bf2570a3db8a0e5cb0343314a36b4b84,6eb00b4b2614a144d41ccdf709017a675953fae2df6cfd6b397bd9e4d8708461
22128432edf2bd4c0aeabc159bc930dfa9d2a1f1fba673eab0fd248c3bd96b5d,da72bf5bbca4ca33b822955cfbbf9e5b84e4e0fa5e5e68cf9d30054109fac58b
2f51d357da99f3b5b2fe2f8517086329083584c25e1c7a64dc578202c1a2267c,85f1c8c8e324b6be99b13732edd1770eb0d200d15becbd659cc47ff5e060ac43
9cea5e5540dd848a75cdda93e67166f17985757d2116f86ed105a7785e53379a,1dd10f244a62771bcca9df74a9bc7d13363df8d3cd69ee07f66c2b1666b256ff
9cea5e5540dd848a75cdda93e67166f17985757d2116f86ed105a7785e53379a,271a22f75d73e13fa558d991442ecde8d75a34a0b9f6216d44b116f8612c82dc
955f2aed8327924221eea37418ad3d7001142dcc10f47edbbf23fa88b79a63cd,271a22f75d73e13fa558d991442ecde8d75a34a0b9f6216d44b116f8612c82dc
1719ccce90779ee6fc9c2b7937df2da61fe1fce978b11655b9c7d17cd1816ffb,271a22f75d73e13fa558d991442ecde8d75a34a0b9f6216d44b116f8612c82dc
1719ccce90779ee6fc9c2b7937df2da61fe1fce978b11655b9c7d17cd1816ffb,9360404e4f35ac209099b0fce8615971c8e89d2ab06348841d708bc3f20d28e3
eb1597037bb55dac9f2048f8203463da0f56a81beee7f7edbde0fd21c5321146,271a22f75d73e13fa558d991442ecde8d75a34a0b9f6216d44b116f8612c82dc
6cd6c83510c30a5a9d3178cf4ba855c58d210fdbc928fd5ac2dd0858590cd26a,3bc3567a7fc6511a85072520dc1bdb95a732c4aee93a6533d53954f39124d7c9
6cd6c83510c30a5a9d3178cf4ba855c58d210fdbc928fd5ac2dd0858590cd26a,85f1c8c8e324b6be99b13732edd1770eb0d200d15becbd659cc47ff5e060ac43
6cd6c83510c30a5a9d3178cf4ba855c58d210fdbc928fd5ac2dd0858590cd26a,6eb00b4b2614a144d41ccdf709017a675953fae2df6cfd6b397bd9e4d8708461
cd0bb7545e2de283b51dca04d4a4d9f7c4f46f6326904fc495893b3ec1b3ad6d,271a22f75d73e13fa558d991442ecde8d75a34a0b9f6216d44b116f8612c82dc
af897c4962ed1bb51dc7729d1f01d2b085ad2aa4778e84af0e78c88c219f98bc,852a56bfaf803f454ce5e6380225fe1770c1e567bbb32cf335c99385c3930025
af897c4962ed1bb51dc7729d1f01d2b085ad2aa4778e84af0e78c88c219f98bc,85f1c8c8e324b6be99b13732edd1770eb0d200d15becbd659cc47ff5e060ac43
af897c4962ed1bb51dc7729d1f01d2b085ad2aa4778e84af0e78c88c219f98bc,3bc3567a7fc6511a85072520dc1bdb95a732c4aee93a6533d53954f39124d7c9
cadc117619b052fcf6c2aaa6a73d68d3da6857b1e5eefecffade551d4fe5a6a0,43f1fc2390a440781ffc1359e14ecb8389bfaaf8319bbe09f291a3872ea49bb9
2c558e588705487055d26e26c856239e993934cfa9e7c6bc0557f49bfe1ad7d3,85f1c8c8e324b6be99b13732edd1770eb0d200d15becbd659cc47ff5e060ac43
22929e155f32ffc2e3c6d7fa80b3f6041a82d344a71d97ec97b0b6488372690e,85f1c8c8e324b6be99b13732edd1770eb0d200d15becbd659cc47ff5e060ac43
22929e155f32ffc2e3c6d7fa80b3f6041a82d344a71d97ec97b0b6488372690e,da72bf5bbca4ca33b822955cfbbf9e5b84e4e0fa5e5e68cf9d30054109fac58b
39d407edcdb72ed0b280b7fe0dcb053c76086194c70570fd661421b0a7bb2526,271a22f75d73e13fa558d991442ecde8d75a34a0b9f6216d44b116f8612c82dc
39d407edcdb72ed0b280b7fe0dcb053c76086194c70570fd661421b0a7bb2526,9ed9b84aa0a7d0ba2089f52a0d93c4633ab780b01a7aa627de0a4238f33712a0
1a05b7f22ba37c25e7c70303a5e4425cc777cd86234effa5501ef9375331bede,da72bf5bbca4ca33b822955cfbbf9e5b84e4e0fa5e5e68cf9d30054109fac58b
1a05b7f22ba37c25e7c70303a5e4425cc777cd86234effa5501ef9375331bede,271a22f75d73e13fa558d991442ecde8d75a34a0b9f6216d44b116f8612c82dc
1a05b7f22ba37c25e7c70303a5e4425cc777cd86234effa5501ef9375331bede,9360404e4f35ac209099b0fce8615971c8e89d2ab06348841d708bc3f20d28e3
1448c603ad658883d4ed6a3770f03a5c2e1fe8b42fd17a5862a267ec2ac2e9d1,43f1fc2390a440781ffc1359e14ecb8389bfaaf8319bbe09f291a3872ea49bb9
c65e3156dbd3c7b137939bfda9bd427aa5e3fcdc76d7f3a139b0695e8d7bfe47,da72bf5bbca4ca33b822955cfbbf9e5b84e4e0fa5e5e68cf9d30054109fac58b
2024a82d1f33e1f1e1688d629b1604850a487f02573427ba83dc143510a7296d,85f1c8c8e324b6be99b13732edd1770eb0d200d15becbd659cc47ff5e060ac43
2024a82d1f33e1f1e1688d629b1604850a487f02573427ba83dc143510a7296d,da72bf5bbca4ca33b822955cfbbf9e5b84e4e0fa5e5e68cf9d30054109fac58b
2024a82d1f33e1f1e1688d629b1604850a487f02573427ba83dc143510a7296d,35624b8800fae3fd49027ffc8d2a4e4bd697a0166c97ec564b5ea19b10b242dd
7303dc19bb3cbc2995eb965d129fee7a1af6402bd7874639046a6d0b12909497,3bc3567a7fc6511a85072520dc1bdb95a732c4aee93a6533d53954f39124d7c9
7303dc19bb3cbc2995eb965d129fee7a1af6402bd7874639046a6d0b12909497,bd2d677b2ed4381b48bb1d0841052c6d076e7d634d5052e85dcbe0b8a0dedd80
c167de389afa48edca2ccefb920b1dfb39b8dd1f48b25b0e34f6c2006774c403,85f1c8c8e324b6be99b13732edd1770eb0d200d15becbd659cc47ff5e060ac43
657fcc15f7f1bfd6ffbfd1cb20e004a266204bcfcf73b59e56dae1d47fb19987,da72bf5bbca4ca33b822955cfbbf9e5b84e4e0fa5e5e68cf9d30054109fac58b
37e70662642f278e4d31945ccb6c1330be6b9bde2bc695959ab2df412fb661f0,43f1fc2390a440781ffc1359e14ecb8389bfaaf8319bbe09f291a3872ea49bb9
455b8771f9b3d612c0ba0a043ef33f0c0b1c44d5ca4950b6e0b6f8abeeb73e67,43f1fc2390a440781ffc1359e14ecb8389bfaaf8319bbe09f291a3872ea49bb9
455b8771f9b3d612c0ba0a043ef33f0c0b1c44d5ca4950b6e0b6f8abeeb73e67,22611ceccd0b4d14703ccd4eaab3208ffc03d2c80d38655023b622e50d0466fe
009d5b0c923954e219e479f2dc51f6e3aefbabd990c2b11365d963a9378f84d1,43f1fc2390a440781ffc1359e14ecb8389bfaaf8319bbe09f291a3872ea49bb9
009d5b0c923954e219e479f2dc51f6e3aefbabd990c2b11365d963a9378f84d1,1dd10f244a62771bcca9df74a9bc7d13363df8d3cd69ee07f66c2b1666b256ff
009d5b0c923954e219e479f2dc51f6e3aefbabd990c2b11365d963a9378f84d1,0e769600933790607b2a13b33ddfade0fa17810eb62c3b28ee23e59516516491
a8045d9ea16e2cf63730e5cedb8fa5d5c1e2b4894734902dbc210dc1531a2f4d,271a22f75d73e13fa558d991442ecde8d75a34a0b9f6216d44b116f8612c82dc
4c53a77e0090ef2a8b5c6b4ee3ab38cdbd9b0edfe74307685babdc093f541d3c,43f1fc2390a440781ffc1359e14ecb8389bfaaf8319bbe09f291a3872ea49bb9
93794ea5c626368da6cc42093012600d04942e4586e85d3c6a54aa52638a9c66,9360404e4f35ac209099b0fce8615971c8e89d2ab06348841d708bc3f20d28e3
93794ea5c626368da6cc42093012600d04942e4586e85d3c6a54aa52638a9c66,271a22f75d73e13fa558d991442ecde8d75a34a0b9f6216d44b116f8612c82dc
117d85a2445fec730925ce474c18f49fd78a1b9564f2d359ca98bc05db20c7b9,da72bf5bbca4ca33b822955cfbbf9e5b84e4e0fa5e5e68cf9d30054109fac58b
117d85a2445fec730925ce474c18f49fd78a1b9564f2d359ca98bc05db20c7b9,85f1c8c8e324b6be99b13732edd1770eb0d200d15becbd659cc47ff5e060ac43
632e831a529677c9c24d508bef58420896bd1eb6d58c4829ee70cbe6f3a80502,da72bf5bbca4ca33b822955cfbbf9e5b84e4e0fa5e5e68cf9d30054109fac58b
e7640fedd72d83bed160cb1d3f9f4ae0eba7ebc56115c587f3090f6172b66662,43f1fc2390a440781ffc1359e14ecb8389bfaaf8319bbe09f291a3872ea49bb9
e7640fedd72d83bed160cb1d3f9f4ae0eba7ebc56115c587f3090f6172b66662,6eb00b4b2614a144d41ccdf709017a675953fae2df6cfd6b397bd9e4d8708461
b08c42fe0a63ebfbf49b864c6c540d4f4f50c80ec17d17d9aaea241410a18125,43f1fc2390a440781ffc1359e14ecb8389bfaaf8319bbe09f291a3872ea49bb9
2a067a2b6e1196f0dde9a21bf074c176fd669ba48b005e308a6fad94d684a551,22611ceccd0b4d14703ccd4eaab3208ffc03d2c80d38655023b622e50d0466fe
2a067a2b6e1196f0dde9a21bf074c176fd669ba48b005e308a6fad94d684a551,64cff1319d2fd2cbb7a1e84ccecf22c1cc07b24435cdb522f8c0aa525d6002a6
edc98b28d394db249e03cea0feaa68cccf3195f2a38b26cf04e2b4dcbb66f08b,9360404e4f35ac209099b0fce8615971c8e89d2ab06348841d708bc3f20d28e3
210a740c90d316a9ed3d1c5536e0edefaff7e8f559f3f2f087da63d4f2290f2d,da72bf5bbca4ca33b822955cfbbf9e5b84e4e0fa5e5e68cf9d30054109fac58b
210a740c90d316a9ed3d1c5536e0edefaff7e8f559f3f2f087da63d4f2290f2d,271a22f75d73e13fa558d991442ecde8d75a34a0b9f6216d44b116f8612c82dc
210a740c90d316a9ed3d1c5536e0edefaff7e8f559f3f2f087da63d4f2290f2d,9ed9b84aa0a7d0ba2089f52a0d93c4633ab780b01a7aa627de0a4238f33712a0
210a740c90d316a9ed3d1c5536e0edefaff7e8f559f3f2f087da63d4f2290f2d,9360404e4f35ac209099b0fce8615971c8e89d2ab06348841d708bc3f20d28e3
013ececaca675f51734f4bd77e7dce8cfe6e3c2562a052ab3727affc90c26f09,271a22f75d73e13fa558d991442ecde8d75a34a0b9f6216d44b116f8612c82dc
fa74c0d3a785e3028f913468d5ff4b953bc6dbf9fb6e4c07fdee494e1ffccea8,43f1fc2390a440781ffc1359e14ecb8389bfaaf8319bbe09f291a3872ea49bb9
a6f39aadbb4c2b48e3284814593eaeadaa0c1d62747282713cdcb3507460de52,da72bf5bbca4ca33b822955cfbbf9e5b84e4e0fa5e5e68cf9d30054109fac58b
a6f39aadbb4c2b48e3284814593eaeadaa0c1d62747282713cdcb3507460de52,852a56bfaf803f454ce5e6380225fe1770c1e567bbb32cf335c99385c3930025
a6f39aadbb4c2b48e3284814593eaeadaa0c1d62747282713cdcb3507460de52,bd2d677b2ed4381b48bb1d0841052c6d076e7d634d5052e85dcbe0b8a0dedd80
684344ccc0d0f745f3edbfa32d1e9c28b4b3c792f03401872909e989fe5f39b4,43f1fc2390a440781ffc1359e14ecb8389bfaaf8319bbe09f291a3872ea49bb9
54dbe2c13b8f100f64d6db146f54a603bb21502a84ff226a473863e47fe7a935,da72bf5bbca4ca33b822955cfbbf9e5b84e4e0fa5e5e68cf9d30054109fac58b
a8fbca1fe3179ec0a120f69b99b4c4f50a514c3218b574ccdf20d8e33a9f27fd,85f1c8c8e324b6be99b13732edd1770eb0d200d15becbd659cc47ff5e060ac43
a8fbca1fe3179ec0a120f69b99b4c4f50a514c3218b574ccdf20d8e33a9f27fd,da72bf5bbca4ca33b822955cfbbf9e5b84e4e0fa5e5e68cf9d30054109fac58b
4f9b036d7a6b73dc3b34c4e06bb1cff5dd9fbaf3803b01e257bf15d6f22aeeaa,852a56bfaf803f454ce5e6380225fe1770c1e567bbb32cf335c99385c3930025
4f9b036d7a6b73dc3b34c4e06bb1cff5dd9fbaf3803b01e257bf15d6f22aeeaa,da72bf5bbca4ca33b822955cfbbf9e5b84e4e0fa5e5e68cf9d30054109fac58b
a5e0ebb8c02270c734acc85318128a55318c6419251178120207d6d1e906891d,3bc3567a7fc6511a85072520dc1bdb95a732c4aee93a6533d53954f39124d7c9
a5e0ebb8c02270c734acc85318128a55318c6419251178120207d6d1e906891d,da72bf5bbca4ca33b822955cfbbf9e5b84e4e0fa5e5e68cf9d30054109fac58b
7b8476d8ae397d5ddc5e672f857696d6f09a23512ad521a85f0cd14e527ad85c,22611ceccd0b4d14703ccd4eaab3208ffc03d2c80d38655023b622e50d0466fe
7b8476d8ae397d5ddc5e672f857696d6f09a23512ad521a85f0cd14e527ad85c,da72bf5bbca4ca33b822955cfbbf9e5b84e4e0fa5e5e68cf9d30054109fac58b
7b8476d8ae397d5ddc5e672f857696d6f09a23512ad521a85f0cd14e527ad85c,9ed9b84aa0a7d0ba2089f52a0d93c4633ab780b01a7aa627de0a4238f33712a0
4f6dac480abf56682381f312d483288d2275d5a2085eef6cceb71a7968ad5ed9,35624b8800fae3fd49027ffc8d2a4e4bd697a0166c97ec564b5ea19b10b242dd
4f6dac480abf56682381f312d483288d2275d5a2085eef6cceb71a7968ad5ed9,9a3c16424750cbde029c47e059f219dc64d8943ac4073a1cc5bc9accd979fc17
582127ac168d877440b65336a80afef309ac39e50a4cf8c9a0c260057048434c,43f1fc2390a440781ffc1359e14ecb8389bfaaf8319bbe09f291a3872ea49bb9
975432bb0f7623ceb75d1c41acff320897a684cbab41d4449a9f3c6dd206dd96,271a22f75d73e13fa558d991442ecde8d75a34a0b9f6216d44b116f8612c82dc
975432bb0f7623ceb75d1c41acff320897a684cbab41d4449a9f3c6dd206dd96,22611ceccd0b4d14703ccd4eaab3208ffc03d2c80d38655023b622e50d0466fe
b1a49f9fe524f9e51a786f1c69b8334635624df4dcba7c5383b2c9a26fbff3e0,85f1c8c8e324b6be99b13732edd1770eb0d200d15becbd659cc47ff5e060ac43
f61568eec49aaf34eeeabb6f4b8a95d2e175d037b3f8f64440781ccfe40c5197,852a56bfaf803f454ce5e6380225fe1770c1e567bbb32cf335c99385c3930025
f61568eec49aaf34eeeabb6f4b8a95d2e175d037b3f8f64440781ccfe40c5197,9ed9b84aa0a7d0ba2089f52a0d93c4633ab780b01a7aa627de0a4238f33712a0
a5b64b63e781ce063fdd16ed05594621fa83fcedf62899ef919856108315d1e4,852a56bfaf803f454ce5e6380225fe1770c1e567bbb32cf335c99385c3930025
a5b64b63e781ce063fdd16ed05594621fa83fcedf62899ef919856108315d1e4,85f1c8c8e324b6be99b13732edd1770eb0d200d15becbd659cc47ff5e060ac43
a5b64b63e781ce063fdd16ed05594621fa83fcedf62899ef919856108315d1e4,3bc3567a7fc6511a85072520dc1bdb95a732c4aee93a6533d53954f39124d7c9
a5b64b63e781ce063fdd16ed05594621fa83fcedf62899ef919856108315d1e4,bd2d677b2ed4381b48bb1d0841052c6d076e7d634d5052e85dcbe0b8a0dedd80
33360c156dc9bee451b9f547a3560da16990b1440f2c13894e438747b92bd334,9360404e4f35ac209099b0fce8615971c8e89d2ab06348841d708bc3f20d28e3
a24db52c148bceed6b8e35042495e91fa3dc0d1c064e04d1c54226723ead3dd5,9360404e4f35ac209099b0fce8615971c8e89d2ab06348841d708bc3f20d28e3
af9cedda69741d46418198ee4db7d7a014fd6943aac79a8f9ac043eae01b289c,da72bf5bbca4ca33b822955cfbbf9e5b84e4e0fa5e5e68cf9d30054109fac58b
d71a5e65408290042b67e581e000819a344d0d9aa0896c5416e9b21462212870,da72bf5bbca4ca33b822955cfbbf9e5b84e4e0fa5e5e68cf9d30054109fac58b
d71a5e65408290042b67e581e000819a344d0d9aa0896c5416e9b21462212870,35624b8800fae3fd49027ffc8d2a4e4bd697a0166c97ec564b5ea19b10b242dd
86c4a4c39bfedc164c7b263323c6b1d0945fd56200e786c15acbc60acf6de565,43f1fc2390a440781ffc1359e14ecb8389bfaaf8319bbe09f291a3872ea49bb9
ebeaba7c1865bf0a398f2510082ad1a46c9f8ddef3aafa2b0a19e51ef03252a7,64cff1319d2fd2cbb7a1e84ccecf22c1cc07b24435cdb522f8c0aa525d6002a6
ebeaba7c1865bf0a398f2510082ad1a46c9f8ddef3aafa2b0a19e51ef03252a7,9360404e4f35ac209099b0fce8615971c8e89d2ab06348841d708bc3f20d28e3
ebeaba7c1865bf0a398f2510082ad1a46c9f8ddef3aafa2b0a19e51ef03252a7,22611ceccd0b4d14703ccd4eaab3208ffc03d2c80d38655023b622e50d0466fe
ebeaba7c1865bf0a398f2510082ad1a46c9f8ddef3aafa2b0a19e51ef03252a7,9ed9b84aa0a7d0ba2089f52a0d93c4633ab780b01a7aa627de0a4238f33712a0
0f8cba653af5168d740a6608ff1868f199a98f051579d7785020d34ce49ed5e3,43f1fc2390a440781ffc1359e14ecb8389bfaaf8319bbe09f291a3872ea49bb9
9c28ead347d3d9ee723ca77d6979024ab5b2027b2cdbd79a7ff227b5d46c06df,9360404e4f35ac209099b0fce8615971c8e89d2ab06348841d708bc3f20d28e3
c132c89fddf4c437735443b89d053555508b6acd69c8450a31298d6862e5a984,9360404e4f35ac209099b0fce8615971c8e89d2ab06348841d708bc3f20d28e3
c132c89fddf4c437735443b89d053555508b6acd69c8450a31298d6862e5a984,22611ceccd0b4d14703ccd4eaab3208ffc03d2c80d38655023b622e50d0466fe
6809e739cdfa8c42ad501145ccadb8472f13c84dada82b72bdaa2fecf6f4b37b,9360404e4f35ac209099b0fce8615971c8e89d2ab06348841d708bc3f20d28e3
0d6a0e28d993520a387f2af257145ad72862be2d1ae34cc36fe9b95aa42b59dd,35624b8800fae3fd49027ffc8d2a4e4bd697a0166c97ec564b5ea19b10b242dd
0d6a0e28d993520a387f2af257145ad72862be2d1ae34cc36fe9b95aa42b59dd,9360404e4f35ac209099b0fce8615971c8e89d2ab06348841d708bc3f20d28e3
0d6a0e28d993520a387f2af257145ad72862be2d1ae34cc36fe9b95aa42b59dd,271a22f75d73e13fa558d991442ecde8d75a34a0b9f6216d44b116f8612c82dc
0d6a0e28d993520a387f2af257145ad72862be2d1ae34cc36fe9b95aa42b59dd,da72bf5bbca4ca33b822955cfbbf9e5b84e4e0fa5e5e68cf9d30054109fac58b
0d6a0e28d993520a387f2af257145ad72862be2d1ae34cc36fe9b95aa42b59dd,9ed9b84aa0a7d0ba2089f52a0d93c4633ab780b01a7aa627de0a4238f33712a0
c97703809d935bd659e0f356be3d850af99042f5ecd5fde61f4b4ea20e59f8ea,64cff1319d2fd2cbb7a1e84ccecf22c1cc07b24435cdb522f8c0aa525d6002a6
c97703809d935bd659e0f356be3d850af99042f5ecd5fde61f4b4ea20e59f8ea,271a22f75d73e13fa558d991442ecde8d75a34a0b9f6216d44b116f8612c82dc
c97703809d935bd659e0f356be3d850af99042f5ecd5fde61f4b4ea20e59f8ea,35624b8800fae3fd49027ffc8d2a4e4bd697a0166c97ec564b5ea19b10b242dd
0417f30b46b861e07a3d0460ed0f90c0e6e8f407c5c0a8d7df1ba7650bb7cd9f,43f1fc2390a440781ffc1359e14ecb8389bfaaf8319bbe09f291a3872ea49bb9
90d6409bc9970e27bc896df473049cfba3ea388942a96115df7b9dd0aecb383d,271a22f75d73e13fa558d991442ecde8d75a34a0b9f6216d44b116f8612c82dc
90d6409bc9970e27bc896df473049cfba3ea388942a96115df7b9dd0aecb383d,64cff1319d2fd2cbb7a1e84ccecf22c1cc07b24435cdb522f8c0aa525d6002a6
f25782127c0674583c7a85b6798d1b44ff9b3bab2d78fcd0982892388bd3d2ec,43f1fc2390a440781ffc1359e14ecb8389bfaaf8319bbe09f291a3872ea49bb9
db18329faad1f9bb7513b219e0fde1f90f48e110f3861637af53169ba396c530,9ed9b84aa0a7d0ba2089f52a0d93c4633ab780b01a7aa627de0a4238f33712a0
db18329faad1f9bb7513b219e0fde1f90f48e110f3861637af53169ba396c530,542855513e4f74d08a92352680c339d82e2ae347fb021a7128c7f4146c40d295
db18329faad1f9bb7513b219e0fde1f90f48e110f3861637af53169ba396c530,35624b8800fae3fd49027ffc8d2a4e4bd697a0166c97ec564b5ea19b10b242dd
ff9780fa7d1c3d5af545fcd1298a19a91bd87793af53fcc18bb77db4aa6b118b,85f1c8c8e324b6be99b13732edd1770eb0d200d15becbd659cc47ff5e060ac43
ff9780fa7d1c3d5af545fcd1298a19a91bd87793af53fcc18bb77db4aa6b118b,3bc3567a7fc6511a85072520dc1bdb95a732c4aee93a6533d53954f39124d7c9
4a01925492da73328c5d98876d6d4b36f5bfe8f0c87bcc5692dc2ec2613afea2,43f1fc2390a440781ffc1359e14ecb8389bfaaf8319bbe09f291a3872ea49bb9
4a01925492da73328c5d98876d6d4b36f5bfe8f0c87bcc5692dc2ec2613afea2,9a3c16424750cbde029c47e059f219dc64d8943ac4073a1cc5bc9accd979fc17
4cf727e511945644472c3fe41c331822bf7a051febad28d0d8b3ddf3ca2c9f08,da72bf5bbca4ca33b822955cfbbf9e5b84e4e0fa5e5e68cf9d30054109fac58b
3f843825f993dd6fad0f6f179b282410b616ac66f1905831f6769a15f8e9ca33,da72bf5bbca4ca33b822955cfbbf9e5b84e4e0fa5e5e68cf9d30054109fac58b
23c0d0f333d4e7a53f7182f7340d11cbb70581abe8484e2271dbb12282f8ea69,271a22f75d73e13fa558d991442ecde8d75a34a0b9f6216d44b116f8612c82dc
2a7890f24c346e744f67a4d46a5e5f3af32d87df61eebe9fa5fbf1e6deb99a16,da72bf5bbca4ca33b822955cfbbf9e5b84e4e0fa5e5e68cf9d30054109fac58b
2a7890f24c346e744f67a4d46a5e5f3af32d87df61eebe9fa5fbf1e6deb99a16,3bc3567a7fc6511a85072520dc1bdb95a732c4aee93a6533d53954f39124d7c9
2e0b065c5b7ddb59138691f6d8432b76580508dbd4b5666ee61cf83eaa376614,da72bf5bbca4ca33b822955cfbbf9e5b84e4e0fa5e5e68cf9d30054109fac58b
679e488bedf0a2277022f1694b944cba319a5ab21a843d14033ddd03a302dedd,da72bf5bbca4ca33b822955cfbbf9e5b84e4e0fa5e5e68cf9d30054109fac58b
3c35c85d3a3e66d544b86eff09b2c937166ab39ee9bf4137f77202b279e28dd8,da72bf5bbca4ca33b822955cfbbf9e5b84e4e0fa5e5e68cf9d30054109fac58b
3c35c85d3a3e66d544b86eff09b2c937166ab39ee9bf4137f77202b279e28dd8,35624b8800fae3fd49027ffc8d2a4e4bd697a0166c97ec564b5ea19b10b242dd
3c35c85d3a3e66d544b86eff09b2c937166ab39ee9bf4137f77202b279e28dd8,9360404e4f35ac209099b0fce8615971c8e89d2ab06348841d708bc3f20d28e3
7aa70420c8ea41e33d1b8d4f0e814a8c92142c4d2affd373a9ae8229b9088484,43f1fc2390a440781ffc1359e14ecb8389bfaaf8319bbe09f291a3872ea49bb9
2544ebc5a747fcf12c73e4e29f5ea8bf03e340e042137fd01e4f13be7d7cb156,43f1fc2390a440781ffc1359e14ecb8389bfaaf8319bbe09f291a3872ea49bb9
fd0a0b5eead5b1fc498015d1be3eb06736ac24b51a775eb7eceddb79275e6369,43f1fc2390a440781ffc1359e14ecb8389bfaaf8319bbe09f291a3872ea49bb9
f67efdc96612a282f771072ad6acf075ad889311d266562bd7c87ed08ade5c15,1dd10f244a62771bcca9df74a9bc7d13363df8d3cd69ee07f66c2b1666b256ff
f67efdc96612a282f771072ad6acf075ad889311d266562bd7c87ed08ade5c15,85f1c8c8e324b6be99b13732edd1770eb0d200d15becbd659cc47ff5e060ac43
f67efdc96612a282f771072ad6acf075ad889311d266562bd7c87ed08ade5c15,9a3c16424750cbde029c47e059f219dc64d8943ac4073a1cc5bc9accd979fc17
f67efdc96612a282f771072ad6acf075ad889311d266562bd7c87ed08ade5c15,bd2d677b2ed4381b48bb1d0841052c6d076e7d634d5052e85dcbe0b8a0dedd80
350e184c90319341481cb6de7c7725aa5d3ed487a7d956fd065a03c244ea2c51,da72bf5bbca4ca33b822955cfbbf9e5b84e4e0fa5e5e68cf9d30054109fac58b
350e184c90319341481cb6de7c7725aa5d3ed487a7d956fd065a03c244ea2c51,43f1fc2390a440781ffc1359e14ecb8389bfaaf8319bbe09f291a3872ea49bb9
6288b42757c33a1dbf3ed911dee62c23a2abd29fcc1fb922212a700bbb7191d0,271a22f75d73e13fa558d991442ecde8d75a34a0b9f6216d44b116f8612c82dc
8edfcac77ff5f89f7b2ebbfd3443ddc6226679f1a53c1492aa6d4fde161148aa,85f1c8c8e324b6be99b13732edd1770eb0d200d15becbd659cc47ff5e060ac43
03d98fc970734c6fde9bc2b2de30002ff15508099761370be37ccfcdfaad35b9,43f1fc2390a440781ffc1359e14ecb8389bfaaf8319bbe09f291a3872ea49bb9
4ce5a2f3b28b91d41580ab5435aae202076b65001514e16ec82383720c434038,43f1fc2390a440781ffc1359e14ecb8389bfaaf8319bbe09f291a3872ea49bb9
4ce5a2f3b28b91d41580ab5435aae202076b65001514e16ec82383720c434038,852a56bfaf803f454ce5e6380225fe1770c1e567bbb32cf335c99385c3930025
10a2c5e3b9565e9e8332bb443d992b08acd5fb2c8d5bfac3a43dc2f3d2ea702e,9ed9b84aa0a7d0ba2089f52a0d93c4633ab780b01a7aa627de0a4238f33712a0
10a2c5e3b9565e9e8332bb443d992b08acd5fb2c8d5bfac3a43dc2f3d2ea702e,85f1c8c8e324b6be99b13732edd1770eb0d200d15becbd659cc47ff5e060ac43
10a2c5e3b9565e9e8332bb443d992b08acd5fb2c8d5bfac3a43dc2f3d2ea702e,22611ceccd0b4d14703ccd4eaab3208ffc03d2c80d38655023b622e50d0466fe
10a2c5e3b9565e9e8332bb443d992b08acd5fb2c8d5bfac3a43dc2f3d2ea702e,da72bf5bbca4ca33b822955cfbbf9e5b84e4e0fa5e5e68cf9d30054109fac58b
d119a17c2b0b0b50e6e0136fef1840f4c423a1e0b12050c5cdf72a15df6f4f24,da72bf5bbca4ca33b822955cfbbf9e5b84e4e0fa5e5e68cf9d30054109fac58b
b0caff459c8ddaaf11ebf470b75583d43a0f7cc57fd5f6c29fcbdaf1b0186192,43f1fc2390a440781ffc1359e14ecb8389bfaaf8319bbe09f291a3872ea49bb9
ee05beb793a5893be5fdae45d55a00956b6ae569e5a2a8baeb442eaf7579e4b7,271a22f75d73e13fa558d991442ecde8d75a34a0b9f6216d44b116f8612c82dc
ee05beb793a5893be5fdae45d55a00956b6ae569e5a2a8baeb442eaf7579e4b7,9360404e4f35ac209099b0fce8615971c8e89d2ab06348841d708bc3f20d28e3
6ec375ed9c84264f03ab9eaa11865a884592c5ef8a3262e88e617eea178e43d1,64cff1319d2fd2cbb7a1e84ccecf22c1cc07b24435cdb522f8c0aa525d6002a6
6ec375ed9c84264f03ab9eaa11865a884592c5ef8a3262e88e617eea178e43d1,9a3c16424750cbde029c47e059f219dc64d8943ac4073a1cc5bc9accd979fc17
6ec375ed9c84264f03ab9eaa11865a884592c5ef8a3262e88e617eea178e43d1,be8816dbd8b8aa53557ba5f25f5295b1ce2cf829d42d9256024b0698e7654f0d
6894051a175ec19877d688bef802663414f5afc085a671bdc3be8a9885b396af,43f1fc2390a440781ffc1359e14ecb8389bfaaf8319bbe09f291a3872ea49bb9
6894051a175ec19877d688bef802663414f5afc085a671bdc3be8a9885b396af,35624b8800fae3fd49027ffc8d2a4e4bd697a0166c97ec564b5ea19b10b242dd
392d16ea10e06b74e52521152ee89cbb42c9376d4478d12a5049100ade8aeb7e,43f1fc2390a440781ffc1359e14ecb8389bfaaf8319bbe09f291a3872ea49bb9
2dffa80ceb7049e2c1770f560eab8e8c36d6f249ad21b0d68ba39b711be516c7,43f1fc2390a440781ffc1359e14ecb8389bfaaf8319bbe09f291a3872ea49bb9
da2b6142bfe39d0a60073970c5aeca41721660fa44ade7105755d1916595de60,1dd10f244a62771bcca9df74a9bc7d13363df8d3cd69ee07f66c2b1666b256ff
982a5f1dcfcb1a4b3ade8f3459911778d2a9cd86c170e9472e3184874d55fc58,43f1fc2390a440781ffc1359e14ecb8389bfaaf8319bbe09f291a3872ea49bb9
7062cd829c976c41a999e91821dddc1130d40b62614f1e291ebdbf2ffca8fc46,43f1fc2390a440781ffc1359e14ecb8389bfaaf8319bbe09f291a3872ea49bb9
e663e4f44bbcbbdea26186163222a89669169d96dfb9c23cefaa1d23fc883ad8,43f1fc2390a440781ffc1359e14ecb8389bfaaf8319bbe09f291a3872ea49bb9
3d147049b8e59f05dbee1ffde1fe2a7705ed42df2d32a2b7b4ae28dfdd5274c4,da72bf5bbca4ca33b822955cfbbf9e5b84e4e0fa5e5e68cf9d30054109fac58b
77f22793a5924392e0278093fdc46d021d5163a4d93218f9e4078a5500c1e31e,64cff1319d2fd2cbb7a1e84ccecf22c1cc07b24435cdb522f8c0aa525d6002a6
77f22793a5924392e0278093fdc46d021d5163a4d93218f9e4078a5500c1e31e,542855513e4f74d08a92352680c339d82e2ae347fb021a7128c7f4146c40d295
77f22793a5924392e0278093fdc46d021d5163a4d93218f9e4078a5500c1e31e,85f1c8c8e324b6be99b13732edd1770eb0d200d15becbd659cc47ff5e060ac43
fac7be1fe3a57618c9328a21d6e6367087f76f6e4bd56432800321af528ee3f3,271a22f75d73e13fa558d991442ecde8d75a34a0b9f6216d44b116f8612c82dc
11ba0986b75639496bc5c58dad366a16b4c803d4391eea209f1e9b41e0c0c8a7,da72bf5bbca4ca33b822955cfbbf9e5b84e4e0fa5e5e68cf9d30054109fac58b
11ba0986b75639496bc5c58dad366a16b4c803d4391eea209f1e9b41e0c0c8a7,3bc3567a7fc6511a85072520dc1bdb95a732c4aee93a6533d53954f39124d7c9
11ba0986b75639496bc5c58dad366a16b4c803d4391eea209f1e9b41e0c0c8a7,35624b8800fae3fd49027ffc8d2a4e4bd697a0166c97ec564b5ea19b10b242dd
a786208c254dba5a0ef146411c8b999e3f4a7ef493d4764079c6a1ddbb9d142e,271a22f75d73e13fa558d991442ecde8d75a34a0b9f6216d44b116f8612c82dc
a786208c254dba5a0ef146411c8b999e3f4a7ef493d4764079c6a1ddbb9d142e,85f1c8c8e324b6be99b13732edd1770eb0d200d15becbd659cc47ff5e060ac43
a786208c254dba5a0ef146411c8b999e3f4a7ef493d4764079c6a1ddbb9d142e,542855513e4f74d08a92352680c339d82e2ae347fb021a7128c7f4146c40d295
9de99580037118f3cb00730db29405f7603db526be2bcd2ee3b094825b62aea6,43f1fc2390a440781ffc1359e14ecb8389bfaaf8319bbe09f291a3872ea49bb9
9de99580037118f3cb00730db29405f7603db526be2bcd2ee3b094825b62aea6,6eb00b4b2614a144d41ccdf709017a675953fae2df6cfd6b397bd9e4d8708461
cd2141556b70cb7f2cfcd245a143192c35c4d6d3b810aabd80418f8b39ea00ca,85f1c8c8e324b6be99b13732edd1770eb0d200d15becbd659cc47ff5e060ac43
be24fb67aeb8525cf6c46257c88215c256b6031f6ddd8446bd7ae55d75bd6892,43f1fc2390a440781ffc1359e14ecb8389bfaaf8319bbe09f291a3872ea49bb9
d5f7a0e49675792916f3c88790012baa8055fbcbdfb425f30623dcd9d7e72728,43f1fc2390a440781ffc1359e14ecb8389bfaaf8319bbe09f291a3872ea49bb9
2e121f2e8ecf599032537b7b9bb093c0f329d808cd9cbf9d2701f99904139cd9,da72bf5bbca4ca33b822955cfbbf9e5b84e4e0fa5e5e68cf9d30054109fac58b
5879a260d75f1bba0d2e96c7be4b14f1bd9673bdac52dadef64acef17d0b2124,43f1fc2390a440781ffc1359e14ecb8389bfaaf8319bbe09f291a3872ea49bb9
67593ccf6be18a025cd3ce1cfa4d16443a16535257d32e195fb6559b101842ff,9360404e4f35ac209099b0fce8615971c8e89d2ab06348841d708bc3f20d28e3
67593ccf6be18a025cd3ce1cfa4d16443a16535257d32e195fb6559b101842ff,542855513e4f74d08a92352680c339d82e2ae347fb021a7128c7f4146c40d295
dc0f783f61c83f88ead609745cb4774c88cc36dfa1af60bff8e82576d030cd60,da72bf5bbca4ca33b822955cfbbf9e5b84e4e0fa5e5e68cf9d30054109fac58b
e620ebe65c8f122acd77f84f0b2914f055e7bf9185291672838d8f339e904fab,da72bf5bbca4ca33b822955cfbbf9e5b84e4e0fa5e5e68cf9d30054109fac58b
27f183d550e49d48fddbd25b922ef481303428ce598b8ade8a66877a11f1e92e,85f1c8c8e324b6be99b13732edd1770eb0d200d15becbd659cc47ff5e060ac43
27f183d550e49d48fddbd25b922ef481303428ce598b8ade8a66877a11f1e92e,9360404e4f35ac209099b0fce8615971c8e89d2ab06348841d708bc3f20d28e3
6c4b18b77c81961850640ce998ba395e44c9ce2f404d544121d50764f77b4c2f,43f1fc2390a440781ffc1359e14ecb8389bfaaf8319bbe09f291a3872ea49bb9
1ee932b40e3359999e5ea462f3e3160c73c407d5106c49247a299f7ce574c6d7,0e769600933790607b2a13b33ddfade0fa17810eb62c3b28ee23e59516516491
1ee932b40e3359999e5ea462f3e3160c73c407d5106c49247a299f7ce574c6d7,64cff1319d2fd2cbb7a1e84ccecf22c1cc07b24435cdb522f8c0aa525d6002a6
1ee932b40e3359999e5ea462f3e3160c73c407d5106c49247a299f7ce574c6d7,da72bf5bbca4ca33b822955cfbbf9e5b84e4e0fa5e5e68cf9d30054109fac58b
276ef5462c1bf524e1ad81c35fb924832eeb81d78874cba6e7fd871cb56dfe53,3bc3567a7fc6511a85072520dc1bdb95a732c4aee93a6533d53954f39124d7c9
e0092cc7d9a0a5a386a80b28f7aa136308115d5cba72d452f15f79683ab9a877,852a56bfaf803f454ce5e6380225fe1770c1e567bbb32cf335c99385c3930025
e0092cc7d9a0a5a386a80b28f7aa136308115d5cba72d452f15f79683ab9a877,43f1fc2390a440781ffc1359e14ecb8389bfaaf8319bbe09f291a3872ea49bb9
9d3b540ae2b2502210c0e3281769f384e50907be79bccb1a5760f977e4101282,271a22f75d73e13fa558d991442ecde8d75a34a0b9f6216d44b116f8612c82dc
bb104d13eaaf83c63633d9655270aa57c6fe16afdbba40f293626e7145133b46,1dd10f244a62771bcca9df74a9bc7d13363df8d3cd69ee07f66c2b1666b256ff
bb104d13eaaf83c63633d9655270aa57c6fe16afdbba40f293626e7145133b46,85f1c8c8e324b6be99b13732edd1770eb0d200d15becbd659cc47ff5e060ac43
bb104d13eaaf83c63633d9655270aa57c6fe16afdbba40f293626e7145133b46,bd2d677b2ed4381b48bb1d0841052c6d076e7d634d5052e85dcbe0b8a0dedd80
4aa8ffb609424c5e654ad28200e380cd00fb3922d6daab1f989dafa17f08f7c2,da72bf5bbca4ca33b822955cfbbf9e5b84e4e0fa5e5e68cf9d30054109fac58b
4aa8ffb609424c5e654ad28200e380cd00fb3922d6daab1f989dafa17f08f7c2,85f1c8c8e324b6be99b13732edd1770eb0d200d15becbd659cc47ff5e060ac43
c58e57bac3981918ce5435cbd4c222fc4091533b00b031642b62ab5e01d96ab0,da72bf5bbca4ca33b822955cfbbf9e5b84e4e0fa5e5e68cf9d30054109fac58b
6f7a465b31bebc8f11c23b2441441ea874b2b59a926dc473a107113621160f03,bd2d677b2ed4381b48bb1d0841052c6d076e7d634d5052e85dcbe0b8a0dedd80
6f7a465b31bebc8f11c23b2441441ea874b2b59a926dc473a107113621160f03,9a3c16424750cbde029c47e059f219dc64d8943ac4073a1cc5bc9accd979fc17
6f7a465b31bebc8f11c23b2441441ea874b2b59a926dc473a107113621160f03,da72bf5bbca4ca33b822955cfbbf9e5b84e4e0fa5e5e68cf9d30054109fac58b
2d2214d89f3cf2efced13733b0175d9306a28ac8f117a624d25871805a1ae7b5,43f1fc2390a440781ffc1359e14ecb8389bfaaf8319bbe09f291a3872ea49bb9
1b59d7fc633a2c5a5511bb55117c0196b390877d9fdccaef2e45722f57b15cb5,da72bf5bbca4ca33b822955cfbbf9e5b84e4e0fa5e5e68cf9d30054109fac58b
1b59d7fc633a2c5a5511bb55117c0196b390877d9fdccaef2e45722f57b15cb5,0e769600933790607b2a13b33ddfade0fa17810eb62c3b28ee23e59516516491
6f659b2cf3d04e8a9b6dead0b30f7737f0727951a3ea624cc9c2a6c80424afff,43f1fc2390a440781ffc1359e14ecb8389bfaaf8319bbe09f291a3872ea49bb9
a18bfcb865aa5c007b19ff4dc0fbc1d185e1f155cc7d7fbede64aaaeea773d00,271a22f75d73e13fa558d991442ecde8d75a34a0b9f6216d44b116f8612c82dc
a18bfcb865aa5c007b19ff4dc0fbc1d185e1f155cc7d7fbede64aaaeea773d00,9360404e4f35ac209099b0fce8615971c8e89d2ab06348841d708bc3f20d28e3
e6840865bb2232ee1dcaffb460a39ded889daf16b8427375537ad0b669e51c11,da72bf5bbca4ca33b822955cfbbf9e5b84e4e0fa5e5e68cf9d30054109fac58b
0e3cbbeab873b931987b8a2b4b89b70c504f320e227293b5a7901af8d16487c6,da72bf5bbca4ca33b822955cfbbf9e5b84e4e0fa5e5e68cf9d30054109fac58b
00bb8fd0584557d1cda8274bd5880be856e5b06e0d6867c38a21bc81d016e15c,3bc3567a7fc6511a85072520dc1bdb95a732c4aee93a6533d53954f39124d7c9
00bb8fd0584557d1cda8274bd5880be856e5b06e0d6867c38a21bc81d016e15c,85f1c8c8e324b6be99b13732edd1770eb0d200d15becbd659cc47ff5e060ac43
00bb8fd0584557d1cda8274bd5880be856e5b06e0d6867c38a21bc81d016e15c,da72bf5bbca4ca33b822955cfbbf9e5b84e4e0fa5e5e68cf9d30054109fac58b
c9e7b598d294616ca314f27facc64b6491a23ec78cf8d07dec7a3e36d209026e,da72bf5bbca4ca33b822955cfbbf9e5b84e4e0fa5e5e68cf9d30054109fac58b
24528832d17fb118c0ac7eb4ff7340d748d04f050b4459b6d9ac59a5766ac84c,85f1c8c8e324b6be99b13732edd1770eb0d200d15becbd659cc47ff5e060ac43
24528832d17fb118c0ac7eb4ff7340d748d04f050b4459b6d9ac59a5766ac84c,852a56bfaf803f454ce5e6380225fe1770c1e567bbb32cf335c99385c3930025
98d9c02eab806107192414097a959339039457c5f0a3d96690e05238a5fcf788,85f1c8c8e324b6be99b13732edd1770eb0d200d15becbd659cc47ff5e060ac43
98d9c02eab806107192414097a959339039457c5f0a3d96690e05238a5fcf788,3bc3567a7fc6511a85072520dc1bdb95a732c4aee93a6533d53954f39124d7c9
f5447704418d6815680db009c4377b78c627c2ea132078e60d0d3c7de70e99a9,9360404e4f35ac209099b0fce8615971c8e89d2ab06348841d708bc3f20d28e3
f5447704418d6815680db009c4377b78c627c2ea132078e60d0d3c7de70e99a9,271a22f75d73e13fa558d991442ecde8d75a34a0b9f6216d44b116f8612c82dc
6654c7af187912487fe29ecf774f6e9daca76877475b3fcb7619938fb22de56f,da72bf5bbca4ca33b822955cfbbf9e5b84e4e0fa5e5e68cf9d30054109fac58b
ad90f93dd59ed7e19b17345c94b354c7effd72dcd9639027d9b52cadf6fbbaaf,271a22f75d73e13fa558d991442ecde8d75a34a0b9f6216d44b116f8612c82dc
d42bb38e710c034eb93c10877e6705b60709b173b4bd0d30f4bdad549b4d17a0,85f1c8c8e324b6be99b13732edd1770eb0d200d15becbd659cc47ff5e060ac43
d42bb38e710c034eb93c10877e6705b60709b173b4bd0d30f4bdad549b4d17a0,da72bf5bbca4ca33b822955cfbbf9e5b84e4e0fa5e5e68cf9d30054109fac58b
d42bb38e710c034eb93c10877e6705b60709b173b4bd0d30f4bdad549b4d17a0,6eb00b4b2614a144d41ccdf709017a675953fae2df6cfd6b397bd9e4d8708461
8ee4c935452f2623e3650963f026bb9a20ae6e846bf93e289924ed36e8cf7f57,da72bf5bbca4ca33b822955cfbbf9e5b84e4e0fa5e5e68cf9d30054109fac58b
8ee4c935452f2623e3650963f026bb9a20ae6e846bf93e289924ed36e8cf7f57,6eb00b4b2614a144d41ccdf709017a675953fae2df6cfd6b397bd9e4d8708461
aac207b120b2e830d92cf4b4b2aa15c7ec8bde13a3af3f8c34730ddd2b77c715,da72bf5bbca4ca33b822955cfbbf9e5b84e4e0fa5e5e68cf9d30054109fac58b
aac207b120b2e830d92cf4b4b2aa15c7ec8bde13a3af3f8c34730ddd2b77c715,3bc3567a7fc6511a85072520dc1bdb95a732c4aee93a6533d53954f39124d7c9
8938db6a37619c35fbeb1205bc356abb4c9ba48e010dd9dd896a2e8e1686727e,da72bf5bbca4ca33b822955cfbbf9e5b84e4e0fa5e5e68cf9d30054109fac58b
4ac46bea29eb1f12cddf27a7cf8ea68b59d50cfff9cb046aeef3b6525bcf0edc,271a22f75d73e13fa558d991442ecde8d75a34a0b9f6216d44b116f8612c82dc
61be8724c3bf03d5947cabd0eebb29c3e72f9865614253b98d11031ee0283a52,271a22f75d73e13fa558d991442ecde8d75a34a0b9f6216d44b116f8612c82dc
185e6376479a50ea8c867167aa3e23bef7b4e6a310afa4f65d20a7814beeb958,da72bf5bbca4ca33b822955cfbbf9e5b84e4e0fa5e5e68cf9d30054109fac58b
b0cf04350f6cacb777303ac602c5cb5e5b608e9ba475fc7c690c1031c4e3c0b4,43f1fc2390a440781ffc1359e14ecb8389bfaaf8319bbe09f291a3872ea49bb9
14088e5c16cd891a291b2025f1bc61b875fb261147f6e2737e93a9b5e9f010e8,43f1fc2390a440781ffc1359e14ecb8389bfaaf8319bbe09f291a3872ea49bb9
7d8c9b6227fab257b925439232cb71e48d788ada97bb4c52f42ee20c6b5eb9b5,85f1c8c8e324b6be99b13732edd1770eb0d200d15becbd659cc47ff5e060ac43
a14c98aeed0a6c684a498838a2d887e0cbc1f630ae21651e753aad3780e877b4,da72bf5bbca4ca33b822955cfbbf9e5b84e4e0fa5e5e68cf9d30054109fac58b
a14c98aeed0a6c684a498838a2d887e0cbc1f630ae21651e753aad3780e877b4,6eb00b4b2614a144d41ccdf709017a675953fae2df6cfd6b397bd9e4d8708461
08f1cade2f28b03eaa8e1641ff2d59eb2c3365e587304961c1c2a92316e28db6,43f1fc2390a440781ffc1359e14ecb8389bfaaf8319bbe09f291a3872ea49bb9
adcc822477d8f4e38b189a956256e63fd387de2f36f5a36ecf3585617ac08499,85f1c8c8e324b6be99b13732edd1770eb0d200d15becbd659cc47ff5e060ac43
273e3fd60a7adf3458facc025dfccb4d012990de7a2c394e23490c11910f3a1f,9360404e4f35ac209099b0fce8615971c8e89d2ab06348841d708bc3f20d28e3
7a36e5f5391e7c25f241ac0eaef8c4c2824db28c1b436e6a1b92dcf836ec65a7,85f1c8c8e324b6be99b13732edd1770eb0d200d15becbd659cc47ff5e060ac43
7a36e5f5391e7c25f241ac0eaef8c4c2824db28c1b436e6a1b92dcf836ec65a7,da72bf5bbca4ca33b822955cfbbf9e5b84e4e0fa5e5e68cf9d30054109fac58b
7a36e5f5391e7c25f241ac0eaef8c4c2824db28c1b436e6a1b92dcf836ec65a7,3bc3567a7fc6511a85072520dc1bdb95a732c4aee93a6533d53954f39124d7c9
fa3296dc55874280b8e2f17b2598a97dcfa3ec651c52473f094b6ff93828e7aa,da72bf5bbca4ca33b822955cfbbf9e5b84e4e0fa5e5e68cf9d30054109fac58b
fa3296dc55874280b8e2f17b2598a97dcfa3ec651c52473f094b6ff93828e7aa,9a3c16424750cbde029c47e059f219dc64d8943ac4073a1cc5bc9accd979fc17
10a27cbc0040f25037c3605ba165cb699c0b655e8f72884fb67a46a52d96c720,da72bf5bbca4ca33b822955cfbbf9e5b84e4e0fa5e5e68cf9d30054109fac58b
10a27cbc0040f25037c3605ba165cb699c0b655e8f72884fb67a46a52d96c720,85f1c8c8e324b6be99b13732edd1770eb0d200d15becbd659cc47ff5e060ac43
10a27cbc0040f25037c3605ba165cb699c0b655e8f72884fb67a46a52d96c720,3bc3567a7fc6511a85072520dc1bdb95a732c4aee93a6533d53954f39124d7c9
84c85402e8c6288f97af6a4df33bbff853e6ae32c3e51223ab792b98460e9f23,da72bf5bbca4ca33b822955cfbbf9e5b84e4e0fa5e5e68cf9d30054109fac58b
df302ef73e34b1c483f27f8d76fc06b1726a475054c67424dd4a7e1a8cba7cf5,271a22f75d73e13fa558d991442ecde8d75a34a0b9f6216d44b116f8612c82dc
df302ef73e34b1c483f27f8d76fc06b1726a475054c67424dd4a7e1a8cba7cf5,85f1c8c8e324b6be99b13732edd1770eb0d200d15becbd659cc47ff5e060ac43
df302ef73e34b1c483f27f8d76fc06b1726a475054c67424dd4a7e1a8cba7cf5,35624b8800fae3fd49027ffc8d2a4e4bd697a0166c97ec564b5ea19b10b242dd
427b431b3a874287d7864a109b61a6017fd4e33ce420bf51b045e3970c7616c5,da72bf5bbca4ca33b822955cfbbf9e5b84e4e0fa5e5e68cf9d30054109fac58b
0de86ed1baf2264790451ca726d498ffa03350ffe7856ee2c9e1d571503bdb36,43f1fc2390a440781ffc1359e14ecb8389bfaaf8319bbe09f291a3872ea49bb9
02adbb16d2172b3b8542dea648dee09beeba5d694b9f9bdca8048b6084181e95,3bc3567a7fc6511a85072520dc1bdb95a732c4aee93a6533d53954f39124d7c9
d3edfd4be3a61b78d950a2bc669ca0c7675cf646eb024d608a80ca3aeec4bd8f,43f1fc2390a440781ffc1359e14ecb8389bfaaf8319bbe09f291a3872ea49bb9
c63fa6f5f4ae49377eb827e72e7bcc5232dad333b6060499896b99f4d235dfe9,da72bf5bbca4ca33b822955cfbbf9e5b84e4e0fa5e5e68cf9d30054109fac58b
8f5d67aff17443ce6e64c2623c31f70a4986798c74f5d4bfd35ecf814058fd83,43f1fc2390a440781ffc1359e14ecb8389bfaaf8319bbe09f291a3872ea49bb9
7d931f5a985e2a0885f06cc3f854c829cd82b7e6d1388c62a591cc283dd54470,43f1fc2390a440781ffc1359e14ecb8389bfaaf8319bbe09f291a3872ea49bb9
bf7e0628dba954dfee8d8f37a27470a79e54fa1dfa49d66a5781b33a4d83a11b,0e769600933790607b2a13b33ddfade0fa17810eb62c3b28ee23e59516516491
bf7e0628dba954dfee8d8f37a27470a79e54fa1dfa49d66a5781b33a4d83a11b,da72bf5bbca4ca33b822955cfbbf9e5b84e4e0fa5e5e68cf9d30054109fac58b
f5cf3408e6307f04ce1b748725f3f644eb84de5f4999ba4856ad9985c490820a,da72bf5bbca4ca33b822955cfbbf9e5b84e4e0fa5e5e68cf9d30054109fac58b
491baf13a261b8d8e60649835eab755a1bd1eacdc18617bda8e01f994bb7c623,da72bf5bbca4ca33b822955cfbbf9e5b84e4e0fa5e5e68cf9d30054109fac58b
491baf13a261b8d8e60649835eab755a1bd1eacdc18617bda8e01f994bb7c623,43f1fc2390a440781ffc1359e14ecb8389bfaaf8319bbe09f291a3872ea49bb9
fbfc67d8a0e0d89028218a483503c22ad452b5f717b808d201da24ae6e99115b,da72bf5bbca4ca33b822955cfbbf9e5b84e4e0fa5e5e68cf9d30054109fac58b
deb87a1a67540813df4510ae153c68319b1b9ac7074db387ac97ecdf7f5ef923,85f1c8c8e324b6be99b13732edd1770eb0d200d15becbd659cc47ff5e060ac43
2b94cf52bef18b91cf1c976ad9a8af1460a1f0f05ddb54a93c7bf81f460f3254,35624b8800fae3fd49027ffc8d2a4e4bd697a0166c97ec564b5ea19b10b242dd
2b94cf52bef18b91cf1c976ad9a8af1460a1f0f05ddb54a93c7bf81f460f3254,9360404e4f35ac209099b0fce8615971c8e89d2ab06348841d708bc3f20d28e3
7421f80d9cc2bc88313d39ccdf7fa5090819c728f087b95b773b05b4f8632caf,271a22f75d73e13fa558d991442ecde8d75a34a0b9f6216d44b116f8612c82dc
7421f80d9cc2bc88313d39ccdf7fa5090819c728f087b95b773b05b4f8632caf,35624b8800fae3fd49027ffc8d2a4e4bd697a0166c97ec564b5ea19b10b242dd
b818efe09fe8bab858461a4e10ac1dcde8b7e029adcad086641da3417876839c,da72bf5bbca4ca33b822955cfbbf9e5b84e4e0fa5e5e68cf9d30054109fac58b
d6a69e6e88db512f5a9e1cba35dd4672ec90e6488f7ee434c46fe8eb65f008aa,43f1fc2390a440781ffc1359e14ecb8389bfaaf8319bbe09f291a3872ea49bb9
5816d6c2ca8999d935ac47f68ba6543a894af394006a9428518f28c5bc93a099,43f1fc2390a440781ffc1359e14ecb8389bfaaf8319bbe09f291a3872ea49bb9
3445cafa926339e616a5c275a1775b325f6f7668c7bb9cf76132482c9de07082,43f1fc2390a440781ffc1359e14ecb8389bfaaf8319bbe09f291a3872ea49bb9
4ecdd6572c2dfc2ddc5807ac11ceea2c0ea8693ff96736824dea097d3b0bffc9,da72bf5bbca4ca33b822955cfbbf9e5b84e4e0fa5e5e68cf9d30054109fac58b
f19d4ba18e645b5b1938c34d6225106b6ec7f1cb8564b2989244db9aef09b248,22611ceccd0b4d14703ccd4eaab3208ffc03d2c80d38655023b622e50d0466fe
f19d4ba18e645b5b1938c34d6225106b6ec7f1cb8564b2989244db9aef09b248,da72bf5bbca4ca33b822955cfbbf9e5b84e4e0fa5e5e68cf9d30054109fac58b
65b7c77cc6a36271f7332d5edefaecd812b8702a2334fe542bff11c15e1d53b6,da72bf5bbca4ca33b822955cfbbf9e5b84e4e0fa5e5e68cf9d30054109fac58b
abf213f544813abbb93dbfc3d270b900d8261aaa18ec23cad3c7f597754ad6d2,da72bf5bbca4ca33b822955cfbbf9e5b84e4e0fa5e5e68cf9d30054109fac58b
2559848c05d2cde023917812c51c24ba68c18d9559d10d6423dcc7576d283877,85f1c8c8e324b6be99b13732edd1770eb0d200d15becbd659cc47ff5e060ac43
2559848c05d2cde023917812c51c24ba68c18d9559d10d6423dcc7576d283877,da72bf5bbca4ca33b822955cfbbf9e5b84e4e0fa5e5e68cf9d30054109fac58b
be2fd515d18e9110491b77ae3ba8e7e8761d8cf82b2fd413c57ca57c1c0b5ded,da72bf5bbca4ca33b822955cfbbf9e5b84e4e0fa5e5e68cf9d30054109fac58b
7cc63e5434bcacd9ad9ea2164cee2a1db1edbebbb41e3251fadd0fb84a12aae2,43f1fc2390a440781ffc1359e14ecb8389bfaaf8319bbe09f291a3872ea49bb9
d5b16e36adb19abff76b91872534e8cd0118e25a289d29c1195504c909be9075,1dd10f244a62771bcca9df74a9bc7d13363df8d3cd69ee07f66c2b1666b256ff
d5b16e36adb19abff76b91872534e8cd0118e25a289d29c1195504c909be9075,bd2d677b2ed4381b48bb1d0841052c6d076e7d634d5052e85dcbe0b8a0dedd80
d5b16e36adb19abff76b91872534e8cd0118e25a289d29c1195504c909be9075,85f1c8c8e324b6be99b13732edd1770eb0d200d15becbd659cc47ff5e060ac43
d5b16e36adb19abff76b91872534e8cd0118e25a289d29c1195504c909be9075,35624b8800fae3fd49027ffc8d2a4e4bd697a0166c97ec564b5ea19b10b242dd
26fc85d1526691e15e80642dd49aa9c68b4fa0be2ef1fac2604145e9ec7fd077,271a22f75d73e13fa558d991442ecde8d75a34a0b9f6216d44b116f8612c82dc
26fc85d1526691e15e80642dd49aa9c68b4fa0be2ef1fac2604145e9ec7fd077,9360404e4f35ac209099b0fce8615971c8e89d2ab06348841d708bc3f20d28e3
d326b615873518cd0c83c1d3c88cf7cd01906ca93c6fa1479925c78aecd315f0,43f1fc2390a440781ffc1359e14ecb8389bfaaf8319bbe09f291a3872ea49bb9
0c9898ca78f957529d5fe1a33cde61d49b80e3a3c57f2d8f249552707007c69b,271a22f75d73e13fa558d991442ecde8d75a34a0b9f6216d44b116f8612c82dc
9feeb6211355c64d507ba546734870e7ca328dacaccf01f3ad685426dfa12361,271a22f75d73e13fa558d991442ecde8d75a34a0b9f6216d44b116f8612c82dc
aeb3c76d064c36494e7e3c316b18ede0a1dd8f05db075604b6444909d47b93cc,85f1c8c8e324b6be99b13732edd1770eb0d200d15becbd659cc47ff5e060ac43
aeb3c76d064c36494e7e3c316b18ede0a1dd8f05db075604b6444909d47b93cc,da72bf5bbca4ca33b822955cfbbf9e5b84e4e0fa5e5e68cf9d30054109fac58b
aeb3c76d064c36494e7e3c316b18ede0a1dd8f05db075604b6444909d47b93cc,0e769600933790607b2a13b33ddfade0fa17810eb62c3b28ee23e59516516491
a70fcd34fe6f99956291b1d7feb86c30a40bcf77cf400598942e363a34eef9d8,da72bf5bbca4ca33b822955cfbbf9e5b84e4e0fa5e5e68cf9d30054109fac58b
a70fcd34fe6f99956291b1d7feb86c30a40bcf77cf400598942e363a34eef9d8,9360404e4f35ac209099b0fce8615971c8e89d2ab06348841d708bc3f20d28e3
0d36f23c0584af92cd164bd39b42b29c48743d4ba4bb5cc3ff0c39da2513e823,542855513e4f74d08a92352680c339d82e2ae347fb021a7128c7f4146c40d295
f9dc96c6244286b1272727c983753e5b12af83aed81551b6b4c500cec1fabe97,da72bf5bbca4ca33b822955cfbbf9e5b84e4e0fa5e5e68cf9d30054109fac58b
75760475fadf9bf381013cb880f5d21c279645897f73d879fdb932c88199e2e0,da72bf5bbca4ca33b822955cfbbf9e5b84e4e0fa5e5e68cf9d30054109fac58b
75760475fadf9bf381013cb880f5d21c279645897f73d879fdb932c88199e2e0,542855513e4f74d08a92352680c339d82e2ae347fb021a7128c7f4146c40d295
50b038e728b2676fbb1d694288aaba486901e1d06eadb0059e61e3f882f40044,da72bf5bbca4ca33b822955cfbbf9e5b84e4e0fa5e5e68cf9d30054109fac58b
f2b2db78deb10977206240f3649346068d3e5cc1032c327215d269f1aed5196a,271a22f75d73e13fa558d991442ecde8d75a34a0b9f6216d44b116f8612c82dc
fc0e68b0baf0f26c6b1c8b87298f17b3656eb8460c53ec591dbc54b1d17878fb,43f1fc2390a440781ffc1359e14ecb8389bfaaf8319bbe09f291a3872ea49bb9
378b566d6bf08352851c8b2ba10dbf11fe4a4195a4f00c88c3be92b6a80941af,da72bf5bbca4ca33b822955cfbbf9e5b84e4e0fa5e5e68cf9d30054109fac58b
9b6a01d23af9677d87f2de719d6ba4b91f6071ff39f23d728bc26ad4f3c15fe4,9360404e4f35ac209099b0fce8615971c8e89d2ab06348841d708bc3f20d28e3
9b6a01d23af9677d87f2de719d6ba4b91f6071ff39f23d728bc26ad4f3c15fe4,22611ceccd0b4d14703ccd4eaab3208ffc03d2c80d38655023b622e50d0466fe
9b6a01d23af9677d87f2de719d6ba4b91f6071ff39f23d728bc26ad4f3c15fe4,da72bf5bbca4ca33b822955cfbbf9e5b84e4e0fa5e5e68cf9d30054109fac58b
66de2cb9040fc02db32060051de3a9b8359eae4bf69ae64f39b100377e28a48b,43f1fc2390a440781ffc1359e14ecb8389bfaaf8319bbe09f291a3872ea49bb9
9b9bef8b67f01cde703c318711d76799ac5e9ca17182ae5eebfeb923ce1a7f10,542855513e4f74d08a92352680c339d82e2ae347fb021a7128c7f4146c40d295
472f3f08d30d95ffaaf3b20c4b1c9e2a20e160a13702f2ef6b4a2bc25a0fbe48,da72bf5bbca4ca33b822955cfbbf9e5b84e4e0fa5e5e68cf9d30054109fac58b
bb469f648f56f2f10fc3b18a515cbcb3d1eb73db17e291456ce58750ac75052e,1dd10f244a62771bcca9df74a9bc7d13363df8d3cd69ee07f66c2b1666b256ff
93f2f0ddc9db0bd74108bfc8761abbcafdca21b3dcdd703daa663c21d2705c73,43f1fc2390a440781ffc1359e14ecb8389bfaaf8319bbe09f291a3872ea49bb9
93f2f0ddc9db0bd74108bfc8761abbcafdca21b3dcdd703daa663c21d2705c73,35624b8800fae3fd49027ffc8d2a4e4bd697a0166c97ec564b5ea19b10b242dd
38c96f5e62ac37f9f17328f0aa1645a8a1543c5af74338f15c9e7d0ad6051897,85f1c8c8e324b6be99b13732edd1770eb0d200d15becbd659cc47ff5e060ac43
33cedb67c1369a3fbcff7fe7f7f787aa5b292265bba562da936a979fa209788d,da72bf5bbca4ca33b822955cfbbf9e5b84e4e0fa5e5e68cf9d30054109fac58b
0d1a62a7dd3ef610ee08bd5eef30d7b82afced47a0785c9fdad3e956a6e7205e,da72bf5bbca4ca33b822955cfbbf9e5b84e4e0fa5e5e68cf9d30054109fac58b
0d1a62a7dd3ef610ee08bd5eef30d7b82afced47a0785c9fdad3e956a6e7205e,22611ceccd0b4d14703ccd4eaab3208ffc03d2c80d38655023b622e50d0466fe
0d1a62a7dd3ef610ee08bd5eef30d7b82afced47a0785c9fdad3e956a6e7205e,9360404e4f35ac209099b0fce8615971c8e89d2ab06348841d708bc3f20d28e3
abaa87f5d5c6d505cb562b773484ac3451500cb9cbe58ecf3ad7cb5ed2428e04,85f1c8c8e324b6be99b13732edd1770eb0d200d15becbd659cc47ff5e060ac43
ed28ea1aff29483d83fdf4cf8eb18d9b8cf3b024556c33456fcb0bf8ce1549d2,da72bf5bbca4ca33b822955cfbbf9e5b84e4e0fa5e5e68cf9d30054109fac58b
a520ce51a62a6c67183ce160e9d695cd5295c3f15a906d1a92728f807562be04,271a22f75d73e13fa558d991442ecde8d75a34a0b9f6216d44b116f8612c82dc
9e3a85d162d5858ddf9964c556418c876e5a2b8d57f32638a59ab963fcd393b0,43f1fc2390a440781ffc1359e14ecb8389bfaaf8319bbe09f291a3872ea49bb9
de8d909cd036525a0ebe3c1ce7c5c0d972322594593e0467acfb579ed3fd891d,85f1c8c8e324b6be99b13732edd1770eb0d200d15becbd659cc47ff5e060ac43
c179093358093677b8bbbdc67b015de6ed924136e1eaca60755f4bf9ba23f9ca,43f1fc2390a440781ffc1359e14ecb8389bfaaf8319bbe09f291a3872ea49bb9
f5444bfece72db700c97832f68a6e0f212b9a969054cddb71bb4634d848eed67,852a56bfaf803f454ce5e6380225fe1770c1e567bbb32cf335c99385c3930025
f5444bfece72db700c97832f68a6e0f212b9a969054cddb71bb4634d848eed67,85f1c8c8e324b6be99b13732edd1770eb0d200d15becbd659cc47ff5e060ac43
f5444bfece72db700c97832f68a6e0f212b9a969054cddb71bb4634d848eed67,3bc3567a7fc6511a85072520dc1bdb95a732c4aee93a6533d53954f39124d7c9
b1fdc404a03c9b6640b327b339e229b059e41ea5781eab01657f8b4cc4a84191,852a56bfaf803f454ce5e6380225fe1770c1e567bbb32cf335c99385c3930025
b1fdc404a03c9b6640b327b339e229b059e41ea5781eab01657f8b4cc4a84191,85f1c8c8e324b6be99b13732edd1770eb0d200d15becbd659cc47ff5e060ac43
b1fdc404a03c9b6640b327b339e229b059e41ea5781eab01657f8b4cc4a84191,3bc3567a7fc6511a85072520dc1bdb95a732c4aee93a6533d53954f39124d7c9
f85910b739f7d545bb12ec81440836eedcda1d8d2495ba68caab2985b454c1b9,35624b8800fae3fd49027ffc8d2a4e4bd697a0166c97ec564b5ea19b10b242dd
f85910b739f7d545bb12ec81440836eedcda1d8d2495ba68caab2985b454c1b9,1dd10f244a62771bcca9df74a9bc7d13363df8d3cd69ee07f66c2b1666b256ff
6c79325eab75fbcd7d371cadd0ac8ec404ac94acfe9925b96dd373df17985cb6,9ed9b84aa0a7d0ba2089f52a0d93c4633ab780b01a7aa627de0a4238f33712a0
6c79325eab75fbcd7d371cadd0ac8ec404ac94acfe9925b96dd373df17985cb6,64cff1319d2fd2cbb7a1e84ccecf22c1cc07b24435cdb522f8c0aa525d6002a6
cc300edb97b85cc12ad18c1b1ea8b1ac45f016f4d6a5c4d811eb1e7ee6a79887,852a56bfaf803f454ce5e6380225fe1770c1e567bbb32cf335c99385c3930025
cc300edb97b85cc12ad18c1b1ea8b1ac45f016f4d6a5c4d811eb1e7ee6a79887,85f1c8c8e324b6be99b13732edd1770eb0d200d15becbd659cc47ff5e060ac43
cc300edb97b85cc12ad18c1b1ea8b1ac45f016f4d6a5c4d811eb1e7ee6a79887,da72bf5bbca4ca33b822955cfbbf9e5b84e4e0fa5e5e68cf9d30054109fac58b
cc300edb97b85cc12ad18c1b1ea8b1ac45f016f4d6a5c4d811eb1e7ee6a79887,3bc3567a7fc6511a85072520dc1bdb95a732c4aee93a6533d53954f39124d7c9
6573851aec75657382cb879cd7bf854146e121d95716aed578b58c89df70e5d9,85f1c8c8e324b6be99b13732edd1770eb0d200d15becbd659cc47ff5e060ac43
c7cac25c425a7cfad18bd8b430f346808fb51464af1c8f0d8379b90cf430f476,da72bf5bbca4ca33b822955cfbbf9e5b84e4e0fa5e5e68cf9d30054109fac58b
c7cac25c425a7cfad18bd8b430f346808fb51464af1c8f0d8379b90cf430f476,bd2d677b2ed4381b48bb1d0841052c6d076e7d634d5052e85dcbe0b8a0dedd80
8d65ce31f8a17d5defaba71c5560592537888fae50d708c63c001045464e9eab,da72bf5bbca4ca33b822955cfbbf9e5b84e4e0fa5e5e68cf9d30054109fac58b
8d65ce31f8a17d5defaba71c5560592537888fae50d708c63c001045464e9eab,3bc3567a7fc6511a85072520dc1bdb95a732c4aee93a6533d53954f39124d7c9
bf1f1dcad3ae451d8f16558c9afdbd8310a7289a681ee6a2708305a8fd20c0c7,43f1fc2390a440781ffc1359e14ecb8389bfaaf8319bbe09f291a3872ea49bb9
bf1f1dcad3ae451d8f16558c9afdbd8310a7289a681ee6a2708305a8fd20c0c7,6eb00b4b2614a144d41ccdf709017a675953fae2df6cfd6b397bd9e4d8708461
0d0f62149936909516aeb3fdbcd280b03b095d5e7b5e2b2d3cebd290376ec9e4,852a56bfaf803f454ce5e6380225fe1770c1e567bbb32cf335c99385c3930025
0d0f62149936909516aeb3fdbcd280b03b095d5e7b5e2b2d3cebd290376ec9e4,85f1c8c8e324b6be99b13732edd1770eb0d200d15becbd659cc47ff5e060ac43
0d0f62149936909516aeb3fdbcd280b03b095d5e7b5e2b2d3cebd290376ec9e4,da72bf5bbca4ca33b822955cfbbf9e5b84e4e0fa5e5e68cf9d30054109fac58b
0d0f62149936909516aeb3fdbcd280b03b095d5e7b5e2b2d3cebd290376ec9e4,3bc3567a7fc6511a85072520dc1bdb95a732c4aee93a6533d53954f39124d7c9
0d0f62149936909516aeb3fdbcd280b03b095d5e7b5e2b2d3cebd290376ec9e4,bd2d677b2ed4381b48bb1d0841052c6d076e7d634d5052e85dcbe0b8a0dedd80
3a05a1e7bd53e61fb6c9eb7ea9f765827c2b3d632ef29faa584ef5012234e936,43f1fc2390a440781ffc1359e14ecb8389bfaaf8319bbe09f291a3872ea49bb9
ae9c6f61f4e0ca7308210882ed4b5c787f25c581325e6960e50f1a8a979b11fa,85f1c8c8e324b6be99b13732edd1770eb0d200d15becbd659cc47ff5e060ac43
ae9c6f61f4e0ca7308210882ed4b5c787f25c581325e6960e50f1a8a979b11fa,da72bf5bbca4ca33b822955cfbbf9e5b84e4e0fa5e5e68cf9d30054109fac58b
ae9c6f61f4e0ca7308210882ed4b5c787f25c581325e6960e50f1a8a979b11fa,3bc3567a7fc6511a85072520dc1bdb95a732c4aee93a6533d53954f39124d7c9
ae9c6f61f4e0ca7308210882ed4b5c787f25c581325e6960e50f1a8a979b11fa,852a56bfaf803f454ce5e6380225fe1770c1e567bbb32cf335c99385c3930025
cdf57c6c63a82a1cb1df241b62651fd9820299fd70689874607b544bf3ce1847,85f1c8c8e324b6be99b13732edd1770eb0d200d15becbd659cc47ff5e060ac43
cdf57c6c63a82a1cb1df241b62651fd9820299fd70689874607b544bf3ce1847,271a22f75d73e13fa558d991442ecde8d75a34a0b9f6216d44b116f8612c82dc
634dfee2deb639eccb79b3bb6eb98cfe780a066380becd786aa090200dc871b0,271a22f75d73e13fa558d991442ecde8d75a34a0b9f6216d44b116f8612c82dc
e3407cf6c73f0dcaa84102c41eae6f7232d5f60523cb77805ae861f7ab359056,da72bf5bbca4ca33b822955cfbbf9e5b84e4e0fa5e5e68cf9d30054109fac58b
e3407cf6c73f0dcaa84102c41eae6f7232d5f60523cb77805ae861f7ab359056,85f1c8c8e324b6be99b13732edd1770eb0d200d15becbd659cc47ff5e060ac43
93e275a4a2ee3789ba8e72572f45dcb8e8c95744c95a7f070f6f3ac903a9d06b,43f1fc2390a440781ffc1359e14ecb8389bfaaf8319bbe09f291a3872ea49bb9
93e275a4a2ee3789ba8e72572f45dcb8e8c95744c95a7f070f6f3ac903a9d06b,271a22f75d73e13fa558d991442ecde8d75a34a0b9f6216d44b116f8612c82dc
93e275a4a2ee3789ba8e72572f45dcb8e8c95744c95a7f070f6f3ac903a9d06b,6eb00b4b2614a144d41ccdf709017a675953fae2df6cfd6b397bd9e4d8708461
d978f6644dbea249bc13f1bf5415f7364d277889f5e49d7154695b323a0a8f3d,1dd10f244a62771bcca9df74a9bc7d13363df8d3cd69ee07f66c2b1666b256ff
05f9d5c61c83a42b4da57a01ef938c0a89bc2e4a8755dca5fbc03f5ee1517c67,852a56bfaf803f454ce5e6380225fe1770c1e567bbb32cf335c99385c3930025
05f9d5c61c83a42b4da57a01ef938c0a89bc2e4a8755dca5fbc03f5ee1517c67,85f1c8c8e324b6be99b13732edd1770eb0d200d15becbd659cc47ff5e060ac43
05f9d5c61c83a42b4da57a01ef938c0a89bc2e4a8755dca5fbc03f5ee1517c67,da72bf5bbca4ca33b822955cfbbf9e5b84e4e0fa5e5e68cf9d30054109fac58b
05f9d5c61c83a42b4da57a01ef938c0a89bc2e4a8755dca5fbc03f5ee1517c67,3bc3567a7fc6511a85072520dc1bdb95a732c4aee93a6533d53954f39124d7c9
fe5d7cd34fbf25d52b603a7304eb64147ef01cdad04ba93834a3c17674d30779,da72bf5bbca4ca33b822955cfbbf9e5b84e4e0fa5e5e68cf9d30054109fac58b
308dccff0a1769af0e0df704c99703036aa3c714f4c498eb5d00c81a44e41ba4,35624b8800fae3fd49027ffc8d2a4e4bd697a0166c97ec564b5ea19b10b242dd
308dccff0a1769af0e0df704c99703036aa3c714f4c498eb5d00c81a44e41ba4,64cff1319d2fd2cbb7a1e84ccecf22c1cc07b24435cdb522f8c0aa525d6002a6
e9bcdee433f789948d6fca9f84df444cab1b7629587ac56cc757fc3c4c93b165,43f1fc2390a440781ffc1359e14ecb8389bfaaf8319bbe09f291a3872ea49bb9
e9bcdee433f789948d6fca9f84df444cab1b7629587ac56cc757fc3c4c93b165,6eb00b4b2614a144d41ccdf709017a675953fae2df6cfd6b397bd9e4d8708461
84f7d8a01007537c2fa94a7d74c831c92e91bcbd3fe1de7b356febf9b76dc90f,64cff1319d2fd2cbb7a1e84ccecf22c1cc07b24435cdb522f8c0aa525d6002a6
84f7d8a01007537c2fa94a7d74c831c92e91bcbd3fe1de7b356febf9b76dc90f,be8816dbd8b8aa53557ba5f25f5295b1ce2cf829d42d9256024b0698e7654f0d
717ece06237ba6fc0ac4b61629285c6ed9f497c8d450d52fe5e57cbfc37ac602,271a22f75d73e13fa558d991442ecde8d75a34a0b9f6216d44b116f8612c82dc
8b184e1024e36e41d22028099ab1f35506cf1a2d32ebf7b5c7414627d7856ab9,bd2d677b2ed4381b48bb1d0841052c6d076e7d634d5052e85dcbe0b8a0dedd80
9c405a4f9ec590342ebd9e1189f8f2b4b9dc12ed9d0e4ebf4ff6e03da1742202,da72bf5bbca4ca33b822955cfbbf9e5b84e4e0fa5e5e68cf9d30054109fac58b
9c405a4f9ec590342ebd9e1189f8f2b4b9dc12ed9d0e4ebf4ff6e03da1742202,271a22f75d73e13fa558d991442ecde8d75a34a0b9f6216d44b116f8612c82dc
b8acdaafe15a62e1e28b227ca7f497a437d35a2853db454263105dbeab999cf4,da72bf5bbca4ca33b822955cfbbf9e5b84e4e0fa5e5e68cf9d30054109fac58b
b8acdaafe15a62e1e28b227ca7f497a437d35a2853db454263105dbeab999cf4,3bc3567a7fc6511a85072520dc1bdb95a732c4aee93a6533d53954f39124d7c9
a07d94df5824549a13189e62920f4cade336cd2492f572235434b193c2f48f70,85f1c8c8e324b6be99b13732edd1770eb0d200d15becbd659cc47ff5e060ac43
6175d67396450608cbac45c3f21ed41c467021771cd8b5d223fdf5617df62266,271a22f75d73e13fa558d991442ecde8d75a34a0b9f6216d44b116f8612c82dc
6175d67396450608cbac45c3f21ed41c467021771cd8b5d223fdf5617df62266,da72bf5bbca4ca33b822955cfbbf9e5b84e4e0fa5e5e68cf9d30054109fac58b
cac09bc0cec4e4a8446c952516f40071892ef3f8e703a145bc2800b348e05aa7,852a56bfaf803f454ce5e6380225fe1770c1e567bbb32cf335c99385c3930025
cac09bc0cec4e4a8446c952516f40071892ef3f8e703a145bc2800b348e05aa7,85f1c8c8e324b6be99b13732edd1770eb0d200d15becbd659cc47ff5e060ac43
cac09bc0cec4e4a8446c952516f40071892ef3f8e703a145bc2800b348e05aa7,3bc3567a7fc6511a85072520dc1bdb95a732c4aee93a6533d53954f39124d7c9
8aa00c63eda0f7377ca75f379329d560053202bb39d4c660239c741556479f91,da72bf5bbca4ca33b822955cfbbf9e5b84e4e0fa5e5e68cf9d30054109fac58b
8aa00c63eda0f7377ca75f379329d560053202bb39d4c660239c741556479f91,35624b8800fae3fd49027ffc8d2a4e4bd697a0166c97ec564b5ea19b10b242dd
8908b5be4d6372921b986a02b4528f2bca48c8cde59d614d65d7372dbd4dd213,852a56bfaf803f454ce5e6380225fe1770c1e567bbb32cf335c99385c3930025
8908b5be4d6372921b986a02b4528f2bca48c8cde59d614d65d7372dbd4dd213,9360404e4f35ac209099b0fce8615971c8e89d2ab06348841d708bc3f20d28e3
a6b9612064a467c1eb8a5ccf441247a06fd32f93b191c71d63be119767245095,64cff1319d2fd2cbb7a1e84ccecf22c1cc07b24435cdb522f8c0aa525d6002a6
a6b9612064a467c1eb8a5ccf441247a06fd32f93b191c71d63be119767245095,22611ceccd0b4d14703ccd4eaab3208ffc03d2c80d38655023b622e50d0466fe
a6b9612064a467c1eb8a5ccf441247a06fd32f93b191c71d63be119767245095,9360404e4f35ac209099b0fce8615971c8e89d2ab06348841d708bc3f20d28e3
c0ca2e7fe3c5cc3a85be0a93eee6d73d201a9d72a1c3bc6f8313de35c5667d22,22611ceccd0b4d14703ccd4eaab3208ffc03d2c80d38655023b622e50d0466fe
c0ca2e7fe3c5cc3a85be0a93eee6d73d201a9d72a1c3bc6f8313de35c5667d22,da72bf5bbca4ca33b822955cfbbf9e5b84e4e0fa5e5e68cf9d30054109fac58b
e1d8a564b015b21f728c06ab18ef57dcdaddef4cf790b7d5946904166fffa1d2,da72bf5bbca4ca33b822955cfbbf9e5b84e4e0fa5e5e68cf9d30054109fac58b
17594ef210b05728193b842f35ce82dad8c79081a11cd7940831e53edda1da75,da72bf5bbca4ca33b822955cfbbf9e5b84e4e0fa5e5e68cf9d30054109fac58b
17594ef210b05728193b842f35ce82dad8c79081a11cd7940831e53edda1da75,9360404e4f35ac209099b0fce8615971c8e89d2ab06348841d708bc3f20d28e3
ed2119211bc375dbe7a4118ca8ebf77a03053a0d42763e7268ffbe734d2a0b55,271a22f75d73e13fa558d991442ecde8d75a34a0b9f6216d44b116f8612c82dc
6085d0bf9a668c13eef8eaf36952d1f24fb2f6dbc1c99aedd6ccc02622257281,43f1fc2390a440781ffc1359e14ecb8389bfaaf8319bbe09f291a3872ea49bb9
917c25a6cbb2f8e2e1728539fc3158926a2b520900adfc20d2c1339428da4a71,da72bf5bbca4ca33b822955cfbbf9e5b84e4e0fa5e5e68cf9d30054109fac58b
a033d7f4a083f6c936fb50a974fb16265bb81e01691934002b28c162b53e8832,43f1fc2390a440781ffc1359e14ecb8389bfaaf8319bbe09f291a3872ea49bb9
2c37d2fe4b15131e82d8832a455f9ff6b2ced3c01f953dacdf62d1c870ee1e2c,da72bf5bbca4ca33b822955cfbbf9e5b84e4e0fa5e5e68cf9d30054109fac58b
be5e20728179cd5759882062975fd9af1dc9d1948684ba1c3006f986bfcce21f,43f1fc2390a440781ffc1359e14ecb8389bfaaf8319bbe09f291a3872ea49bb9
b08e317b87bba2d1eeb7d26cef76dd5a302e50b922753117a58a5d7f8091776c,43f1fc2390a440781ffc1359e14ecb8389bfaaf8319bbe09f291a3872ea49bb9
4d62b0fcfa692f0886b0afb9af14bce544ea4e4242fe53f0b4a8039b15934233,bd2d677b2ed4381b48bb1d0841052c6d076e7d634d5052e85dcbe0b8a0dedd80
fffefe3d2393b9d46a19376be0071b092a4369f5e19302636f7574ab4be5bd40,43f1fc2390a440781ffc1359e14ecb8389bfaaf8319bbe09f291a3872ea49bb9
35a19d928c387b82e0055209ea6c4ae0d9c558942c5249436de74087c5d7fdda,43f1fc2390a440781ffc1359e14ecb8389bfaaf8319bbe09f291a3872ea49bb9
27bef54de1c09149275d9e33dcd2d7ec994392267a8e37fdcd9493fd23916eb5,da72bf5bbca4ca33b822955cfbbf9e5b84e4e0fa5e5e68cf9d30054109fac58b
27bef54de1c09149275d9e33dcd2d7ec994392267a8e37fdcd9493fd23916eb5,0e769600933790607b2a13b33ddfade0fa17810eb62c3b28ee23e59516516491
2d4741a073114b633eb0c960deba8d454fb0fe5a5c5dd85cd48247c46f62ebdc,da72bf5bbca4ca33b822955cfbbf9e5b84e4e0fa5e5e68cf9d30054109fac58b
8b8f633e35315dec07d82a9c1971f23e543454486bd51766ba9ad02727cbfb7a,64cff1319d2fd2cbb7a1e84ccecf22c1cc07b24435cdb522f8c0aa525d6002a6
04d6d8daf99bf9712485d27e1b15b853245d99d706345edf4fc65dedfe9cbb86,85f1c8c8e324b6be99b13732edd1770eb0d200d15becbd659cc47ff5e060ac43
04d6d8daf99bf9712485d27e1b15b853245d99d706345edf4fc65dedfe9cbb86,3bc3567a7fc6511a85072520dc1bdb95a732c4aee93a6533d53954f39124d7c9
13f07dbf735564f9b6420e2b03a45c2ca3db9780bdfb329308526e8a504ffb25,9360404e4f35ac209099b0fce8615971c8e89d2ab06348841d708bc3f20d28e3
f1461e3851e47c0504a305f973d8f905e59690457c698aece43aacd80827abc6,43f1fc2390a440781ffc1359e14ecb8389bfaaf8319bbe09f291a3872ea49bb9
a1b2fa985e78a0c87057bb73f3542e3c23099f1a640cf7433524105637359bad,da72bf5bbca4ca33b822955cfbbf9e5b84e4e0fa5e5e68cf9d30054109fac58b
0daaa8c91ed7803bb42c0d64f3a8509b4ddae731c2dd46da22bad2c6192a6d07,43f1fc2390a440781ffc1359e14ecb8389bfaaf8319bbe09f291a3872ea49bb9
0daaa8c91ed7803bb42c0d64f3a8509b4ddae731c2dd46da22bad2c6192a6d07,22611ceccd0b4d14703ccd4eaab3208ffc03d2c80d38655023b622e50d0466fe
eb410f61a54b02a556e9146d8c27c18c9bb144a465e05ea8f364316c0dd6513a,271a22f75d73e13fa558d991442ecde8d75a34a0b9f6216d44b116f8612c82dc
b0277662adaf00ac0de07c3945464d0a5ad2a65db26cf48b789ecef327996a0d,3bc3567a7fc6511a85072520dc1bdb95a732c4aee93a6533d53954f39124d7c9
d124a1106eaa5403374ef4cf7945656d1791ebc8cd2b23278853ccd00b7bc2c9,43f1fc2390a440781ffc1359e14ecb8389bfaaf8319bbe09f291a3872ea49bb9
5c8aa7c7edee51c8d08c97ff988858b6b56d2451ba97fe718f2ea6a36c8e12c2,3bc3567a7fc6511a85072520dc1bdb95a732c4aee93a6533d53954f39124d7c9
dcf69cd55780f75a37e1c4ce593a23a82b32b1b1cdb06e1648019eb0ff3c2aa2,1dd10f244a62771bcca9df74a9bc7d13363df8d3cd69ee07f66c2b1666b256ff
eff25be77a063a3ce26a37ad26c1c5c58e8f15dca1317c1a9136f6fb3e0f61a2,85f1c8c8e324b6be99b13732edd1770eb0d200d15becbd659cc47ff5e060ac43
711e2796d71d43fdb0b2d04eadceb7b64b90096c9b6a4fbdaf2d29ecc77490f0,43f1fc2390a440781ffc1359e14ecb8389bfaaf8319bbe09f291a3872ea49bb9
117e30c4614196438a20d9fb49952a515f9a5a27ad2779abe1e8eab356145620,43f1fc2390a440781ffc1359e14ecb8389bfaaf8319bbe09f291a3872ea49bb9
66dd751838b0e94944aeab0cc00a8a43f118296053227646ea1da4543a2aff18,bd2d677b2ed4381b48bb1d0841052c6d076e7d634d5052e85dcbe0b8a0dedd80
508870340f792102a353b74d5f4444f029536f3edc31ac92338a9a607481acf6,9360404e4f35ac209099b0fce8615971c8e89d2ab06348841d708bc3f20d28e3
3004d74d5d14e5dfe6af9f307e98941dcf1a09beb5c8c57282229d1caefcd067,852a56bfaf803f454ce5e6380225fe1770c1e567bbb32cf335c99385c3930025
3004d74d5d14e5dfe6af9f307e98941dcf1a09beb5c8c57282229d1caefcd067,85f1c8c8e324b6be99b13732edd1770eb0d200d15becbd659cc47ff5e060ac43
3004d74d5d14e5dfe6af9f307e98941dcf1a09beb5c8c57282229d1caefcd067,3bc3567a7fc6511a85072520dc1bdb95a732c4aee93a6533d53954f39124d7c9
8266c1b804ef0437a619401c86e04f2d7477394a26f32b4aa1d83f05c1c77006,43f1fc2390a440781ffc1359e14ecb8389bfaaf8319bbe09f291a3872ea49bb9
4a3ab543044a345cddd1aabde2304b3c6eea33a96318d3b251159d721b8aa7b0,da72bf5bbca4ca33b822955cfbbf9e5b84e4e0fa5e5e68cf9d30054109fac58b
525a5ef66d6aca0dc448e77b44b2618f2b7f6889deed8344d9a1968734420dfb,35624b8800fae3fd49027ffc8d2a4e4bd697a0166c97ec564b5ea19b10b242dd
525a5ef66d6aca0dc448e77b44b2618f2b7f6889deed8344d9a1968734420dfb,85f1c8c8e324b6be99b13732edd1770eb0d200d15becbd659cc47ff5e060ac43
525a5ef66d6aca0dc448e77b44b2618f2b7f6889deed8344d9a1968734420dfb,da72bf5bbca4ca33b822955cfbbf9e5b84e4e0fa5e5e68cf9d30054109fac58b
4e8ba78645f5415a83afdcb4f5f9e220500a55ceda165f637eaba48a12e62925,1dd10f244a62771bcca9df74a9bc7d13363df8d3cd69ee07f66c2b1666b256ff
4e8ba78645f5415a83afdcb4f5f9e220500a55ceda165f637eaba48a12e62925,85f1c8c8e324b6be99b13732edd1770eb0d200d15becbd659cc47ff5e060ac43
8080a7597cda5b647965375c3467446e860202fed61adcef1aef19d0a6cee4b8,da72bf5bbca4ca33b822955cfbbf9e5b84e4e0fa5e5e68cf9d30054109fac58b
ea1294b96f54ce502c420a0ed2148783d36eac71ab5e7581adb6984cc39687b3,1dd10f244a62771bcca9df74a9bc7d13363df8d3cd69ee07f66c2b1666b256ff
ea1294b96f54ce502c420a0ed2148783d36eac71ab5e7581adb6984cc39687b3,da72bf5bbca4ca33b822955cfbbf9e5b84e4e0fa5e5e68cf9d30054109fac58b
ea1294b96f54ce502c420a0ed2148783d36eac71ab5e7581adb6984cc39687b3,271a22f75d73e13fa558d991442ecde8d75a34a0b9f6216d44b116f8612c82dc
ef9f562633b8d5bcad59cbdf022f434cebefb441109d7296d77ff35b4f471f77,43f1fc2390a440781ffc1359e14ecb8389bfaaf8319bbe09f291a3872ea49bb9
595ee5b2040fb75b46c7113a94ceaaf68f797745405e4c9c919da9f3430bdfff,da72bf5bbca4ca33b822955cfbbf9e5b84e4e0fa5e5e68cf9d30054109fac58b
eec4052ed117680d89f03400a3b6c8c319b9e75126c8d015ef2ab3fee036fdc7,43f1fc2390a440781ffc1359e14ecb8389bfaaf8319bbe09f291a3872ea49bb9
eec4052ed117680d89f03400a3b6c8c319b9e75126c8d015ef2ab3fee036fdc7,85f1c8c8e324b6be99b13732edd1770eb0d200d15becbd659cc47ff5e060ac43
e809a1cd3deabf9610fc0f18fe5736a2a5b3c8a1561e53507d83d5c428a3b051,22611ceccd0b4d14703ccd4eaab3208ffc03d2c80d38655023b622e50d0466fe
e809a1cd3deabf9610fc0f18fe5736a2a5b3c8a1561e53507d83d5c428a3b051,9ed9b84aa0a7d0ba2089f52a0d93c4633ab780b01a7aa627de0a4238f33712a0
e809a1cd3deabf9610fc0f18fe5736a2a5b3c8a1561e53507d83d5c428a3b051,9360404e4f35ac209099b0fce8615971c8e89d2ab06348841d708bc3f20d28e3
6dd583480b44c75beec6e328b8d9a4638eb5a75fa4912d9e63fa02b856179682,da72bf5bbca4ca33b822955cfbbf9e5b84e4e0fa5e5e68cf9d30054109fac58b
ec4709a1eabd7d6e3ae6b82d7bbf65fcf21fe9a45b1e5cd22d0f5731cd8a2e22,43f1fc2390a440781ffc1359e14ecb8389bfaaf8319bbe09f291a3872ea49bb9
f51b089e5ae5b522c64e0dea649d6da1ecdb2c946ea1b8efaded1b33472c2eda,da72bf5bbca4ca33b822955cfbbf9e5b84e4e0fa5e5e68cf9d30054109fac58b
ad2d2e42219855e49acf1d582ea699e29d59ed2462bfe8712f7f2914a33d4060,43f1fc2390a440781ffc1359e14ecb8389bfaaf8319bbe09f291a3872ea49bb9
ad2d2e42219855e49acf1d582ea699e29d59ed2462bfe8712f7f2914a33d4060,852a56bfaf803f454ce5e6380225fe1770c1e567bbb32cf335c99385c3930025
82b57fca517baa37129e197a65c2cf412890ef7626b697efba7eb63ae808c56d,85f1c8c8e324b6be99b13732edd1770eb0d200d15becbd659cc47ff5e060ac43
0dca204f34a25d67102dea27d345eac2044de3287be7536c809a61db8489b67e,3bc3567a7fc6511a85072520dc1bdb95a732c4aee93a6533d53954f39124d7c9
0dca204f34a25d67102dea27d345eac2044de3287be7536c809a61db8489b67e,6eb00b4b2614a144d41ccdf709017a675953fae2df6cfd6b397bd9e4d8708461
0dca204f34a25d67102dea27d345eac2044de3287be7536c809a61db8489b67e,35624b8800fae3fd49027ffc8d2a4e4bd697a0166c97ec564b5ea19b10b242dd
e9a0bf98899f61240c2f4d2198ad9440d07a62700c737794df5778e8445c3758,da72bf5bbca4ca33b822955cfbbf9e5b84e4e0fa5e5e68cf9d30054109fac58b
c1826a9f450e6e0562cdc4f496d7bcff3827020358819ccd650c8de43ff2c176,da72bf5bbca4ca33b822955cfbbf9e5b84e4e0fa5e5e68cf9d30054109fac58b
456849a3f21ce549943ecefc841384926117cc1b598498ae6b9032a2e1cb439e,da72bf5bbca4ca33b822955cfbbf9e5b84e4e0fa5e5e68cf9d30054109fac58b
456849a3f21ce549943ecefc841384926117cc1b598498ae6b9032a2e1cb439e,35624b8800fae3fd49027ffc8d2a4e4bd697a0166c97ec564b5ea19b10b242dd
456849a3f21ce549943ecefc841384926117cc1b598498ae6b9032a2e1cb439e,9360404e4f35ac209099b0fce8615971c8e89d2ab06348841d708bc3f20d28e3
6661826ff5dc285e84adeb8fb7742db73d17adfc1c3198816495c43daf4abf7d,da72bf5bbca4ca33b822955cfbbf9e5b84e4e0fa5e5e68cf9d30054109fac58b
accbd211f04a70235ed738eb3ed10d8e0e501ada9e0ff6198d4814c00527ad33,3bc3567a7fc6511a85072520dc1bdb95a732c4aee93a6533d53954f39124d7c9
accbd211f04a70235ed738eb3ed10d8e0e501ada9e0ff6198d4814c00527ad33,85f1c8c8e324b6be99b13732edd1770eb0d200d15becbd659cc47ff5e060ac43
2edcc45a8e7630dcc011536efff7749a31b21bffe8e1a7b8df68a191bbfe675b,9360404e4f35ac209099b0fce8615971c8e89d2ab06348841d708bc3f20d28e3
2edcc45a8e7630dcc011536efff7749a31b21bffe8e1a7b8df68a191bbfe675b,9ed9b84aa0a7d0ba2089f52a0d93c4633ab780b01a7aa627de0a4238f33712a0
897f3f5d86e017e9567f5e29e9c121877d72572eaba582b915afed84c3d203c2,9360404e4f35ac209099b0fce8615971c8e89d2ab06348841d708bc3f20d28e3
897f3f5d86e017e9567f5e29e9c121877d72572eaba582b915afed84c3d203c2,da72bf5bbca4ca33b822955cfbbf9e5b84e4e0fa5e5e68cf9d30054109fac58b
897f3f5d86e017e9567f5e29e9c121877d72572eaba582b915afed84c3d203c2,852a56bfaf803f454ce5e6380225fe1770c1e567bbb32cf335c99385c3930025
188d7bc75c4585cedf32177f14bfb4cb57bc33fe8c78d30d489279d88a02781b,43f1fc2390a440781ffc1359e14ecb8389bfaaf8319bbe09f291a3872ea49bb9
bc64d3c26bed2845727156b22f936033e7fd0f886be1049daa6cb5fe572243c2,bd2d677b2ed4381b48bb1d0841052c6d076e7d634d5052e85dcbe0b8a0dedd80
bc64d3c26bed2845727156b22f936033e7fd0f886be1049daa6cb5fe572243c2,3bc3567a7fc6511a85072520dc1bdb95a732c4aee93a6533d53954f39124d7c9
0e9c6bdfa04406afb51b694c0338efab8b84a8f423761e672bce28039adb73ab,1dd10f244a62771bcca9df74a9bc7d13363df8d3cd69ee07f66c2b1666b256ff
b30a04bbe17ab531d4c4668827da4bee8bb43828766601837fbb7dbf813feb6a,9360404e4f35ac209099b0fce8615971c8e89d2ab06348841d708bc3f20d28e3
3a40b105a2c080353a6e0d7737fe31b5ab4dbc446ddfac5c3aced84090e28556,271a22f75d73e13fa558d991442ecde8d75a34a0b9f6216d44b116f8612c82dc
3a40b105a2c080353a6e0d7737fe31b5ab4dbc446ddfac5c3aced84090e28556,9360404e4f35ac209099b0fce8615971c8e89d2ab06348841d708bc3f20d28e3
e0909865fe4f9a9170ebdf3c711dc54e9d653342f689c100e5037e94236be13d,271a22f75d73e13fa558d991442ecde8d75a34a0b9f6216d44b116f8612c82dc
e0909865fe4f9a9170ebdf3c711dc54e9d653342f689c100e5037e94236be13d,d7d2f0ffb02cf5f91acf2010f88656db336d9e293f80d504b1d3dac08aa17502
cf0b7fb5155b913c4984651a38945cbfd6b14f66db17b8a0e19883b7e8734982,9360404e4f35ac209099b0fce8615971c8e89d2ab06348841d708bc3f20d28e3
2006167946d9ec01f169e8023b2bfe95231e1a229c4282921c57456b498ae37d,43f1fc2390a440781ffc1359e14ecb8389bfaaf8319bbe09f291a3872ea49bb9
e9ea8305dee03814d0b2c4e2ff004e36dcf1a89ab5a219152b4a7f57aaa3587f,43f1fc2390a440781ffc1359e14ecb8389bfaaf8319bbe09f291a3872ea49bb9
616796edd9cb5a6bb5e55cc3ddd85493630ca22e32ff730c0bd7d2f528bcfd64,85f1c8c8e324b6be99b13732edd1770eb0d200d15becbd659cc47ff5e060ac43
3b8343a1d72dda67be0ba3165cc524d38c0ae6d3cba4cae361d995d31bd52b21,43f1fc2390a440781ffc1359e14ecb8389bfaaf8319bbe09f291a3872ea49bb9
3dad6e7e835c3b35f34ad3da4bc06cee9ad6c3b2cd72dfe04ba253afd1df19f4,43f1fc2390a440781ffc1359e14ecb8389bfaaf8319bbe09f291a3872ea49bb9
32a11a7138c054c83d672ff9ec0af50b560922ef3fc39d66cb351695de3eb1cd,9360404e4f35ac209099b0fce8615971c8e89d2ab06348841d708bc3f20d28e3
0a867dc052750f16028ee57e7fecee2a450546d1ec8f692fd67777f61bb40f47,3bc3567a7fc6511a85072520dc1bdb95a732c4aee93a6533d53954f39124d7c9
f58ba40de764ba719ffc6834dae7d8259f34c8c349f8fd31bc97c85224e6fe9a,da72bf5bbca4ca33b822955cfbbf9e5b84e4e0fa5e5e68cf9d30054109fac58b
f58ba40de764ba719ffc6834dae7d8259f34c8c349f8fd31bc97c85224e6fe9a,9360404e4f35ac209099b0fce8615971c8e89d2ab06348841d708bc3f20d28e3
e81193957c20d59d556f9abc6dd0f1fa0f5471c17fb37feb30b4316d5a568745,64cff1319d2fd2cbb7a1e84ccecf22c1cc07b24435cdb522f8c0aa525d6002a6
e81193957c20d59d556f9abc6dd0f1fa0f5471c17fb37feb30b4316d5a568745,35624b8800fae3fd49027ffc8d2a4e4bd697a0166c97ec564b5ea19b10b242dd
e81193957c20d59d556f9abc6dd0f1fa0f5471c17fb37feb30b4316d5a568745,271a22f75d73e13fa558d991442ecde8d75a34a0b9f6216d44b116f8612c82dc
e81193957c20d59d556f9abc6dd0f1fa0f5471c17fb37feb30b4316d5a568745,1dd10f244a62771bcca9df74a9bc7d13363df8d3cd69ee07f66c2b1666b256ff
fcdd2a45fddda0dded363488f0305d92020a5884b80a24bbd5b1bd40e340db1a,85f1c8c8e324b6be99b13732edd1770eb0d200d15becbd659cc47ff5e060ac43
fcdd2a45fddda0dded363488f0305d92020a5884b80a24bbd5b1bd40e340db1a,da72bf5bbca4ca33b822955cfbbf9e5b84e4e0fa5e5e68cf9d30054109fac58b
5438fcb48e51ee69d681872a989dd68ad488db7a639b693892d405a00cf9b0da,271a22f75d73e13fa558d991442ecde8d75a34a0b9f6216d44b116f8612c82dc
a4c3c4ab6b9e0ae27bdb10e6a692c00e0b69231edbc3412d13555cd05897aa29,85f1c8c8e324b6be99b13732edd1770eb0d200d15becbd659cc47ff5e060ac43
a4c3c4ab6b9e0ae27bdb10e6a692c00e0b69231edbc3412d13555cd05897aa29,22611ceccd0b4d14703ccd4eaab3208ffc03d2c80d38655023b622e50d0466fe
273c851e70883a62bf7c55cf5553132466994a91c5a3f4f3469a92df5fa73c14,3bc3567a7fc6511a85072520dc1bdb95a732c4aee93a6533d53954f39124d7c9
2da450168c44d4d6c3a312030882e9b225711605c68d505dd9c198b6a95bd2fb,be8816dbd8b8aa53557ba5f25f5295b1ce2cf829d42d9256024b0698e7654f0d
c2c83afb4d0253aa5f8dd8550e8bc179cb35101adb094f071e1d82757b5481aa,9360404e4f35ac209099b0fce8615971c8e89d2ab06348841d708bc3f20d28e3
261a0d54095bee35216b26e8d0653623668a0fb7c881e44faf553c05369f70c9,43f1fc2390a440781ffc1359e14ecb8389bfaaf8319bbe09f291a3872ea49bb9
59e2b5c0d79bffdc121faa24f435134baf2993e55bb128317209df3228eef8c4,9360404e4f35ac209099b0fce8615971c8e89d2ab06348841d708bc3f20d28e3
59e2b5c0d79bffdc121faa24f435134baf2993e55bb128317209df3228eef8c4,271a22f75d73e13fa558d991442ecde8d75a34a0b9f6216d44b116f8612c82dc
59e2b5c0d79bffdc121faa24f435134baf2993e55bb128317209df3228eef8c4,9ed9b84aa0a7d0ba2089f52a0d93c4633ab780b01a7aa627de0a4238f33712a0
bd57121e9dcc502b733679368416c2bbd8f6aa8183f027252daf2c5b9fe11308,1dd10f244a62771bcca9df74a9bc7d13363df8d3cd69ee07f66c2b1666b256ff
bd57121e9dcc502b733679368416c2bbd8f6aa8183f027252daf2c5b9fe11308,35624b8800fae3fd49027ffc8d2a4e4bd697a0166c97ec564b5ea19b10b242dd
17f1c3a471aaebae5720d96c855c961c3735c2ac2d08ee4d2e262db7c8db72f6,271a22f75d73e13fa558d991442ecde8d75a34a0b9f6216d44b116f8612c82dc
17f1c3a471aaebae5720d96c855c961c3735c2ac2d08ee4d2e262db7c8db72f6,9360404e4f35ac209099b0fce8615971c8e89d2ab06348841d708bc3f20d28e3
1a194e9469824f5804bff9be9b5f466a0881213bea2c58d2aeabe2d2c0d4a391,852a56bfaf803f454ce5e6380225fe1770c1e567bbb32cf335c99385c3930025
1a194e9469824f5804bff9be9b5f466a0881213bea2c58d2aeabe2d2c0d4a391,85f1c8c8e324b6be99b13732edd1770eb0d200d15becbd659cc47ff5e060ac43
1a194e9469824f5804bff9be9b5f466a0881213bea2c58d2aeabe2d2c0d4a391,3bc3567a7fc6511a85072520dc1bdb95a732c4aee93a6533d53954f39124d7c9
a71a58cecd5236a72a87dde71b6b039949fe2ae70ff788dea5bb3a0e84b78dfd,43f1fc2390a440781ffc1359e14ecb8389bfaaf8319bbe09f291a3872ea49bb9
90839bb747d9ff79252c1e22ead112fbb015d23d4ab0d097d887e0f9c3b45e85,271a22f75d73e13fa558d991442ecde8d75a34a0b9f6216d44b116f8612c82dc
78158de07cd8aabea97c652da40b3edb0425d3a6caf23a7a724f040a29bf7496,43f1fc2390a440781ffc1359e14ecb8389bfaaf8319bbe09f291a3872ea49bb9
3561f89aa80a318095594a3402db3129fbeb721a76161a78908d7cf50c98e6ac,64cff1319d2fd2cbb7a1e84ccecf22c1cc07b24435cdb522f8c0aa525d6002a6
3561f89aa80a318095594a3402db3129fbeb721a76161a78908d7cf50c98e6ac,da72bf5bbca4ca33b822955cfbbf9e5b84e4e0fa5e5e68cf9d30054109fac58b
3561f89aa80a318095594a3402db3129fbeb721a76161a78908d7cf50c98e6ac,3bc3567a7fc6511a85072520dc1bdb95a732c4aee93a6533d53954f39124d7c9
ba24dc3b66e6eb11befd8f8db696e77347518ecf0e79b50a52e887f2fcde58b3,43f1fc2390a440781ffc1359e14ecb8389bfaaf8319bbe09f291a3872ea49bb9
aea8a5f60a61cd655ccce402ffc287c22c1458078042326b65833d9a1789644c,271a22f75d73e13fa558d991442ecde8d75a34a0b9f6216d44b116f8612c82dc
2a3fdc1ae76130547dd4f19c439d0f8095074edbf940e0b603041321d9ca9499,271a22f75d73e13fa558d991442ecde8d75a34a0b9f6216d44b116f8612c82dc
9065818667c2e37494c483268e59119ccb6cf5bb2804ba88ac0c5949c3f93b13,da72bf5bbca4ca33b822955cfbbf9e5b84e4e0fa5e5e68cf9d30054109fac58b
9065818667c2e37494c483268e59119ccb6cf5bb2804ba88ac0c5949c3f93b13,9360404e4f35ac209099b0fce8615971c8e89d2ab06348841d708bc3f20d28e3
9065818667c2e37494c483268e59119ccb6cf5bb2804ba88ac0c5949c3f93b13,271a22f75d73e13fa558d991442ecde8d75a34a0b9f6216d44b116f8612c82dc
b0e3c997cd49f3621bd9aa2ace28420e3c8df5bbd04e4c3f51cb3e3a1a8d9344,43f1fc2390a440781ffc1359e14ecb8389bfaaf8319bbe09f291a3872ea49bb9
afd3bf1ebc0b1b461756f32be53f08c3b9c600d5f7ec966591603cc6887eadd5,43f1fc2390a440781ffc1359e14ecb8389bfaaf8319bbe09f291a3872ea49bb9
29b50665eaf85eb6bcca1045f36f34e273752a3db70aac2c21c713c15ebe1333,da72bf5bbca4ca33b822955cfbbf9e5b84e4e0fa5e5e68cf9d30054109fac58b
ed37bbf7d5047823b16831a41ad1fdf7507615ee47560d88925bb57a840a06bc,85f1c8c8e324b6be99b13732edd1770eb0d200d15becbd659cc47ff5e060ac43
ed37bbf7d5047823b16831a41ad1fdf7507615ee47560d88925bb57a840a06bc,3bc3567a7fc6511a85072520dc1bdb95a732c4aee93a6533d53954f39124d7c9
82c9a786dfb72d9ab739ec9664182207c5cd28ad5fdbcc564cd582be60b78c53,da72bf5bbca4ca33b822955cfbbf9e5b84e4e0fa5e5e68cf9d30054109fac58b
82c9a786dfb72d9ab739ec9664182207c5cd28ad5fdbcc564cd582be60b78c53,0e769600933790607b2a13b33ddfade0fa17810eb62c3b28ee23e59516516491
8ffd4eb58154d8ac4060fbc0e89092968c8c053c0f75081fc0144bf0e0a59139,da72bf5bbca4ca33b822955cfbbf9e5b84e4e0fa5e5e68cf9d30054109fac58b
0028972c0655d53960b691b1d16ab6107bf235a904147ed94b524c119c3ac70d,64cff1319d2fd2cbb7a1e84ccecf22c1cc07b24435cdb522f8c0aa525d6002a6
2de8fcc7a77034dabd066a341a259138bec41ea63225fccaf0ebcd9b9b649821,64cff1319d2fd2cbb7a1e84ccecf22c1cc07b24435cdb522f8c0aa525d6002a6
2de8fcc7a77034dabd066a341a259138bec41ea63225fccaf0ebcd9b9b649821,35624b8800fae3fd49027ffc8d2a4e4bd697a0166c97ec564b5ea19b10b242dd
2de8fcc7a77034dabd066a341a259138bec41ea63225fccaf0ebcd9b9b649821,85f1c8c8e324b6be99b13732edd1770eb0d200d15becbd659cc47ff5e060ac43
71930f434df0d59ee1d45aa3be25a28f283f94fb3437c832c47d3831abc1076e,85f1c8c8e324b6be99b13732edd1770eb0d200d15becbd659cc47ff5e060ac43
d0dde6953506a9716109ec47630b93aa0ae286c711140877c1fdf90935b58f2f,da72bf5bbca4ca33b822955cfbbf9e5b84e4e0fa5e5e68cf9d30054109fac58b
22b76625ffc90a7198fc91320218ea6168212b9790b7759dc5140b433bc44589,1dd10f244a62771bcca9df74a9bc7d13363df8d3cd69ee07f66c2b1666b256ff
22b76625ffc90a7198fc91320218ea6168212b9790b7759dc5140b433bc44589,85f1c8c8e324b6be99b13732edd1770eb0d200d15becbd659cc47ff5e060ac43
22b76625ffc90a7198fc91320218ea6168212b9790b7759dc5140b433bc44589,35624b8800fae3fd49027ffc8d2a4e4bd697a0166c97ec564b5ea19b10b242dd
159b243190b8f4b60a3868f5c4ea772ed23d0b802a167998da6183f90a4fad83,1dd10f244a62771bcca9df74a9bc7d13363df8d3cd69ee07f66c2b1666b256ff
159b243190b8f4b60a3868f5c4ea772ed23d0b802a167998da6183f90a4fad83,6eb00b4b2614a144d41ccdf709017a675953fae2df6cfd6b397bd9e4d8708461
159b243190b8f4b60a3868f5c4ea772ed23d0b802a167998da6183f90a4fad83,542855513e4f74d08a92352680c339d82e2ae347fb021a7128c7f4146c40d295
1532c2dabf35dcfc6416e47af73c60aa6a18714dc4dd74d2dac37e7704299158,da72bf5bbca4ca33b822955cfbbf9e5b84e4e0fa5e5e68cf9d30054109fac58b
1532c2dabf35dcfc6416e47af73c60aa6a18714dc4dd74d2dac37e7704299158,35624b8800fae3fd49027ffc8d2a4e4bd697a0166c97ec564b5ea19b10b242dd
aa8aebb755863c43fcb07016dd93409f3041e642d6e4987f41083ffa635286c0,22611ceccd0b4d14703ccd4eaab3208ffc03d2c80d38655023b622e50d0466fe
aa8aebb755863c43fcb07016dd93409f3041e642d6e4987f41083ffa635286c0,64cff1319d2fd2cbb7a1e84ccecf22c1cc07b24435cdb522f8c0aa525d6002a6
aa8aebb755863c43fcb07016dd93409f3041e642d6e4987f41083ffa635286c0,9360404e4f35ac209099b0fce8615971c8e89d2ab06348841d708bc3f20d28e3
c2063f4318eedf471e3c1d13213fce5e7aa7610e3b1af4a795ce665316321f2c,43f1fc2390a440781ffc1359e14ecb8389bfaaf8319bbe09f291a3872ea49bb9
fe660c0133f116a07a1d39c7b3650d7a36b4e75bbe68ac7cddadcd3bb2104218,85f1c8c8e324b6be99b13732edd1770eb0d200d15becbd659cc47ff5e060ac43
fe660c0133f116a07a1d39c7b3650d7a36b4e75bbe68ac7cddadcd3bb2104218,bd2d677b2ed4381b48bb1d0841052c6d076e7d634d5052e85dcbe0b8a0dedd80
dc8fceaad441c782bf1878d3ab5c3ce7809f3d46dea247ccdb7dfa591e456eff,85f1c8c8e324b6be99b13732edd1770eb0d200d15becbd659cc47ff5e060ac43
cd6fedf40cf24524f7543c911ef7593301d725b1c0bde2d93832d4adf86e13ce,da72bf5bbca4ca33b822955cfbbf9e5b84e4e0fa5e5e68cf9d30054109fac58b
cece1a5d9730ca0dc0c1558dc96951066f9adb0604ec60acd73994e7911ca0f8,85f1c8c8e324b6be99b13732edd1770eb0d200d15becbd659cc47ff5e060ac43
58d51b98df169f24101d0fde355019c9bc295e09f2f36b3caab187e39ce7bd8e,64cff1319d2fd2cbb7a1e84ccecf22c1cc07b24435cdb522f8c0aa525d6002a6
58d51b98df169f24101d0fde355019c9bc295e09f2f36b3caab187e39ce7bd8e,85f1c8c8e324b6be99b13732edd1770eb0d200d15becbd659cc47ff5e060ac43
58d51b98df169f24101d0fde355019c9bc295e09f2f36b3caab187e39ce7bd8e,22611ceccd0b4d14703ccd4eaab3208ffc03d2c80d38655023b622e50d0466fe
58d51b98df169f24101d0fde355019c9bc295e09f2f36b3caab187e39ce7bd8e,9a3c16424750cbde029c47e059f219dc64d8943ac4073a1cc5bc9accd979fc17
91a5eec5b04b07a8368fe218ff71f0e82761c95c9a78eab0c9e54cb0837467a5,271a22f75d73e13fa558d991442ecde8d75a34a0b9f6216d44b116f8612c82dc
f5490d582148be65f7444df807ed065436f799aefe160dbd92dd52d9cf5dd829,852a56bfaf803f454ce5e6380225fe1770c1e567bbb32cf335c99385c3930025
f5490d582148be65f7444df807ed065436f799aefe160dbd92dd52d9cf5dd829,85f1c8c8e324b6be99b13732edd1770eb0d200d15becbd659cc47ff5e060ac43
f5490d582148be65f7444df807ed065436f799aefe160dbd92dd52d9cf5dd829,3bc3567a7fc6511a85072520dc1bdb95a732c4aee93a6533d53954f39124d7c9
c63d699d3bd69485493a10235e136ef5babee08b480924db1a08da5f658a0b74,da72bf5bbca4ca33b822955cfbbf9e5b84e4e0fa5e5e68cf9d30054109fac58b
25d1a4dd899f98b9e4ee5e47f9af65acc8780be3415515578cb77147f0026c50,9360404e4f35ac209099b0fce8615971c8e89d2ab06348841d708bc3f20d28e3
25d1a4dd899f98b9e4ee5e47f9af65acc8780be3415515578cb77147f0026c50,22611ceccd0b4d14703ccd4eaab3208ffc03d2c80d38655023b622e50d0466fe
25d1a4dd899f98b9e4ee5e47f9af65acc8780be3415515578cb77147f0026c50,9ed9b84aa0a7d0ba2089f52a0d93c4633ab780b01a7aa627de0a4238f33712a0
cdd86fe680abbe214d3087debb4195bc886e8f86bdd41caea1395948eaba7d83,da72bf5bbca4ca33b822955cfbbf9e5b84e4e0fa5e5e68cf9d30054109fac58b
559905f6093aad94f29e176b4dbaa2bfe3d0fd7409048bab26b1557229bdd5b8,271a22f75d73e13fa558d991442ecde8d75a34a0b9f6216d44b116f8612c82dc
559905f6093aad94f29e176b4dbaa2bfe3d0fd7409048bab26b1557229bdd5b8,9360404e4f35ac209099b0fce8615971c8e89d2ab06348841d708bc3f20d28e3
61f0ac76f5d21b8a839ca5d48ee8e37c6b1abe8a90acdb060e70d2cfc8b6edbb,85f1c8c8e324b6be99b13732edd1770eb0d200d15becbd659cc47ff5e060ac43
61f0ac76f5d21b8a839ca5d48ee8e37c6b1abe8a90acdb060e70d2cfc8b6edbb,3bc3567a7fc6511a85072520dc1bdb95a732c4aee93a6533d53954f39124d7c9
9f29c447f695da21201cb842d21564ff4f484863c9ed471588422c48570d0f9c,43f1fc2390a440781ffc1359e14ecb8389bfaaf8319bbe09f291a3872ea49bb9
234a7ccbec2d79ec38e9f0d39d14edb694d819eb626ea9659ecf5d5ad10d6055,da72bf5bbca4ca33b822955cfbbf9e5b84e4e0fa5e5e68cf9d30054109fac58b
76a32cf18fb7704c7b3cdc952759f669dd5eea1c076ac3f0c5c3b253055b56cc,85f1c8c8e324b6be99b13732edd1770eb0d200d15becbd659cc47ff5e060ac43
b747857be406690c89de89a00d81f78f9c1d29ff93086a4316146c1febb87ac0,271a22f75d73e13fa558d991442ecde8d75a34a0b9f6216d44b116f8612c82dc
075ecd341cec10fdee945bc0ebc139dab8e5084935634db2268800b98e147354,22611ceccd0b4d14703ccd4eaab3208ffc03d2c80d38655023b622e50d0466fe
075ecd341cec10fdee945bc0ebc139dab8e5084935634db2268800b98e147354,9360404e4f35ac209099b0fce8615971c8e89d2ab06348841d708bc3f20d28e3
075ecd341cec10fdee945bc0ebc139dab8e5084935634db2268800b98e147354,64cff1319d2fd2cbb7a1e84ccecf22c1cc07b24435cdb522f8c0aa525d6002a6
fe4d0d0a37bd825072551b27a559d16069a629778ebf42d96a40830c4926023e,85f1c8c8e324b6be99b13732edd1770eb0d200d15becbd659cc47ff5e060ac43
c7ef16a2003698fb2840f9b797bfb4116ad27630d7ee58d1839113bc04e8b2c5,43f1fc2390a440781ffc1359e14ecb8389bfaaf8319bbe09f291a3872ea49bb9
f2cef9f65da92230733cb2abbb85911fb25be194e1ebb9c0b30cb23cf1a3c1cb,43f1fc2390a440781ffc1359e14ecb8389bfaaf8319bbe09f291a3872ea49bb9
9e56577ccef0f1b618c8cf98ff8b57938426ec00621fb189c5e78ad36e423fba,da72bf5bbca4ca33b822955cfbbf9e5b84e4e0fa5e5e68cf9d30054109fac58b
6427536c9b0348612a39c664bd0c5aca58d8e0f0eb7909680aee2f85b49cbb7b,85f1c8c8e324b6be99b13732edd1770eb0d200d15becbd659cc47ff5e060ac43
6427536c9b0348612a39c664bd0c5aca58d8e0f0eb7909680aee2f85b49cbb7b,da72bf5bbca4ca33b822955cfbbf9e5b84e4e0fa5e5e68cf9d30054109fac58b
02275441760c409c616de50fbe98a07fac61c4c28a556cc5636a635c2d7cd553,1dd10f244a62771bcca9df74a9bc7d13363df8d3cd69ee07f66c2b1666b256ff
02275441760c409c616de50fbe98a07fac61c4c28a556cc5636a635c2d7cd553,85f1c8c8e324b6be99b13732edd1770eb0d200d15becbd659cc47ff5e060ac43
02275441760c409c616de50fbe98a07fac61c4c28a556cc5636a635c2d7cd553,bd2d677b2ed4381b48bb1d0841052c6d076e7d634d5052e85dcbe0b8a0dedd80
d50a74781590470093bf625156a4f20f23890053dd74286a926e206bc95727d5,da72bf5bbca4ca33b822955cfbbf9e5b84e4e0fa5e5e68cf9d30054109fac58b
3354d1396572a706ef55d32e3dc7284de47ecf5e9381d5d9aa3166e5d85a9ecb,da72bf5bbca4ca33b822955cfbbf9e5b84e4e0fa5e5e68cf9d30054109fac58b
3354d1396572a706ef55d32e3dc7284de47ecf5e9381d5d9aa3166e5d85a9ecb,35624b8800fae3fd49027ffc8d2a4e4bd697a0166c97ec564b5ea19b10b242dd
9c3abf737ca94702fbf122a7ebff8c275c7edc0c6f7cdb58e9a9c09a4db9c3b5,6eb00b4b2614a144d41ccdf709017a675953fae2df6cfd6b397bd9e4d8708461
7166fc01b29656784c70f9135b0984dd5f773fff2f6075c7dd4aad3118271f2a,43f1fc2390a440781ffc1359e14ecb8389bfaaf8319bbe09f291a3872ea49bb9
50b299d52fa3505bc8390bfbd485133811b06f4f3ab7879c0c77b3ffa35e0786,da72bf5bbca4ca33b822955cfbbf9e5b84e4e0fa5e5e68cf9d30054109fac58b
50b299d52fa3505bc8390bfbd485133811b06f4f3ab7879c0c77b3ffa35e0786,9360404e4f35ac209099b0fce8615971c8e89d2ab06348841d708bc3f20d28e3
21ad1bd7b4067720987c2f4eaefd32e4cd15af784b9e7ac69ba3ba0c987d21d8,22611ceccd0b4d14703ccd4eaab3208ffc03d2c80d38655023b622e50d0466fe
21ad1bd7b4067720987c2f4eaefd32e4cd15af784b9e7ac69ba3ba0c987d21d8,da72bf5bbca4ca33b822955cfbbf9e5b84e4e0fa5e5e68cf9d30054109fac58b
21ad1bd7b4067720987c2f4eaefd32e4cd15af784b9e7ac69ba3ba0c987d21d8,9360404e4f35ac209099b0fce8615971c8e89d2ab06348841d708bc3f20d28e3
194f1539ab22b4d97edf48e06423651cd309680df8195ac0f11ef1006a11918f,43f1fc2390a440781ffc1359e14ecb8389bfaaf8319bbe09f291a3872ea49bb9
30832ed9f20e69496f941e8b24842a0cac0395e51410e720a5c3f573cdfe0c31,271a22f75d73e13fa558d991442ecde8d75a34a0b9f6216d44b116f8612c82dc
2ebc1e0d3cc26043e288e9b112e0406a994a31bc377e7ca204c45422916032fb,9360404e4f35ac209099b0fce8615971c8e89d2ab06348841d708bc3f20d28e3
2ebc1e0d3cc26043e288e9b112e0406a994a31bc377e7ca204c45422916032fb,da72bf5bbca4ca33b822955cfbbf9e5b84e4e0fa5e5e68cf9d30054109fac58b
2ebc1e0d3cc26043e288e9b112e0406a994a31bc377e7ca204c45422916032fb,9ed9b84aa0a7d0ba2089f52a0d93c4633ab780b01a7aa627de0a4238f33712a0
d2e42ade071aed6b3571e3951c571b6047311d59e36bf2b33b8bcec808202047,da72bf5bbca4ca33b822955cfbbf9e5b84e4e0fa5e5e68cf9d30054109fac58b
85233d2d523123160b2149619bc5129649c266ecde338921b873b7096728383b,9360404e4f35ac209099b0fce8615971c8e89d2ab06348841d708bc3f20d28e3
8416f77b5707ebe93852d78b355ef19bfb6e3e484d732f2317c538f662c08173,271a22f75d73e13fa558d991442ecde8d75a34a0b9f6216d44b116f8612c82dc
8416f77b5707ebe93852d78b355ef19bfb6e3e484d732f2317c538f662c08173,542855513e4f74d08a92352680c339d82e2ae347fb021a7128c7f4146c40d295
66ab2ea01bfcce5e016b7775d814c8d523652adceea9c5db6de63a578c9ece3a,9a3c16424750cbde029c47e059f219dc64d8943ac4073a1cc5bc9accd979fc17
9b83e6bc83f63de2102ada1eb3f9cef1701a98a5b18593e198cb72eaa3cdd330,85f1c8c8e324b6be99b13732edd1770eb0d200d15becbd659cc47ff5e060ac43
9b83e6bc83f63de2102ada1eb3f9cef1701a98a5b18593e198cb72eaa3cdd330,271a22f75d73e13fa558d991442ecde8d75a34a0b9f6216d44b116f8612c82dc
9b83e6bc83f63de2102ada1eb3f9cef1701a98a5b18593e198cb72eaa3cdd330,3bc3567a7fc6511a85072520dc1bdb95a732c4aee93a6533d53954f39124d7c9
0019ddcd5a49dc7c49799e4e264ac3957bfeb4d5a8db48731f366603da9d0366,da72bf5bbca4ca33b822955cfbbf9e5b84e4e0fa5e5e68cf9d30054109fac58b
f823e05688e99cf02162ea4ab02990248eb7e773b46fed7da715f5372c46d8b5,9a3c16424750cbde029c47e059f219dc64d8943ac4073a1cc5bc9accd979fc17
dac49906bb5538a321b7dc7c2f3904155cb5c4b07f1ca3c35b80d320a352e367,da72bf5bbca4ca33b822955cfbbf9e5b84e4e0fa5e5e68cf9d30054109fac58b
b6916540fa74fc753cae3e78133d5a07f0cb4fba7073f5b0d4e908f21f1b34d7,43f1fc2390a440781ffc1359e14ecb8389bfaaf8319bbe09f291a3872ea49bb9
f7526bfc3e99c2b074726c2c47e48b7b729bdf9cc1e044d22223b016d99ab1e9,43f1fc2390a440781ffc1359e14ecb8389bfaaf8319bbe09f291a3872ea49bb9
e03ac6864a1fdcbea521db7a1df66175ea757a266e13cc0cace65557082fffd9,43f1fc2390a440781ffc1359e14ecb8389bfaaf8319bbe09f291a3872ea49bb9
8d07c05c9cf9ecc42be7a3b73131cbba78e074165ab7930926babacbb5f9df3c,43f1fc2390a440781ffc1359e14ecb8389bfaaf8319bbe09f291a3872ea49bb9
2b7057d0bd0c981ac040af9a0a4de336522f160d9394cd2f09e6a424df7bd1e8,22611ceccd0b4d14703ccd4eaab3208ffc03d2c80d38655023b622e50d0466fe
2b7057d0bd0c981ac040af9a0a4de336522f160d9394cd2f09e6a424df7bd1e8,da72bf5bbca4ca33b822955cfbbf9e5b84e4e0fa5e5e68cf9d30054109fac58b
237d85fd808ef484a24c94a1203471112f24c0d2d2d688f1426fcdf566cb1d7c,1dd10f244a62771bcca9df74a9bc7d13363df8d3cd69ee07f66c2b1666b256ff
237d85fd808ef484a24c94a1203471112f24c0d2d2d688f1426fcdf566cb1d7c,9a3c16424750cbde029c47e059f219dc64d8943ac4073a1cc5bc9accd979fc17
672fb5ef18bcb8b793a60fe4947d83b34f08fb91a2ab95661431f55e782664eb,9360404e4f35ac209099b0fce8615971c8e89d2ab06348841d708bc3f20d28e3
9d3630baf41c4986db61062cb75d7f4d15c25817211fb5b57e0fa6bfb4e1d603,da72bf5bbca4ca33b822955cfbbf9e5b84e4e0fa5e5e68cf9d30054109fac58b
9d3630baf41c4986db61062cb75d7f4d15c25817211fb5b57e0fa6bfb4e1d603,9360404e4f35ac209099b0fce8615971c8e89d2ab06348841d708bc3f20d28e3
9d3630baf41c4986db61062cb75d7f4d15c25817211fb5b57e0fa6bfb4e1d603,542855513e4f74d08a92352680c339d82e2ae347fb021a7128c7f4146c40d295
97bcc3aae811d08018dcc0de2abf59dc648cad0089473fefddbdc25d4712e225,da72bf5bbca4ca33b822955cfbbf9e5b84e4e0fa5e5e68cf9d30054109fac58b
afb1f089751ec781536606afdba568d18ba07f0d230363430865e4181e7e9c15,43f1fc2390a440781ffc1359e14ecb8389bfaaf8319bbe09f291a3872ea49bb9
0cf08c3fb3849602056eae125a314ce3fc57e4f3c3176d73ea917818f4247112,1dd10f244a62771bcca9df74a9bc7d13363df8d3cd69ee07f66c2b1666b256ff
97256f16198e16996b148f34ba0f4b2393ab54a8a3bb931b9b903ae8e837cd72,da72bf5bbca4ca33b822955cfbbf9e5b84e4e0fa5e5e68cf9d30054109fac58b
a6df5b992f85f2ccf294e073eac7a934a31738992369be97395aab21519e5fd2,1dd10f244a62771bcca9df74a9bc7d13363df8d3cd69ee07f66c2b1666b256ff
e3aae58bf7f587e2d74a50bbfff093128c60e3db25bfc30a86562c67713e1a80,22611ceccd0b4d14703ccd4eaab3208ffc03d2c80d38655023b622e50d0466fe
0c4ec960156b7f082473289875178c0e5b2662657afc6160b83f4c9796dd1825,9a3c16424750cbde029c47e059f219dc64d8943ac4073a1cc5bc9accd979fc17
0c4ec960156b7f082473289875178c0e5b2662657afc6160b83f4c9796dd1825,85f1c8c8e324b6be99b13732edd1770eb0d200d15becbd659cc47ff5e060ac43
0c4ec960156b7f082473289875178c0e5b2662657afc6160b83f4c9796dd1825,bd2d677b2ed4381b48bb1d0841052c6d076e7d634d5052e85dcbe0b8a0dedd80
e80821390e98fd974a3fca59261ea4313289621fcc3329a31adfcb9931f86060,da72bf5bbca4ca33b822955cfbbf9e5b84e4e0fa5e5e68cf9d30054109fac58b
196ed87ffa7912a895998a102e3a877802af88f6fdbcd94c5bf95ee3e777b0cb,85f1c8c8e324b6be99b13732edd1770eb0d200d15becbd659cc47ff5e060ac43
39a095135912b043034c0d5b203455a0dfb61860e298ef54b0e1598d082f63c4,da72bf5bbca4ca33b822955cfbbf9e5b84e4e0fa5e5e68cf9d30054109fac58b
44f91c2fcdb4061f6979320f8ada3be2f18ad6b6c8b112a4b9b66442b1c1705a,271a22f75d73e13fa558d991442ecde8d75a34a0b9f6216d44b116f8612c82dc
b0e55303a04a62f18352cf3b8b8fad0746456a90d104f32d8f4c20b3d64c4d6a,9360404e4f35ac209099b0fce8615971c8e89d2ab06348841d708bc3f20d28e3
b0e55303a04a62f18352cf3b8b8fad0746456a90d104f32d8f4c20b3d64c4d6a,da72bf5bbca4ca33b822955cfbbf9e5b84e4e0fa5e5e68cf9d30054109fac58b
b0e55303a04a62f18352cf3b8b8fad0746456a90d104f32d8f4c20b3d64c4d6a,35624b8800fae3fd49027ffc8d2a4e4bd697a0166c97ec564b5ea19b10b242dd
d50c0248cbe2bd28ad6d1c9142c54709e524e9f0423051268cdbda4f927231fe,43f1fc2390a440781ffc1359e14ecb8389bfaaf8319bbe09f291a3872ea49bb9
b1c3c5495f96b126758351b75e73fbeb84a1df986c559008c445927b25f2f128,da72bf5bbca4ca33b822955cfbbf9e5b84e4e0fa5e5e68cf9d30054109fac58b
c20b05749ec316e9b7f559668af3718a749c02ca446e28811fa3ff0bb383337a,85f1c8c8e324b6be99b13732edd1770eb0d200d15becbd659cc47ff5e060ac43
a46f2eb6e1351bd731f9b0ba5d383d70bfc529c5ae499485c34810c6e5338c63,271a22f75d73e13fa558d991442ecde8d75a34a0b9f6216d44b116f8612c82dc
c62762aff7e15c28a46af033a445b2acb7e9bc16e6d7d6a1a33cee7a5d4caab4,43f1fc2390a440781ffc1359e14ecb8389bfaaf8319bbe09f291a3872ea49bb9
e877fb85381db0adfde6219ba4f0b69362bc709a04020ecc1a8a0bcf53b14541,da72bf5bbca4ca33b822955cfbbf9e5b84e4e0fa5e5e68cf9d30054109fac58b
13f7cc902ef8c1198c8ac12a45475a1c68ce6321f01cec70fb9ae33ae17fd4cb,43f1fc2390a440781ffc1359e14ecb8389bfaaf8319bbe09f291a3872ea49bb9
e5d5719b9de824cabae50152f9b48a0c5c08df0b4d4688e421e6bc93d11dc88d,85f1c8c8e324b6be99b13732edd1770eb0d200d15becbd659cc47ff5e060ac43
e5d5719b9de824cabae50152f9b48a0c5c08df0b4d4688e421e6bc93d11dc88d,da72bf5bbca4ca33b822955cfbbf9e5b84e4e0fa5e5e68cf9d30054109fac58b
b5c2b6deb59cf9eac39365b1faf5d38def6508d8c37d0fbf035484d6ce4778a3,85f1c8c8e324b6be99b13732edd1770eb0d200d15becbd659cc47ff5e060ac43
965fec3095f28869765fdc7b0940310d9aac4121b99062c472636329ba3ae30e,43f1fc2390a440781ffc1359e14ecb8389bfaaf8319bbe09f291a3872ea49bb9
7de1e1b3ecfa57ed9def7c13ecc9c1688bf06f4d509c88aecc9ac26755297885,22611ceccd0b4d14703ccd4eaab3208ffc03d2c80d38655023b622e50d0466fe
7de1e1b3ecfa57ed9def7c13ecc9c1688bf06f4d509c88aecc9ac26755297885,da72bf5bbca4ca33b822955cfbbf9e5b84e4e0fa5e5e68cf9d30054109fac58b
7de1e1b3ecfa57ed9def7c13ecc9c1688bf06f4d509c88aecc9ac26755297885,9360404e4f35ac209099b0fce8615971c8e89d2ab06348841d708bc3f20d28e3
ca9d8f488f4f3ab4073e0c4834829680341df29b2afda1a5588e997c3cbbaa2b,da72bf5bbca4ca33b822955cfbbf9e5b84e4e0fa5e5e68cf9d30054109fac58b
cec0d9476f2c948ec879d13c547c3f0f77eeb0a14f628063de3c430f814f08c7,43f1fc2390a440781ffc1359e14ecb8389bfaaf8319bbe09f291a3872ea49bb9
b0f8e4b075a71449107816cc73fc3c4936f93fdfbaa99eb281f212644c4883d1,da72bf5bbca4ca33b822955cfbbf9e5b84e4e0fa5e5e68cf9d30054109fac58b
2365eb3906f88766bca864cd6ddbbb6597ea06d134d1460718310c625fefc42e,22611ceccd0b4d14703ccd4eaab3208ffc03d2c80d38655023b622e50d0466fe
0f8db69c5a809e8aaf368fc82ecd60714b065000095d721f0eff02e1f83bbcc5,da72bf5bbca4ca33b822955cfbbf9e5b84e4e0fa5e5e68cf9d30054109fac58b
0f8db69c5a809e8aaf368fc82ecd60714b065000095d721f0eff02e1f83bbcc5,0e769600933790607b2a13b33ddfade0fa17810eb62c3b28ee23e59516516491
f9f67c0912da8851e4898a9e05154114ec18e323c32a27640cb443aaf584427a,da72bf5bbca4ca33b822955cfbbf9e5b84e4e0fa5e5e68cf9d30054109fac58b
7853da9f97e2127ee248d1db8111fbf9f99291eaebe79a9c5dc33acf4dc40257,271a22f75d73e13fa558d991442ecde8d75a34a0b9f6216d44b116f8612c82dc
15c2e0e28014434bec78a0c4b5d0437e03c5a7f531e9abb23a8e5db74940b377,271a22f75d73e13fa558d991442ecde8d75a34a0b9f6216d44b116f8612c82dc
15c2e0e28014434bec78a0c4b5d0437e03c5a7f531e9abb23a8e5db74940b377,da72bf5bbca4ca33b822955cfbbf9e5b84e4e0fa5e5e68cf9d30054109fac58b
862da342fda877e81f81570f316db45a0cbb5399c8758eeddc62aa05284d8b53,1dd10f244a62771bcca9df74a9bc7d13363df8d3cd69ee07f66c2b1666b256ff
862da342fda877e81f81570f316db45a0cbb5399c8758eeddc62aa05284d8b53,85f1c8c8e324b6be99b13732edd1770eb0d200d15becbd659cc47ff5e060ac43
862da342fda877e81f81570f316db45a0cbb5399c8758eeddc62aa05284d8b53,bd2d677b2ed4381b48bb1d0841052c6d076e7d634d5052e85dcbe0b8a0dedd80
9b076195028ed5ef7da856a706ed73de222c08790fc896860263a60e07b2e709,43f1fc2390a440781ffc1359e14ecb8389bfaaf8319bbe09f291a3872ea49bb9
9b076195028ed5ef7da856a706ed73de222c08790fc896860263a60e07b2e709,852a56bfaf803f454ce5e6380225fe1770c1e567bbb32cf335c99385c3930025
1d6611600c146deaec001c411ec1a4939e860eeefd7ec23192182220279090aa,85f1c8c8e324b6be99b13732edd1770eb0d200d15becbd659cc47ff5e060ac43
1d6611600c146deaec001c411ec1a4939e860eeefd7ec23192182220279090aa,da72bf5bbca4ca33b822955cfbbf9e5b84e4e0fa5e5e68cf9d30054109fac58b
dd9ee1146aa46b0c5a8ebd4a4244004ec583c3b0dc05d1307f26291f4f773397,43f1fc2390a440781ffc1359e14ecb8389bfaaf8319bbe09f291a3872ea49bb9
110aa5053aa3b77fa364d044720e2ac0c5caca3c23212972b8cd975b4873ced9,271a22f75d73e13fa558d991442ecde8d75a34a0b9f6216d44b116f8612c82dc
beb7590cfddd9a0f2846a0d9aba01cbd9480a7e29a6195c7f11ca58bca16c415,43f1fc2390a440781ffc1359e14ecb8389bfaaf8319bbe09f291a3872ea49bb9
0334157fa75a33f6e183ef7c07a99f01772a96e3cf991ffd9f0c673b3f0db2c4,3bc3567a7fc6511a85072520dc1bdb95a732c4aee93a6533d53954f39124d7c9
29cc9af681d85bedc304026121c5212b922978e0e60409dbab48ee8f60c27227,da72bf5bbca4ca33b822955cfbbf9e5b84e4e0fa5e5e68cf9d30054109fac58b
83393615de55f5a0b9d2e1ce6bf801280ae991b410f24db1bf0d9df335a5d06f,64cff1319d2fd2cbb7a1e84ccecf22c1cc07b24435cdb522f8c0aa525d6002a6
83393615de55f5a0b9d2e1ce6bf801280ae991b410f24db1bf0d9df335a5d06f,85f1c8c8e324b6be99b13732edd1770eb0d200d15becbd659cc47ff5e060ac43
cb4a34dd2060bbbc23206c2ff78a47c632d87e452ba8f7540153f3205a17ba77,da72bf5bbca4ca33b822955cfbbf9e5b84e4e0fa5e5e68cf9d30054109fac58b
73f42457720fc6bf5bc8ddeabdccbafb5a7f3d306a36f96857f9ca721d2d7eeb,43f1fc2390a440781ffc1359e14ecb8389bfaaf8319bbe09f291a3872ea49bb9
64e6494d1a560e2cf86d49ca8139d96536d32d25c628703cbfc24b3a274a59fa,43f1fc2390a440781ffc1359e14ecb8389bfaaf8319bbe09f291a3872ea49bb9
6a4a78e161a051dc1c137a14a2f894f9b73f2811b3c3facb564e0b7852be7a0b,35624b8800fae3fd49027ffc8d2a4e4bd697a0166c97ec564b5ea19b10b242dd
600033fbcc88ca67e8e39e1d6ba089b0d86d4b82217b600fdc7d8739e558562c,da72bf5bbca4ca33b822955cfbbf9e5b84e4e0fa5e5e68cf9d30054109fac58b
080cb1e2ef35059f76a83857c6750348100f64f7069b893ff776267d03fb522e,852a56bfaf803f454ce5e6380225fe1770c1e567bbb32cf335c99385c3930025
080cb1e2ef35059f76a83857c6750348100f64f7069b893ff776267d03fb522e,9360404e4f35ac209099b0fce8615971c8e89d2ab06348841d708bc3f20d28e3
080cb1e2ef35059f76a83857c6750348100f64f7069b893ff776267d03fb522e,9ed9b84aa0a7d0ba2089f52a0d93c4633ab780b01a7aa627de0a4238f33712a0
36a69bf154b391991aa6e8e2be160a5635fc6742fa3f25a73d7bbf8c9680934a,da72bf5bbca4ca33b822955cfbbf9e5b84e4e0fa5e5e68cf9d30054109fac58b
36a69bf154b391991aa6e8e2be160a5635fc6742fa3f25a73d7bbf8c9680934a,22611ceccd0b4d14703ccd4eaab3208ffc03d2c80d38655023b622e50d0466fe
36a69bf154b391991aa6e8e2be160a5635fc6742fa3f25a73d7bbf8c9680934a,9360404e4f35ac209099b0fce8615971c8e89d2ab06348841d708bc3f20d28e3
3d00f96119f16c0541bc9275ef1fe596a1e146ea8d9a2969c31ea06a8fcbf3f5,85f1c8c8e324b6be99b13732edd1770eb0d200d15becbd659cc47ff5e060ac43
3d00f96119f16c0541bc9275ef1fe596a1e146ea8d9a2969c31ea06a8fcbf3f5,35624b8800fae3fd49027ffc8d2a4e4bd697a0166c97ec564b5ea19b10b242dd
3d00f96119f16c0541bc9275ef1fe596a1e146ea8d9a2969c31ea06a8fcbf3f5,64cff1319d2fd2cbb7a1e84ccecf22c1cc07b24435cdb522f8c0aa525d6002a6
50a0149adca2cbe1c2e9ac0d5c11f7265b4bf1fb524605447b63881f8f39773a,271a22f75d73e13fa558d991442ecde8d75a34a0b9f6216d44b116f8612c82dc
50a0149adca2cbe1c2e9ac0d5c11f7265b4bf1fb524605447b63881f8f39773a,da72bf5bbca4ca33b822955cfbbf9e5b84e4e0fa5e5e68cf9d30054109fac58b
50a0149adca2cbe1c2e9ac0d5c11f7265b4bf1fb524605447b63881f8f39773a,9ed9b84aa0a7d0ba2089f52a0d93c4633ab780b01a7aa627de0a4238f33712a0
50a0149adca2cbe1c2e9ac0d5c11f7265b4bf1fb524605447b63881f8f39773a,9360404e4f35ac209099b0fce8615971c8e89d2ab06348841d708bc3f20d28e3
fe44e3dd8bcb86d61641509d6d6d4d4574bd49ab9cfbc71adb32a3ca88d1834c,da72bf5bbca4ca33b822955cfbbf9e5b84e4e0fa5e5e68cf9d30054109fac58b
fe44e3dd8bcb86d61641509d6d6d4d4574bd49ab9cfbc71adb32a3ca88d1834c,271a22f75d73e13fa558d991442ecde8d75a34a0b9f6216d44b116f8612c82dc
fe44e3dd8bcb86d61641509d6d6d4d4574bd49ab9cfbc71adb32a3ca88d1834c,9360404e4f35ac209099b0fce8615971c8e89d2ab06348841d708bc3f20d28e3
fe44e3dd8bcb86d61641509d6d6d4d4574bd49ab9cfbc71adb32a3ca88d1834c,9ed9b84aa0a7d0ba2089f52a0d93c4633ab780b01a7aa627de0a4238f33712a0
a760fbafcd3403e0188874ff6d39346274c4162e48cbe0b427914a31699fb652,da72bf5bbca4ca33b822955cfbbf9e5b84e4e0fa5e5e68cf9d30054109fac58b
5e846aee2b8aeed5efb3597c4fdc1de11a8629f9431253b3e7952d7b99cf4b0f,43f1fc2390a440781ffc1359e14ecb8389bfaaf8319bbe09f291a3872ea49bb9
5f98af01b5eb724b8ce4f26c12cac4cc4bcbe82cdcb26ede5bed8c59adc9e153,271a22f75d73e13fa558d991442ecde8d75a34a0b9f6216d44b116f8612c82dc
5f98af01b5eb724b8ce4f26c12cac4cc4bcbe82cdcb26ede5bed8c59adc9e153,9360404e4f35ac209099b0fce8615971c8e89d2ab06348841d708bc3f20d28e3
442156933068f72019dcabd3bcf5931db2fdc5189db2b9349d6f0a6206153bff,da72bf5bbca4ca33b822955cfbbf9e5b84e4e0fa5e5e68cf9d30054109fac58b
442156933068f72019dcabd3bcf5931db2fdc5189db2b9349d6f0a6206153bff,64cff1319d2fd2cbb7a1e84ccecf22c1cc07b24435cdb522f8c0aa525d6002a6
35d623ee76919d3e6d39fcc1c8592fec53f3174b3ddb71ed80423163cdc182ba,da72bf5bbca4ca33b822955cfbbf9e5b84e4e0fa5e5e68cf9d30054109fac58b
9c729c8e65492a6e02f53d1a705aae821c5f1d2951f173b39552efd850e52bbe,85f1c8c8e324b6be99b13732edd1770eb0d200d15becbd659cc47ff5e060ac43
7af63e246f63a62cb21af6c676863a1f1d5e9831f9b896636e90f289fa44967a,22611ceccd0b4d14703ccd4eaab3208ffc03d2c80d38655023b622e50d0466fe
7af63e246f63a62cb21af6c676863a1f1d5e9831f9b896636e90f289fa44967a,271a22f75d73e13fa558d991442ecde8d75a34a0b9f6216d44b116f8612c82dc
2c4fc1fbb3d615ec9a1ebf6d789bc9778b479386119cd18ded22eb4f30617b51,64cff1319d2fd2cbb7a1e84ccecf22c1cc07b24435cdb522f8c0aa525d6002a6
2c4fc1fbb3d615ec9a1ebf6d789bc9778b479386119cd18ded22eb4f30617b51,1dd10f244a62771bcca9df74a9bc7d13363df8d3cd69ee07f66c2b1666b256ff
2c4fc1fbb3d615ec9a1ebf6d789bc9778b479386119cd18ded22eb4f30617b51,85f1c8c8e324b6be99b13732edd1770eb0d200d15becbd659cc47ff5e060ac43
ecd5d0c637faf2aa77ea2bd181aa8a5468ac35225b26471c3c8750cf6e8366de,43f1fc2390a440781ffc1359e14ecb8389bfaaf8319bbe09f291a3872ea49bb9
ecd5d0c637faf2aa77ea2bd181aa8a5468ac35225b26471c3c8750cf6e8366de,0e769600933790607b2a13b33ddfade0fa17810eb62c3b28ee23e59516516491
2639111d74378088ab9246290e3ea93d67a1ed5e97d10cc9ea55851f9f267f0e,da72bf5bbca4ca33b822955cfbbf9e5b84e4e0fa5e5e68cf9d30054109fac58b
dfebab7ed3b1a1c40ca35f73fed8a0b3fd4f171beac5c5a343e98cb845e2c813,9360404e4f35ac209099b0fce8615971c8e89d2ab06348841d708bc3f20d28e3
b9a44a7bf089f9fea33cc865cfd673f30f9cae97ff54e6e2e36e749c7a67470a,85f1c8c8e324b6be99b13732edd1770eb0d200d15becbd659cc47ff5e060ac43
3fec30a5979c79900ca79d387090921fe18bc76a4f53d3c42f9fa2f522b3cec4,64cff1319d2fd2cbb7a1e84ccecf22c1cc07b24435cdb522f8c0aa525d6002a6
3fec30a5979c79900ca79d387090921fe18bc76a4f53d3c42f9fa2f522b3cec4,85f1c8c8e324b6be99b13732edd1770eb0d200d15becbd659cc47ff5e060ac43
9a2e397cdfad61c8e5064734d323340c1151ec4760b63d0f4168545bfb67bd43,85f1c8c8e324b6be99b13732edd1770eb0d200d15becbd659cc47ff5e060ac43
4ff5445297ea30d5e715cf2c7312bbc4553e36aac44c6f5e9ade8274399ba8ee,85f1c8c8e324b6be99b13732edd1770eb0d200d15becbd659cc47ff5e060ac43
d0f5c2314f68b9514912b8702376d56969c244030cbc94f904de2f3a9d1225fd,64cff1319d2fd2cbb7a1e84ccecf22c1cc07b24435cdb522f8c0aa525d6002a6
d0f5c2314f68b9514912b8702376d56969c244030cbc94f904de2f3a9d1225fd,85f1c8c8e324b6be99b13732edd1770eb0d200d15becbd659cc47ff5e060ac43
d12f13e58d9bbe586cd0d71dc27bf753013f235d00d9a052460de203736bf196,35624b8800fae3fd49027ffc8d2a4e4bd697a0166c97ec564b5ea19b10b242dd
d12f13e58d9bbe586cd0d71dc27bf753013f235d00d9a052460de203736bf196,1dd10f244a62771bcca9df74a9bc7d13363df8d3cd69ee07f66c2b1666b256ff
75c43f9e2c8dde68ee712335bf13535ac8a9dc16c7cd12cf52a0f883d7a393f5,64cff1319d2fd2cbb7a1e84ccecf22c1cc07b24435cdb522f8c0aa525d6002a6
75c43f9e2c8dde68ee712335bf13535ac8a9dc16c7cd12cf52a0f883d7a393f5,85f1c8c8e324b6be99b13732edd1770eb0d200d15becbd659cc47ff5e060ac43
353c9d0e932c0d695719edb5ed3a507ec6ff50da4cc84d1f92a59f0620cc43c8,85f1c8c8e324b6be99b13732edd1770eb0d200d15becbd659cc47ff5e060ac43
353c9d0e932c0d695719edb5ed3a507ec6ff50da4cc84d1f92a59f0620cc43c8,64cff1319d2fd2cbb7a1e84ccecf22c1cc07b24435cdb522f8c0aa525d6002a6
5e410dc3b25a2d6ea0e2df8263cf8af6722826daf8f3683234529a2c4bbcb9de,1dd10f244a62771bcca9df74a9bc7d13363df8d3cd69ee07f66c2b1666b256ff
5e410dc3b25a2d6ea0e2df8263cf8af6722826daf8f3683234529a2c4bbcb9de,9ed9b84aa0a7d0ba2089f52a0d93c4633ab780b01a7aa627de0a4238f33712a0
5e410dc3b25a2d6ea0e2df8263cf8af6722826daf8f3683234529a2c4bbcb9de,85f1c8c8e324b6be99b13732edd1770eb0d200d15becbd659cc47ff5e060ac43
5e410dc3b25a2d6ea0e2df8263cf8af6722826daf8f3683234529a2c4bbcb9de,271a22f75d73e13fa558d991442ecde8d75a34a0b9f6216d44b116f8612c82dc
61b6dac72ab6df93aa883703e3ae2e97e75a065a2bc057be248e4045934ea97c,271a22f75d73e13fa558d991442ecde8d75a34a0b9f6216d44b116f8612c82dc
61b6dac72ab6df93aa883703e3ae2e97e75a065a2bc057be248e4045934ea97c,64cff1319d2fd2cbb7a1e84ccecf22c1cc07b24435cdb522f8c0aa525d6002a6
