nome_produtora,sk_company_id
Universal Pictures,e17419bca33c2819ae6a261f7b854e3e63e827a109bdbe3229da95179d43d9a8
Pandora Film,55790254a099a4d9733823d90d01261cb4f900ecf1e417042d62d76846b0fb38
Instituto Mexicano De Cinematografía,310afda7f70499b34bba323272dd7c3f334fe678135eb8658789d3d6597fdb6d
Skyline Entertainment,e733d1fe8e762e2598107941686e498328d081d90e21fd4c8de2f92afcc655a6
Sacromonte Films,2e9b2585ddec33ef60d7de2549512f605c3c9fd0766855c5f1af1e1913bd15f1
Phototaxia Pictures,9f0af27c5628dabff909481ae9190779686030e30eac45dff720d873927fdcc4
Off Camera Entertainment,c2e48c3a1e09650cf46ad6af0913c46f0b7fae85be791eefff71bd36b1dfbe1f
Brad Krevoy Television,b9a3db9a8816dedfbe6a978f8ae36757c7e8cc9a57a5564de03b680b16082b6b
Elevation Pictures,0ad16f19ab7c2535c08fb70bfcbf5bb5407b53cb48712f17496866826363d113
Jagged Edge Productions,3d74c69a2bf95472981baca5d5177ad4576f937eba793a51a97aed05faf51304
Caïmans Productions,f46022dcd6d6c43e59f95246eb1d3604b29da3fd434c0a5407f6db9490e00436
Chicken & Egg Pictures,7be379591a95a969a86664c3cbcd07bc9d478c758c02d49b209dfb2426a527fc
Comedy Dynamics,43518f53849d9b35a5eae8112363a81241ddbd1e82080f4deeb7a435d6436c3f
Radio Silence,8895dfe290bd2c79202be99713e2cba6799661e284e3a57f1145fea97ce2f8cb
Nqv Media,03e04f5c60ebbbccebf7e5a4ffbd0aa564c4ede6e340ba329299c687323674b7
Central Partnership,e3b6b633b92d1a204fe0a09359475476fb477bba85ab7180a1f3570fd26ccae1
Pont Neuf Productions,57d265b798a3af7d01edf06451022c0895add16dabd0b465f17d9b9ba57d22f2
Marvel Studios,db43c909d4de09d8c237ed8e0d38f5a0ad6b21c3a2b37eb1fd75f08895f5eeda
Bloody Disgusting,950ef96ecd775217beb30b92639665f6c76b3f6c6cd434b9dadd5b6c0cd0c4a0
Unicornio Films,ff3aac3f2618865387a10aca64cae03376a6c3750bf6563d578540e8df3936d0
Sophie Dulac Productions,38b538882310f72ee30445e8756a550ea29f50f1f90142194ab7f4898146f6d3
Broadview Tv,78b95606ae88538b5c024337e5bc0c8f8dd04e8e9dcd4a970bb2c04cc6fa60eb
Les Films Du Lendemain,386108b3f6509c1bdb0ab863c2cbeed99f287dc4eb8abb2283806219df494797
Dentsu,7848db8bdf9084030c3a73deb9daaec5e88558198677c06e9f6cfa3a9f4e0990
The Fyzz,6f93e7968843963d7e17580ead38b683ec8e9ac72cca87aeacf544bf64d0f324
Star Sands,2b4e0215adcc8e655f2d90ace99aebc9aa1e1c4ba85271981600821fa043b3d7
Incendo Productions,f14ab965ef8f846568aa0f526981fc573035e88d3aedf09544cce645007ebff9
Tv Asahi,c0887ed899651b92fb46947f6bf6652518c1ec9a64653bde92691337e5668053
Kafard Films,7e1ee3f92d6e06708e3cd98e4451ff5e4fac17573f3806e841ebc8ef2d090d1a
Mubi,8216730e774ea65fdb5ffa98c41d0f1643afc13600fd2980af9a8c2d80a52bd7
Rock Partner Film,1c0165505f37dc25fdcd2d5deee574f12778991704946a28d01fe841e68604e3
Tak Films,c63782a197160806eba4702f75f48efdecc928daba43b0e5d20853291a44e997
Endeavor Content,0297420bfce9595a83d1c3af4b9e7d0480004e18b96f8b2be0652c48986dc8d2
Dr,18da5e45a47fa94496ccb43902957817dbff6cdab09a3cf892249140615ed75c
Davis Films,bce62efb0d67c3e3655a2dc22eccd6bcfded2393dfc78638c8a4edcfa3487b39
Bluegrass Films,2670b5c0e1773b70f1f3a1ed258d678c5156eba325bcb9e3b48e69a949514174
Illumination,7bd89aac862b8c75b75c5b17a099fd8dc67010805d9ce4d97d890ff4db993856
Ad Vitam Production,a40884ef547c6442fad4556cebf7185689f4bb2f9292c42a02f39d84fe554157
Naked Edge Films,99613bf89f5904cc79c12ee5325457fde38a5cb65b21703cd46c45b7007c73fb
La Claqueta,146f8079c2a6d728c2aca5b62c51139dd7c77ff6c40fb83f43d1ed49ec39861c
Fatal Flaw,733e06d46148f21b12c09a36ea44e45795fb0ddfe847ae7150ae0e52bb4e36e1
Ringling College Of Art + Design,fb7724b2afe47f497fa79240802f015f763f56c8fc1e2562d0042995f9dce617
Zapruder Films,b0ea0ede734d4a88ba1be2590749e37a4e3fab13e7a5545f17dd0e2ee4d29d94
Ninetone Group,54b95a13ee2706dccde41e2de3cc107c8e8189eee191875c4432c0daa42f789f
The New York Times,cef48094c18a91b355d1487eb22191bd3c42c46b460ae2133ef044be93e3fb4d
Freddie Films,04aa1784e34635d9f4576293aaf56e3ee9cf5a69b4650b61c2720bfec6def049
Terratreme,789b8119758da80b106409db98d08edd73c583b7e870f9a9e531431e40e7c314
Epic Level Entertainment,9983a5da32893781674e97619b93d8fab125f6722fc78e60380747c4c82af2cf
Hercules Film Fund,07ac77a38153e86048943189c110b86ec15eade66d7f1865cd90edb4ec24fbef
Fox 2000 Pictures,b5653cab7608a10eef8f4cde0bff9b8e29242fce798a5ff83ecbfa795766cc16
Paprika Films,8d0a8a8ef2e2af66fecbe66a9ccf72b0e01dbe05fb8675e48ff9f4083ab68928
Protón Cine,6c8cd4058111ca19208954827514024b4dae470fb35c05b20ec8822fda3ed882
Dreamatorium,7604799ef518ee2a335a549bc536d94bb2124c26722551f6933e84b8c91ad5c0
Maravillacine,f3627ef7532b0f405042d9751387df04187bd85495076b25407f2a79e2ada202
Zapata Filmes,ef6a358d25a45e1970ff1bc013c023236c5a804d38985df92c956074354a5ca8
Anand Pandit Motion Pictures,170f462d3f859387f10e15d7d0cc93aeab470b883cfeb020ca3c05e3c05e8d26
Sayaka Producciones Audiovisuales,54071f6877ee5dd15c2a75958149f253b494a95f8639f43eaee1c64c5c583de3
Magiclab,431d8e9bf9fd133621d9023f7d75eb4c26d757cd9fa9485db281f429ce318ec2
Creative England,9e2990a9d7ffa3d0074c0c831ee354e9f1a93b2240199cbea1fc429d78117cae
Hard Floor Entertainment,73a66a69932f614a2f8d9c177a283273c941abc58e2b712c6fe6362aee49322c
Madras Enterprises,77b627e6ac84cca1b5d50976a05e513f1b0573e88296c07b622497cddc03fd73
S.r.v. Productions,28ba70d32f642c86233b38dc8c435503fdcd4271b3060101bb0fba39369e6461
120db Films,62b1f983ec062f5a835ccc4cc82a85073a164b06dd245fb4e43f02a2e72b1f71
Octopie Network,d2797d836c948d8797a4f7db9104f1047cfb93535c551c325e18d7bc628b0447
Chezville,3d88032d5b5ce8f29ada5205f619cd50ca4215b4291c89b9983db45cd3a712a9
Nostalgia Productions,fd5a5422eed3e2d124eb2508a175f6e76dbf1c6e20d7bc5d43e97a615b4d8fbf
Bach Productions,a2e426e44ae0dc8f6093aa38cccbbc8684f65a95e1d8ed130946698c25069c48
Think Studios,c393c65bd351d70eed570a8de2875272ceb06cbe2c38437fe404da613defa37a
La Productora Films,e9f3304dd8391dfb129c45b33e4aeb848f307f1ec5a782aeb93f3041bea5849a
Kyoto Animation,25daf05abee5381b7eccfccb48268554cb95722019f19fff89063151b96afef7
Analog Vision,8012aa2cd8b7e0888a0ad9fd2569aeb66389dc04b55d7311b22bbffccfc01dd4
The Guardian (ii),9cfa7855e5a5c1c7e52f768a25864851f361db13139c2f05b6fedf5780776fbe
A Film Company,846d75f700d98ff337720d798c52e4d5eb26491c856b1301f90b9eddab0403df
Digital Wizards Studios,177aeef17e5a9d3889908980d47d30b9bacafba87373408cf13c28754f316ca5
White Crane Films,83ba512e7af2dcd32b4a8cd9db8623ef5dc2c809fc7457423bccdb5a1fcd0b78
Macalube Films,f02b3fa4d2bf689ace0d9af55f3af6ba9f7cc9d1f6c98201dea98c75c1eed177
Hard Working Movies,dbb1d227ceb7e0b2bf0e6375694dd24ec84e0096727f3bc83e7a31e1cfdea1bf
Horopter Film Production,bcc6df5f901404f889e2d238c4c701c6a16c0b7510d67ab6b22d62ef48b63bdd
Artist View Entertainment,b51c354d4bd129d1fa5ed55bd883e21cab6d1f3468157f0a7796a7a2fcb66855
Waning Crescent Arts,b358d6650a0638367c8bde9b1a070b5d16349d5dc28aabcae86f0733e41b8da2
Aiken Heart Films,885e79dfac02470cf6672021daecbe2c9e5da27589dfc4cd657438836e295f4f
Icon International,843a5026adb010bee60b9f47c74671e3cbe62907ba169acbdf4a0d5c98e0506f
Alumbramiento Aie,b0c89492b1770966bdcb08264a31db7b6fa1da9c2bcdc9b03ec1a2ec9a362c23
Graceless Productions,2ab04408f34e0897d82034a3d0896516928684282731deeef111bfc2c34a8fd2
Studio68,2918a2df7e3ed8fa8f6017768ff4c051e6634b483c48e50edf90a2db80462e88
Castro Film,dab24807e6aa3b6f87e279aa83b6a1855f2bce81c51e11761a435944ac0b335b
La Uruguaya Films,9178a4b4e22b9e7261d4036f0c4d4b08338de3c14d93386535c24f50bac1b884
Mental Disorder 4,0313a27c4d82f941c3da9b25792844938f9a4bc0c9995ae572e62683034bdc9f
L.a.n.e. 38,83f8876f94f208fe652b98a5a0514aa55dafc6c3e01d9062c139982a345f3345
Micro_scope,f79288068e5318858ddf18d1c6a5680252382a062856051fa3241d7890d5c5a0
Sony Pictures Films India,ecca1bf97b3e08f27f94a0dda047f346940cdeb51ecb330b2eeac5137f304241
Wady Films,6e1cb2b703acbcfac7295e44c897e5cedcf56b64b95cce5a6df611db123d579a
666 Production,57acd2c5fcf94b8e5ffd4fbd59f12e8074be8decbb97acd47fb8535086dc890b
Kuratorium Junger Deutscher Film,5b96a986f4ae9308cbc591e1dac322fe3a7e5e9304eca02fc946c133b197696b
Narmartini Pictures,fcda444d66dba6fa6848593b7c30dec21e3a65a8c66bf6067b2c3e27de913105
Heart Company,0a7068a517b7d2c2a46719601dc0e51fbc60a8e3a9bd1f391d301231ad8ef7fe
Visionfilm,f88d3d68fbb0b01e0b32884d5edd29b0f80840f5586883108258f137394cf51b
Fella Films,587a8cf455888f20c13635dda5f40de7bbfbf59f2bbf43b205f0887fbb5b1c3a
Shampoo Films,7be6ed810cce38ff036a27cbd803deb2a45c27b2934ea0edd907f01660606182
Lagoonie Film Production,384a8387c1ac1b23ea0e15037b6eb1e6cec2fd1fd0d357627120d8b756946c0e
On Air Media & Entertainment,a6b87e1a6404f14087ab879ed852825e3ad0030fac82293aebd2acbd4a9d4362
Directv Argentina,e9c3b45569c3eb81e0d080038442039da3f35050a5992fa78af64df901c8dc76
Insanely Practical Productions,2e73764c98324536b96358a49fa4ed926c46937bb162958c44ccff2abef087aa
Pleasant Street Entertainment,c249f291fb1f07b970098817a4d95e0a25cd0f2d93511aa716675cebb4547f0d
Sudoku Aps,72aa39b4c1d1af3ae50ccca9dba960c3825c4e47abc55080d69d9335d5117a2b
Boundless Pictures,fbfe1043ca47e49206a75cc4bbefc4e194f736d6911c4b9b0a3be1badb9be4a6
Fulflood Film,edfe4c7f434a70bf244bfab9d990f5afbcc60126dfa9af157dba7443310e3a23
Fangoria Films,811cad960c74f8963ded7cba8f0659fb94cc26d27969d47480ec19797f5554c2
D Pictures,533e3050cb4f7892f6a9415ae8a9cb6c97e55685942e89fc01d7541985da7701
Soleil Film,2537025f47ae75d77a0fe9947f96f485f2ef206aadf5534eb47a7b1d540cb057
Hibernia Film Productions,3333f0d6e0b24654de51204b7d96f691e7cae1863d0311764f31bc3cfefa27c5
In Cinemas Entertainment,1a4a9ed10ccda5b0a3c41fa8f12ccc5c5848a68d246a1c0bc325737c6dcfe7f7
Gabi Production,c5eb4a644c2d5f39bd3425ff00175e204f18876b224d5c7aa09855dfda8b4556
Perdurabo Productions,f1162adb148cc330846fafe004e12ecd4b3ebc15b6af233087d5fd33ed771700
Phantasmes Video,059d17edb62b5bdea08218787aea60d1af11864cdc67ad11c998069af19d839d
Hoodoo Productions,e09ada9869876a08792fbb825bd6e7cc5ad72a4034219d8f787f1552090793a2
Peridot Studio,4388c870413864f2e1e140220280d6ff756f7bc14bb144a62a75fc1435d43ee0
Fundaupnfilms,e11e661a95144501dad3dcafd98ec4889580f8bd8e612bacc5b5e1065a64e1af
A.r.c. Films,e39db72cffa5b51f5a5409e6903b49f34faf915eac3211641adaca35cca28e50
Popart Music Argentina,72705be5593f2e1c4b352598a6b958f1be09352cd02ec59aa3b82ac0063c21b0
Laughing House Productions,bf4c5b079657db1dc55dc5c9f8cb123e72c07425ff47e1ac7ede3a266b7b341a
Dounia Productions,8e5274e96e4a8567932c591806f650f90f6769a5da61f169fa915f11056323b8
Ocean 3d Films,13c3e8dfebd5eec3002eff0e6b31ca4802d32c43875c07ef204fc7ac232c013d
Las Minas,c118a01a1958395fac6160e29cdd943464009b9ee2bab1d7107a1f252d7f8225
Imaginepersecond,dbe6659d4c16223663eefd67c1e85ea799a9dccf48fb6116a85f064a9e7db7d3
Kinokoya,713272800bfa8c8b00ada9a70d051205ff3cd4e435276c4695b7aa9119981b32
Midnight Productions,c836b663317311b6e80796d6fbdd84fa95302733dccb7e2f42f2b836b990cc6e
La Drecera Produccions,eee2ef07bdff80688773e7a674b5fd99bac207d07697e46986b3663c7f897f9f
Bert Productions,ab683efd1d86548774630b62068e0cacbe30158bc70c32dbadcadfdf4c724dfe
Next Level Media Group,a01f095f019959a7c8095fa7783f2529f87e3686eda2d6c109a9fcc425840c31
Pj Motion Pictures,c23224d4c9c0c0a2daf6e17997e010696cec337f0cd8073fc3e17b6fe650fd9e
Channel 10,2cf0f1c658298dc88ad156e2f38ad33ee1b5d27fdfa04cc2938c45bb2cccf4e2
Ripley's Film,7c53e626a2b2d080a5e36c0b1a62d9ea103bd5b85e4252decfb1fd382c0984e1
Indigo Pictures,e14e599f3032e8e542a2a51e2a9e515c3cbaaa3873e29fdfaed29278075615c3
Cinematográfica Y Escénica De México,89070d2aa38df70e7480e3f299a975a0872bba33bfac4b585fb8d0392af5c14b
Chazown Pictures,0bf2035981c773e3e7445264df3c750e962bed9869858ce7cb3e5628839584a5
The Elephant Trust,cb3930e95593a48fd7aa93fd678ba5445912fda783ef67032b997e9d0e2f4c2f
Productora Audiovisual Chroma,473ad113f0c21d46b2f280990804d1bdbe13147d4ccae9866b51c89db9db9cc0
The Picture Lot,56bf55244ed6f98c41c5a410fedf16db4ff43a86c807f2d554e85581b944635f
Start Motion Pictures,2d7ba8dd44c18abc75ce230e819fe595df57db05a932654190bd0930344e36e0
Regardless Productions,398bd37c4a94b4f3fd53001ddc99e1daa2980d95f2b84f54f6cc2e3e17da502a
Abel Aflam,4a284df036d0841cd3eb54fbc40ad424bc84e9638e9f68799056b6ce4c866d2f
Tribuna Films,0ffebbd50151f1d5e67823ecdeff0e7dcf4133367e40aff670ca40c5cf8d27b6
Buenaventura,b966682f8d987089603c13096f80ce6f32e0960796d8242920d972ec89ba2260
Doma Entertainment,05d7a6c41d9466621f5d43af1f9fc009d6093222d944169b8dcd9a0b82bfcb39
Cinéfrance,1beffdff66f55b66260d2c84c7db180f5208c3519ffaac6ab143cd41fa8a1ed0
Umedia,36a37da087096c2cbe048def509531a3939c284e2180c7b46e0b746a34a927d5
Film- Und Medienstiftung Nrw,9f7ae9792e1ad9a6a5ab7b4ea57efbadacfc5f245165244e809da674a947f84e
Two 4 The Money Media,97c93d6e1df14f002f642d0dfc02d03855e50f4a6cd205cff004b739aa2525cd
Rts,e868cb3dd2f74768395c5fc78a45e56105f89a21cd2e7a910abce2ac26394b1b
Grindstone Entertainment Group,66e53bb49af676cbe4fefeacdbd9bdb7c41a71cd44677e181c525282211cd100
Kadokawa,f4b80e3fd1cdbabec008708fbee4bfe7583f6050333bc0e2b780705bfdabf264
Ard Degeto,410af8c57245bc960f60ef7aabe82faf4b419c1ed76cfb9572551ad8e235e1d8
Big Indie Pictures,d8d282e05e4264778682ce6272bc9c731cc94bc7e646ec1aa039e77ac868c03a
Hbo Documentary Films,99a890be490d134e3aa7eba65e52faea076bb31310bed4cff3175fae6f0b1dbd
Cine Argentino,7f8164ebc8fccaf966b4c7e628f3e400cdcbdc292dafc28b4ee3db65b3291551
Metrol Technology,e09e418cc9144c43b7ea0a35075928894e9ffc81d420a93dd7e4fbb06ba9785a
Invercine&wood,26f16394e9c7c60136941429637cba0aeb208e5636d233f46c1ee72eb5231680
National Theatre,ca7c02c113c68751a6449380a03b72302ecfbf4bea0f34b8928a8e8fd15d7faf
Enbu Seminar,fc63ec13f6e14a9f875531dcff6d6979f49a8c55e88b2c933ca90222a1666d5a
Miramax,e24796187b40510601ca36c3e0a6c863321d01a85856513a9ada4b794ef3b84c
3d Produzioni,29dd18e40c77e5c2782e9cb302fa11f46d7fd1b618de345c41b1bdc396f53c9f
Colectivo Colmena,464815d886a81b42e433d9806ba2a5f35911697352630dc6df33d0710a6b2313
Atelier De Production,b44261a3f97f2aefe916f2ac6cb62106d81ab3da653068398ce958a4585be5bc
Qmi,e48fca7777338413c9ffba916060bfad792b8a51b69c3481894c438a22fd2d8f
Network Movie,16ebb2f0f7238cfd311fc9f517776d7acad13863ecf642af6dc710fef39f30ed
Visionteam,621f0e3cb4c3c8f485883e54cc8f86c4d66cb1dc1626198c096363ea4ef05d15
Sidney Kimmel Entertainment,205589dcd9f4b57aea873d735a046cab38b621f53116bc3b4ffe7d51d08f02c9
Svt Dokumentär,374fb5d17b83cbd0d8b368323724f10b854a021284ba61b5abd068aa15c5951d
Cmw Horizon Productions,a2540ce4ce3152d5f17bf00532f943665df76ea6ced0a7713eaaebe44d7b370a
Lantis,b6a38d685e9ff3ee7068f37369cec6a7f33c93aee7aab7453c07e291d33b136c
Mythri Movie Makers,2df62e07df6b2204ebb8219965d8bc76ce80402b0bd168b00c659a91a3ba8b4a
Telecom Animation Film,cd8b640fe6e302341fb53d28f136bda06611769ca3a8c8fbc416056090564806
Black & White,f95e01fe6b3fb04f67ce374b3e52d2f664b10fd26d6a0d8b782f75745587dd96
View Askew Productions,e00810c09f8babda6780e4c4ec95b482b477dab2831d759c9d4e66ad3720a444
Anhedenia Films,ebf28070e7d7416347dc9ff79221140ddefccfc80af0cf6a5437eff4bc9d712b
Sob Noisse Movies,231c55ce324d5a813158056dc767ab246ea733069fd2200db9dd135a115f2fb5
Mighty Engine,1ff53b3ab46d72cba3de283587cd0961d4c3bb5749d555070d25116cc2f81d9e
20th Century Studios,223c9d95895c618cd252d3acae40c4588bee8b70ca39e1ce0f21efea9c5b4c1d
Shanxi Filmoon Pictures,63a6b90dc4187c7b7ad0a65a7b3743f427740b4c5440bf0152df7c9e3d76b304
Construction Film,757c3a344b86d348ad9212ae69e44a75526fbfb2f66d77d39b07881093387fbb
Satya Saiee,efe0f4e6e9b264cb01166f354c2d3285870aa8bf11d2ac8569d50de826d11723
Kino Produzioni,bf6758ece7d4f8c3553fc1243dce240a59168b81ff73a3eaf4eb0956aa70d763
Wishmore,fd2fedcccb6f05be445f4be213eebf8567ee6453b4858038ffc79a000280bba6
Fetisoff Illusion,e21f5f313a99bdb52a3f4aa73db2d4961aa258a3fa860e75738ec357ea8b5c18
R&b Räuber & Banditen Film,0c7f351fac102df5867ac76eea2ce1f6d3347508a12db2032c121753be000403
Thirukumaran Entertainment,a6c061eab4821546fa526f25ba5f50a4a80a6c6f26b55247f1820adabf11df9e
Cine Bazar,a53db08c33f5acaef240e0814c8023485d43c2262558beeedc3ba3f474b85291
Wall Poster Cinema,95580ff31bee1da138edb4775b3add1eb15121d3baf6bfc20bc97913878491e2
Nekojarashi,259796f679bb146dc6eb3d82b670fefdf7709fa82edc5ac6ba97ad372e549215
Kaleidoscope Pictures,2ac85dd677b9376141c176a48e50d4b75b514e5a1ca339d8ed9ad92a0599db5d
4film,0eb4e0b48085bab3f57afd69312cee9f2d58f40bb3737f1cbe8f3a162ad5ac08
Trigger Street Productions,f29a64a41e294e4941b5ccaf9af6684cc65ce5de59fb2111413478622ef09665
Magichill Studios,e5a18858f7012927cad367c1d6a29e2b21d177a81c223969ca2109b3b1cb1592
Sky Arte,15506804bcfe6ba7acf565fc8da01e30e60378884d592ce82aa07a79fd0eb18e
Hit Films,749c69fc4fa1f622f502a328956b7698fae54add3d515a35848dd7d60b9291ed
Pupkin Production,f8d96401194a01c267f1e65ec0240f547fac1cc3b4e644de6e7fd6ce6ab33e80
Nagoya Broadcasting Network,7fd0dd5f905e5a4eb44036b11b15df1ec20430bba75cde328943545ed8317c49
Story Scope,4ca4adf789d5658cb2c62a2fd1299d578c51d27510514f6529dcd180772630eb
Aardman,0801df4d7d3055e04bf0f8f34b9368e64046b018a6bded8c990c6620ad349a66
Aliud Entertainment,7955a7254a697fa1b364d80c7e9a4c0245b53cac16cdf8ba9c0043516c68e0ba
Norma Productions,5b6ca7dc223c6c3b914085f30534ba303b2918924d573e72b8ca5ae446bebfcb
Minnow Films,acb3ac069f66cf7774ed29c5809a05cfb3ffae4e1c926b76e2401a676f89e0e4
Make Films,0344c1bd84141a4735dda129b4c4f4a5bc5ac29d24d686bcdef7980326596d85
Yo Productions,9f72858be0a6e313ad8c40a55bd37ca40dfa0c28bab08f8b48920bdaeeaa0578
Archipel 33>35,80e8a01976ff0efb28cb712a2e1684891258921332cca20907cd24a6333817db
Cinestación,aff0e5be24de26f502be5520dbcd12e42c142f24fda1a0bc034b46b56c8f3408
Wil Productions,4f8bd1fde414a64989d7508a683c4dbe409f89f397cdb0779b074d5ce3b7483b
Tiki Pictures,15a5585a877dab7428e33ce951b46609f1addbae813012ed1b311ff7190c020b
Inrap,8f918e9179000b6a2a68382aaa1aa53c1360d4c1a4061b5c5f015b2518524cd4
Confeitaria De Cinema,d19627813c325eba4f6ae0eddf294ea9d044e240900aa430eaf2f4b326e0cae9
The Milton Empire,a4b3ebb6f9898c9456bd8a8462fc26c77d1c7a8d26aaf81f66eb6b764b5bb3a2
Madriver Pictures,20d5eb3cd2919a2d6fc27126b4fec61b01713081f870021ee3bb5f2c3abd3416
Beijing Xiaoma Danghong Media,374abc5a76ce265a7f8425c1bf090271c93df32b8f2e93678909b8293f0a50e7
First Artists,d26730138dcd1de596ecac6b77a4fa8e3340ad2be65aee042fcc0bc8fb04fcf1
Rumpus Room Productions,7770600b4632c371a6a31a648f17118debaef77d2e02a37c786d298d5effe7cb
Ideworks.id,d97e0190d1f602392789b84dde0ba6f9e6f6fb5679204f09e11d9109c7271029
Best Fx Adelaide,40009c9c5c7c3374c544d6c8df0141bab42cae96603d17e2f7e809d81dad0299
Sphere Studios,3d2b15e4b94a9de1b897545e9886856c5f76870ce127cc672fc6bf5f3458abdd
Space Rocket Nation,a60a237f5fa8ebe5f118886e3faa486ea6a045b47bb332bfbadbbc6367c89f36
Bakken Record,d6aabc1bfec4214d7d12538a734726cb256373fadf9f2e865cdafc31a08965d3
Provobis Gesellschaft Für Film Und Fernsehen,166e395d7df268afcd243bcc9ee4ab8da777863dcafc21d7e3858b5e0eae1801
Juvis Production,6b64139d648fdd564c779f6dab3958f4e4525338999005ab4de4e586bfd46758
Egson,c9749c22c4ab0b9485632bb318e4f0ce04578d1fe5f13e561072be29e049b3ca
Dogma 3000,cedd3ce460545dd5e74d98cb2f4db516e7183a03d139642fd17e72b37563d272
Casa Redonda Produções Culturais,27e4c9bc86570b24e958ce699848d33b2eb3bcff0e4b88528c93e6698ef729ee
Identical Pictures,ef0f3b6086e7ea24fcaff1f2368086363beb0454eb2476bd029680c59e4b3f21
Caucaso Società Cooperativa,a2906e1f6b94b28e5088d5291f5f35c2fa7553c6c599ee610f91015860f2385a
Pinzutu Films,a903dbb8ce9a52d214fb5c311711d2b3f54f26eb5b7a310d4facfa41d7205e4a
Arabq Films,a32d232be1426ad6c8f98fb0e71f23f93fca5a9b00ef5a14654fba618d5025c7
Rancho Relaxo,7b7580df55727f601271b1962c240a6b6348382720fa44fb5a0c145473cc0a0b
Sons Of A Schitz,bc4f3079685e298051f4788605d755546a9ead8fd1b4bcc24716d380e5a6ca25
Pov Horror,a2e87751ffbc6872825e0e57a190f8a2e54ac3e7d0df2dac75b91b040271ac26
Delanocelli Productions,caf32786fd98a3804aff1d653a4c26c351492ccf8e1e43362cf3cff9063be955
Fire Hill Films,7352c494e0b3877b59257497fdf1d747cc8ae5a6948e901dfda57e5eef60353a
Blossom Films,9cadb69ec433f8dda08a705c42150d19f46f5f2123600e01c2667cf302987cc6
Point Nine,edb9c1b54dbdb3086dfa15c733948e0db8bb65830037e13c35a9355c9e42da94
Hafan Film,b698d285b59c643754a111a31f700b253d2745a8b50c22065e73e16039dfc533
Mvp3 Entertainment Group,9071a107787cd68fe7b9feb55d6e7fbcb620bb0805419c0e0ce06555c30f0c08
Nectar Films,701d2b5fa3a3213152054ea25985bc56aa62112421f2907c064c1e1a38188d4b
Filmy Keeda Productions,f532de2578554739d3de48ed6f51d5b6efeeb7f6cc9120c1b84bdfd834be6a90
Film Shed Media,2d0767c0e3120a22a40cce4265a9b5f93ad9c67a7d7a4c5bb94012faaf2a723b
Hypshot Pty,6a6569d0690545c4c5b8be3bdedc63fd25e47a07f32006b6b6881b7a3163ea5c
Arie Zaharie Production,dddbce285406aaba2bae9a50a1d57cce8c86c59e22f29fe9099ad5f4c81af16e
Quinn's House,ae322e627fca78b372e38add2a044d98db73b7dc1f07040a3d5a303ae49f3ade
Paar Productions,ced2b2064c5e991498451454c944a6382c1e27e0f51b7938c7f5206f1e57465f
Alpine Labs,845c49e7738f7acc0da4f3ef29095da7f3b813b7e510b4bfdb6ab4dc937b2020
Nadein Vladimir,a4986ebb7011181172835eddadb08cb8db90f20689966d8b17d2943f9b5e9caf
Artemedia S. R. L.,dd54fe4f57ee817cf19fdf705f9edfd39afbd414e2130f7d33547d8e57891ff5
Rare Bird Films,1d3f1d1073945832a92a83e9c993c566a91409559b6ec9da029acba539b254f6
Red Christmas,e78d71256a537a83d06f8af390c9c36fe7b615369aeff60b6593a25b3f692bca
Docsville Studios,08164cc3f0cff2b75cde5ab6c530e1a55cb278c0e326348ac43c6869d679ce13
Gfa Entertainment,b56b13356cae181b21bbdf5fd1401af738fe027b43a71bc407029306bf695c7c
Stockholm Syndrome Film,657a286d33582aea5f2447f34bc7dc8fd77ae709022d445c19ca782bbb3afeb8
Tushar Entertainment House,1050b774f848539a3509ca28e5be451a592b92df5184a91293bf53d780724671
Cinema-film H.i.p.,4b356ac4f967c1768c9a8c1ac21bc52a11daa5b722178be4ad1ba50edad6b37f
Cicada Film Production,71037f27c05831510d2fcb2afa1877d030cb7811318098a49a4413d42e167f65
Tohoo,35c3cec99cb88014811b372dcf570adccbde673c16997cecd5c74ce36e1b2c4f
Absolute Productions,f3c867be58b5574070e30e85d24277418b16a11db25a3f3b1016d432486c5158
Sine Caboloan,96ddc9387f7c69b0fa7c3df015e46da5063c6a158ea56cf38a49a8dcfc90e616
Pequén Producciones I,ca7a7a66e39b4398113ebbe1d3b8791b07ef12dc920c46e435e69541f4e74cf5
Tonpool Medien Gmbh,8f2a0b5162e8a0ae607975942a976a8282538c8247b774b2ea56601ee2482d95
Cote Entertainment,fd283d4969ab45895d73baf4f6557e2d3de228644f34b34bdcba1b29684ecf26
Jk Production- France,c599dcbf918ec215c897faa18927e064c01aacda5d9f5c4660d3bd86544c5d73
Yale Productions,0ad32900d0313174d4404153ad74ddcf016a6f2ed10043a6583fdd2854fcbc64
Covert Media,6ba92fb6dfa7e30c5c1453f4d02635d2d01574355488a110ab3ac0aed1ceeabf
Rt Features,807b7af6ab71a66295ea2f87f5f81bee2fc3ebdf9436c7ce7381199a5daa6ecd
Hbo,b30f9fa4f1cf7a86704563e0c8c6a0be996bce2a64108e9f930566a06fda1297
Screen Australia,4fc5c43250c3a5e14624e4adcd0c4cf0de657e66ce370b9a94bca7653b3a5266
Siren Pictures,e5e66c2bd06bb9af3fafe94805c36a5b5ab78df05999626975ceb880396b347a
Next Entertainment World,952b8f12823d2a9b4e9e4f48634cb8d6d6bdbb96852c28b27a4a45c9aac1e354
Cinema 7 Films,a9b0a31dc5a7ba799a6412246f9b5bde1db79c0e201648afb84f5917a46fc9bc
Final Cut For Real,3596d8fd5682170bc781197696fd8355124d956e8ca162eee48481b7ffb539b0
Euphoria Film,9c53e68aea6e88aa4041e0b41d78cdb21a99e1d334cc0e0c4b11a50c9d3928b3
China Film Group Corporation,2cb84d189bc282007b4d9453ca39f82d012d4c3f0c91187ceca01e752dbc870f
Miyu Productions,50201b101ea24e4ab942f1eaf7ded8d7a0c0c81d5510dbe2db74287248bab199
Famart Association,14c3797572abe6ff8f23d3da9cebfcd98f4977242d6545852aad0ee6cb73a9cb
Dark Abyss Productions,89a8e3346556e74ef2c7a50d406b25e71d2776fc3f9f89eb0a7bf9cd9a7534bf
Paris Filmes,6000e0694a283d122c5aa342dd513293097813bffdd45020c17a5c266a946c58
Interior13 Cine,2a154fa982957b3460b02b7be77e46867e2c5ad775eb862d5640b797a3643783
Submarine,56628e374627d042d605c00a4ad31169968a7cfac112e611f7d640962246abbf
Royal Shakespeare Company,c435d218be3f7eea6c53f2fd1185de5b0dcc64283e65b462f9e3da5ad56645bf
Studio71,1cca30008921293c9bb4ecd482920e224b409540648dbc86157fc02f839faa22
Well Dang! Productions,a144c247127cb4c546b3e72aa1ef71d3634d3d82846eeff31a5c2f218b9731d3
Mainstream Productions,13e0c341770d82f407d50059fbdb6ed71c1254b433d5c9cddcc85c7e2388e208
Cinemon Entertainment,772286f94e04511d13b29d065b302dbe0ea4fb91355ef038810628e9f27966ea
Saban Films,089ef218704237c8f69545206a188c13a11ad561f416f551c1525069015f03d9
Filmauro,fb5f136f61fd973501794d8abcd81e55c4f34029efa59a272d3bfaaaf5b5c363
Generis Pictures,863c5b9fd2080b7b156c511f2c25406d65a0ac64554b57674a1dfff37b07e9e2
Eros International,a6a5f083fccb6f26311f9fcbfeec9c2a1297dfc8285e9077761d1893eb72ddc8
Les Films Grain De Sable,957bf7e34bc0c9205b8299c83f2e7230e518d6e14a0c7359be063ac7f2cd5240
C8 Films,f42741b23c4096e5bbe1aba8e06db6bcea8f1921ba14aa1cfe088d4693c9ec51
Universal 1440 Entertainment,5774d531936a0d549e4e069a157c427d3f3c1bc0bd4b5fef6b931d84b59de872
Abacaris Films,3a1768e5c65470f1c5fd4ec2069b0d7be13d545eceef6783290f3b1017f41ff2
Circle Blue Films,0b98d3fa8c755b0773682b5aa0f781089dd97444c69cc16ed7cadb3909caafab
Les Films Velvet,464556042a63f431a5fd690503d499b64da2320e7dd0095bca1d0d12202ad492
Riot Games,7e250c1fb76bb96f3f474f5410510c362615f2b3ef9c79f5c6ef2324ccb7b0b5
Bufo,5f57c7b6dbd1ee1511a2935f4fa4dfc3a3502f0fd146e2a857482f7bcbbf85aa
Lyla Films,89caf99a640c24924b79979c58b02aa60f934c240bf1dbfa1bb273d7be5fb48f
Burn Later Productions,f70050a9f2e273f16c749377df7a809bf6b6cd23a037317f3e8cfa5469d1c9c2
Invada Film,45b3e18712c08ec36611e1a0e66ea762b504ed83894763cdc351362c6279a4c4
Rté,596178ac008821fdf4d7fa0ade0990b8936bad782ba885cb4b9ad2daeae3f2a5
New Zealand Son Films,9791edfefbbf607e974aa4ba73c18eead8eed6da88d5c034c9f7ec29f12ea2ca
Mars Media Entertainment,392096cffac216f705754523ec9d70bc99974f3d9e861a4c1626ed3e048ac300
Scca / Pro.ba,3df2e22dda54ff24f07bc7c159b231fc3aab466ce9d6b55e64a9205d4247a224
Fukuoka Broadcasting System,e8b20be6aa20fd295042f91dc78ef1f85cd3bc527b1388715664d78929dc4bea
Salaud Morisset,078b24473bacf769acca079f9cfc5c86868d0b7c9218ec555f153bd7ea7d78ff
Cineridge Entertainment,449173c479a6cfa4f62b5740749fb363885c767fdc27b0e1d54be425a34bf47a
El Pampero Cine,2fec7f562e1fc38302f0efc59fefce302912c59766d34d6831f6e86def8bf775
Nine Stories Productions,1466f960d89e6f9273629ad2e2ae01f7e5b5e987bb294d0efd46153a8f78e2d1
Weathervane Productions,17bb7ba5cd53cfb26d9cf05ea83b525d71cbd52ebc18a43c0a7ec0d6858c12ec
Atelier De Sèvres,45f08b89ec9b45a04989b7c6e3ac36de5844dd505dcc313d49f07c3d616eeb5a
Star Original Productions,e4ded708fc2ab394cafbf56406683d56918c9cdcf46682f4361abbb898049564
Heimathafen Film,cfa373f3a5382a14f71418ce6cbf3d65fac286cb36397ae4ad1ca6c288122a58
Ipr.vc,ecbad049fa75a3ede66b4d28f2f5c9cafd38f337368d7d0450638dc7334cda57
National Geographic Channels International,cc8a4af9b67a9c661c00e99b309b5c8a27df938da650b1189ec4e697e9bf8a19
Fuzz On The Lens Productions,e1b4f5824e4202e2abca196679ff3657567980c74d0bc0a7f84ef1df590bbed3
Magnolia Pictures,eddb685d7e560a02dd3bcb5e35e934ca229d6cff9bc0eec309001b3c13007e43
Sisyfos Film,8ffe6b4f67a37c7d70024eae3f239f462656b32ebc1418b0f9308d3bf3fe72b2
Studio Animal,c173168cb991b91f62c8b8076d57e3b8ad9087eb12008e3a0f2df9900098da73
Long Shot Pictures,0ccbabdddaba54a8a7998363a331449340f969a7bc78b915be9a16bde9aa0bbd
Synergy Films,650d9c1201039d4aee484f5ce8e92b34d454fc31323f3780af1de81e2d12ee61
Movimiento Audiovisual,f8432c3101cc24bc3f63e0e34dae58bd7406b3005882d635514f0a286430912a
Varyant Film,da69d76ab3baa915590fbc005356b1c66bf0080cc7e4912f003f1307e6f3ea8e
Faction Films,89ca3b2c0cd8ee7cc4a9780b8791d87ce115721bbd3f719f22543d72a309dceb
Ambition Pictures,66db79b40b8ab45e121dd14b0572e690047568b498856d647de955c55aa264ef
Soundsquare,7457c116040b08db454a20162efb53529f4892bbd797961b335f2920e182d5e7
Sil-metropole Organisation,c9f28a4fa1f2d30d60487fc524622eaa5a2c9657b9509e30f19e705cee5f5766
Reactor Films,4ae5bc2dae953e1980071c39783de011984459f5d00498f16de3abbc091fb192
Example Of Intonation,f1b6a35f2fa79386078247e43ca80186edc266beb08c09a912efff44d17fc94e
Shore Scripts,5fc9a538437d172a7c47fa017983f37d455cd2328c0c4e251b961314696f3516
Squaredsquare Films,a1b5773d13c79f0d820fde0b12b7d0babd3380efff6779bb153c08e16987c2c6
Pegatum Transmedia,7796d517575900632f4a10bebd538017befb268c08bfe51899019ce0be9c3038
Bow + Arrow Entertainment,0fea8d68b34c3902363e2dd1d66be10712248f61a39e24c5853edab328ad8a99
Eloa Prod,af7f9b5535d583e77917e95c8e920a34e598e2f493ef303f208ac1b68e7968f7
Soul Mining Production,54c16df70bf69918bc427babda06ee0419f93eee02b278ced22840e6096c0944
Hideout Pictures,9f779543064af0ba6030cb45b332f86646773a5a91044f0fea87cbbb73d7c329
Kaustubh Dreamworks,4c46eda12c0799dbe440288c24abd8c0375fdff65acbb3e5a3b97073d1277df6
Change Content,e350d2690370acd0c85e8272f762da3c13ef9b250a7bd785b3e6bccc56d3b056
Chinese Shadows,0e080597818ac859d637b380608dd5f697946789b5565f017618331781949d72
Cellardoor Cinema,c97be2b0c70fd555e342d246c51d13f5d1e98e362183da27de292ff1e832f313
Freeze Film,a1863bdbf26a9765714288d18b31770c5f8af8577c44b9f13a7163ab2082a3a5
Working Class Hero,37be0ca655eb94dd08c66df2191cf34fbf3b85ebb542e14a58a6c43921ad56dc
2-g Multi-media,13e96c985de3662351684b843952d96c9a1c310c9ec9d03a5d7848f713813e17
Panoramic Pictures,7fc70087087badd9e4a3bd219d9bf93cc8e6016542201a17e646d0c273afae51
Lights Down Low,ce1fcc7926ee9f41805eddf343dfa0202c35b9e036ce8229563b0f82f7d3ee99
Färgfilm,8c9b8b734c0bb84df9796b5c7f6fa687d457e732604777f840e298a77e671170
T7 Productions,afb2621b373c2e622606f65559902165cf3d432aadb2b40c086abc49e4c7d8a3
The Scene Studios,91d6a7eb9a7bccf84daa90f20e1d9644fdebd56ef86721249b7aa75ed684e4cc
Lacada Entertainment,a3377ed1d42d34be85b0d4223626a6a6a1fdeab2bb2bc59dce1e96e1b12c9618
Ugri Film,cee1635494b430f45721ebd7f1744bf0a4d357937f3612d71e8dbb71e5d630ae
Goon Films,e7e31ff6cbaf3e9d2a45e7751f2e5e6f26f257c8ddc293ba3187ed2ac3382900
Zepstone Media,ab4fff39fb05799e2d09ad70451d961330256814f49d70d48acfd66651fb2619
Tilovita Produções,91b289267675f9ef000e6157288911a516fbd4c99364f3a9e37c4e1428c0f8e1
Babka And Stop Press!,f6ce1203a2d7d5321ee4d2dd45b10d50c6319b4e352141a839bdc846d899d4d9
Spellbound Leo Burnett,29cc50c0b7a85f68d35d6fbd8b971a7e0966c29b4640f18c5475aec47bc8aded
Faction North,ef044616adb33962bbe6e27ffa1a74c47d92596b09bb8465adf5097e1e3fe1b5
Mango People Media,21caa7d8ec25e2ce37f4cccdae7dffd47b09b272b2a8b3b43774008612f81197
Round Films,f842f02edd8edaa6109d78178f976391c508e4efa27881e83c86181e3d05f1cc
Filmadora Numina,7f577173ddea12c3e841611b3135f77d221b1eac6bb37611b37224d6afdc542e
A&g Production,da1f7cc70ce19963eba7d163d1813204dde3f7a33e041a60f4b083f7214b55df
Act Planet Production,de0e6c2d9c58dee7f2e313661b12d7da7715bd626a0d524709eca66f9ec30d6b
Pioneer Media,93e1b8c247218baeb0df67b06e980d6d24dcd4b93e310967031abb65e126ffbc
The Squid Farm,091bba4d1177c7abdf7e3218a8d340dd19da441aef62dcef8841af49c92c101c
Sivuqaq,91bd99f20f205ec026deedba800492a1d4d0684c5bbbc3d69ebb55384b2b9b94
Hiperkinesis Films,4966fc141d1ab1bb453e3a496c939812262fa016fa647c35f9c10c96fa6500b5
Orbock Film,d6cdae794693dc9bd2f93582b6321c7d4de1f9673767d4e00736d034d773e967
El Ministerio De Cultura Y Deportes De Guatamala,baeb4a3f57f6947c1257378883a0c77cb9f2f0b7dbd4ce3466df4f1d10e9fafe
Cobbstar,a5a4b2ddacdc01afbc915798e17806bd933d5ecef59260dcfc472bbb5d60f566
Dualist,e84cfc84495191ed65d21c4e395d0ea5b620211651767dadbf858d8a48e75e55
Film Hub North,9cc5035bc58c642200da0ccdc77e75d24c6a87e272834764804a7650318f745f
Dulcinea Productions,4f63b5130ab0bdb1666f90dc6b8172b69e930d76ff562807577beb1bebfc1ac5
University Club Cultural Society (pofpa),45a3e0a94c2cbfb6ddea03fc057177cf5ea785a6d276a6040291adf92580eb0a
Discovery Learning Alliance,5cc352b38b09eaa19dadf1e37a2dbda6ae9d15e7271973813d25c0263be67364
Bhandarkar Entertainment,db766d6aa7045bab1454a1540f42cd8417ecfd92298453488d64bc62bb1d21ea
Costa Do Castelo Filmes,7c1f4e82a8c621f6d1858fccac7ee7dc4e1a2f2c0701ee226eab51b698d07874
Quintessential Film,e071fa438821973e626a6abbc056489f448809c82cb8d5d43567b85c67692b15
Principal Segona Films,434a0e2e216e1c31fd23936478b2b6c1f0ebdfc88cd8a7501b5f5291d393f372
Start The Picture,160570fdd15bcb8b3dc22b971cef1379894264b6d461ea4f4bd0bcdc151a876f
La Pistola,b812bab2a7ae658e8518408cfc8e5c253ad447ab2e84a6dca98bd9687a22af9e
Not That Kind Of Movie Productions,6d689b719529e074fc9992d9dc1ff6d88440123e2e1ae1d6481ee164c153c15c
Araucania Films,520f68221fa4182b00704b7251eeed7089733957c8c8bfc4732e02e0b06c8e1b
River Road Productions,d315258a9900257c59e91a8796a453349599c3beced08ffd8e3bf688b623fe57
Stormstock,af7ae395649ac4eab637647c1a855f91856ac488c4ee8f8a351124365f5cf7a8
On The Corner Films,5313ca0bfd3e81d7f8584f83d7c000d07d680bbc2f1008e288100445d426c032
Fulton Street Entertainment,cb0d17e333ffd317e525a99b2e7249f3dbd67bd19ec5106ce55e5fe52f1c5109
Halflife Films,47088a793d8f2cb39b94ce644693b234719fffd96661a059a1b2b174322359a6
Two Birds Entertainment,57c1e4421501b4baf479cd387ec48939a2a1cb3498acc9c82b5830652a0c8448
Rai,f0ed91f80406391e38f2e7cc647c452f8f5919e770d7d1247969c27f14bc0980
Studiocanal,f5a0ea84ae2662c7202ceca42ab3a3642568d3bafdecd1f905b9a91924eb6dbc
Bona Film Group,bb3dacd53335a6243328d644dec56da4f976b5b67ff774449f0f7cebf2292af0
Bagan Films,91d3fd9135c0c4fb36f6f42f6f2901ec73e2060c39b7db0e250b9abf61260370
Svf Entertainment,606c2448fa086b12c71828ec181138ec2aa092782ef48d2238aa5f2be8d1e7f9
Warner Bros. Japan,60b323dd1266c610c6d68fdac8fdf7a313ea82453a6482c9e7adacaa6e8904f8
Millennium Media,90d367914500f9fd00cc4500ea9559eb87fd2cd38fe750bf3cebbb5811c68e7b
Apaches Films,2f43e74658dbf35327a8bd6fda61c43e4009395714d85cfc67d02c0c1530d036
Kazak Productions,17a073b2f9c7d5604e6cf827aa6d1bde2f7c1ad65d109b1743f3d12b2039a170
Apple,f223faa96f22916294922b171a2696d868fd1f9129302eb41a45b2a2ea2ebbfd
Rocksteady Media,e53b3e07ef17a6e37f65cf3f8320f090b861be18fa2b8ac5c51671aace3e3d74
Riverstone Pictures,63a3827306fa4819c4e933896f3f5298f6c5c954892e2354b541d25688946cd4
Oscilloscope,fcc994671adffb941e80f8930e788beeeba61c731e37fa9e728444a414dd0bf4
Virtual Celluloid,a0a48f61e363f3c0e5745e693fb207639a2dabc6a05b3f45ce1ab2a3b13dc603
Filmakademie Baden-württemberg,7d6aa4b89bb5eb22daf96682d5355f9ca44858bf90fe8a380fbd9f1a9cc2a29f
Magnéto Prod,ab9e564c90f964f5f40624eea5140134df2216484f04b90c42822c47d1eb2be5
Maverick Entertainment Group,f66b04f5a36967337b03e491a703a54e6b866f8029eae2b84a049c421728971b
Jaggi Entertainment,ec2435a9d06064cc4be70cdf97025cd39f58dac513bf21325e041cce36aaf366
The Ideafirst Company,f0b2d1ac0d2c681702537f64ca4e3c5607d5982b96765d03c3860cfbbd1e8a63
Robot Communications,eed4bcd5c4777a294a3a0ca5ec53031ce4e79abcfe6d78e2dd6aae3b8fce565d
Lal Creations,056fddc38f5236999afa1dc44a0c56479317edb7b1293ffe9df7024ef00a619d
Eitb,db0ef9193b9899f564d515a3a6de28f5acd7bc37721648d9ef8998490ef91bcc
Betv,53caf288a9ffdc268dd433acec94c5f92ea2e521e589cb3c27e91f0a1af4d07a
Faculty Of Dramatic Arts In Belgrade,30c3815962019f936dc3fd64f575591ce24ff18ed037f045e2c78cde65d1bd88
Zentropa Entertainments,dd1b3b7c5c5f09af7ba557eb2edbe645826581b027505c3f6dd80462ea1cbba0
Channel 4 Television,f2cef2e99aa3b08bd24f85bea0f0ff7589739171d4b41f6439efee5632892c46
Insp Films,e79da77af67d0fa3ff83e51788e1965ff700aa9a8c81b57b5b58898be13173fd
Cinnamon Films,31b58c4a370b28e203a2b565d46e08236a7af557b7f7d645d1fc73fdea04f113
La Boîte À Fanny,9df2bd707c06222aeab28e82d7465abadba7345334a99eb6549814fcc4fdb4ac
Téléfilm Canada,c87583bc7feb9e7589a11464f1499eee24de7959a92ac05657451ee06fd0a126
Pigasus Pictures,633c206439de3413a2920d4a551e72d14c92e1574062ebe055756be56de68e82
Side Street Post,5653ea3c6c27c604ded88c5ffa7312cde72e870c2b36f45173fcf507df6d1a48
Ideosource Entertainment,e7e8fb280c544dcb0936a2a92590448a48e7600b5042b331f0cdfa2d0c0b624e
Ina,42607606fe1131c49913a09d71e71f98966ed872f9572e0f259a218366aa251f
Thunder Studios,165710ada5fc4fe3324b5d75a649e63202831bd49bfc91433468d997c2864d7a
T-series,f5b6eb02249cc0ad6cc87947418ebf71d00424fa7ff141427db20a4dc949f780
Happy Alleys Films,cab7dbe013e17151234282f6c4f2a75591b7c5a369a114bf00451ccc6c8f40c3
Gray Tree Film,ca07d62c06d361916a783344cbf8e7b40dafb7b008c16ca68f3e1dc0441cb2f5
Miles Films,12aa0d021edf69fd915ba057caf5007be386a3edf8ce4dbd049c463b04d2294d
Mythic International Entertainment,8ac6ecab58a85e911a3f08750b5ab542f8fc53ad9f4365f6ea9418e437f89056
European Film Conspiracy,3284a423f2b82989b22d7f90e185936116f72b9890cb5163d9749c77e524c36b
Mer Film As,20b5755c4965fd0551b18575934d6ce92d364794b6c0ea7295dc2ee217b065d4
21 Laps Entertainment,ae8ec74185b3169ee5bb02da78e82620b3cef7ab1f1c02cf9bad32bf8593c3a2
Thessaloniki Film Festival,8f5491d930d82911e822414ffdadab169ce5949f575708ab9d1c6ad5f7812ac9
Inicia Films,a855ef2b96a34d74229a4de382b683c170ec0fec61145eccb0812b1ea9d8c5c9
Mantaray Film,302e8b1d53a29cf5976ecacf7a484a6d87d4c265aa1df542d3a1542b2aebfac3
Nostromo Pictures,40e52a3796146b92bfeb2eeafe5454dfe6f392b81043c77083242c457bab67d5
Aq Prime,67ae1c3c6a7459f4023df1103c6f7d2010ea8be929a20467050874df3913a5df
Atlas Independent,4c21718ff71d4217383600bb0d718f4b583e2ef59d19a8d8d88e8a65d8308a2a
Ventana Film,de8b6ac1c319b8b58322eb1faeaebe08392ff473fe4e6a0ba76f27811c8f4d41
Le Vision Pictures,b93204ac93fe564320f0f1e0e6a18e241598e7a34f43bb2c68460e36c2d6e8e2
Yes,85a39ab345d672ff8ca9b9c6876f3adcacf45ee7c1e2dbd2408fd338bd55e07e
Farmhouse Film & Tv B.v.,cd97e1a3612546fee1d59fbe5abe503e731cb982b08ba58833a07d7d4814431e
Fulcrum Media Finance,4ea4e87d182e4592ab4684dd30efa4e4ff3bb18c76e49f20e842147e3d78d053
Malìa,05052b14e64c741a318f77c5c48ace2d48fe611acf77998ea6277bcadd10287b
Deluca Film,53b3ca73dc8d64ab39deab66ea2df589925bfaf55194c88fa890576b04e47416
Artlight,c6af9ec65586cc9f6a7bd8f88ef24542f2277b68d2ff6d94f2a655c5dce00568
Masterfilm,c9a7551b6982fad35f3dd1fc8efb8ec792869adf9f2a895b8e74c5bd653d1385
Contents Seed,c6db4f44a684dafd244056a61201ef51b0f5c38d1c7681d8a3aee206ad6df35e
Dog Park Pictures,8c43a18694df700d6e482a30b9c663acccbcdb644e11043cd52d5020b2b1d851
Saville Productions,7239967e37f5d7980723b95714e923b0a861b87e1357fe1beea595c26fe2ae8a
The Film House,541ee86e386949c808da0ce9eefb2174dec5ac73d22ba240941950956753b6ce
Kindred Spirit,91f5c0dc492a53473b597142e20073be219a6a8ec4dcc2057de853d8e70c7fa3
Accorde Filmes,8e784773684aa84e85a0e9ef942b9c1f09f63344e718959cf1188d20abd7fe89
Mgc Marketing,969fc3b16a53a7332e073765d9f9ceea0b5d84a9e5a24291eb4d22bc102616c2
Beofilm,aa3510f7c0d30d0bae3c491e3e273ec76c842c698fe8836fb22009d3734e43ff
Bbc Comedy,bbacef0154e66dc29b3510ebb67ee991a8efec3a7b597ddda728652e28f06cdd
Bildundtonfabrik,d7441b55245192655b7674ff0a97c5126eec546855b0729cfe89881ee519d95a
Sydney Productions,26cd4a7e6c3aa35edeec524f9ee430e57d668c16ae0c63cd6424e3f14fd99a56
Irish Dreamtime,eb5f60f815cb49f83e617b609aafe90b52b7d9370b34d6558cd30d1b54a779d8
Cinesite Animation,ee2caa6af76b5929b0906761e7f72e270ae204845161ca9d2a1db4e35c860603
Aicon Music Pictures,a940eca8e699cebe6b3bda8b54eb3e1f44a3b4decfe690c04c77c336a0e24635
Red Desert Films,d3dd7de932f9a8b520b2240d02e4b1e49231fe9876f6d508f4c0e07c4a90e461
Bn Films,ade70b3e5c185b9e5b1b0050329d88036c1fcf03dcb88c1f23995b677440ad67
Bold Films,b421dbde94f668cc1985ad98351b6d2fa1947f18ef8ffc7583758eae1a2f95c7
Nexo Silvestre,3add5894e671ada8f7a477154ab570189923ee3a48e5eaf9df7a0e4066069a38
Kagoshima Yomiuri Television,83288495af51a6bff0567498414ce8c0d80b4d60e4ce7f488cb0b14b9ec42f6b
Lens Cinema,19ef9903bbbd58466278aab9b62d139262866322063690285c4029ec50b754bd
Mahakarya Pictures,9124d769a4acb05c39d13824791cb018ec2b17ab64db7cbaf070228abcc668ee
Tvpaint,26fd11e311a28f32460dfaeffcb530385a890525737c53b3ffb36cb9bf2d9997
Aa Films,406b7435c9736a2cf337563ecaef3d851688be0f472d5c99c46bb84311ebe234
Mjölk Movies,61691cf3c044a4023b2d127e506fa7c3721e6d5dcd4d6d1b3a571c60e012b6dc
Jagartha,b4d0a0ba2dd610f3bab6c420d4da35f4894bfe20c93abf27d8ce8ce233de3e3e
Memento Films International,463b51d10b37417a01c3726e6008d7336bd3b1fde898684fd007629316601daa
Widescreen Pictures,67bf398ebf5ec45234ed968594e8333ad58fbb38c761b8cb7bc55d2cf63ce4c5
Midnight Films,c4bb25287731712917b9f79aca966f92cc3886bee34bce4eb49eabe0570abc00
Jaako Dobra Produkcija,e3d5051034aecf0f00dd24d3dcb7b302724b0f94ee8c4ea30934536a8e31037b
Caleidoscopio Cine,7ea52a8628b127658e89fc0b10305f0c5abdc4a613fadc213a5e2497c1f79251
Hebgb Tv,d2a000e4ac7ff3df43834984cf87ea36d8e4ad31caa8d351d95fdf86aa3cede0
Born With The Wind Movie Co.,b36a272fe14582c80492660f0bf1c6fe2b1fdedbe870ec76373ad2676ee68e3d
Queens Of Combat,25a07d2952d32f1dec418386b5861f84ef4510bef2f5735abb146386e5699b70
Artistik Yapım,99b126ae691bd376063439b98d0c007f1e2f6104dec6fa0ced4acf080f688928
Fireside (ih3) Films,8a552cc6a02b9e7e05b8819cec9a105f26503d2f49e331aff720b937415d7556
Midnight Mindset Studios,bc690cb9d5a22f2b66baa19eef61e3a2a3b7017e00b775f454d82bb2fa29f164
True Blokes Productions,8610282414d9aa2d6c386f6ebd483885b672f26155afc9bf7ca5b7baeeceafde
Motive Films,8ebcd94f48a59006c72af7a457a9ea06202fcede62347fc8b7548c46f9a444c1
Shy Kids,7cac052a73443a8ccb4104cca3c6c16e7a43106ff35948ac5e4a8041124a870e
Viking Siege,957ba26719b8f62ed6bf222630f79b445a55d0e6a9009d016071c970b97bc808
Haunted Doll Company,31771130e5ca3c0d72d3b584a3323379645e843853b9598eaedb48516bbfbc73
Silhouette Media Group,59c918aa41e7a9070ec0e12aef185bce7bb469bb9c4104e287d78629ef8edba5
Working Memory Picture Company,f87143bfe4c111a058932ae1876b2018cd60af67d4329cba0fe6cce293fa58fe
Congaline Productions,a6442ff4cd6c2b9fb2ffd897d01762fce4d057165bfd4ba9f9bff8abe4bbdd35
Boogie Naipe,a2fd9be759742008ce9efd9c717f13edfcf5164e5c5e94312acdc545f6243b0a
The Only Goddess Production,1d125f319cf2955f7de5ee9140cfe759725e871c8f4f56aebc3b4de8af18da55
Gfg Entertainment,e3cdbc151a27b1d15281a97500c28f4126acd4bd866b590c92ae8f160ce05b22
Baltic Pine Films,56ad5d7b3d13b81b3b50934e92ef51ac2806a0c96c5980cd39879d036b94cd21
Dorian Film,4f358ba24fa63cb46a6742643aa275651a9edd71b908876b8f451dc157e952ee
Wucf Tv,78d692af943e979320fb7b6fadd046b54fd331a8ef4854ed97dce77ec53f6b73
Deeper Magic,ad4fcf9850bfcbd7bf3cefabd1dc66fc9351981a16ef1262a29415b03bde2514
Kumamoto Kenmin Televisions,a73ebc204bca7e430a144cc414f598fba0826206a5ffa63d4b8214a103ae6cda
Studio Miniatur Filmowych,03b968c1b602fa645034abd75981ab88487740bc0537769a4613100c05e9c3a5
Showgate,83c5d26e347d0178f3d148a78a6bc9d005d8d65ce9c69a5c6a31117dcd6484e5
Brosh,b777a3cf8c3a8aa5e0c1b4d8f0c91abc4c60754e6aee50077df84dd84471832d
Beijing Fame Culture Media,3216b1d1c7ec7d3e4bd3ff8df30d38504f9283794a5997c3f692f85b58216629
Bbc Storyville,9be6c1f6f0983d431aa5ae926ce2d584d38f9b71befeba3599af1f451f384f1d
Motionworks,2f7a3150253132fc6657f324190d7087ee52979afd4270d9131fd5fbbe407943
Uncork'd Entertainment,6c51e36f782a419bf37adaf83b1397f152f0ff23c0fbf4fc87f379a4816743a2
120 Over 80,7d61a2d9dbdebbc556a573503def28b6b84cd432c6bea0580d9f6835aa81ec44
Itvs,0834a3ebee04c060fc4235db0b208249949640e05a6877c404cba7ed4d01996a
Tv4,7c4067198d6c7253e0d56b150c2bdfd086663a591088e2ad17d5a6d3d5be1fc0
Do Consulting & Production,aa43280deefb0a6a2dcdda2ccf545548c86022b96fc87e99e379a79144afa1e7
Royal Viking Entertainment,e5e8debb836298f7e1a6a21f3b597f2f2a8ecc19380b32c079627ce4e35e204a
Blueprint Pictures,185a42e6f3709323bf301469d0546a5c02d577d3d8033c49d6a3f2e1d9f93c18
Nexo Digital,2e8b883ba0aff1fabe90a979aa0f56185f7e81cc7c62988287d138ba8a5ee4e9
Korean Film Council,875a44b7d2dbb4c1765a895bec9d8aa40a8e6855731fd2a8752441fd3b642911
Mrc,134384deeed448ba3d6f54f8ea0d9d9b78a46acf9082eebda17704d088370289
Hartbeat Productions,0631c3a4a985fe8c726b8004ac0a78f9543c8daca73155ffcb59c782b917949b
Gaga Corporation,3e55f08b9c7587d7b0c67a49c393563a4f28089369e60af52bc8d63666d14608
Fís Éireann/screen Ireland,332556d029b3d840f0c4ebb687d9003a2e52d5f8a276eac8ace1ed47e889d5a5
Patagonik,fcb4cba35f70d1c5fe02f1af1df0c67abac504a9e9020c856c370c4ebee31f51
Lifetime,bdcd897ab8ed585981ac297f3df0ee185c82a7a65c39ef3af8f863354086ef21
Russian Film Group,8a5dc66386b3c4f17b436d879296093c8d21642e4ad10c18d9675096b5e54a62
France Télévisions,c8205a06761d437d9d23a9bd720a429b64a05373d7927e0f03f6278e5b5c59ce
Lighthouse Pictures,4e2a800ea214e9909d0c862bf6726e141ebfc2c02f4b390403210b25d8c6d3a4
Solar Pictures,bb93b83b18df2e162240a4724ac0f7e3b942d18965e7218c95020dfb4112323f
Channel 5,f7eba1a2d9729c10bf07be61167e1716b73d72b85d775747705d3c0f3132a9ed
Johnson Production Group,e5f2c33285b03c0358bc5842a09001d5b80c47537528f374157167d1a7f792dd
Visinema Pictures,3d465c48fc97a867bb13bb4711669ee9269f67a62893b7a36e827677336478b1
Dutch Filmworks,ee2a6ac199cd51948381202902f66840de27897d99c543de7e056bb3e3303b84
Big Beach,e139badb29a27640c14d5dfdcd95959fb2e7505e75d66b1256a95738e30715b9
Nbc,2e048e23205cc98e80736c2fd5d73974b57558542d1371095ee32fe027c326ff
Hideaway Pictures,4345dd30cf67b33b52ebcf43460ed5f8229b8dd4d4da22503582ac1e5ab14536
Hungry Crocodiles,b95bda8a9748ad95944c5a3f073a02f3197bb6a7c8171888b2fc39b0a6331399
Crypt Tv,d31eed6dc5ab5140bc8c7bf68b7020452dc7b92de25863d5de8fda6d490f4eef
The Asylum,a0f97edd7d9888c913352e57cc1d4eedb82cd0051ba785ee85916e1994b7ac29
North Bank Entertainment,089318793c5990c27b329ba2251c8d9a39d47126793d314ffb813c5d11867588
Jinjin Pictures,55b202067cb6b5c4fecf2d01282e10009a1efebb887ccaa9828fda76497986d6
Ways & Means,956db45bc6e9c8f9b8c03c3fe01b1b2d6449c4bb117e1222d96e797e7e24c132
Latitud Audiovisual,e570de43935839eefaf21aa9d07c6630905e5a7b723988dd2b96215f165a9a14
Ark Pictures,1a343ca6159f4cbaea67834ee2adc014512972fc85b8cc9d778c94cbe147de2b
Paspop Media,811b31581dc0d49f21a74132b4fefe2750bd50aba76593f7afa57cd5bc4c4139
Maximum Effort,07995604a4800988d7afb8e7269fdc6caedca9da3435c3ecdc1d48db0206b162
Universal Television,8027395b577cdab527b2682171b5f573c1a3f3343c6826adde25ab06dbc5278a
Azerbaijanfilm,13bf6df63e13949774e2dfa25a93c7ab7f5a6f08b3bc4cb10a36a9bdd48eee8c
Love Spell Llc,bab87f67795ad9c4aa674052bd46217008159b2fe4e90d1bcb8a5af9401615bc
Diamond City Films,7b9c115b67417e0d031db57f482086919694ed4a39a731ba5ccb0d0a98639d81
Britzka Film,a045526138a5c9d5caa0f8cceb2e2996bca794dcd4bdc90f7a679829c2f2bafd
Prosaar Medienproduktion,0948e5544cce9c63d7ee0e232107e3af1fc10390c4bd62f0bcec7811f632e0a7
9 Country Creativity,c31bc1a7c83dad3c7582cc7afa85ce450b2acd8b1d64deb643451b6132e2874b
Mandeville Films,26463e385b24ad2ce41beb3954fdfd6e8a34cd0c8494cf72deb287bd384a746c
Hoferichter & Jacobs,29239a13d2de4951d26724528986a895da213e9b906e7e2fb1d16c7d4b75fb00
Mistrus Media,4d52bc55707fae74233bd7d5b818227a2c46787f616b7162fbcba75d49885d67
Sacred9films,aa77d55d81e6cf65591c5d5c48feb2f2ffc0e3b25744a6e3b8a9c31696ce6fb6
Emilia-romagna Film Commission,ada2cda6e2a843d3e3dab4f65b15e4adb3100047658825e53c19cc0367eb5de5
Secret Tape,e8fc19bac67c906a34249a9fc70e829e10fb8634656072f2c7b66c14b22fef07
Easy Open Productions,c6c805aae431879fd220300142ec0e65c85dc4627ab9021b5f08da36cd577102
Citizen Skull Productions,a799a8f4d5cfcd630ed96bd461ce8fb36b576f48e1de59905ab3af8719361f77
Les Films Du Continent,076082842fac610497307644a932f187ebb12adb9ba4e806cd1d45e15529efc6
K-dragon,a75b3ead03b4d00ae052cfd1d1ffc7d1aca1bcb59a9581f0d7cb35487d73a7b5
Non Stop Film Service,07b53a83bf8f056a4854f3ff3424ec90cdf5c6215a5d253935450e83d05afa00
Shueisha,9505d17ee5dda2df4d6a3acabd00e6ad18dc2386951ccb68cb08691c984d2bb7
A-1 Pictures,b79f2f315774d6392ea12890290542e53e1174d853aa69b68ab651dca653b105
Salon Indien Films,e89d1d0b71ef5510a270c66e1001190ba88911d8ab854d4c06dd5ca1e61a0ded
Carnival Films,7aef66c2859446169be65ce8486b814adc9c234f47f54cc51cc9001cf1665c03
Go Productions,1dbf67218fba767879e927c810c9fd6c9406775adf39f60b021b87bae59d9589
Regency Enterprises,140796af0c511fd5135e86d8f9aeaf6320364d394e1dd05d7c6b8c3685511ef1
Mad Science Films,dc004cecc8ed3c4f951a16ac7171ff1b69ca20660e2fede4c9cd9e70db72bf33
Babel Doc,c8850ed63a5224f3e2750925437698be7c1931d1d146e309392b87e7b39945a7
Vitamin A Films,a0ee552faaa92ca1f4a6d05e02a6c0b98d191b7c027871033cf472b19f1840cf
The Population,08abca0212afe46f429377cf9871612b66f3461db2d259aa318b6dd97e468562
Directory Films,249e0e49943bfeac545357d13251a52d84abd907e729db835701ea17f29a1c78
Desenlace Films,f0cb6025906f0bef816099b9b8d14aed5e32e59d50b4ab138140924e31f4a1c8
Sprockefeller Pictures,7f3d0cea972203309cac726c6e873c4c8bfb3cb24c6b5ad303091eaa0201d38b
Shore Points,9c7984d8a4c580eec2ed1b68ebd6ec81fe7ff5a770b0a7fbe17e399308089ed9
Biberche,71e72be65be13d317dbb311a67474953ec842ae296c649b6243a30c87ab95aa7
Kamias Overground,58224fab66a444afa11489015a8b10b77f7ec501d00d38a1aa80babeb891bb7d
Match Productions,87c05d9ce8d24dc43539a86e6af8ba318b22a544925d9a140d848dd1a51b6702
Imagicomm Entertainment,fc416d72d1a77b44220bae64f21876f24bef97a5c9666ff1b5dae836a751ac22
Rotten Science,0565713e79f0f2792a60d059759f0143cd375444192668fd0cd6b7f7b85a3310
Creative Arts Entertainment Group Inc.,af6e71bc3288e8932253940639741d7d96673a0768de840dfd522f5b6c8ccd5b
Envoy Pictures,5c94aff5c88c14f1a5351a83379ec56bc0b22affdaec3155f637507d09ca76ff
Wacky Tie Films,6f68f97d456b4e079f8c9e567af423c2c073b3d167fd0920a05821a2da666915
White Fox,92502261b7713b0723af7d13eb0281414bab1e23f49d2aa2aab5e5a0335e9b08
Anil Sharma Productions,cddee0702b47e8b32a3b35d2f5928256163a8df76738a1e07f66b5a0b1c3f061
Sa Somereta Produccions,27e2e5639f7ba9e9b2519daaba2d687de97d25df305b4ce5433a60f3fb236136
Bideford Productions,707c4504fc69f81bf29fdf5cc15f19f0380bfd05815092f27c702d4ff5c4b0d5
Ryoan,eec8c476335278776c68035fa8d7640bbd1962093eec95ddc5c906e8e87855f0
A Single Man Productions,961eab649a4a45f8c4a050aca8fe1c65dc2e913ef3c20f73e8cadb97255600fd
Dead Sound,da37b017fccc39bdcb111e58ee28936aa4f4be59305d00a179c83526cade63b4
Freeres,3609c1c30f8c689de1a57a8b72d33243fcc1061f2275adedb06ea3e766b14c34
Entertainment 360,5c42c4a57baef3dcec381cefeac92712d60120c666ef5b7a91bba6ae74dcd2f4
Gkg Productions,ada3933bc98529de4604c04115c42d795cc95316487dd7fd346901ddd4d91b19
Volgiwood Productions,2007b27f7df007cd4c2ded158c75600a5171357de9f46fb3567f4582313badfe
Ettrup Film I/s,21a266258b10044aee9f07bc7d1a0ae02c32d0cb3756e2797ccb6eb3d7fa371f
Crave,69ceb9578eb742c170ada84306a327beeb19239dfc3612c9b31666b079c889a3
Cobrafilms,2f17ee5a6c67436a24087bcfed49ee80259c111d536098551599860b0b25d3d6
Obs,c2cde42ab5c8a1c6dc37b151375ea1384132e078e350fcd5333c7368e2131233
Pglang,17efd56874c2dc757280ab4b77e9d971e5da0cc2847457a16dcca6e3a30e9b19
Fine Tune Pictures,5abf85f29bccc2110e296ac30848a02b3c30d1faa2372d65168d01f1a9d2ba33
Crudo Films,9c5ce12b4dd92ded48db7af0cb8a87e3c2a90204ac93c4628e1823ee7a18bea8
Kaos Entertainment,19bc95a5bd42258f81eae1f7820fd9788374e82f5593f3c3f194fee61035ea00
Kickstarter,bf5e15a7a220998d4b36e1037dac20c2c9db5cec76e54e2966572ed21c865e0e
Play House Motion Picture,43937d7d7c0cfe0f4c4c125724dfa5c26e54e68af9febab14bf97c1e18297940
Sunuy Films,1b7456de031fa17fb0779394a613f80cb308626a032123a4c3c9cbdd15ebd81b
Billblock Media,da1f5f1fbbf641e6a49257d3290dbfd17b28f82fa33efb5b59a62026d11b59b3
Sun Entertainment Film Group,8af4c9b0c8eb17d1bbd0051d1c7431d8eca560fc29e23714babfe5272254e78d
Morse Rose,54bf45fa43a0fa31a9810fd0e4e839e3e5c3dfd0b0a39371ca0254c5b2b6c9ff
Hexagon Motion Pictures,85f4e94962e3288b32d859dc87b541df873cf067057fe8d3320347a567b1ac7c
Stonestreet Studios,19b04c77ad87ae30472f2fe87ea0c6ddc84fd5ed1267b56af9479d0c51d24431
Matisse Pictures,da3e3a7eb28cf91912bcda5d1f33056f35a6fe191e6660197b066872db4fdbba
Minoria Absoluta,9283add8448fa9d746c350c68bd1686908f7f088a48cdbc07403cc8ff745df3a
Cstar,7b37a91d876f8f9bd3be59640477b2899118b2136c227dd2ad3e74e43c88ce8a
Tms Music,06106e2d96d3dff6747685c0a8baed54cd88e687f7dae657be8effd8dfd2137b
First Light Productions,9422d805a52e97282902aa8ab2e0353500869d5f71f4f336c6bd334666f8c1c3
Riki Group,fdb780af4eee185c5ae768a59336dda1aac88dc466f691cc0fc55cc46a64e717
Imminent Films,0e1c4d8b66ab0b4809edbc2b9f0688fa4c98c2816598c9141c602d845ca97644
Centre For Social And Creative Media,655ae0e151a9c4d9f65ce9455202b3bb8e44ffdca44e8d197ecbca697d64c362
Tamer Hosny Movie Production,b0e9571f14a1960091afaaa0b516dd06c28aa59b2cfe7cbe0519fbe324534073
Perpetual Entertainment,8ad8dd9e88252317347390d08d83ff7247796b1200d70fdeb6a211c9e8c5d0f2
Ne Valentine Nebraska Productions,399ee0f024235e4f6b3ab3604ca2bb1eee7b45a499da230794df2a96a7e99ae8
Chavalas La Película,f714327760e8e99cbbd42ec88212955a85be42bfb5b4a75fb200bc5e93e799e5
Blue Creek Productions,470d9b2d6f566679d292db9ba798d1614bdd8e1303d0dd698e239b0ae2062293
Giotto Produzioni,135fcf324e2ef25bc4f53458909a7c170a2e91d215ef315c9ff387ec59684772
Film Kolektiv,e90ec1e4d275becc13126da9bc6b0116ab4adec8bff86b47941ef48ed8efc9d9
Villa Lunera Films,70554325d5395f792eff6a154ca7437c342640180bdc1892213af5147091ea40
Mars Productions,83164f89b067a6bf8a29dc73eeaba66b264747823c540855a0c750516cf3b5d1
Tugo Tugo Productions,d3f645a3b33142ef3383bd776ea055ff495b1f3ba8345d1948fee18584050c83
Weird Heroes,133a89ba92592950480883c7426f642b0198398855049f3e66c65acee349a2c3
Orisono Productions,d8a478f69e49fafdb139efa090eab259aa905ab5e8a812e947d690e575748dc7
Amanda Lipitz Productions,16e7e166d8dc112a9cde2af7be1db5aae0df20cb0239f7d5abe4beaef69ab50c
Cana Vista Films,fd20b822164eee78d5d05eadb1f26dedb6c88ecfe194f353a21a590342c95d50
Fixeringreece,bfdfb5cc4cac32c71750bd7cd9ef85ce3d8009a38f41b5bc189218b71922a761
Levy Family Productions,beec23a0b83c822387f94128b5c4144c3c2894bc647ee3713a253a3e5fe8fa30
Free As A Bird,d0f6fd3ad11f80c73db39e61016b1106c69a4c65bf0d9a30185d4eb920e77869
Dirt N Dust Films,aaaf39c8c46411af83d6de747630abc2bd6620fffbb78b18e1c2d49264d7e04a
New Century Films,2953f174b16a6cc754f8b3e527ed64680084b09c4c90e6e49cea5f7df831e562
Patchtown Films,505c11765dcf31e1ab2d73b2dd19c967718ced693dc73a6774a017182246e6d9
Cj Entertainment,5e9e1c5a6910b63dffdef0b7574f20f6290282e46a0ecdd520c6d452a5a847ab
Les Films Du Fleuve,92b540751cd3ef1d9cb5a54c5461638c494e3de366c7a0228360522bd06d8d3b
New Danish Screen,0f74b6e4d00e1bd02ce9cddd9fc4582bd4e51bf8750c3e77da7564cc8141a118
Mars Films,4ba4e9372bc6938d10a38f0534768654a9fac9ddbdfc2409722c6feae468fcc3
Film4 Productions,4c4e67bdc0826b174f12df92ad46f21a1d9a2972835ee3817ea327725399c76f
Hbo Films,6171c02a40fa205bf6290ec5d51816cca21e438dbabe2877d4659819f4614ea0
Aoi Pro.,c9ecdecb6e578ce15dd2de922a58225dc90800c2299192b40205dda6e03df599
Hehe Pictures,50c0c10f363aefbbce98c425a57f752a2890676124976eaa47db63e9203d4b53
Orf,c8cbd34cd652cb84d66836a7a4329e90ff93d60e460ae7b891ee8e3f7f9a6b04
Zee Studios,359b110e53eabce74b14600dbbf32e353ceacc8ecde33953af6d773c13eec215
Amazon Studios,960495f95ffbbce5ef4ba1c1f82b6aa3507c6902a882d6ed0ba13e3a53f4d056
Gyao,277e28629dd81843f531f56cc2d73ed64c05af874f7e3f38004fa2a619a0acfb
France 2 Cinéma,54d5a7c2cf2eec102123db578c5e13952ba7933a5f8bb3315b9bb5ca7bab5724
Jio Studios,30d26e34f764f45911cfb11c10d418701bc2ed3dd65b2c018228e06524ae9726
Pubres,f3da9645a0ab2fbf74414cf7e8001ff87cc0e8fd333eaef9e94981a7f44af4f6
Wonderphil Entertainment,161046ff2933138c2a784cf3af0ce31400c208f0296cb3b0ef75fb8cdff641a6
Xyz Films,faf5100af69b55944ca069f08ee10dadaa23b3317805a7603e632e0b9634b4ac
Columbia Pictures,b45cf231a5151bad547b7bf0fc12abd8be4b0ee34a0befbbf846a5373f58bb98
Soureh Cinema,d6006612a00e0f05f281252e2e6d4a1eddacb24a44e65ce8b47958686a03b8fa
Proportion Productions,f9d76c293c67777996e70301b09d768f9a1278cc157cbd878ea007b4c2fe3b5e
Highland Film Group,0adb28ff64b0fa98791e59fa15d11a1c3ebac3235b5104d3fc2ca8fab9bc9d36
Bondit Media Capital,1a81266c8f7da9be4c60086ff8a07b5d8c479c6fbf15051ad132b49e23424cc7
Mainframe Pictures,7dd3a395d821a8eb1168b7a4643aa0354cb282fc899fc5e3ed913a56757ab580
Riva Film,b1931719a336e9110efd801dfd01f5e7ed1500abecaf3eef9387dd0c0ea304ec
Cinemalaya Foundation,751d63f66cbf227ef3bd8a2dddc116b87a2c6f3b838de4569a8dd9f12adb4e48
308 Enterprises,644255ff99ee9e6bb8001612ccf6c46706597f2e3d8c17070add615390e6b003
Korean Academy Of Film Arts,312c3f843404e8591860b8ab8fe65d1e84823fa90483d1183d2c411b680c0d96
Deutscher Filmförderfonds,a4c7bb64247c459fa6585f6f5730e1ac62945e7b9b956a1ef8280691c181011e
Kiko Theater-,cd37ee0d8426273488d11192e94164f4cbef1d316e39fccd511ab749c929289f
Jaibo Films,36309ed414832eb6bfcbf8ce964ed60b3af61a0322d2635449afaa67d1ef2122
Radicalmedia,6c1e3ab755ce4f277643265bfcca15bf8101119ba33b644eca4de424d071f8e8
Snowglobe,9527bad931067d416abfad8b4c87a070dc07f4c291f6b0e4610952cd37d9144d
Avrotros,320962fc5ddf150eaee38739975cf5e02b617966a451bdc8cb84ba5e07ae71c4
Southern Sykos Productions,1da1ce686115ec7ee04be319f4d471b4684428123e992b188142f8533bfe59e4
Star Thrower Entertainment,f656d5252c323582762b9d2f152017028ad07a09f310e38019abf469d5f304af
Sirena Film,4bd6d2602653b0d0a222a00f310a6f5154b868651a1cafb55517856484018c6c
Verdi Productions,948210df647fb54bdc24e4f6a209c32ff9b0ffa83ae21ec3117896e6faba1811
Qvisten Animation,a9058431689570635bcd97a1e31db86c3594722d8d1a9ac7301ce2fa77705544
Wildbear Entertainment,ad51c1bb17f093dc9f07c55b0fbbb6586f9e324ff633b1d2f4fd9db2c06b9b6c
Les Films 13,29a23c22866ff743e86e6320c354f5f3de6c226863e84773b4aa37a38f23cd3e
Mdam,adec1deff007b2610505d8097f38ee8e905b509b845fee3d79a92f32a29b0f2e
Sputnik,72e0d6bf4deb649ddc9e7818f210f9dbb487eaef4a53a6262716887d0ad1ff71
Scarlett Production,df5c49a98fe2d56d57c38302890b7b31afffafe5d382bd6b0a00ab66944911c6
Sunrise,9c7c53e80a4e74d56bf54bdc6ff3157b90254c3a4dd0ecdfa11c7b855ed178d3
Copenhagen Film Fund,8a06e6a8ae25251199378d6374ffd437662ede03fa6f7693f6ee7e6c86ec2a56
Oml Entertainment,ca67a872a91014cfa3af67fea1966826e863385b36b69c093f32af3c6163f350
Blowback Productions,736c28324cbd083daa130d20c58e7a79089b3dd2048618fcca25cfe1ef639696
Superbe Films,16c3c838bba66f4f1da19c3f43cf5deab338319452393e2a0a8523a38235d82a
Shooting Tiger Pictures,1e457289c4cbfa33fae0b53b00a3842ad2bf2c9bc5102bd0d31b388206ac0d0c
Banjo Productions,fd679d1db2e7d34214e74d6a99814378ca79d66e4bbeee60a261a0f9c6e2f8c8
Cinéfabrique,784f1f50034f51e00e9bae3aed58f29299d9e978ee140c539af78abb949499d9
Attention Era Media,0e4a9036bd4acba2147c762c9e7f5fc3af32f53e21d9c2aed0500d7d19b68565
The Film Factory,937818e26969251c74388a32f9be31a4c96ae2864f1ff671bd75c8134d85a461
Szupermodern Stúdió,4c651c823dca6c1bd60efdddd92e662722e322a91b558c766b5302ba7e489490
Cineko Productions,386642b3a9f27ac160ddd18e8aa7a176985c73d24a02efb479d71273318246ba
Black Bear Studios,610483706f989002ef45de2d3feed31d62356e8c4972e4be5ccb2a6dd76c811d
Kddi,d65249aa760503e2bd10339b2032ba487e4080567e511eb7f7bc9ef7696e118e
Estúdios Globo,0e8badaa3451b514e55670d50c5ec9d4888bdbb2fadc3a1d4bcf012b5a6ad141
Trilobite-arts-dac,7a6dc6572cca26200a397c0b49c5e5ce3cb20f430cbaf4b79a8c96589e2c3167
Winters Film Group (2918) (usa),54cb39460de4cd8960a3f9384d70a9b162f83d0408645164d8615353f4f5b8ae
Parallel Films,95d663f62b58f73d54bf252adb08e22f047762c5ec8f9899fe7173ed222c2fa3
Handa Movies,50f24a81b6842adad706624960e2578dd456db9b60e73c11bb3144accd0e8d92
Mil Grullas Cine,c2f211e5ee81cd7b0e02df249797034de91513b1fde5b3c8431615832cabf6ea
Dna Lab,6d5482db0de2b1d047aa65a45a1d3c19b1c128b92138c7eb3ab8de5f485d9a70
Picture Palace Pictures,851dccb6703ddbc43ec40951ba70a207ffd8ba51900014662a53bc681638c852
Turning Point Pictures,54313186c40ff979d54b103827b3432e1fbd6f8efc8e96a70de6b446dbc05ee5
Cinédokké,10f008b43cb64363b40750bc5fd7aa68aeb7f12a7da2cdebf0e0afa7c246fab6
Fumi Studio,eb45abce50cc716298acb7447a174a2e3fe70b26f0c876c301100102f0295702
Made Up Stories,f0df4faee546afdb90ca60714a4e32a6e65e777c1806cf6d90b8bda09b186e9c
Full Moon Entertainment,7ceaf2f043b6cfbf81588a2d25e690e19293a0ea53c451478ac59c3eee28c936
American Experience Films,398a46d55103ea7171e105b632b00c3519cd7a20a17260d0939141e4df79b2c3
Riley Sugars Productions,d0823812ce17b4309968475c98dbd805bc85c4afc86c38883358d73f80f54133
Virginie Films,4c53924170974943c8629430aa97a36a489ffe38efaeb00f3c19bdd0d748ce4f
Earth View,d8710def63f4a01a6a872f0d5bc89c6891c7febddb5dc3a39e7e0e77c8a307e3
Biblical Productions,cab3f76951df312c2eb4a1d37d6a0062482870a521f43fa091a4f26ca4263c55
Delirium,f4ed6bccdcb2fed356619faacb429508efb379f0b4f67c327313183825a37bdd
Lilit,ab27dbbfe2d272a68a466df35d09a7a6eb41970aaa5de8e24604c23149a06d62
An Nam Productions,7456e1cef1f84a33ec0ec348b90652adb5a66a208188c625dc51820c5389d03c
Soco Media,da87ce43e5c04fa4864f6b8cf69f9593f1aebe383dcc449392ff30b6e395fce4
Black Label Media,46208fdac9e1ada75bd3cd2d1a911315a97c15958889ecb227659d0c5b3e880b
Red Productions,1c84023ea1f7bfeb70dc61c09048d25f40e7a523e64c107b3e6aa939fde8e6ec
Simple Productions,600c936bf713c038ee0da6fc3149306fc0b694d8c49ac57f8c1070710521791a
Bbc Studios Anz,55c36da458b56fea81872f499fd28ed5a28ac5ebeaf3ac0419f1c7500cb28925
Hydentertainment,3c25dd9342e51ed190ac1bba04bb484d73bb70e82493552873076e336766b388
Stan Lathan Tv,7fb6bc64d39fe567e8e5952b62cbcf89dcbb0c975a9dd3e327dd4b0049796b72
Absent Without Leave,81f2b142723ac1b127e03a6562856db6ff1461f6745db1e518ac7540206bdc26
Red Barlo Productions,cdb56b9a590f074961728c71e11c2fa1a762c6c149b2dfd3ed033f87de734add
Mompracem,b403ff398faeb8ba7b278071a0dcf046d882472e1ef111dffc445dfef0cd9731
New Rose Media,710c1d88041dd52aca8dd8b0eb03d8a89a2026cbb274eb759d7ca50e885beab4
Act Iii Productions,c4653174a537bbbfa6f94a2b1005fe938a4a524a850374ab5767d43c4256cc0a
Gearshift Films,72b88f97e3d5a7ff6caf697b49f15d040647e0f2191bbe7258f64f63339dfb7a
Luca Severi Production Group,afae38273baff81bf5d7fe82fc91585f48b467d3ab1fcf4235383d8cebf99dab
Ana Films,5845efd4d6f938700dd8eccd73d882f3d9b2c531ac1d2b5591e8e7d881ad5b77
A Production,792834c411cb30049f44406b07b9975b55a54599d890ee4ccc5f884056f5070f
Greystone Communications,0e45bf6f3bc1674edb306d96efb4684f91e5573824166264d16edacc866fcbe3
Film Suffolk,08f820ee62147ce30a023ef542e302f79481491b2c6fdb46c9399f699092f8ab
Fondation Pour La Mémoire De La Shoah,ebfcfb7a82d01a52a4df74c4dd42e94b0ce7f24c63d8a9cb636495c8c03355bb
Hwic Filmworks,5a414c43f374d968e693cf7e6e0ae4ad8faf2f2be759ddc48c5464d62b65f68e
Anonymous Endeavour,3b94b232fd5f4327445df99b4a3631627aa9092e31bac6db862ad293ebba8c9b
Sc Films International,520151d0a96666d6c82dd1186cc851727b4ca3b42561acd95f0ab63c5b7cf9fe
Having Me Films,fc74b356cf7cc3562c5c96736198932b9f8a4034a96608734f0f6ca60311cf9e
Jcaetano,a05707aea5f06dbfd60ec470bd4670fc88ccf4c546bd6e985c25b57f16a93d5c
Merry-go-sound,e6bedcdb706d60e7746a1e25276cde3ad718617f26443c9065d85f46c2f64357
Not The Funeral Home,206d12bf478093faa5276a6120eeae58769100b852ab02330128aae82ae1c28c
Trueline Cinema,a46c7dba9589bd6af76995519befe9551c633755459f3cbf7ec551fdd2448be2
Zentropa International Köln,f1c78c7253c9e3e697752caccdc761a071d31326ab2f5f27139f7533d0c3659c
Cup Of Joe Film,53ad94ae8fb93878cb5479cbac7fb8988f06d06905f83eb1e2591b0f64e118bb
Hq Marquee #2 Productions,9482dd83f49e3469610a75788c508433dbe8575bf4b0cdccbc8f3f274eeb63c6
Macias Group,0272bc23eb16a7e613b5c95810d8ffaed1337b5cab74030b6dd8272bc77817b9
Conradi Tekst Og Bilde,7ac4e58a4ab0a40b8bba15db0ff090761408ffacef125e73b0a2fbd0c24a8f12
China International Picture,853d66303bb635a3222939103f644db9bf434f5e39f1bcc5399d151c5c0ff871
Argo Pictures,e85c2666e1954133aff3e7a936621c8b6a6c1cf692a5652e76e328c2d2fb0dd5
Wave,43eb1b148ebbaca00a1ab56d5455f617bfbf90cd219875150300024ead1a6f4e
Marzipan Productions,5f7e0ef1686d0bb1813f03dbf01c3619ce752a9ab08ada9515011a653a896760
Freischwimmer Film,aa512548c965964e445cceab28b1b3ebfbfc1879178ea25de6c57d4e0238b3d4
Mão Direita,6b58ab95c24bf3c8652f82c99804db96528c01820f5812b6ccd610953e010c81
Level 33 Entertainment,5f227c17fe7e0b6e6d8f572dbb3599d1994e78f15d7c03dfbc7ff58551cac847
Sea & Sky Pictures,2fc1a025a71d70562be6a341d8235bcca7393e0786e69820df739538efacb44e
Emu Creek Pictures,9598e11c612f114eba2301c96a623e4deb6d228d06ec2a5925aa611db10ea086
Rosetta Media,cce3694fb64b7fc05a507b1ccbd3ee83955bf57b2360daa0a6aa798ed8c67ed3
Advanced Music,ffb968d654aaab701251e669d2ef68aeb4651805a8de6ed8f7c51c1a88d2eaf1
One Big Fight Productions,dccbed38a37a4108a65f1eb5f4e3dba3add962d98e2103ba2ad9eecaac7f8339
Blazing Arrow Media,ba638ee32bb82a8afa46e8a3ced2db94260e282cafbe031ab6cd06c57f064f97
Top Angle Productions,9d3caa348896b7da7c31c93f14662c9c12e0a1eae1c9e8f7365750f55108e53d
Ecstasy Cine,0e6d0a09e9ce84740a44f5c86c013e4121c1dfe5c3f09878a7e09c6e55f0c63d
Jadedbaby,26abde455c700d3695555d8c49dc66c0f7a9e7441cbb1a7dd50385eff3ef4e63
Sierra Studios,ac452f2c82e35f7bb2ad33c4835d79a2fefacd1f581c6c0ab5b407660399ab79
Twilight Pictures,1dd1a63567619c012db4ae7fdb90c7ae3f93f9f10298238c8a357658f8c75cee
Ulysses Grant Productions,0d332c316f881a04796ec7d5dd42401301b4e1c19b34116d687fa3f9f4293e0f
Ldrp,163326da2c4a4131f6a0880c0c74a904d6413b32cfdc9488e18abe44b74db6d3
It's Raining Films,621e84f51f529fa50d5cea8ecc182367cebcb55201b8dc15e5030fc4dc720d35
Current Pictures Sdn. Bhd.,bf6ddbe7954ed247bd1bb2bd84541cab8edd23d5e33de8416674c0188c7ccb12
Mark Grise Films,63ec3b8cd7046f5dada740d6ade1084519a6ec6f58af8d217ea65e07d0060fc7
Maa Chunki Devi Productions,ced74379dc3fd05b61d8e7be10a3f86931e329b66a59a6994759248ff94341f3
Warner Bros Pictures Italia,4f0f2aae42db5d9afed1a02a25bf07cd6f60f8c3bcd1b982a19f515bfda5a7f4
Arte France Cinéma,defa728cc8e6f5dacfbf4e6118ca85494de1d1788e878af92ef426e6bb6de0b5
Piccadilly Pictures,0b3ad7c01e7c11676a3aa9352f3850e70b7c8b6b9b4efd876b9cd485491a66ff
France 3 Cinéma,bfd23f1809ad08e7a43e94bf519ca7cb607f9e0a9fa8c5fba4c68a229bd9b37b
Bbc,39bedacffbaf16d15082395b5a3da4a4401d3cbd0f1c996587fa9df140b0a11f
Bord Cadre Films,15cbf56c5ab044d273f0e5948f2241f6e3cb9741fff33a18b064f88b030bc2f7
Atresmedia,3c40aa91e801740f17e66171dd7957d2540266df6176d5df8b0b46b2bbc94127
Pbs,232f80972ab756d14cc6a7169dcfd9faaf9f5a40f4038e7486b6d5bc1d0ebd0e
Rai Cinema,01fef3086f59b054984ff297b40f782c140c3f76afe81482b1fc08c7d8338ef3
Viva Films,947bd4a58de170ae99e618f4914bb93804460a70dbcab20881aa6064af0d56a7
Ard,1d8e42d8bc892df9aeb1c9a840c0fd42911a642dfccbee8d8ee59b33a9ce851b
Sky Cinema,4ec88fb0b239105624f09de7ecb0b74362b64cd814809e211b45c6fcd9b21402
Anton,42972c1b3e85cfd086628e6177d23a0a057132fb6f897d58d987995d442ace69
Canal+,c6966cb42a94f63699c3a801b01a57dfb81aebabacc7e9908af7471207a57dca
Arts Council England,897b55a8f0e0697187d4c280a1691cb3480ef1fc8bd585c4bc0222b56972820f
Zdf/arte,6be54ecf0ff1cda6195c89b1401a756d05b9b07e472a09d0dd187b5c78444ab5
Bbc Film,d76f49ad8e6ee588547416e97e4bfe04d7810a48625942d13b8bb1b0bebabf9c
Film I Väst,c77095503a1ef14a2b18442df7a7fc268593e73d79bcdbf7032824a635415de1
New Zealand Film Commission,922c0e5d73a9b0ea14c62576ca1693602d7c6f0133154deb287be5d6f58a30bd
New Regency Pictures,7acead62ee4a1d28d6768d38c7cea6ea7e8caf728b3c176b5f26905e756677cb
Pixar,9e7a282d12b2022e24bcd25843cea555fc7f1f5465ec3b573f32454741fe46ab
Last Rodeo Studios,60527f27b277160813cc2a3fd785d63f2d9fbe1394973821e62e226c99791b82
Anima,b406b28bba80edc56af1cced8144e4cb54417c7229b17aa6d3c104e2fe8522c0
Greek Film Centre,11653de6686fafd579115a318624d50ab686c0a4b5cd06c8269a40c90da49391
Impact Partners,8bf33cd0c1b695cde9de0e0b4cf55e8891b3c130e97832653e67832a997952f7
Taurus Entertainment Company,5203325dad0160fca7e05ccce4a6c35c37bdb6f16dde45e1464cd3db2cc4afbd
Bartlebyfilm,ea5c06f3a63b103cd3592939deaea64ea9395a4ed4f1aab674f76e498d629d6e
Palm Tree Universal,e09813f3a41a518b2495821e47e0d8c1856d60a75b33f5dc849e92a5a1ca9df3
Envie De Tempête,ada1c4cff25647ab3781df842e9488bf446363a20438da434f436cc51eed5c7f
Neshama Entertainment,d7f5422618751925ef022fe4ef4771e8ae0c0a23eca796ea2bdf20ba77ec1dd1
Le Pacte,81187f0f70c1352b56f9bb9ea66efb2478c351d35b0c62c11f26c199a3ebdd17
Notorious Pictures,8fa514653aeefcdb1a27949fd2ec04ee036ee1750ce092211d371016181089b6
Cj Hk Entertainment,7dca153fea1c40458a993d1117182f2c49d7c69390e2f4108e8359d8f9d71dd1
Josephson Entertainment,38c15c211ece88a378858fa53c2f2ff70549933753bd148079e8b3b57a7cc733
Escape Artists,1eceb67a98a58f19da4139e818ad4ef0d6c4e937169d6f2cf1b333b0b3f2982a
Cosmote Tv,5bb831c2a9684c0954e1578c811cce1e380ed9c70f95b1962301b9505d9710d4
Fidecine,5f33c04bbbca2fa854b75094f50dd072cbd0d092d03ae5e79e14b75a2f29de54
Tribeca Film Institute,e71102c263f5bedbc7255ad54f2e2bc8457b133772f6beecde8c1e04d8502630
Factory Gate Films,1ad08bb88ac3974963cd0cb24d53390a0c92b8b8c9db452ec86c4657192008f5
Gobelins,2906e85ec61612ebcaa4bd6c1fc6965b645ad1f5d6223bfa723c5ba505e663fd
One Shoe Films,5d5cc1a4c7524566159e1cd63fd9d5508965668ff24b86b83f9ab230ad705561
Mother's Love Film Production,955f92cf2ae58e9e89416578bf6a0e9e31d86c4f29e698fd2c6e2380857c8e44
Proximus,d3f8333a8d1f8242699456d1121181fe1805315fe8334cf861bab448ae5c36a1
Syfy,d6da6d1e4a5441c534b34406bc28b3ea1250de48bf6c89fd7f47e8e0a883fe4d
Lyon Capitale Tv,fe6a4d2e4a459950415fc67d6790097c04b6129917c3192a9dda5af2450db83a
Spitfire Cinema,b0f1035db3ff00a7d488110e1458e8bb076d4e9e2ac4b3a7124c29f3e244777a
Huevocartoon Producciones,8473cb358a05373c1d6308460a0f255c13d0c90deb2f1a5de0ae47fa948062b5
Pender Street Pictures 4,b8c15ee887ff0f56844c414c9d362f41ac24374da9e3ce214a70b3851c55ede4
Mobra Films,86a55676d695c8267c508f6372afbe1ae1f7b1366c15741cb58d71d0f8ea8044
Munk Studio,6862402b18dd6ff1c4c7d0b7ea1109087548cdcbd17e080e7c8015788d58d1cb
Dublin Films,670dbf448ee0e14187c613f622781bd9f3a45c442fd48726988d1b0fbfa64b20
Abundantia Entertainment,c3e343fce2fb3dbf725d2f101c1617b387d0d19f66b323133f146fb11229c6a9
India Take One Productions,8b703ab2f9e6ca4a4cf3c8f42dd66462db7b7fe08f39b52f4e6d3f6c9054ef01
Emperor Entertainment Group,9f755f18a58d56b7292b56ad4d3d4774bbd9e7002a8575cbc51f88d528f48244
Samuel Goldwyn Films,0020e4f68b98f6a1eb298ba1a74e0d832048c73b55bfb5b61b62c5203f83a984
Cavídeo Produções,59a70b3d5f07a30fddd08111b77cc4eb644e7d4d53424e60a6f9174db04f7cc6
Trésor Films,9e78b3a99e52e551686c992938867dc9950b813f396d906e86af6dd367f1e281
Village Roadshow Pictures,6306302ddd42ee02c2526f125391227fab13a47db9646d7812752992209d75b2
Emerald City Films,f5b38e01d7607b756a2602a8ea385a1b36e9e068e2478e32506da05edb1662ef
Lionsgate Premiere,005b56c56db9217e29d9d0cd10979adeac9a7e46e1b6e10e0f8431b339072821
Jamaad Pictures,7182b3a90c169ba7b583bc3ce3be176943189053aa70166abd88389398c1c6c1
Bold Compass Films,381ad67865d836280be5837c23ef84a16e72504c5b63415317a502fa90133552
Colour Yellow Productions,a90b0342a8152b153b904874eaf6877e25ebbdd5dad8a44a3b7b94a3cda99ccb
Foss Productions,d750d4655d42c2b53f42b77a435213c6eaad5933acff1d4036ea546e4f49e96b
Avek,8fb3a8bd11148e10a5a891dcd7d0237c3b34fb57e17e466772d916bcd933a261
Elephant House Studios,996302d315014aacb270fa81900260bec9a94999c167719d973befa897dfe28d
Mnc Pictures,542968a3466b79eaf4c0c48775ec5381b084e0145237c2aee93b57758b04a573
Bohemia Media,a6797230b72c0e6f8e5bbdadb7e7b7fe52085e192ed5b112b3e321e3f63574ce
Shadowboxer Films,742715118bbbff1774d73ab42741a7f9d13c9cbcfdefd2430aa1f40acf83d48a
24am Studios,c1ea2f96661008e9f590e461768e8c479dadffc250c999b4555524b87be69a8f
Yomiuri Telecasting Corporation,e9caf460a28f06fed03716944deb146886da0aab8433dbbe5483606dfeb98f13
Apple Studios,ca0220ee7a6364463086422c95267551b4119c243eb1bd0bed900a5a36b146c9
Allfilm,d6bcfc77f0e3e72b025fbfd34ae9e992514c533296f956065fa88eeb36b65a9f
High Frequency Entertainment,c987b192b5a51685b4a8c6111239bb0ce748d522a1124a3c118b2f0a8a49888e
Ten Thousand Images,09792c47ee0a10a4911bc72a3b72b8b9e4ec77d3041a25fe0fee72b0657ba2b7
Madman,db6881274c57cf7375ba314247e1f82b13cd115f7a6204b07307f685d55d956b
Canal+ International,6e5c67a9994eab751ceacc4212d6902617123424ff056ce2823b498d47f78150
Marv Films,63be228ede6e588546f13d56fddd3345d2def69a1fe3c50a4e8c48a6c0a7c581
Circle 4 Entertainment,dc358378880c5f9cf74b5dabdec166ae0c50277426777a99021472aab448d854
Ravir Film,f6ffc1e23dc3240f15496841484f858cceeb40cc3694d2e6a8d9ce97c6d0ca5d
Alkatraz Productions,d39864ad3dcdba2166d922473914783aff5d5dc052cc71a8152eef02419ecfc7
Emotions Films France,018ac84e16803f74becd0cc92461d10e1d62e59f95a33cf2111445ab6aae2944
Sparks Kft,4719eb69a4d0197d54a865b7135e853bfde4c8a9e59afd9501d066869a045a4f
Film Exchange,1a16faf696f59c6687311d0f15a9079d838b672634b0e652a9f7dbced87c7044
Studio M2,b3bfd7229fd1d770afb8b0a432d1800a58dea114c2b2c37339332ad8a3917f30
Intercut Capital,c3b8e26118946f456f8f895be7d31051fdda7fa90ea7541d89c40ff9c1682816
Vajda Film Ug,df25917acf8ca369ba232d836e9bdad62ba5f0534d37775cc9b8b982587bccc1
Clever Minds Inc.,9666b8c7978b3c16a0671ab5c539ecf2e484194561fd045eff704ba407632f01
Fog'n'desire Films,4dcb41eb01ebc66a2d9db89aa47fe7870d38b6f60b3cc898120cbe35bbb9dabb
Casa De Cinema De Porto Alegre,510d9d6e8be1da3058858caf277715a3fee3939b84e40a733e9c8000392934ac
North Hollywood Films,aa3abcb828853547a4633a81200205a09d2ee9ca2c589dee034ed798fbae85dc
Make A Film Foundation,2bc5ce95581f4e93612636a421e46be80062ab2402987e628d22eefeb73d5dc6
Artikulacija,41a66a55cc9f7d1351c0e00e73aa4792a7b1cf16fd2db8a3a54de405fccea112
Esap,52e4376d8177ea25dac674caa1e2bff31420300a8cde78a6e22c053b363f2fc4
Wandal Production,8956fd02ca745c2dd65f04b4a5f06f9fabf0d93389e5928ebd6f49d465be27b2
Mizar Films,e87b3aaed5754e910323ff3c34626f69523549db6a4149ff0e4ee2ab6e91a4b4
Afterburner Entertainment,78f02ee07537510bf70568a04e686bb63301713ac3df151b2cf516b78620f508
Nanouk Films,805fc0f1b35494213fbee91e5f950870b822a180c6d1481a64bbc93f0d1778ca
Deakin University,f2dcc8c496c66801ad48334a9fe3dada24323a002c1cbe9de6639ae71edd1228
Abrowngirl Films,e6f346b23d5636bbb573a125acf09227aef22d920f6280babc040a42a9185c11
Cardel Entertainment,749673f139455126254156f7bedf520db600e3a29685f6fd5a36833cd3d10e07
Curley Street,1a6616bd78f976a089c1e8190a6989839fe66daa8b46606d233e8878e1d60af1
Cinepocalypse Productions,114aabf7b8c07d535852c8effdbd25db1f3db66b81adbd18540ac10060f76e57
Marfa Peach Company,5f53e1987bfe4e40d769b3bb29fa582bc599c0b75946b944019a21841119932d
Prospekt,ce0fc1ae49156faa6c57f1b57cd10576f51fc31042ed10adc6c7de14d7509d93
Y-films,668be91dd1b827e11f83ba84601b3b5bdf9d458b4030ecabb361c08bab53f913
Extension 765,718a7c7ad7ed792fdb66bc4c890ae74ad880640cfcece4a90b507b170e93d21d
Flash Forward Entertainment,c61cebf3ef9b28ddc8234ed03d00b8254b1ef7c3ada1463023eb79856003d130
Santa Fe Films,b03a1b14eb7b4d4aedfb87d85093b92f5b2446716cca13351e3ed62d2c5a3a08
Plan 9,3614397d19df9d25027ed39451c5b8b72551820ae9cdb0696da1aa2e2046943c
Cuprite Productions,844b347f574014bf50fcb5456ae9a7655dee3d6de6e2e95ada5f77a18cded166
Rossofuoco,ef871320196bf110b7f0cb2b875a840c0fa45cfa5d342163565e7ce7f9eccef6
Paragon Pictures,c4adb14c454bbeb74bbb4a7fa54ed6e63c9f5deae50e83c3beabff2a0a893d18
Brutal Media,1b358c9a9903d1d7b412b0a1b53074b04b23c0280ed625270d8cd3d5b86d820c
Westwood Films,cde1e431808c214394dcfb57934277bfb72d1726734060c123c769957f06ad27
Ocean Blue Entertainment,8ae088c54e2b5128d1de7a07afcee2114da82f83b63c27dd68c19284ee40ebb0
Quizzical Pictures,4dd64dd9ce46dd12e7c2b8227ce758ceac13ffba011457d7b8702623e96cf323
Saco Films,3924cd41b323e917e49828ca1a34c21e6f4dea79f6ef931b85a2db9a9a2f9f6d
Rhoadeskill Entertainment,065a0abd0e34fbdba01a4f0b7bbaa9eea6842bf455670e949b2e8ce7f5643bed
Malmo Pictures,b743263908928d2c9f5637e59b04dc7a929918af764b3a15b786eee387290603
Uproduction,c5f93d9d259d09dfd76d57566f3647fa2d6eab207dfab31bc64a76893df7875c
Driift,3fd2b32378b09f9010b0ef8d60da266c0e5ee945d901fa086fada4a46b96f0ce
Native Movement,47b2442df083bece2f3acfa9cdd8389989d31f97bb8faa3c0492530fba6f2a44
Set Bet Set Productions,b2a9944e187767c1eec8d26933edc721b0a99578175e4d763587d55dbe364431
Alpha Gamut,79fde12f00f62f744771379dae1985e8037e219542785df6044173d34b55591d
Fremantle Media España,561249d7b21e350c71e937235cc7303029942932f2167ecb5c568e0993e1ea73
Cometoland Productions,8de8314e7c417761cc3715e03413fd03a90507a5a4ce18b5cb950f0da57f5b55
Cookie Catastrophe Pictures,3101fc6dd9425e28e3e042df4c178eab762cdd285d8745ad9a659ceedae91d88
Popcorn Storm,c31ca44d3fded8139f0fca89dc0b7b5cad6ad2f7f3e1aefb7f477488709a6713
No Sin Mi Madre Sl,bb539e43d50804370e8dd99a344fba5b75b38021a2f46d007bec79b3943812db
Zusa,c94da1e56c174fdcd98c8157fd4eaba14a5bf6f49069ec1bc101acef3a32de13
Open Secret,9591897e56912c183e788b5f3b48021e2218ffe284a4bcb26b8e3d249b72742a
4th Wall Entertainment,58213bdb3f033862116a8ca9e41d17e0d7fef453c230d69135bc91a72538c198
Goodwork,d43c3fdbbb506ce23a50916d3cc7e401f055b61a7e89b18c77e6ebb96971acfd
F(x) Produksjoner As,d4ca33ec401726acb4caf953e1cf86d8be7520656882258cfb84a96c57fad5a2
I.a. Produções,a4c26c6e33274a91ae026b10a2098f453b3eb2734550b9c88b58bfeeada089bb
Canadian Opera Company,13a61eaba21f01017dcafaa04021bf80d6920ffde259ae75ccb8b1c6ab706b03
Mojocreative Group,443270c00c835720869b68307ddabfa9445f3905a164b59b2345fbde9ed817d3
Jed Riffe Films,7d5a0fa8de1ba2965d83b6ae76489fd4089988ab9fac9f7ab5948d069bdad7ca
Sixtine,0e086c3205069ee6eaf1310717795733a1561f0cbccc1bdef882c2cf5de8e38d
Gerson Productions,240406c252bf0a8c191c9a1c4d58a9537266dab2c787b26eed9327c0c7f1aab5
Wojtek Animation,00ba3b5dc3f909344acf1e4ac247a137786c70b23507ca889dd64f164af03aef
Studio92,45b787c3b43037d1423731c883a89178a30df2a24a19936a615a60ec1d9d44ee
Switchback Entertainment,20efd63597637466876cc7dbc5c4884d4d9a3f9a194e4e8edc81b560a3b83838
Les Films De L'après-midi,ee653ce0727dc1567b854a0eff111a5c88b10ce2ae541310d71ada9d95864aff
Tsg Entertainment,6fb605a737a6c061e2df4187d3afd29319808db678394fb6b95e040887419327
Nordisk Film Sweden,04d69de2543b1143a389b00e813d54fa165b03e4ae036ea5a74dad7e90d3e434
Cape Of Good Films,7a7627ee63d4672f8d561a3293bf131a8e8c1649c0834e9019125e99102b2842
Kion,9a6fda5e40a8de02411c9642d6b89f0485449ee3bc6c9c57f8f5f4c218a837dd
Star Studios,75903981f4b05dc8dd2dcfe03fde79e2b6e62381ca90d13e944eb757b374983c
Marvista Entertainment,4869ab33f984c9100c69222c053693d17d863907941f28b045df8ce385737024
Sakthi Film Factory,c3d88713f4a1652652e6054cac2b3b4a145a139837b38d91db4529816e16e18d
Motion Picture Exchange,3e8cb8cf497669b961f69cdd99b12618981fbcc3b894868eddc0f6ff6eb4ae78
Curiositystream,99794e203875b2db204cd75dc0136b3fa55207a4c76f66867f2bba2bb2ffa303
Vivamax,e57eb46a4d6f655c774113bf37f34367bace91c7a671e551dec50fde472c4acd
Hp Into Winter Productions,d1d917d489d1961841580c5d4b20bebe3bf47399dff9f63afca8d82ac8854b34
Brain Power Studio,b398595a058c5192115ae8f74fcf210cf9243e2ae2a56ff20a3d26b270c6ac32
Shanghai Pmf Media,07f6a8b405ca2ad770daa9afecefefaa8ab37d43daa42dce37fdb5ef182fc87a
Sparkle Roll Media,64e986b3ea9953fdbb9c39e6a1f59f585813d2d55b20767129f963f0d4f238d4
Svt,08ed1951278c5b0b0dec43e2e0ac2fdb1c8c806b031b4b6ff8741cf753770d19
Warner Bros. Animation,b8ad8dba0adf2f7ed437ae4ca9bd4b29dde20e364e6e3795c0e1d1f4e241df50
Red Chillies Entertainment,96f4c5d6b2b1f3db020cbde8ec2f2cd80e7ba5ca38c0fc3dc1c3cb0b7b7c25d2
Cinnamon Production,5a0e2f15f7d0e2146546e616987c004ed451326a18fcc74e6b179c54defbee59
Star Cinema – Abs-cbn Film Productions,2a1b8d07f6fcc03a5d1c19bd222fbebecbe7a9d18bc35668329e4d3f75a7c6e7
Vertical Entertainment,db1b4a093ece444670cdc2ac23ec2605b0fde3a628c2d826d7b2cc9d35820876
Fine Entertainment,cbceea9fa3803643e89c458ceed11e5c153ebfae453b16e72d52c316eab19fe7
Yzanakio,7ecdaa3e2bd4972075588baf38dc43cd4abb77b0a62dba24461cd071f5cf68fa
Wildside,05eb2aa0f0ad6dcebc1f0aded68c227234cc84f3eca3ba1e77326adab001f14a
Wtfilms,d80af7695c9dbd49c763b8a025ef471965560817bbc3c40f9da57e6d0718c41a
Fahadh Faasil And Friends Private Limited,21ab108ff6e3df91f2ea6f575f527c995387280645d26a52367adc41b603390d
Strike Twice Creative,ebbc624f34722238dcae0a5faeab1943d74462d783ad2a0e6e08b92860986cbd
France 5,ca0819a5aa6cafa9b7b1688858c8795840a816d98bf2411d7ca8f94b29cc1cef
Reason8 Films,f3f7ce75c3bba196cb56b60738a87ad9ba2bf441faff5b849c7ec31dca3052bd
Malvalanda,366e0221bae20cc72e47fd1e05b7b2dad048b51203e34496f121811b50230ec0
It's So Easy Productions,335b9dbf6be4b443485f74ad35f5124861af2cda471b1f6299404b1b2fc6a313
Lucky Red,ba766324331067cce1812a400d86f3b44eaea82ee15b88bf57b4974c205f1383
Sr,264627804ee7d36d353c5b8a7fd83380b95e1bf4e6b4ad734a3799c2fe3f68b1
Lee Daniels Entertainment,2c692271404b59d28299f7296f3e9af8a68d751f4104389947c79defffbad289
Amarcord,5c0313113464b1e421c8a2fe3ff4e04c38a95de32d7076771a187eee6d60d6c4
Dig Films,073faac19b5afb17b493f9d9c153766a0d8138342edefcf1006837942caa962a
Vmi Worldwide,af71fcb88145509015dbdcc15d62e00d1e108f68ba6fdd998aba075daa899144
Azion Cinema,74d8a371e2425f61f65d936d3fd8f71ed11053600342d9806441e45591c67590
Raised By Wolves,f59bce3db4d64485bc620d7b4c74b59f2ab68a02b3810c980abc8321a213d7b3
Den Norske Filmskolen,cb5db871beb0aed703dcd9df40425ae683dfd4ba874341eb8f25e328295fc954
Abc Animation,e55c3d2fa107f428b1eef34d6e9702f145e53dfe6e931c373c139de9f418a292
Rubbertape,e72590a19e76b4bc2d153ccdbf9b7b4f64c29f2c7e3aa313d560e59e61613ea0
Certicon,4bb8df5d52c9038317f31f8f9a138c734a95d4430de689b86233e202caeb6e9a
Burn A Light Productions,4919889838418434b34f8e472f263d6226d08e25a16a95e66f98e53b4a4b6155
30west,1d7a1b15fe3938ebf43fa746d226ec777b1db0e17fb4956e11ce03904a176f61
Dsp,8ef087d096fc568c5dcd966efdd799e21fb03fe5438c6a76ce7a1e51a5738d2c
Dunk Films,c7830e236f58a8789c04821329f0e3888cddfc46a371b1f5133adc956bf2fd78
Elo Company,c5fede755b9216a1ac19d7dc9bb8c887f52e08e877b0abca2b79bc3b9a760b32
Rovio Animation,8784ebf51725f52ff7cf8c5f02fc207ad7b3b4cfb8b695f1bb5a446e5c322afc
Beyond The Bridge Productions,3356d748c612036e5c871a3a1586fdf1de81f53c8215ad84bab3a7720b5c380e
Tucker Tooley Entertainment,c600e76f0d036f5cc5f9cd492b0cedecc7ddc560d0356a09e21bc8efecfb7e6a
Shogakukan,637ecaffa496f5848dae02f08bc882de019b78a0c34b224f2aaef8b6528ebfa2
Regione Puglia,1fe001033883dc2d86e57acf3f5486d2d04a65ede399507d48a21bd135e86b15
Pop Up Production,1f7d57ca71605e5db291958c75ddeb2cdba52c629e9da5a0f18a73512fd33214
Unafilm,ac730416042c01c647e747d4beda7610584061ba1592d5e7d95fef6de3e10166
Filmmaker R&k,845a725cc940469d952af34da471cc936d22db843872feb0b1e19f173415f5ab
Media Sub-programme Of Creative Europe,5d980fa017f9cef35cb85b4a771c3db49af6bb36a3679e0d160f0b8a2ae21b6f
Rapid Heart Pictures,588d25f5b7bd4a5a62241d383e98db146aaaa7eb2c4123e00eaf3ae0621a9d81
Bad Crowd,ba89eae8886fac8b5e525fb2d01d81dd2d78f27bfc4613e25cb3f1a6de1291e4
Tractorni Productions,ff1f1ac49fe1706dc4289d6cc8b561dc44c99b3a58719fe98ec396ef3fca5406
Red Star For Film Production And Distribution,7839ec47d4436865e4a9daca301eb58fccef33e30b46b5201ff354824d91e596
Buffalo 8 Productions,20c5a57d04ff39c35507b778fe6a348fde30bca0ca841deb75bf6c2a47d65a7e
V Creations,6b612728eff981aa6ba3ebfa353aa7c531cd858188174c703b5e8da3d6682ddd
Blood Brothers Productions,cb6f982f3e78b194d6887eea20e0fa45c804e958874b45691bc7aee0b54ea6aa
Breaker,e1ce2aededfb9f56f6e62d3589a1a3ff2554efe81477517d3f07bc5f83cc14f2
Spring Pictures,287cf6aad2ea8875d9801891c72d6a5d872255c88d00d59621bde9428a4078c8
Eat Me Films,f29b7df86c69986f4542f565ee8e9ecb7fda7bcef8cceb89d2a025558d8ba27d
Chaos,7a85303a3ef2c980b2c41224cc608c03ad5069e2c959eb413e99de373c36847c
Anvil Entertainment,5088a750fb0277e3ecb86a084a8cacb9facc596b848a3c753005638b377ad310
Bravo Charlie,a2cde3dfee8b16b1a6d0a6cf3dc7bc355c1f67896cc995c10e7eb4ce3f74e9e8
Zodiak Finland,9d9e576c5ffa07ba372a628d6767bab4f96f25cd4cb5cdc6ad066311c2c8b648
Fourcolours Films,6dddf2f3e1d7eacacc8f97620bb440f3bd59cc1b71d0cdddab08f621cd2876d1
5w S.l.,065f622ec4ea3216d03fd17eed65cb8b26692eba918631865cdc1a55751ac5e2
Abstract Entertainment,1154067ff8288ea8788c17c72a528b27548fa61d5d71c5bba0d154aa139cee0b
Filmlawine,82611a231db280083a4bc8ec7a3e64394b6a3d95af73c650ee8056106a34f46f
Renaissance Pictures,d6ff8ddf105d48c03bbd62a5780b50dc3588fbef7553671865ebf1fe3cfc0d70
Jmh & Filo Films,2a4dc5b10dcdd00e14c8987afde8264bd097bf00d94ab8a4aa661cfe56029996
Film.factory,2f5284f4904c1a3a2552d1a544083c1c4afe11acd6f1186702bd044021c8fb9b
Les Films Du Tambour,d4f48e49d92b2112852ae8e8f4c552504f44a7e0fe04d41602ee3dea9648e7c2
Pool Room Studios,b817ef362b062603f0de55230d7cd7e07083aeb29973ed8c857534dd76826be8
Guerilla Films,db4380af426f84a38c7aee4e7cf491cc612d936260802f0a01e5390817455a5a
La Lupa Produccions,550082b1688c395ddb36f53ee29ff2589374e1b53d972ad918599b932f9b6ba1
Terminal 9,d2bb63657e055b34ada916e896ea015e6821270ba9f260d3cf2fcb4f38392e46
Premiere Picture,0c0fbf484788b81f2f3c61381f27235efac14358d93351c7f3c40719ef26f794
Forum Ljubljana,f72ff8dfab49a91f70a5dfeb56affbc096cb31076a9f71342cdc95a2235b00f5
Yash Raj Films,b6f0f9ad5284bb97b6855f9d0c71844e2c5de4b95f08af4e82a6b7e3da556052
7 J Films,674d6b437aed7ecafca39f993f8415bd2573202d1a5e3cfddb02f2636aafd9e9
Formula Perfecta,6265a9a562bbb90737a8b3b947c7b3e84d6d05a38b4f9143cf7c605b05e00fb7
Bonfire Productions,e23693efea6bc0f74fb88856a87b757452f0f43ffb35d2508f1cd5ac987dde83
2r Productions,6b89a96c7777c8f09a7e927b4e91a351faccd8eed75e135f7d5e9663e61ca456
Videoland,271faeafac720205874533794b450ab446464900cbf13c04ca5464f582a06340
Kanal D,2d07f7324c1f0dcc10391e3fd4776292a4f8a8d9d461f50b115e6208f371e611
Jr Kyushu Agency,530792248d956cd9d60065aed451295ae61ec02b237ed5cf2508d59bb5c04768
Lucid Visual Media,bbaa4d9101400da25175cabfac68fbe8bd2e6f2bb453c8a79f866f6d421672a6
Pick Up Truck Pictures,de8d56a524a6f9d85d2e035b6eb98c130307219e58116869adda60091ef63c9a
Nordfilm,4d65a253a06dcf932d7a13260042194ec6db7a94f83687a7ad6c107eb6c0892f
Film Commission Regione Campania,93dfa990da88b02c988545f86f2310402eb1dee26614770e73e54b6debbad1b5
Bleu Bayoo Pictures,eb89bf28a3cfe90595bb31c33adf09666949409a621295b7eef47fd24896cd76
Adenium Productions,9c817b57883b6f2124af597a762a5d057504828d590e76f786b77186d5521e00
Shadowmoss Entertainment,3c91fdce4fcd5dbe65fefbd29a6127e2603d9945d3170312fdf094b972547370
Lekh-haq Films,81b027399e50c77d18cf47b490dd7bd7db28f9e21364f866830053f8a3751cfd
Augsburger Puppenkiste,e3dd78fb9c48fafce3874f0ff8b1c477fa0e0ad9343330916cb8aa7e7c68b5ff
Cmn,2c7c97ac78851698161f7ff89ecdbda06eeaa148bf30122b9efe3687008c8b3c
Forever Films Media,18cf7b3deccf4328889742ffba144b5b5d16da052d112dbc975f81d49fcdf714
Propublica,5f3b1e0d0a9eda384abcf82d109450adeca657d4c60c0150b4b62fedaab91a71
Inopia Films,cc207bb560a5556a357f8c904d92aeb7351406d56df3e14911e95fc1dd88f75f
Fraught Productions,9f20415f35e94a61327a87e7aaa4a24d0c8e764b43aa3e8d37bbbcb132278405
Wild7 Films,1b50064d4955f7f4af2ab5a60d90c27de8d482846010de4f960f1d824f54e68e
Dream Bridge Productions,8654fe730befeccdd23cf688b890670e88f6e410888abff085bbb20d16180088
Off Broadmoor Productions,9c00c4764ce521e29e6a1bc9c20bbad4ba4992e6e389022bc78ecbb4bd2009d1
Objetivo Family Producciones,0717b9caa9080f97870dcb3d68d457a4225c70f1f96acb1e9d694cff8879abca
The Cabin Film,ff8b483c3feefca8dbaa7fa5f018ada3b60402aca8f89513ee4eabc3afb8a448
Sodom & Chimera Productions,d9d07e97fae5455a0f0cdcb1f98c19abf06071f362e2197743bab9b7b032b301
Ha/ha,a8554668b3f79d866c36edf8a8a639a03058b567cbbd508fbd0f3125b717c5bf
Halehouse Productions,72d14d3c5c0dc33a181a838954b9f4804e222e783da3afcff77f265aea0c4cf9
Inkwell Films,e4d039122d5e0d1a2f54434daf48ed3c4b44c389a0ba5ff409c41307549c09fb
Vikram Phadnis Productions,924e7277ecf4718d1eebc715b79f4dd51a76da0b3fc90065ffe78a806ca71d3b
Saberspark,36881ee77deb03dbc2ea2ee5b12e2105fca2aee763fcd7ad9265a8911833d119
Stanley's Deathpark Productions,b15252bbca4fcc787689f9d593ea311c877db5d8f51c9f8fd78d64641c7ceb7d
Art Schnyder,6982340e7d254c572c975b01459a7151128a95882f5176169094878d699baf83
Broxstar Productions,1163abf1a299c8e49eb195759cfac0d2452bdd08ffc9872c8b43e9092eba75c6
L'atelier D'images,ef23937a63e95948d27eb1cc5b90cbca7b37ba3f82a8df607c3540829dd76f0b
Nordland Kunst Og Filmfagskole,9ba4c9aa4e9fda7c14eaf4f7cca29013fe93c1ef6909b04637678dafae93d293
Mcgregor Sports & Entertainment,cf073f873dc9a30121d4cfd5d43fe22e58c5780b160e21b722e92925ace45949
Epic Pictures,4f9381e0a62728f25da5092233ae6b7d24c950ddfc856f0c5c4976e97a36ff29
Malar Cinemas,6b98b8fb3b1c6c0e036a17e3878a2061e282f063b6c277bb24d7272e1063ede9
Motion Gallery,43ce105b7047cea4dba2ccee8181211c36332285d63aa10f82bb4345bdc24278
Lunarsea Productions,badfee0eb4c0bd86f446508cb38d516b98c6e99dcef58f28d45c10f7a98f7b17
Filmastra Studios,d984d5dee0d5708e407380121644d3391a64ac1e1c6d48fff37e7f5682138b5d
Lonesome Bandit Productions,65ec2f64b98a08353494bf75b5e2d9a86f73ce011584409bc243e6e646fb7c90
Oh My Dog!,32a5eaae14010417286d34f3be3d8ac1ddc75ccf98a6d0852484e9616dc3fd16
A Geezer & A Blonde Productions London,dcdd59fa11e3efe60f0b27b2c75faf861ed25162ebe220de5da222da516afdf5
Games Workshop,5cb9559af5a8c3ff9f318247fb3e1fbe3a4f417aca89865ea0c4403d2f7b1300
Rakesh Raut Productions,d1d80a5db172b1d7240696de1b17f53318e28d23a28958b23a59687f7792b549
16:9 Cine,7b313bafe1b805c1a2d926d9aa70884b9e8be0ac2052e1f757fc839b6f4c69b8
In Plain View Entertainment,2383a21df4cf408a1e4cbdc0da8f60882a23489d486d50801b7a6a2a7d5fe078
Whispering Walls Films,d667da01caaed543ed6a7095d3d6f1287879993749a82b58844df3dea3591b04
Faos,e84b677caa81f0b2ce53a732ca3bd7b20063bf05216e1c19967d2e774ba5e65b
Famu,0dfc9622d25d510e6a86cc7c9781db222752c7496d4454bcb378712c8bb213c8
Arte,0bd3cf693a4c06b01ce1246ea04a714c82388ca8e423f733f00a5f70492ab3b2
Transition Pictures,f1451ca367ed844289f34c2db6b62102ff05d13bee309cb9a80573180746a706
Keyfilm,99faa6071c92e503e7b86c3aee9e2ccf6b276f63a17b952c1cb0cf572f900ce2
Warner Bros. Pictures Brasil,e933c671265aad4f24dab683e308468251ca58b0325dfbb406ebd0f2bbea6559
Fenix Entertainment,9015275151b669bc18e9b0f40c1d5412f938020214543eae52d33a7699daeced
Regione Lazio,7b0ed138c8829fe3a3e8611c1b38f3be2e287022e7c1c27acb4e779082723519
Imagine Documentaries,cd4cde19609c35ac75baf7474d08eb9d6cb559ba62144bf8b11719923bc2cc8d
Legendary Pictures,943a56b248105c811d4d16c693b090cc63e2289122fee4b5674550ebd9c7cc8c
Oxford Film And Television,a8f2fdf6525b8de6015db96060b5566e2231be27a9b9606061db682f7bc929cf
Irusoin,1b119a0b268a2a61af44241c393a8651468e3dac03e5317b7b75844dd51c279d
Artemis Rising,82882e5e6e996f1b72c26893bac9f136b010e0be8e0a25d73ec8481e18098bef
Synthetic Cinema International,6831e320d9ca037bcd19f601c5eb95567078b692a391db74c5319593f3eb3add
Kunsthochschule Für Medien Köln,29b67c82d0cb4c5869bf9693fc6fb915ddd872443fb6faef1e6f015161131bb7
Luccas Toon Studios,4cdc623d33461a220d0bd20797863c07c23d253ffb64299cedf198f0e32c329e
Irony Point,6fb5c5fa8467949b0d6270bdeb31e327244e1ee67470921ea9bf4b420cfe8df6
Picturestart,bde7223b6642a62ffac5efca852e53b5ea1af0b9feff2023bb796beb6e65b749
One More Pictures,9fa672136dfa64293311c625490bc38003ca38d77c29983c50b3493bd872c839
Automatik Entertainment,6c4448dca60132fb0aacd7cf0296aac7adf5a25cbecdf80cb7fcc06aef8ec579
Clase B Cine,b22e205df02fb0a81b9674b34a8185b9d57b304969a64d8f69c81d735e0db993
Bh5,ea071e35449fa46fe3cfa851f854bb03778916741918f6210937755b963b583b
Anonymous Content,c3a4e00eb0065f11c0a8f58dfe2900d758f3d5561bc9422f16dc79aa6171945c
Ministry Of Culture Of The Russian Federation,ab325ade5bafe4df7242edbab4d07e059fc5047160ede9e55fa306a2b29d8ea0
Blackstone International Solutions,241d177d7fefea5277085cb80dfdade77da0b88dd4a3b05bdb9b8b1e6a30b146
Campbell Grobman Films,c527559859396bd13bc1b28b3246a676576ec781b33d02bb79597a7ff0bffb58
Passionflix,847d3d84a28716c93c364f81d37555597e2c9b76d053c6693ef1601a0ebf3c18
Cimarrón Cine,b9b095adc0db9babc8e9ad74a385f04f6477e89a2ea93b18c4ce619679e9bef6
Wild Pacific Media,5627b41eb348acc7d12bc466c9a9058d0e0329104caec0706557a747974dd19f
Humble Motion Pictures,c9dc109f32bad5a4ec764dd0a3f810fc3f3b998aca327a2c0866645b31770281
Monster Makeup Llc,a12657c43c7bd420a3065e9a89319ffdb6c7e93f99f02147c608a7bb7e64108e
Generalitat De Catalunya - Departament De Cultura,ab2f924ce751e58b180dfe53b60be0869a579c90e5c3ef4c7328f0045ffae7af
Bamf Producciones,86eddb08c4d8e88bef27f0400bcc2a106ea9b82aee7470b1baaa3c4bcb2c989f
Look Film,319f46228a5d6a15ee185e246eb65241d40ddce8bfcc40da2fb9080252ffb97e
Fandango,1f2a94881eabd427de1fc633c4e24da0b4acd2bbc17b060c7e258a3feb281c1a
I/o Post,60dd28ade3d468ea09fdfef8d4136ad04bba1c6f6b721629bb690b0001bff231
Tmz,8b5ffd80273578e545e09f5165147c226fd991117d5565bc03e838e0a6e8fc7a
Brink Films,1011fb1e87a322427afaf7691f3e5d36459983dc260debe467de6c5f67a1e91e
Hartbreak Films,f1e9b6e6748df9e15ff1e392c299ba64eeaa11b2e8b36c1f4b4741aca9317298
Umbara Brothers Film,ae0ccc3e67c9eab0adc339323d497ffb48061a78581dbc0a16c2382e7d5080b8
Rakuonsha,3aa834aa16d73908c4cc01d4ad89ad232b706bc00444f04e7abeb171c6d8f99a
Play Network Studios,438d2ec5543cf1c550e07f4f4742eca34b24206c337934f2406b5b17d49845ba
Minifilms Tv,4309a95701f3c584c210cdf327ca6d87b1caa006b3a151a8b283b52dc524a918
Olympus Pictures,23a570ea64a38de452bac392799fb3161d61a8afdc0cdbd28545cb8e222e01b9
Deal Breaker Studios,06c35754d06ebcde2a8e22071087b09d786b50559cde2debe6d1a870cc17b164
3 Arts Entertainment,ffe200c0f88f8c612b067b5fee6ba6a8bb9c4d33143f4aa7823bfb1db4085572
July August Productions,bc1594252b38d8f752a56a7f20a6bd84b0564a58e3fd746f43e82f4b2c777ad4
Genesius Pictures,1aea92c6f72b45a80e63e78e5084ceb7c96d3716d5eef5ee6433196e9fed3809
N² Productions,9b96417ff57345186010de0b0504aa2ae733eb9ef2a9aa57f9affdb6a629e5aa
Northern Ontario Film Studios,4a541d635f11b74e58daee99d9e55c7cff2c1ddc27169b4cbbe4e9bd0007f781
Incredible Productions,05f88995fe2d345a5c14b184e541179d6bc78000a003e4efddbd1377fd58d5e1
Office Shirous,79ee2279297b6eb9cce52a68feb319e38cc6220cd5ebc560565be264a49a5c33
Akanga Film Asia,b7db83593a9ae690cce74a13e5b06ba4f54583f48cc4e4c48ded1cb6dd59c922
Off World,535eea8fd0e588f17ae0ce77618124fe65b68a72a08abc54f3dd07eb5f8146e4
Gap Financing,d72d7017929d859c8ca9e30da021870f8133fb16d89f4075ecb5cb639692b31f
A. Film Production,f57d838c16bafa94694fac6e924a1711aa1cc6ef6e3e76b1213f67b083b23673
Match Media,52846b08df3ad05ba3c36316e903da5e844b386ab1554c0802f7f74a83499de5
Disney Television Animation,128816dd3191a0d4d060b7ddd526d76c908ee8ccda6e4ac029a0be2988396a99
Rogue Films,88ea0c2562991d906fd3540b3a27c654397249ee1b54fc885c01eab1b44cf0e8
Marmalade,fc83a09f57a2ced8872ca9894395f61b00ce216eabb17cd585da601694416552
Dev Entertainment Ventures,96433d2b2193a288738356af23a79bcbc864ced400db6669cc441c5b1cb06956
Background Films,f9328d70a61aed22aa90f9ec2c154aee4c7c1c14db01a5cf29baa8ed25ef25cc
Seriousfilm,35e419767d69845695182753d5574aecd87af469699210bfcfdf47b5f600e119
Coração Da Selva,6ea34f519832a4ea26ea39d745446d2e7c5898b2e3dca60888e6e256d6811936
Wanda Pictures,21818d2cc5a9ecb7c1178faca1f1ef62f7589a5edf8dc96a4662ff17e98313eb
Genco,73e430539e4ffb6885f00d36d7d6c7a2b040a585526ab38ce3845026c86c8406
Deep Murder Productions,767f68bb0acadd3a234479611db95e49563db07bebb719c2cde749b47766ce97
Perfect Season Productions,0559f93b45c6e98ced63c301d49cd1dff3c31c5a68bb48cfba0420a831b15a03
1 Eye Open,e533d8c31bf8dcd8068d691acd63a4f3f7fbe9939b9e41b6612e8d51ef8452b8
Raven Banner Entertainment,03b500fe7c2b848d9d543a7d4372ee08cfd9e7f4c5132a991de61f251b5f8a65
Caschi Cine,9d7fa8b620a2895db676e6c9fde7194734f5fb984f9ba810fd33357b4c14a5ac
Gustav Film Gmbh,921c1a4a4fa87c7a60916c9545afbbbca0a13c4fb247cac1b79a90fefcf0927d
Pacific Standard,a5bed08e112da765cedfe593264d3a089b5a50f751a9a74b391943560f389009
Forefront Media Group,28054b09fcca83a270b823fd0d97256945894c07b21be7134a67caa09b26eb55
Quiksilver,de53443e450d368621046053a6ee0403ee6186bca95f179350e13d5bfa2e044f
Red Bull Tv,2545fd853271fe04363b12dfef4420404e261d653788cd7c3de962783065f6c2
Mld Films,a348cb14bc58ae821ab770be7c9d106330f8e1f259d6aebc97bcccb08df1f0ca
Itvs International,b4ca69783dd979e86dabdaaa768a7f1165b55e09b04449f68af2c6ce57c600b9
Warwolf Productions,129b4028ca94e5bcf5d12321c1e59d1734e1076f2a18ba4da7a922706386e3a1
Don Quichotte Films,c22b6562f6bbaf3fbbbad29bf91cef836d830d903d28afe55b55cc806b6dc355
Rosebud Films,95d03bc1969b57c28b7f9dc1b574b290dade53b4eeca4470997e4a889c6ccb6c
Meltasun Limited,c4b5fd5d7070dffa02cf3082b6ba0c403c86e4aaffb8a5ed0f612958e1c552c7
Answers In Genesis,d7c5ace117dd5cd71a12c3f982fcc6207d43f632ae5d2a8ca0665e45de0380a6
Ton Of Hats,51f0e9c7a39c1e9208968a03f3277b6d2eb74adb5e2261269ef8332516887a39
Suburban Skies Pictures,0a8114032fd6b650db2d4dd3e8d4e53fc02e13011e46ddf26a01c18b4a8c54a4
Arramis Films,0e765cfe817ffb1088dc70b53206d9fc506bc7b565715f32dd1c95c6f0b13bcc
Mutressa Movies,46b6bb5e644d875a4c795a3e83b2bc089855718f037fae783b6b838400d3c38d
Bakhna Production,1c1b169ccc1467cc477bbae78fd85bc794313494b87ac4dea9573271833481d4
French Connection Films,f567b7aa91020ba4d2b029b07b3971f2e9d310b1fa89ac0c7a0dc13a6ee24bc7
Experimental Forest Films,5332f1cb0818b4297d212329d92b6c54c738936a8476f3646ff70eb2b9ea2e79
Tubopopcorn Productions,9dc9bd590c746ae37642015d1c4f9be1b794932e417d9f0580a328c05b0ae10b
Intuitive Pictures,43c659655ef5b396e589f5f61f07b5acd2ec89a93c7150c7b5135050f0d5c90e
Neway Production,0ffa2c9c6b4b364e0582e43cfe79cb981439c26199e22eb9765837db19e4b8c3
Miniworld Studios,0a62934b0bdeca0c56175c4041e8033156cf283a62335f6c76d0cb0250a9e4fb
Milk Vr,b118d045b1a01be1509be2dbcebebd3c699f1b351d3e57095701ae4b26c6dbe3
Dropdrop Studios,44f6fa25cfc3a05f6069fa31bad99fdb24da9e90265f1bc44a8c1e1d05666f75
Maylo Films,05dac3cef3f7eca2c90ddb2acaaa2f5ebda1860aa40b412ecd8eed9c099b9a33
Launch Over,c1adc191cc7c122a1486d29490bba2d872804db16f7c459b8ee88358a9d1de22
Mopa,ab3e2821eb8f17311284e1ead1816bb752e2ad28ae94bc9d52b29a5e103cc5a3
Bigface,d05ffd8d230ed66c1dbc91c3703a33f3b68f90d27f6779edddf0b3c7330db382
Atolladerocine,07cf04f9f731624ea63ccf7f586ab9d08e4eda7a3158e04813a0b9ac1860499b
Kapengmukha Productions,25e0eb402fa3877c9d601fdab2fa00fe5a564563d7cef89af62d823ad07dcbd6
Black & White Productions,890cf730d413791661ee1380d610c96f14b6edc4adf8af03006f7e7b56243276
Resolute Films And Entertainment,90d3eb3ad4999f2714f67fbb408da374f246405942e5ec871de33edee1f56f33
Green Room Films,6c6503fb1f7b3df6a58dccb94b0a6415b5c0b3c11acc1483377aeb53fbcc5bc0
Greasy Films,bec806c6923b584d89141ecafa19af1d0b8c547ee5aa46d99e42988a5e94488a
Grand Canal Pictures,d443d1e95e916cf86e6d2b2c6d05fa84a628fe2d6954425c0b9b535707615576
Everywoman Studios,b261a4d1f98d406c94ea7a1f45cc16897e0743e8c86420f9ecbae4d926a83639
Worldwide Media Conspiracy,11ce2787da1a27986975f2bbfd8cecf6880f4da62fa091b2cc1db05714fc629c
Irene Production Limited,331a7e5db7c329329c3e2ed329b8a8bc654f4aec40cbc36039446f5dbf839b44
The Walt Disney Company Cis,306bb0bc4a77a552440f4d7106759704a06a1233a0a68cdee208097e2643bd81
Double Down Pictures,8ce54f3a4e2c5b79d6c07bbdec9437c335ae4f1005d996390f936d9b28b66b3c
Eleven Seven Productions,83502f14ea0d1f78be889f654e644d36ae93bc73508f65100484b95d6f33df8c
Cine1italia,d13fbd666024460170e8a4b6816c093cb591ca77aab163c0b439fa7e9ace4da2
Argentum Entertainment,e06903178796823f90cb417b4fecbb94e78cb30a11b5471a2b15ce2e03c5defa
Banana Films,d406c146fe995a85b1bccd0f5c0028cbdf9170d4da86cfeb5012a9365f1e7593
Dark Smile Productions,ababb2c6561a88a34e15e713b7514b1b749d090ca7b84b2c15d300924587f2fe
Sem Holmov,bd491c69fe9694fc7c4315a682dcba3c46b4fb8d6cd4c7633c50658f36a5c91d
Loupe Films,1ac8332d37711238a29ac99e372fdaf9cececd897a429cfc348260d0f285a8c2
Dyreparken,24006c010f2ca9ec0394cf989ccc19d5bdb3c5958e5b6888f1b24f286bb35bd2
Overforce Studios,a4f476a0239c4497478801171361a846e4bcf7779dc610fb8c14f8faff3f93d0
Film Direction,8eab2a48b01c3ad227f55ff562d7a5369308e6bfef7909d97819ea0bd26a7491
Feature Creep Films,0aab9861ee7e7dc02fd61a79eabc573c8a2fa9ae71eaf705a40b596a9933d2f7
Fugitive Frames,f9c34c963bddfbab5c475e9060b63eb4b60e76fb140e84719218a7bc164248f8
Anti Filmes,d7306a94ef0a4f589329eb2ebc3ceafed7450970f5edffe2a942ea7481f62552
The Line,7a8742acf0330eab3fc22ec56cdba907f927239649c950098888a19dcefbee08
Falcom Media,d5f77d7956a379c50b310aef86c7196c5573f8960d92a26855dbeefd8dd8b42b
B.i.o.c. Production,20b57ca989340714f4807b46dfac25be78df041afc528c1d13c2382b212afdaa
Rstv,d370bb48039f7a4bf3f9b23665a7b3e325c347ddc37d22dff343eda720157071
Nigma Pictures,158ebf6ae9c8359f727fad9eb59b6b7fe6359093c1cc83a7a9be077f3f3fb0a0
Reel One Entertainment,605a9315ac58943850647e14606ffd7f0cd556b4c70abe8c0dc03b3890b3e540
East Japan Marketing & Communications,a56d94a6f37b8b29b5b9c38c72c9ab10e1aa561ec96c8080421c8bb72f3a23b6
Solar Films,ef951964a0369cbbba5cf1103055ef005794f8994c50aa23574ba49ced8b578e
Rbb,6e58d514af65b248b4919979747394a370ff972c2cbcd92d77212556296f8550
Rtl,bba3c9e24a1ddeb8748e3a363e58edee93c662f8a238b5bcb1775e10465aa744
Lunanime,52bdea7a400bff652c7fa92739e238e5cd7e21a686da4b19498d982cfe5a166a
Ciné+,0697b220d4fcbf138932082ecd1b7d6f7c98c3a2bb5690bfa1f2260133702553
The Ninth House,8b8f3c2315a52d6970d55c485951f93ad90ed1ff4f432af57c33b4e93f34c74a
20th Century Fox,016dc29c6279501d50e27817d446a3a44993e2eb861a99fd0b3597da66939f7e
Rtvs,c97b25c13c3221c0dd1223bf00bd91a6907255d023dbed0f4a489b60a0bd37d9
Jaaz Multimedia,1b51143fe8b2009d495a429819295a41af0294e6033f221744c35da943a2fc4c
Media Programme Of The European Union,8419d7edf6ebb1c0367e57180bc94277a949d697f97e95643ce92d34480e21ea
Soham Rockstar Entertainment,2991f019f73d30a8b98fcafd905599d9efa2ed34729399956c32706d83147be2
Starvision Plus,8f642fd709b1b20ad9a1565c19b7b1ca15f1410af6279848d506ccd3779410d0
Proton Cinema,438127bdebf2d84480f3cc869595f5cc752d5a8fffaaa5cebc874ce3afd94217
Wwe Studios,fcb98743a2e0aa46fb855e7e834aa5e846e047c9bced7f5006ec09a4dcc7a9e2
Astorina S.a.c.,adb8dfe538aa7105dc8ef22b802ddade834859daaa667e58abd945c45722c75c
France 2,a557fbe79a78c50203885213d0eaa6ee3baba5771bfccd98cda2d701ec9e2d6b
Kodansha,dd68d4d180c1746c971e35e61bd6df0d9aeff0be491a918a3d92b25daa98d218
Folimage,5915fd70887772b345407b91b8b9a508929b2d5e98385ab2952484ef63baf83b
Agat Films & Cie / Ex Nihilo,f2530fad7a223e1f3d14db1a9cd961d24ed9c7a041e393aa842efd3e08e375c8
Icec,bd8b8c86a04b9d59fdee39796166442cf297e586343732298e32642b4ec0c530
Muse Entertainment,26106c195980bd27aa838c3b825691fa05e8944fa74348e62a708c1ded35bffc
Erie Steelworks,06b208cb703d310f6893195c815556afa753d62eeeeed97592575d09c8a93aa8
Blonde Audiovisual Productions,6cb19300589d58da6d16bc62baf34ce3ab0d1236a461802d2441204e285a5af1
Cine Vendaval,72e49b38eef16e0b6b916e4d71f296856ace2b1da88c40618bbfc366d24edcd5
Champdog Films,c2d308f2fd78cc27b3ad10f8a3235f92ce09d0c64a63d137c9a4204d4d40d87a
Orchard Farm Productions,c05bc7d6fc2af8aee7b15ec84b42bb5a705077297a647c8c35f48a8c61027cb0
Voo,625548046a703d62ebd26b1aac2d3d65f891ad1eda4a4681819aee1dafcab6f9
Shudder,2a1cde357cb7f797884b9874358644686b5c42b6a87973b3f1e6cbd6aa0d2618
Estudios Churubusco Azteca,7511c58ae8522e09fee878932637fa61b19b157ddd80f19cb0527bfd72554f37
Killjoy Films,0814da34530b28efad3c4dd2ab0c42102047c20c4faa0d07b706fdbd0ecd62f0
Evolution Films,33cdeeccdbef4731bef8c57c83a189b2c7edf5af0e714f0dfc25a13e334ad0ca
Pen Studios,89da5d58e2158e60e66c2583490635b8a105e39243b5fd866bfa4164fdc369de
3cat,e8433e5b03fe07b978e5b04f6032f19096662cb96e6dcdb98d36fe6f5422f3e1
Lastor Media,5c7f688f80622a57e1293afda18737e4cdb3a906b3c9fe9fe6bc5a83c65b0f24
Uv Creations,a3efabe2cd8f9e38fde36386824ce8151b0f473f263f1f73a37f89cc58ddf7e7
Splice Films,661b815a6b7730a8532123e7c4ba40ad6605969e47a25dd2d32e3f971b062100
Storm Films,05368eef4ebacad66e9f6f77187dc9f5e30514752827e852822b444e73019a03
Paradise City Films,cefd0c1a160a0d49aec477e6aa49cc4c69343553622ab891f70ed4671c5abdf9
Mys Producción,19c344a8de552014f168e4de97bd232d57c228a947ce9306de2f7968b8980f4d
Stigma Films,5e224d280116c772265cde29492afb033852e5484d79c58859c77415b079d2f8
Shark Island Productions,7391a841dafec1817200414ab154ce12d591280c97b4427bd87dabe4647bf766
Standing Room Only Cinema,905eb0c3c18e3a4eae37aa40d4c0738658ecd5299f87ace917c597f457f9b22d
Lucasfilm Ltd.,352e2b7291da13a45a935968d8621323b185c8c879201996f6f3eee8c2a6d281
Five All In The Fifth Entertainment,f6281ecfcd017d7c17fb29f06f1160208b6ab48fcb9275a00d5534315898b916
24 25 Films,93104fc4303e17fe9295168d3b54984e37955c9e6633b68c5c3b93c96bf64fe0
Perfectmotion,7bcc4ea6a34e16971f2769f0878fccd49e2e6e7f40356ce933be224faddbd886
New People Film Company,ad675667d0e48ec137ecd05f8099fefb33115833d62105889f55944a27f5e5d6
Ego Media,9f53e1bcd36a812ecf1027090eb932e72d54eb8c51e8bdba9b6b770df740dd2a
Epo-film,ba00b10ac396569cd658c6ad5ea3708b97772d28b6e561a617ff5e4aef2b5d78
Les Films Du Worso,66ebb32572d2bb973e6ae293eb43b6122c6bfbe510959394b91489a934d53758
Ego Film Arts,9410e8c2616211ec8d1b6b1650fe9e257a6468411d9037a96b9d5e163c97fd7f
Universitat Pompeu Fabra,2a6d53c6ff30a31359b2dd1246e19f1ee2ebad36abc68fdfef07b800453d18f4
Tiberius Film,1fbb619ac6f40b615fbd4cf76d238f65c67df4ec9434475ddf50942af085a948
Turner Classic Movies,6158b8cdd32e4d0ecda2266cab0581ce610ea7df8318bc9c1b1de3bad7d0dfc5
Europe Visual Consulting,2cbde7529d165c59662693d6b53f0d7f45dd49d790677e502f42f8a4589e02a7
Moviepool,0c3c737918133e257fdda3e882efd9c199e61c0ae3ed1d9573c36152d5a67890
A.s.a.p,bf48af2a27e496f6065f5000d6396ce54670aa0e433508ed8c4b2cc45cf6e55c
Company Films,a96af186daa8114d57a34b422b2d9a15ef8893923cea16c6b62a1ffb044d3443
Dejavu,a8d79c2967cb124b9ff9ff3f938ed3adcb4692e02cbe00c108b4caff5651ddca
Wichita Films,86faa1cc96808ab867ba95655599b2d8a312ce72590eabcc2773aed20e0bfb3d
Motif Pictures,9466524345f7fd325a400889a77873fc499a1dd64a4a4a01e245a3f2d8786b63
Evidence Productions,d2c4ed5d667d4d0a471782641a7d4f997e54e0508905aa2a42ef42ea760e3319
Msnbc Films,eafc4e9b832cf9108cb70d745cedfbd0a37e76862058d44850290f8223cc3ada
Vodorod Film Company,71ca41a1cce3f39e09137ed52287d7493573d029b84ae56a2ae29dbee43cc177
Fairview Entertainment,95d0d6e74c6f268463cacb79fcb8f0b9c3044f9724bcc8ec6cff892e948f1371
Balaji Telefilms,cee1f712fd01ea596161e5dadee56ab285610afe4b41cfee567f0161cd635518
Fp Films,32c4c941af60a6b7ef917b8f78b09cf2489f38b47003166e8aadaedf0bb5843e
First Channel,47e4a7339bbc240630eef851d1200b8e95cce165adb8b7a4c332628552afc6d1
Ffa,db146c4aff23a821809fd01563b9a78f26d319982b31098828ba2354f6e2216f
Lore Plus Film,ffb6672e85896d8fdd3840915414e49b3b2b3a0a4a20b70229a0cc5aae5ab54d
High Sparks Films,fc83e5fb8ca899a58066ff63b0054fc98dc09626a46e70d529b98fcc790a2c6e
Delirium Films,24f0ab0306d224e8551ca25132e175eef6bc68a746cbdd606f619fec7427e7a4
Relis Pic,1c33f7ca47cecdcfc718d4a44bb54b5985b5592784fe14a84d43e1b6dadeed57
Indie Genius Films,eedeea0dae034c1164f9b5badc03fd6b343ca29f4d0e98e6460a38963278e3de
Chimney Poland,5bea344aa3599e54e85fcad342763456be51da23b49983dc4a46cdd79ef776b9
Something Cool Enterprises,c44a0323102625e4298cbed565bb0766765e6f8483aa3e515a53d1009b1d23cb
Nukleus Film,8d28102561d3d6a5fcbca70f56a96b0b1a364a730ad9eec0242cc88f65fa46be
Shadow Fighter,b22e529f7569d22e75ba74f0f577dfbd72ffd41dd211ad9bc071c79865394dc8
2b Films,497bdaa3098a4cd31e489780e89f941140f54d10fed49c5a16ef760ff6db7f26
Dnf Films,ec5eac30d5830932c9c2c095450ab3c9f1d93465b518aa55420b3eb62a251bcb
Zenit Distribution,9b64784c01c1da8fbe1ad0d443c1c4a42a67a72219ff0f8b5aff677e210338cd
Cazumbá Filmes,582184971c798590658f33bf3761b4b3172766eeacc76142451bc1ab2a8cd02a
Ulvenfilm,de0c823f622d0acbc7b9929c578874fcf187a2a4bd87ee7fa94c390490e4b81e
Neue Artfilm,dda0fb7a90eff32b3408a2e392e203cc8b419cf7f71ce6847684b7972092b591
Confound Productions,0516c570ae1665c296ad702d2d6fe6a18964954cd887147e8e0d5daa29ba014b
Harvey Levin Productions,cda05c38c7bf7b9bb68e1f9eeab23a64dae9af594fef32d342dc3e7ef5623cbd
Uncorked Productions,62d62a643b4020588595ec743f630cf67c5e4965d4148448029e1f06f7fbb7c6
Culturtain Musicat Productions,3f4584e23987ead7f8690dbb56bab58729fbe1961436a380ef11823c241fd17a
Black Mountain Visuals,4925f55162c8ab3e616b2a1577b4bf6626fe5be50347881fb28d638db6b1b4b4
Silver Screen Pictures,11d44d669ff3e7dfabcaca47757d75014c7a220c48ff96f17744be7d542adc74
Arena Comunicación Audiovisual,0499fe8f2864f647e4b9fd681d50a22932317066ddfb4d28e459e65bc0afeddc
Prime Video India,b363098181d8f720c6a8f74fc7f89b4952f6ac885e5fb4366a60302aaaa72e99
Metafilms,e5276e65cd7f4fce6400e8710de9c5c807a5d28e4fdab7b33edfb045ba5819f5
Asghar Farhadi Productions,9cefd584cf12527e121ae72f1d83c8a617cd0edfb6da02be74165212afd015a7
Plano A Plano,66536a0317f0b3c01a3a066ac03590005fcb19f2b4ed1946f508ee068939919c
New Horizons Picture,99a153d84f057cd2c7123505f193742a2a842ad443217bd357ceada2d3c4a2ab
Skipstone Pictures,f3de74e76a06de3c4e2536fe559d9b0b0d0bdd362ac6bc1d9e672143ff3eece2
3qu Media,12d9368c6ea2dc35576f781af3a0f378f0574fc741ecf992b694ad2aff775955
Flamesite,4888a6bdea24598ada9be077609661a10e2abb0387c7854c906a8024da4b47ab
Argentina Sono Film,c6fa25ff812cf5e1d7c39e831a72eb649b6281d08ad07b2376046030fdcf17d7
Roda Film Productions,a6dd21ae5587bca9c91b0deeae71f1cbaa5a922d3cdcaf212296a1c2d675d1fe
Pilot Productions,0bc42cf0a62b0d9a6396302be2e82b52cfadcac1ff22b44ad48ffb2f6697f74c
Qs Films,01be3d78424831ec9885a1774979fffac7b6c92015400ec111958f94089b5d8d
Dark Age Cinema,aec809ace78e963088922913c0f8ccaa02c0425cbef844b066953dbde49ad13c
Universe Creations,8537bddd1cffe8903587995d2881a9bf7ce7b47e575860004c49805c82a93555
Untitled Films,b1e9d677ce1712cebac8bddf8cbfe3fca757baac5ba03d30197410d0dacba1e9
852 Films,4d2d8ae2c655c989095228b6c356338e2e7336375d5048feb14f12b9f0751457
Ethem Media,29f7207ec327ca59f6744129d80867be84203e28525ac3e4b56e5eb0dcc573e2
Red Envelope Entertainment,b45e72ff5a69042856a92af054626606311f6a16257016b2c80beac93febed8d
Cmb Film Services,29e879d7dfb4ec0ca5687e59d322bdc040febe8fcc167b755741478f6d8091b1
Akademski Filmski Centar,b1cc27af41315147837dbb3e92da45af44bb9ed52cae84476d6c3006f21666b3
Thoughtful Robot Productions,295782bad33ed7f9cc98fadacd85799d2944b82a1d050dfb3f80d4396e0a175c
Zatpat Film Production,a0288d2a33a3ebf069433527ab491243367c5f8b37b360eeae9a9fd65a37c0d1
Distribuidora: Amazon Prime Video,00b71194ff18bc132ebefe02fbc9cdb6a374fab5b192d04d702c4a7c3a33ddd6
Escola Das Artes - Universidade Católica,ca1c4fd3d245cdd1b544ba549abb02d4663ee189c6b5e5094ff9046b96ab4074
Tornado Studios,60f21c7e453cd52e761d41805f7b5cc906fe2b37aa8df62e3f684f0e0fa90096
Swissbridge Productions Sagl,3d16adf6ce565e92531094252098658f393d5c2e48e9d73f093ac2a0ac86f8aa
Frame 12,80d492844de8554380254a52c23fe95e4274bddb395ddb18458927042626109c
Cfx,80cd87498e95356777cfd583e6a55d76d82ac877d368d952ac2411181decc78a
Sony Music Argentina,2da288668152a53105e68504a56477703906584faa4c3f019e631ed4e669b608
Arnold & Richter (arri),503b33858c8e78cff0ce106f5b0e0282869e9c5929a528fb4062eb8a97f88e4e
Hong Kong General Film Company Limited,bbed3e99e955e0c5fac22b5ea4a4caaaaa1ed6be2a389705269fb84a466ae89e
North Star Studio,4e2f6c177aa2bab6750dec55c5375c5c7bc83d44c88198b37b7742212f6a8a63
Shimoga Creations,444952c3a861b245eb96a7250122286fc47e9ef484684515b0e387e1634715e5
Bedtime Stories Production,d6370fa144c65c7279a946b1115def52ed0d90596200620a790d6088a2f9a9a1
Huoerguosi Bona Culture And Media,9a9a7ef299e1ec8362f5b15963504068cf544f81eb4c78c8914de697b2a266e8
Blur,cd83e6731d2b17369af0704c1f52ff42262363a5521f650c36383b48bd35833b
Enam Sembilan Production,e01d9daabb32d3f59e9110678a201c1465b048fedaa7ae2ddc4e743e9725dac0
Al Sahar Animation,3a2eb80207300c4b78def908c3612a50e3390765ef744a3bd3dd4ed3b3ec226e
_poster,22aefddc71d4d3bfa3fac4126242ddb4f5d6436749eebb9cb546f51cd32da940
Stgcinema,bd4bdff361ab77efc540afa56eeff1a7c32ba9c66229c70e793e4feee95088f3
Loro Films,23ebfbd18b39713aaeb9cae354ddb3d82395254897bbb6bf8d4b7468dc8ba2f0
I Diavoli,984ec4ebcd7bc37c745a1b456b1df761dd24960717ea417d2afb9be909415e4e
Q Department,a5ebc97d303031b8e3af6da51c3fcafe844da3e22f0b20c79516412dd2f686a9
Rtvcplay,d331239dd4868fa2eedb555bacd5603393bf2d9fea7336835063520aafc6297e
Ginclearfilm,9b1750ea2d846ec43ccac485668ca60f153df2dfff6e19977d223589f82212be
La Jaula Abierta,d7dd9e6afa16b86df1a96264961fa0bb022c94379923c63f779e421c687387a4
The Nitwit Consortium,a54a3a8a36ee1f9c76b0b591480c46c39515cec12127da15a3653d7a0feb0497
Cnn Films,97a1fa3c09593cb9af9ccd6c59ee9dd78431a9412b8a481d313ead3fa1ad45dd
Sippy Grewal Productions,a1b455b953d0fb4c6366123b534c4c9b58f2f3a068ca4d7fcda5d390ef03ff50
Field Of Vision,367abadcaac71fd1391ffc1ea37bdf400113f3aca8551222a9c658e41527e683
Wunderbar Films,7e7d8dacb0514bf0ed8078d1706e341206961276b0626f1434afabd62938ee2a
White Leaf Producciones,5d87b8e99338b65f36abb137a0847a82ef402fc959cc5873e64d82fdfee74713
Plan U Productions,d927d0a3d322943a7fa315399de7089ecf129ab2cae8b6c615f4d487366e0db4
Itn Distribution,3110e85077b51e171e141cdd4ee6ca4bcf9888a4378ee16d8282a890b5475843
Mic,1f0ebc6982b6c2d29b40badb71bcf034c606fb5393f02a895c9fe9956ac988bd
Stowarzyszenie Filmowców Polskich,966a67baf23518a8fcaef9608afd6e30de9384e59ec2931421a7963f48667d02
Robo Films,f36a67cb2ee4805322ffb2458ee3934bb0b0a5c003e0967d6c0302a35521d301
Česká Televize,8db2b201364393be13c62ad7b7269fef2d804d50f57471ed86416eb89ccc0f2a
Autour De Minuit,d4b854d7cb73146e87c6000f21c174037595878599fcd381f1d61e67d1f11b61
Falcon Pictures,34b06286057fe8f2adb78dbb569230a093e8d721edc09760f15c125a416c42be
A+e Studios,d4a7f152979d8560664b77f72b61a25e5b4eb8ff7ed464959b6d8f291292300d
Icaa,25c8afeca91f3bac6465a1c82bbdafb36d3f2fb2003b0825341715831f1dac06
Reign Films,bc1933ea7eeae780497e011b8056b480b924176dd8b0a2252eddb68384150783
Entertain Me Productions Ltd,d3bac021d2d37fda2c835fb337d908322a913c94059dd9de7f4e67805c079214
Irwin Entertainment,643f4f1182f506cf45bb0b422248282d154f1531097bac5f783855791dc2637e
Paramount,bbf10754eaa5347e9016ab2bda6a1b6d4313e20be262a95509779e21045afcaa
Shoreline Entertainment,bb0470c934329315e01e126b7453e32f06d6259b925a0bb773836743f7035438
Cme Films,8588b85d7843b62ac24e0025fbc0c91932744f2474cb0d27ba01895fbda4104f
Weltfilm,903d8e266702babb2c6f41016defc8dbd40b541de3d3d511f862165baba22d3d
Loving Alps Pictures Inc.,63c7620f7a5467eed9b41c83c07f086383b0e342340b4ca83177c207bc040ba5
Avex Pictures,f536ed02ee89188a8c31f11accbcd2db1079ee974894d53c59dabcd97f3e9e74
Frontera Films,3894fc78c28b7d6ae1d8c4f170fd1904510d2a2ccb06c856ac0d3ec0b27a48f0
Lstar Capital,4a5af294319ccec25127a5b6623067995a6b39dcc844f68e540747fb410bfc5b
Downtown Filmes,1f8f6ef3aa3c98b5d69b497a62e79574ea53844a4e0d1542cd0bdb88f21c751f
Eden Productions,740e0be1cb510dcbef7845f6507a8fb61d5a0e79908f467536b07155e47c77ce
Aragón Tv,68adfb5a4cac30c8a98196f34eeb82284ea6fa8b54911bce456500994f2656dd
Md Pictures,c2aa2da3619fe8a69ff1187b74d582d0b83a236746db6a9877664897efdff053
Ecce Films,61b4af10b421326996725e7331fb48e9d211664a4f46619f3421f7f20cc9a41a
Sat.1,ee5e72b3b281a1a846ee1254e2f51c0683483ad76b036d7533f1c90fc82440ff
Zentropa International Sweden,b6bbe8565880b2b6caaa5c0da9f0bab67d819e9220b00d34b566e71250a56189
Innogy Česká Republika,e980231b5bd4ec4343e723f65c6fddce803c9ed18962e06331665636bfdc225e
Rozvid,993707b9a3b69eb8398a09f1a16f0a4c8ca665689817fef065669e2ce791120e
Dor Film Production Company,a72f56b5ff7d5c734949805ce01b56f35f34d7cf00626af704430ac2bf65f1db
Independent Documentary,1d8f03e262c3053206fad36e201f8ac92c530192335ec5abd8e3ad9c22877644
Authorwave,42cec4d50d927db94f9ec0599b1d7a9b817f12d2aba1872b0be673a26b51ae6b
Toei Animation,4ed13241067d27b36700d9f584a9df58170c0db96aba4fb447447095098ec337
Hikari,fd661be79884b7690c710fce23ae6be0c9db51d6f33cc376eb542744d16b8772
Crea Sgr,ebdbb2a302b0fd849d078099d3e744207b736d93ddf32fa1b51022e44b12560c
Yeti Films,b3d3b70dd506dbc5a1d9d52871a458a0fdd6042bca42f07c7460f4c80c8d3292
Space Age Films,54154f88cded4314c390eeea7ace0ced213020370d8cbd1ede1ab06fbe9efa56
Vision Distribution,0a7b285e35299637c8ca2290fe4803c0072e227a0f0ee390b265d8b84410b40f
Pantera,7abb930f23704db9fe31f1b80d5e67ff1985d9f28bb60f59adc6c10fec4884e0
Start Studio,ffbe07003a2552e44ade2c84500c506eebc04541c6de0f611d752de8135987cd
Studio 9 Productions,d99392a55e9b02ed5e2062879a748f7725e44be5a2171abce5a379ff7ffb391d
Delirio Films,e702a3f5b7cc0d02d67b5610f411a4c5bcb43d4503c917ea263884e7dcbf7672
Studio59 Concepts,c67606a930ac47f4b396e8cee8bf458cce8fe09b4ebdb5a849c1a8f6313fabc7
Sikhya Entertainment,4444d57ee93ffd0c68052bb8edb8e87727395924bc6f6e71a36832fbe073b01d
Studio Babelsberg,5b710a8ddbf6a3424a3fb15e8782576d0dde5a1435b1cafd670a58a050343270
Tycor International Film Company,7abd378e2147e2f8404697a97689e75b5a2527d3777789e56768b3dba01c944d
Ufa Fiction,84245cf442086682f873b8dd52b17b95604ff51ec820857b37d1adf5f80d0db1
Paunch Pictures,62d37d5c172c39d5db308f5adc3955f08687a79cfa16552663aa542cb799995d
Vigo Film,df558d7c25bebf48f0ce1459f52d20c00c3f52b40e4a508e7052472b3948d3fe
Orion Pictures,dace1ae4008f52895b8966cd1d40c78ba621b35e518d09d05175a1d9eac99093
Lupus Films,1d5a975310aa45294a2b77b244eccde70d1f5e6936f2a5205ee96f98e8544e53
Les Productions Lod,669109d3b5828de727e851940d9202e4c34cd867a6c90258fd80143ef6cb4fc6
Gorky Film Studios,80dcbe41e42d7077d68e22c26df588a82aba59f283e6d7acc9c59142cfaabd3e
Hangar 18 Media,99e1f007d864f06fb6b739f0e6e14c840c3aeb66811a2683a0ab0d836db437e6
Srab Films,ab4290df5eed26a78e49270026aee4d624008d6a57fa83d99b817927c78ec90a
Huayi Brothers Pictures,cec5ca65dd7b775847bf437d26424016b7726f0a2826afe34c955223f09c567e
Phantom Four,1ebc94f7e3fc472f067773145fa745f8feb155c08ceadd75f943b961dbcb8270
11:11 Productions,647cbb536968bf5318d322adf5f5fca0fcf3f409a78fb495baa98246fce2bee9
Soul Productions,83ddf6c19c9ddf82343546a5146bd50d48cb5ecd4d7f202cf0d28a6a5904ca6a
Yellow,19dd83f117525b931fccdafe808aaa6939af792ee549f359eff13fac0d622f5d
Blade Production,e89a0b24a614217c966bdd4ba5aa0b93240fbdd5da9bd02d7c2239b75531af9a
Production I.g,e9beddf56dcd6a1e48bafc93348f1a62460411f77a529ccd8b822610572fbe27
Lionsgate Home Entertainment,96bc7686b165a27a84fcdfd77ab16970cd4cf1fd9ac711c928bdf070ab8c7aa4
Be Your Own Hollywood,66e93f108026d8860ff3a76cee15eb6661f1ba1c46fee3a4f0f3d3ad21c08ebd
Black Sheep,451c81bc565949baa0435df7e1c5fdf1fe8ab9e4a57f0bf6dea410301bf326d5
Baltic Film And Media School,711729afe60467062409c8d65c10951c61e9f16aba1a2d10830b0b24b97c8dea
Bourke Films,c0e12826e8f10419e8e2dfba0815f586860f7c2394d84bf3ada2a9c1448b6d91
Kfs Production,dfd4e86ac2fa990468bd13e17295f69a99df3deafb27db7b9d0314dde24d77dc
Pokromski Studio,195b6e228b9f4e83368bbe42e7b3b73c66893c8a0f90ffea396dfe3042c0d3fc
Snci Production,552df7aa0f9a6d0a05671876be71926d100aaa01d65ad83f8ec45bb0dcb95833
Antevita Films,c17dc20748b8af6eb069e6c00b1b8a6528004c2abad75ae09003b224c33750c2
Kyknet,ef9664275130e9e61c781dd03fbbd642861e9d95f8a344c09b67e6d0fe98e847
Fair Play  Films,ebb80dbd4c833a884d68d943af79565877b30cb0ead1f974b7acb9411d94b4d0
Tme Films,96bb6e30dfeb1c839b9f9123c5d5249844f6ebedde2fa2f4065f8a9b70edc3dc
Bbc Arts,0c5a188c79725f690aa6dfefc61b11c50753ec8b30105cbf37da39bc21450ffe
Tetreb Film,e63e629746adf98980079b041e554507a7e907276595b9a1d51637e396b1a8ab
Destro Films,180b57517c7214810cfb21f3ec233aea799366185805389ad78ec9647ca87867
Lieblingsfilm,98cdb61d430dac9ac09b276e207aa2a02b77da669c39d7434dd3c4b003503300
Shabinaa Entertainment,8cb849fd9af9dfbbe211f0045cf873049d36e58f37d5fe1da9e7dd801aac8d7e
Portolanos Films,5255af2a20a8b30a17208fa2bf512e78658c7bab37d2e74e8659649f5969607d
Salta Una Rana,b89642f2a99a549d95b595bc38cab915e978eb2d62c388bc3abca9827d2e1e74
Artizana Film,3ae8282539d4ba2a5f307373cc17edf6710e4a6b8e1803442e884eecc6a4c477
Caballo Films,7fb5d5935659bdf89c6cae36490dfbf98ac08851cb2c241161a5c19f645c6a9c
Atípica Films,9180c60a8756300a9cd7650597478485e0c9cf9a915208367b5e5e937c8ad525
Duea Film,17671af7788370655b57eb1165e4bc524e8b6e2934fa2cd4c0005b2e50f2d652
Rohfilm,669e11619e4d7f77905e4a1625c54ccfb35794b0b573d0ff9510cbd55518833f
20th Century Fox Russia,72b10d86deea2b44d32d6cbe0ed8e24b7eea466ec62eb4ff670e1652bcb2e419
Prototype Production,251c476a3d6d4feb0f66c6e0fde78b1c7249e97959fb56ec4e4b42662e746fe3
Patrick Spica Productions,f25275424c729f2366e4d6f3fda438010714e7e7f32bfe664af5f76a9454ef13
Cedro Plátano,0a25013467dc4ffb3ff7a3d9dd16311079c11d5620d5e672e836913984a8c303
Lokaa Entertainment,d4e7e63ec82ad15239e6515da171b32074b9301108cd386d2b617df9bd5bbf4e
C-films Deutschland,287422d8f817f73a6cac820084f28c2c4b9390b63b7a82a7fd4885112a7f9e98
Hayakawa Publishing,716e52dc288833250eb228aed9c232dee63d293d3168f236d3fdb83fb706be6f
Wild Eddie,adbccfe65232d472dd7c50b27a01c79e43727c53af3b0e8dd906a839a659b46b
Rising Creek,c98cca7f150cccb4a196c9a3ac64575a5cc2b2df9e5ad1870db24b709c2ee76b
Manoto,5370c55cda756b74588f420fb68dc0158dc37d0b4aa3b05774d1bbab43862501
Oculus Vr,ef65f8c39daccbe59ec81a86d0fc2fb4fc21b8c0c3d388f4fec7e9965076948b
Parkes+macdonald Image Nation,071f1486fb744b7af432de76934fe4819b35de66aa901fe9f7fcf24dcd119be6
14 Reels Entertainment,fef682acd8eac0d82df812f0c59c98fc5e25ee1b2afe582b9bc36b0b4ff43144
Ssanimnet Inc.,58f24f7cf936f9e72ba8b397f78c619f100e82eb71dea7cd3fa73c56af3782d4
Vargas Productions,365913f587969d39330950de6e6e50874c9e638a883e00be0f5cd7d4e28cf117
Rovio Entertainment,81acb934203c28a5f810b772016d7101d40f70932329c2a4926d218a253a67e4
Deep Cut,c8fbe8487aeed0532766c2d95d9967bccb02dfd07c7f738cd00f4a334ecc9bd1
Nice Boat Animation,3c773c85a8073a65c8ad6f4995105826fd9c9ab3371e83d04ff3904d18008210
Bavaria Film Partners,072310f44693ff4f8ab39d5679b5c3e27b2d62ca5e05e18b7e7102fab64d8ffa
Pierrot Productions,f9ad1c78952f6f61cc1929859f775d0df57e0c68e7dc1360dc76a45a75457cf8
Helion Film,775ad972536bf0b87cd75b108d05c4a04040085aa5236b448759f21f20e84997
Friendly Fire Films,40c8f31d76562c2219e22b192eb1195c01b2c86fe4d631c60407041fb0b604cf
Burn The Film,c5416d5697408dac04bcebb0c644de7f8d8472c9b06379c065b828746c72886e
Straight Line Cinemas,10ebb1138c6cb1659d01639e3739c202ba5c25984c736ec9c3253b26f51b416a
Comedie +,4d7e2b36695fdcd3933dd1e3f639d50ba3091c7ff8acfa16b9f20bba6eed6a89
Aec Studios,b6f04b8d84f807140b291673786f64be153371cf5ef4088d4e9ac5aabd0860a8
Trailmaker Productions,694e21a21527a86a47b680dcf8362af1821015e3da19b6ec84324084675ba19e
Seemayer Studios Llc,e3c742e88c10672690732de36180e29998638e128502b9af01147d54fadb8de0
Monkey Town Productions,9bd6b545a1f938c3372aa4d395c7476d8aa372cdb4788298abf47648dd3909b0
Río Azul Films,47850d6f3bb5dfc39e7b5685478b38104a721e12eee54ca67fc00efa0bdcb35c
Tunnel Light Pictures,1720b386a6155da534e8247eebcf7e89a99e31ace6d57b3f8d7879508df1b537
Suja Movies,04ecb4e656a3c5a577981f43bb55dd126641acc9503168e5faa5712ace5b543e
Aguamala Casa Productora,aa6c84b5ce5637f0bbd11d6749803488b79d3bc755ccd2a53cf8ffe37c27a520
Laxman Cine Visions,a06082a43d4a3e32324c8d65e9f7f71ab01644b20595630474772b062db9c5c5
Snt Film,1e2b8e5ebc588c57062d5b59d1161a8cf6f8742c94a5a9ae793c278694c8e27b
Produkce Třeštíková,a6c04c3b12b3c42c3ce5de29361dcc907bbd03dd9854053ec1613dc87e6136ed
Dionysos Film,5f95449b6e68a0a1d0dc589fdd152c713e3a9c98d64b3462b450ae3a82fe0657
Engenius Productions,d215b44ab21111b6c84f281ffb8b1d130b423bc1ce9561fb12f4845bd938eede
Blue Harpy Films,dffe8406b61822f1534428d6f2ef1653654f047293bc63a92d857f3083f1098f
Ambience Entertainment,707a8cd6d0e748d8fb08fb3e9f346c7498f451d13c4080e0d35dda9034daa076
La Medicina Productions,d56557b5df1779b1cbbaf2db94a696a33960430c603600b23d63821b28747278
Lowlands Media,e349a1aa6cdbb4b01d84c27e624a5f2638bc428271bf168023c17fc8b225819b
Ctrin Production Pvt. Ltd.,902b8f6510e462a0013b52abd7967c19c1e50b6c9ea8a08b19880a0bd04f21be
Insight 360,beb140afc8c9c1eddfdec2cd891f28c8c2e7eea608f8fb566f932eddda536bcc
Wellington St North,8c66cf68138d8204a84d7e72899c0132b8fe7f916fb30bfb477b0f4436a5b64a
Ghost Film Pictures,aa42fc669267451e55bf6072c9fe235d6182e6c44d2137a9a05bce32bfeea1c7
Forkbeard Films,5ee5d7fb9c7ee082c9e0c549232dce839213f06035eb4f53071d187e9e44bc0f
Roped In Productions,609ae1ba8b23585a0bd54f2d51416fb59a150505355fb41a08961342c7d3e009
Tuesday Films,7fecc7044ca44161172f6d534d4c4610b2529947874b2374f294ae38a2a3207e
Brisas Film,e400e1786942c7b26459ad2855598cf2a5f3f4f3a247814a5d11c734530dd4fa
Alebrije Producciones,e04d24751dca0102ce21900d3b139ec5a61c8f9d51fcd53f4d049e1f6da5e091
Eon Productions,b5428073e27bc7e402ab28a612c93a2435f47b48c6fce518939bd942d9cb2978
Bfi,adb3627d349fea2afb6bbf704fa3dcb05059e79fd7487818b177b162c52c93be
Divide / Conquer,aa43369ffedaccdcf83231bc6b0c3c9b2703f31dab03b77f79cc196fea84239a
Incaa,96f81ca00e806070825305b6abc71aae693c9e540aee9479a94db0e3f2449a48
4th Wall Pictures,20e6007343032d6ffa76ae3d4887e6f765d8d2de2f0a03dc5595d52611d1254b
Hive Media Corp,f504d4b6541b84fe5025ae5c74aa50892dd01df3519d1db7e5152b7ba2353c15
Filmotor,e866dd1d34247971d6ae6d793fee6c9f80940b903de824f1aec8fc9ab4f97503
Neon,618484e2c549451830e2b2c19b498d90b4fc8d206174f13c43ed058e6470ee2f
Front Street Pictures,83440aab87646a6d28bdfea1e942309392c38217398e9a131331631a0443b977
Reborn Production,3e97f8c88e5faa9fe25eb7d1263f2907feaff6a85918919ba4d6e0acd534431b
Mini Studios,c346be8c9c918f2dba5d8399a0b4438a9574f626d236719127836511993d1c89
Swirl Films,f39ab1b0cf3c006e8bc819af0afb3ca18d428b5277ca2744b029ef4caa76f0a1
Cinereach,5aa9cff3c6a3cda34b07682b6cbe883c981dfd7ab43dde306de6df2a5a3eda64
Escac Films,789dac793ce5ca4bcb74f2d5339cbc53563c885a50ff7c8b547861698e513bb4
Axelrod-ett Productions,06e51a382a9c559f9c62eda2fe8d52ad2798dbfedbcdff9250baeccac0895d8c
Black Ticket Company,0ba8b28a06f2179cfb690c94940a847adb8f08c70213a12889cec11a246bfc7c
Kansai Television,01fbec622960231e0a5b727b8a8dc6f6c8f6dcf26872c259b6314b67b67aca02
Rabinovich Film Fund Cinema Project,f133d6a02e9dbd21d0f12f60f065b9c0916e596ccd494176b3c59deef9e3e7ca
Passion Pictures,e88ae3eb674106bb80be8e18527352de9fbfb47428d7b95d3ce3ad408016fe4a
Red Crown Productions,b5a84acd787b57613dd4f276432c2c2d6546d026e1359cbab90247ac54015efa
Local Production,d9822126378b0a81d1d57b1a644cb8c98496a0527fc0c462a23f0f5b09341c6d
Yle,b36be53a9092c5c534c0461393169c51f20a285db355c59f274a4ee70c36712c
Screen Media Films,4dbc8473a41dd46014d3c29598aac40482ce00964ea8ac564ed1b922e83a47f9
Women's Wrestling Revolution,76ec2cc2b3432adf24b215c336870d36bebf1a45307a2dd5cb16d8c9cc30471d
Actual Films,39798353420ed1b1cf67b4b83527cd619b0fb495f55f8e8d675595e13f13211f
Smodcast Pictures,48e2bd9078c2b939270fd9df9cec3e5ac56aed527ff71b7d95a07d28e8980575
Llc,2c450758eee09039d4db3dfcdb2583c15ed37a1992dcdaad6cca93ab6812e9ee
Ingenious Media,edeb9ede115d18182f1dee3914e3b135c79dde89772ae080090561aa8a75d1d5
Warner Bros. Home Entertainment Group,b2e62f0f5b6aa197a04c330e40e1cbce66c55fc59b1c39971fadc71fd0e27702
Ecam,32ba5dfc0e532d0fd87fccd4b7e0853e2c42b78cb1e3f96ff32893e1fda22bbe
La 115e,375ba73ae6c6f705357ee9a3d862c30b45a60b52ed0f36f0b3b39c3ca259aaf6
Slot Machine,9de74504149f4dee5ee419f9a114b935f684d4f74c4f9020a9c2f40b5ed3034d
Well-drawn Dog Productions,77324dbc33e1c7f3573d7981d04f4a6e3342fc97ac65eaee2186477f410c3cfe
Wingspan Productions,7350a477d99b23cb4d85986c8d99eafd0fb854eb8474367b1cabe4cc66d0be97
Grand Slam Film Production,2d1d74c1e0998c6b322edb6db85cf271a953d7d8d8c4727b776fb9d7d5dd2262
Ufund,7211903446d8474eaa5828605caf5f5666825fb7a31730084c69bf799e7877dc
Mogo Media,3d07999fd6d8f01948c5a89f877cce9e6aadc72bb0f8425d4a440c41148d5a02
Eye Slice Pictures,fd1c03c2858d9bdb4d4ed632a5d87a1e1731f31fa7f439d802910e3b977a03c8
Tubi Tv,dfe3a59c62877bd08dcef24de6ccdb88178691a3e8cff58b3056e381c16e813f
Magnéto Presse,391e5a0f8f29ad5a657350f1b6ee6b0f5bb0b1644b87614f6c7f28c53c15f14c
Muhteşem Film,858a6555a03ad8230e0061858498019d7f644fbe9a6567ce7ee8e8052ddd063b
Calarts,2e5e9c67a835abb24e0f533b92b52b8afb5bc94b3c4041d5b5d0c586231bef04
Lost Lane Entertainment,b0ae6133f151d83ae61f78f6d414f2597527b20ecd24ee02a32cbf3b42a43532
Locomotive Productions,bcae4cac0d3f14bd281af543143e69ef1bf13f940f82ff4ee2ae93d8101932a7
Lomotion,616090b61068924c7492bcb9a33641c8cf55f4bf9b5640e5fefe9a0ea7329ff0
Kit Film Studio,7da093c78bc66325c498d3fdeff6b41c9f469a97886b8fb439305c7fa1644302
Misty Moon,723e6cdd915d7df123b94c282bab6232e31d76db9402284d276585cef62f46a1
Joy House Productions,e5af13a8437bd8dc89d44f0eb07831e47118fc0ac0cba21fe03c18d4828aa930
110th Street Films,1d9035ef5f88d9f234b6897cd16a515105142cdf0252a97bf7c09b6524f090dc
Fowler Media,3472c040a49707848d98db984cf4d46d2551e9aa9c20176a2e9eacc3fe188e9a
Skydance,6590e64973ffb0b79638eb9260fad1a877981ba3bde65e2197c8f1753733087f
Bloody Fierce Productions,2825bbf677d38eb4a1835cd73c73796b433956d97f266ef568f6b1b591010380
Khalabo Ink Society,cab6deca20dbdf7ca21473fde1bd91a3810ebd48a16f5ec38ba9f8ab6fbc034e
Fasten Films,834fe62be3ed8d91aafa910d51ee62b17ba01010904e80cc5bb0262f7296cb21
Sokol Kollár,a95ae276fc2da8f0edc835bd35b57d99c483d74ccf6fb27698be3c91ee7f7e0f
Vijaya Films,482423e92483c8f39b828fd49a76c47e4fe13d599c45037b498117d82e01f80d
Plan C Studios,1b61994ad8e3256b5357dc4e799b17196d15b64368a0e33e50ef007523e2b67d
Ninjas Runnin' Wild Productions,6e0641150aa1f5f1b47899bc98f6515f9a98655a8ad0787b9a87333cacf7f0d1
Plan B Entertainment,d6f12e8e1c88ee323e345629175bdadd2e123ac366e56b2e4dc49b13f6ff3adc
Varios Lobos,32c2962e179f97f61bd1bc8129a3c7f2a6088e6b97d08172495a01a2e9caa754
High Octane Pictures,4957ea561b44381e4ae3f74b7fde0da7ca91b9c08a4e8d3679e12320b6fdc8b2
Action Filmz,d5a340d25474666afaf717dc929b8f2e0ec2b84fc8322f7831143e530412d16e
Definition Films,9d16b5c38358d81eb94ad0c9127388edcbdcca3903b0c3dea5b387ad89d87bd1
Sinargollas,4ba76ed0d0f312fcb3ca3f7ccd8430aeffcafe4167dcfaa8183b7a127e7f93f3
Imagemovers,e07d9268dc15ab0930186fc581b0df34f4f4953f831b7af165e1b395c8d8cbf6
Survival Zombie Films,1a0509734b8c8f15f0212a9f573c06ca02467bf3e198139eacd4e91154fb389f
Bunker Films,857c59a00203d32f9a2a0b53e56b25c120910b9fed7208689d16403c5950d1bc
Blibli.com,78905da3d3d24d39c777caea7f61ed92680e04a7f7b6371b289cdafe9232e8bc
Cinemate,e8de6745d7f756a311147299af2dbccc22ac26986c0ecaa9324fe5814687c9c3
Banijay Belgium,ef5bc86ef89d89665c2169a0a33b7fa3b203ae9cd23411461b6837102417c03a
Purple Rock Entertainers,ba0d30e1d7306c89599695bc11b9dcb0b386bf1ddfaba3f74586358e49aeec87
Digital Pictures,3c0e4751e9832d363823360f2ce0c04d5ca23f5f5caa108d8afa3be926beb79d
Dlp Media Group,3271371cc4f533cf9eb0f8d1d13e3a8871244938248921025045b7ccaaca179d
Void Pictures,f684d43329f4ff0d7887bf6027bd3fa8acd12397e7865d1769d0644e319a3d4b
Creative Arts Entertainment Group,a44e48dda3e86175b4b07e12943082c691a6317f1f7e86c42974b42fad368a29
Rise Celestial Studios,198305beda3d94e2175c6ba29f8bd17041d9c9a0cf016741a02668848a5d289a
Crowning Glory Post,838a2272265777b1788bde5774ae42ae7e36d6edfec0c14a39fbe0a41c380f22
Silverfish Films,ebca4735b724b3ca2a990bd94dc9c31a6123a0c1c8b130a3d80c6cc756722b00
Bon Vivant Zombie,8bacae85f3fa3d05d0c86d1e4ce04268d5497ebead54b68751db06e1977c293e
Películas Avestruz,c7b455c2285e3602077e03373cd01150133d2eadc02efd03ab31026e2110e2b5
Tatsunoko Production,41b9eab6870e04b08dddf4c9ac7e5287505fe8489a27e09732b5366ae4b7ec92
Mutt Productions,a7ca0f04158b1af4e76e93b3c5f0436a308c4a743960ae744091797ba773dff0
Ill Willed Productions,2d0c3986ce123c597fa73846923cf12a93db5619fdbca747d4cb3330b44864e4
Ceroma Films,6a52b0d637ecc8262f92aa869bdfcb6ad45cd191d599a963ce1a61a18991186d
Filmstreet Productions,a5d5f549108ed3859aca29e0a93680794a55de8b36d04815c280dfe5be93d875
Indy Film House,cc633951eefd15a2c12cb0d93f12468a52b9721399b16e39caba74bdd8989c7f
Charlot,4bb0f4175cbaa89cd8dd84445b27277c5333d0af57c6badf553a32e39e91a79f
Unrealistic Ideas,16f4eccb571ef63b1424f1f2d616872c30af63223407afa55659d545352c410a
Magnolia Hill Productions,3779528b711a8379cc0a51f1a0aa7f50c2b0aab700d4d602a25180121dbf0577
Laika Productions,2b070e37e41e101b07d9ecabc4fa0a71e03a409f713084fc657e166f0efe4017
Udruga Za Audiovizualno Stvaralaštvo Artizana,8d5a911f0bead9851f79a5fd59a7265e5d787f8bf9dc0d17c054d25d9c125b81
Cyn-cyl Celluloid,c9e7a635a6ce9170c6a31b4bdcfdebc2708eb7e5b25943145d13c43f433ad2e8
Cr Pictures,84c41f71930c2d3349629f585aaa40ad016b1e9b3821df91574401487c5a7094
Bravos Pictures,f9f7ccec35cdc60543d4271a8f253083c9f6305ac90f13662c877a8c3be2c46c
Rcr Cinema,5bb074edb69a826fd9ea6a99b5ac05a8ba535a0c6e8c94e025f713196edef7f8
Tasvir Gostar Pasargad,93d0c1de61e375e40b8c49fe9b409ffe20f9820d01495b42a61e4a9e8647bc5d
Donndorffilm,ba2289bf192f7e9675dffaa2919b2188abcecb0462bcb1d70f80864f370e20d4
Cheshire Smile Productions,1ff390baed63a5c262f85e6582f7fb8e5699251a79a1f0e8308d892fa6e18ed1
Zindoc,85b9e6b93e42c654d569035ab9f6170fee5ed3f0f8574062f187c35b782c3e88
Snk Pictures,c6e2832ccde239660bbd9b5738cf649899eb168f7f25195a8e7d987a829163a0
Future Lighthouse,6aa08497a19041a015552fcdbf4c3facc7dcf73359c94e5bc6c263e11c0b8bef
Godkänd Kvalitetsunderhållning (gku),01370cc4aa0be5cbab30c988df43b0c2871d9d22bf5e19f4a2fa255d685681e0
L'aide Aux Cinémas Du Monde,b2c677b5a0dc1cdb430c329cc81623c0a2d336d1bcf77252bf41759db2b7e69f
Rêvasser Films,aadf2142c57286618d8bae859b1c61325b1dae683f208788be9c9c8bb82a1ba4
Crush Pictures,4c0708965ac6cd4bb3158647db00550c4e50e019165b53cb1e3facdd830bf2a4
Ma Studios,0efadf261af8cb2a1f746cf6b7fcaccc10c340cc061d53a90d3d384b46f3e9b8
E Pluribus Productions,6df75a7005ef5eb4297353a58228100deb244d734052293fdbe63430e2cc9cf3
Zeta Zinema,db42c4d85db5739a72de48f8297918a5a8ac01b9f7f43f469af6fc48286cd86c
Bedlam,331f6c966d18ef0e3769e3966be1da85f48bc1047c96407d18576e40f7995d3c
Lamalanga Produccions Audiovisuals,c0d94ea0f725560679eee5a427804fb59ad91980ae73c88cb3235defb3956ec6
Taffy Boy Films,402242f293491d681f6c94e6299e56ff6e89a1efebc835de5af061bd1979a6fe
Invento Films,991743d9e86064ccab01cd0c742e0a14ec9be39a578aa07765fd5f97edd3f8b9
Scatena & Rosner Films,12a5b8765666c537f2777bfcdcbd779062e6b30348d4e1a524718d54ea9d29fa
Chestnut Tree Films,58a652b54544a028364d1285ab62e1c3d7f3be0d9406ac49be86e8ebae81f8a5
2:59 Films,7cfcf1dfa3b1aad7a6ee3530c0b00413ead9f04bc56abdfe9c811c74331544c9
Open Window Productions,7133c3e4d72c337e543f6c16b10fd01ca55b86ab75e238c4a4c8186389624c0b
808 Filmes Fora Da Lata,af9ec1e09b8a66706782fd03a45d62e47fa46ed3752551176316b2ca53f1b567
Indigenous,0803bd2970992d7c650c590192f841ab6e3e20434154b0f1c6b8719c2d8d4bad
Zod Film,57ee6df5140ac3728a309e9ca88389fcc0894cf2af7b7c83cafb4adf534204e9
Seesaw Productions,f79acde63d8f8bf27560c78ffbf75be7b5c09501e57d3203affa8ff5563a0acd
Filmarks,17adf741492f4f2663ae0ac46530320610448d84cc74c22f54d7231e91cfcd99
Cozy Forest Films,22c2849834eb1c21c9ccb5857969daf981c395b73689858b908b45c265f4be37
Perfect Nose Productions,3acf9ff44184b2d995c94b364bbc626bf9306432426fcc2670e64d6e1343a4e1
Zentropa International France,530192a97c4443afd064fa4cd73c053d89f3c043b7a28e1e0291b1e9f10a794d
Pardelion Films,ba048305c6ffaa1aee396c61fb80905b2a2d65b9d85e58db1a5f93818a9b0176
David France & Joy A. Tomchin Film,f2e4d4bc5075d7c65c59f651a89243b08a7c751a8c342cca99a7beb54f6c7102
Akshay Deshmukh Films,c76a6c8976a2618b05982808adb80896136f07503da27d07b5bf0ce8dc87ae7f
Thulsa Doom,999172939291432ed64da3f3f902ca5807d5ff7d54168576296e4718c50eb851
Sakhaltuev Production Company,c9569f6a98d81b6f4764a89e365a0e20ccb9c89a546555b0ef6f4f3b0ee75886
True Perspective,d6b8029042c08cdf8cb5087e7e3c78acd69a7ab246e078e1c052fde9b25fcbad
Smoking Dogs Films,9e256389c7723c79afa140798747ba74b28d3cb0e754e5b89fa475062ec018ca
Big House Pictures,9adda93b089d293ea522c18ea1e1a0f8f74b56daedd07f0cad34be600cfb1183
Anze Pictures,ccc51653f5ad8dd42b7b3a7e54c8d6649c8f019313315b16747ff6d6e730d9c0
Dl Cine,0e9ebd85df6b3a273e651d2390e016f3328b617ad3df926ccf39d3a157c4809b
Shamagical Productions,57386e837c49b0ad437332aa019186487b1cc0d88d83694905e2b1c25ef36f36
Promarfi Futuro 2010,c7f61ad393cd28657ea21d6a5c027ffd8ae1779c054be7311c3d6238446f8d41
Follow Through Productions,7d0dad14cb5151ac51fe526f41e0d9ca706d6b4a62c1b9c97cc1b0f5462a7e1d
Sabine Films,a46ca008b45a156e63c7cad50029b609d73b8aaba03ec4ac7b54fcbc0d58ef1c
Hori Agency,a7f9b6a1109d9bcbb22dc62b9d73757d71c3470c9715264119649285a187ded8
La Parti Production,778e88a2f32dfae5640aae98bf9c8670d495442514e8111db224ae969322a910
4th Floor Creative,1f5a539b100ece250606820ec999e702cd760daf4431cce121607e89c670ba2b
Lionsgate,8efb1d469591ce59f710fe636ada544fd65df1f787f1d7ee022fddf8d14cc691
Dc Entertainment,0b674299d48724d4bed76a7e57b5cf9555c50ce06501d518354c3987ea858ce2
Hallmark Media,6d9ea60d97ff19e59ef72c41f421726ba5d98db0864eb94f87106508040b9a1e
Zdf,eb1bfc067bc4cd3c8ef9aa9dd0baac533ecd77817c7c1e3bf4e7047b8c2d09f3
Scott Free Productions,18c79774544a8b0ae508aacdd21959d89ac3a6dbcc371e6611d747035a48be28
Cinema Fund,ec53fd9eb07fefffe83c01d69b223c8cea676a18835ba2fd25270613605fb3d6
Amblin Entertainment,5dbd07cba15027bf163a7ac67f24c42dc418e10d906d8e943137ac953dec9037
Weed Road Pictures,d66f694bfddbbd7788087aff7e143c2bee69419580840ee0eae76677fa0bda26
Bandai Namco Arts,1781bdbaedf19821816809a4ac12711136f762560757aa325fff5e5250b7c08c
Toho,16489c64a4a2206a94ce2a80f42f1efd96ce4f3047abcee6c0de4697eb370b2d
Orange Studio,3fc2259e6e20440179ecc9e367e0d536cf70c3001e1b9a85da06002bfbf6bfc4
Itaca Films,c9652c53462115aa066c0bc03dd8bbdea3eeb38585d84c304c31ab10b67bb594
Jean Vigo Italia,2bdb5e4ec231845519455368380640a858443c7105427061ea552de6de7c74d0
Surinder Films,7d501e10ffe5f3403131bf457794cab2fb2f1f3f1c77ece0175071a2413c29bb
Walt Disney Pictures,07df7ac14cc9ad39de06c14584116b883e51140b1aa7dd8454933e95f1261ba9
La Fémis,2885b1f283625ed3d763a7e0d2d19e1842fadd46e6f6774b88127fb858731a6a
Filmuniversität,1015d6695dd65692373e09934d21ceef53c6e999f56ab879643078f2e1e6a92e
Pisf,ad74449bd400b2ca3c0535bcfb074f6c5fc9c32155d8c1ad7d1b902c7777537d
Motion Picture Corporation Of America,79f893157601c0205bb45f26a178aa144026eeee8a70a66ea21da8ce4e16fe73
Ept,5b01854a9d8657407362d6414dae33ac99fa2daa480398888cc3de22ba463ba1
Screen Nsw,97dea51472f464bb6127b515213bc353f8783f88d7c9257d4faec53576682c78
Ctb Film Company,eae219fb7ade6480cf3f225f8a4c3f78f8362f5be90f0f8daf6f0de3d52cfca9
C-line Films,cc049dbcca7c4d06fa59b207885e3c45c74f059287ad5495a45ca8b5428770b0
Blumhouse Television,35f3cbb567b6a2e9f00d22dc74526507c95daaadce8afc06f8821c23a7efcf2c
Illium Pictures,e53cd385a7f19fb5db9a32bd29b3cc9916caaccccd082d6319b2862a723995a7
Arte Geie,ed1e28a39c3332bf5c256e3fd4eb68c98ca1d47e5192946d6f989828942e37af
The Peacock's Tale,346b5589e14314c212dd2f79a1a6a91006e461ae1613cf4cd16d317cb4293ce9
Dutch Mountain Film,bead7237afff6c586d092fbb5943c80034930cdbc99c508bb0ccd8002c03752f
Palomar,fc029e55ba887e01c3906664105342f3b90c9e5dbe88ffec38ab4687cf2c10a1
Qed International,357eabbe2cd525dd7104c94ea6e776222e59e68e29c5aa07990e97f4412dde3f
Man Of Action Entertainment,7bce7984497c92c189e162bfbd83d67ece4f7d257d8393f942e9106a2b4d5e30
Job G. Films,8c7464575591ea2b9e4b22d940a87cbd4a68726fd0c977da636205c81b846d49
Bondit,b082776b897f0e1d6405cfeb2caa1d15e96c27f5c59ab3daf9aaf285de676c13
Artémis Productions,dd7e615c29841ec560ab6ed55d6cee9d5da6fbf2494677fba13bdfe66939839a
Tr 40 33 Production,7b996a4d1e6436f11ac0e173121d3ca0d000d7e0082387979a1d3c6ec45f19a4
Barrandov Studio,3c614fc21439ffbdc6cf82b530a37ccd08165dad2388e8e82fe366aea684b0d1
Lego,9971ca4d496d4f9908db64addcd005ee8ad47d2bda0ee1a8af31f4a9ec5819b0
West Madison Entertainment,a9112e047615f164456bad87ea683b0b1b621b5788e95e67ed73b633dffcc8e3
Base Entertainment,0b511c5f272f55467498551f203102cf5fc911a5c02b184e3b0fca903c75bf67
Quiet,c0ebb7d6b69390c501d3938c49121c55afd45000601b655664675d7a925e1c66
Blank Films,1cc4e3add6ceda4be7d6bc2ca1cf24a6e20923fa7844aed636985ac39a5d40e6
Tetrovideo,09e7788eb82acd9b3b0c3ee6396e3d6d8a90a713e7f2b4483f0191659c17e74a
3rd Films,a9a882b74da46264cad751912a581b59ee00fbb975f9d9dd33f066801ec079bd
Public Square Films,17e957340587cdca341fa30b07406f1eee6da289b6297fd0115d6dba5ca5f14d
Kazakhfilm Studios,8516a2a1903d692e579a3ecc1b0ae2103bfdbd75ba98119b16f4358a1c5d5797
Bhavana Studios,c0e550c1e899a39bc2a57c045323523a300b80e92c5e3ea1c572257bf6eebe6c
Hallmark Entertainment,ad72246d033458d1460020f10094dadf39dc8feca6ebfa5b1e7baa30bd27d421
Italian International Film,9a2e3f32dcbdb7e5ab0ab55ee977078b71290d4c6befe00a969e04e2d7a70d90
Iqiyi Motion Pictures,e7b3ebeb4fa5983f4521727b0ab3b4a2bde81f64cb23553479b6fdb2155ad2bd
Arenamedia,1d41291b5b8b041bc26e53e25cf04c0eb266b26d1b83a6f2accb4a85c0534fe9
Jannock Films,0dd0f438d7ba5bb7f52ef35baf0b4aecf1a6bf576bd01c2c90017885ef0f9643
Art Pictures Studio,725889c3572d5a3485a874e2238e2be69b5afd219cffb539ade3a017239ba91e
Bbc Northern Ireland,52e2e771aad38a66aeffe5c6e14e50a64ba8c3b5d4ad64669b104255d8f58445
Mc4,78882691a0d2dfbcb284708aebad904855dd0d39e536ac0f5ab2800e19d30624
Nova,ec653e8e8748dbab42c620a11a99458140ebc7c016f2672ff171e44d56298906
Hype Film,6711296543d3b670664a2c43c962d3272df3e1b20ce5f5739deaab4c4bbe44f8
Sektor Film,04465a9d70e5fd386411bb35e9fa91afed84fce3d33d8789343c4e30f17f00ce
Mdr,987c39f320bb59676634f00943f33121273fa95bd2cdebc35867f106645108e6
Snd Films,bcb0292498008dad43d6e2d9c4bd3c3cf141e4be568cd85c7435b33eaaf7e374
Tabor Productions,813530dcd0732d61cf33a5b36272df566d6be8015dc5df29d12e71dcdb4d7e86
Mona Film Produktion,dd9ddd09a04e1218db65902ff11cb3f3163eb24f358732a8bfaf857d6ebb0343
360 Film Group,7b1f4016a470c6ab0ec6d3a1cadcc633316de87781754cda018ba1079a7803e2
Sense Production,ca15e39e4cc242b25655c4824f8dec44be0fc338c63a7e84fae5a06192f3ad9c
Uplands Television Limited,08f9cf4ef1b97a36fe46a35794e451e8738569f9096e388dbbbe5315a49933c4
Perrenque Media Lab,7c9b132d228b44d98d2684cfb4db03bf47510de30efa44c5058ac627ff40a6cf
Michigan Films,a88c8efcbc396b31ceed54761e3e72e92b01528fa256e2198b402fdbb4a2f5d1
Vertigo Films,ca68f263a3c9b0d662d4f37e09ab294479f51cb3837e8f98fc2fd22649d2d0a5
Kinoelektron,e8ec7f5c8e7adf9c9487eddfc05c206181eda366a04f73dcc26aa78a017ea03c
Griffith Film School,2eb91d04b9059e499c388fece3ba59c404ab6469365252d116a7c385559e88bf
Canadian Filmmakers' Distribution Centre,c1b744de6fd4897c3bd6a8dd7b1dc2f210fa159046f070dd81b7d934319f5b94
Eighties Doubt Productions,b8de5fc756898b5b0d25f5083ef38e065d1c998571dce30395a1aaf70620fa54
Rhombus Media,7ed15f35d91f5b439f00a4e9bdeb703819af08149b68a10424fcb536597f6a36
Strüffler Production,25429724965bb1a292e5fc63cfa42c0e245a30035bde15e103938cd42c5aeea7
Division Video,f11816771e0dfcc6d83dbd44fd777e90272834ec660b8c2e32ba2056ceff94a8
Skylink Entertainment,e019cee929364b5cb93e0565a9b808cfdaf94b82e84527f5068d097a0f80c8c3
Aadinath Pictures,aa273901ea305e0142a5845e8b63d23567c07eccfc474dc93ef83d971597e332
Kling Klang Produkt,0f30eabc755b493812a7c3f639e4ea24759856f2ccd1705f702988daaf0f4cdf
David Lynch Foundation,51ce6b45672a6981ad29f2cb5f1da9a56ee7e23cfe417067ac31cc3bf73a5b42
Original Film,6078851b16541825f05fe19fb145148f1e76c08fd6cfdec8402c2102ff024b34
Mica Entertainment,9d9e0d0a372ca1731272f22efe41bb935c49cea420ddfa7bbebb5612d566c05f
Limited,e5125d9f63d2947b5540a0f96b768bea4bcce632d9869d2a75749bbd513142c3
First Generation Films,828a68e0b0b0e48cab8b195a58825acbad9541eb1e189173becaac21badf8fbf
Horseshoe Studios,c694de15b3e89976e9cee5278acf725c0b9e849dd4ccc5b1ec4f99fab68b645b
Rr Film Production,51efdf193b3cb987abe0d8a6cdbf66d892e09d7e11739c65f38d9f0850964e7b
Oroboro,d57c979d142faac79d10627b944049bedd68cceccda1c040a3144bf494f18d23
Trigger Films,87d1f9c16924eeeb9edfb8c0f261936b405bda59717f6c6420f054927c49da3b
Silver Screen,0e0cadee3e20fa64331fe586c51eda662290299dbfd0df1450ccd7d0e7ab2e8d
Kimmig Entertainment,f9d6fe4e371e1a2a5414ad11bc5ed6ce24a6f1a6d9fa8c03bde563b212a7a014
Trial X Fire,8ded1a6a8cdf9cb0788a38014077121d040714879bc3ddcfe65d65e14e2a9d0d
Flagship Entertainment Group,599a9a279a2bc146a4971b0e02a919730be0c7c75b0738ee38e07f45b2578632
Angry Jimmy Films,1e7059de2502840cd62a8b252601960fe32da52b27c1923dd48aae298c8f60b7
Macneill Engineering,843030f5befde5147468e9a9b369dd987a4debed63f7d5704485cef09414efbf
Knokx Pro Entertainment,7e3d559b966b7e460239666868148a4da91320a1fb7fafdc56aefd6a57424cb6
Neighborhood Film Co.,ddc6f6759b1602d7e622ed72d97dab89005a6f257e34eb019e99198ba567858a
Centripetal Films,f6ea10a3df5daff32482bd326bb8b8f4dc234c62c49eb3421b46677a220aec42
Yl Entertainment & Sport,e6499b128c8f6afb306721e8bace1c3007d1e35a26d61f522d654e0e71e44357
Ethnofund Film Company,1bff06ace9e2e090db9f26e4bbc5fec3965240f24b83b519eec37a34fb26b9af
Cosmic Reel Pictures,6c29cefb49d131643bd16e0577f72b2e1b17f078e3d1c29561956976293b1fad
Sunset Pictures,329559e400df10174ac1cd0abb7a04d953047b14bd894e420d546eab5d406cbd
Captain,2e786c488b83f8be6227bd1b9f3fcab07f0a54e31c228694c842752303351448
Hp Lot Productions,753e1acfc228031c6bf954e95fcfc0e352905f37af586589bdc7d46a4b0ba589
Dfm Fiktion,9713742ca35ed527406ff9ebaca95693220a79598364fa2971c902c02d7cf9b2
Wishbone Films,ece43b840a30c1f98c2ae0581a0d8f71aab5866d452fbf1a60c4cdc2e4e44f96
Studio Kinema,374e8bd0be15710cc152f8b2e5c9d9225409901cf9fd3788f18f82c22b89c25e
Joi Productions,f71e5608dd437a93be43cca967bc2d6c1d937c9377023694045e98cb6044dcee
Crime Story Media,4be98bb3a09a7ab588c97a3852a2aa1d7c33f0993ed0b7d27dccf2d9d798710e
Khan And Khumar Media,e7bedcdf9aae9c6855f69848df6799b8b52b8949ee4506021a325a8834c2376d
Koch Media,9f25034a160d237ae0e2e1c19fd4db2864882b51c5f8988c9f0bbfcdc5da20a9
Creativechaos,12e390da679c030d440bc2a43cbfd566825fc8297e562d7e78224ce34cb3a074
Valve,094db509c61fd2da2777857ae69c4ab9ec982b4ec418c5446c43b9f85256e1b0
Colegas Films,665425f82189d20b377f0950cd2d3e9535911dec023301c5662b856935abb3f1
The Donna Kanter Company,9d8d887f42fe93b2d22a78be947628939210bceccc4d4851dfacf0239cc06178
Connect Channel,6d47435d4988e4b88cb459528a45f1f3f8ef3f72c85e936f5b487a670c998f43
La Casa De Producción,ded4d1c0d81702785bc91e1538e9e1aa3de29bf3c1fd3a54884ebc4412d03c74
Lucky Rhino,4d2efc2783e1d84d4b13fdf0d6fd95c1b09aa9ac60cbee0f4c6e7bfb663e60f3
Donroy Independent Films,ab9793c07977cd4ad49e3c164a81ed40bd878aad9570b3511b83f7a10dfe9206
Search Engine Films,98d5f245eeefa6d1d2d62cd352db172df565178170c8ae33bf5f6951c81cfef0
3 Minutes West,f1b6c7689d19b9905e82de379cca2a1b52dc91f06b6eaee250a89973a8511dba
Bianglala Entertainment,de1f0cf9c9655bec4c0ad011cb3432c7ff32ba6bb88319028277311b22b698fa
Dina Studios,a779234381ce2f4b8594ad8a8ebaed811f3d34725359c69d5f17c9e4d23ae178
Leaping Horse Entertainment,2bc4062760761984f1339ecfe63832775537dcee192f687ac3b8c1ded82e7187
Seize The Day Studios,56929e2dc8bd135840ab1a11c06201305332bc42c4f050d457611d59a1eb91fd
Les Films Selmon,467f4b6868d83740c04080e06befc0259bcff7d227abbd172d4ae589f775ccbc
No Sunrise Wasted,16657657bfc65396178e0378ea77d7ec3de5c23b4c4de22c26d06a191149e5e5
Ópera Prima Films,1bf806d37228d65faf49eea74c0ca702adbe5ce2e4ae606f2bc78b862d1f44a0
Morada Films,a0ea8971d4e902cfe7587424ff43187dfc3537b65f40a8dac6cd9a0a38c95863
Faliro House Productions,ac07ae16e35fe733b25b1741f37e93326568fff232d2f701de043cc9d9e232be
Wgbh,e3b2035dec9f1b2ecb9484c13af16501d28ac1aa5d3beea7a17bc4ddcff75cc1
Cmb Films,7317638504c22474c69b5ea85da6a18dcee2dac32e3d6c8c0c6abe9230c56c39
Rtbf,7734b41a1322d88b529d378a4bf0772f086a1fdb05b836bdc859c69eff34cc1c
Cbc,8b039f66a3da094f6efb4b5c99025ac2fd56809bc8fe311f89ee2eee466d9902
Vivo Film,9e1bfd8c7e5f7dd38c329ee8053dad325539b4e413fb1d840f873e2a89a603fe
Shochiku,3422bfd8371b3ef9f843aaacb74db067140376f5041191744679feddc9666e57
Mk2 Films,5173035ce138b8b4af5591b6b1cd6c89694e8ee65ebe3d0e41757ee59a7334a5
The Cartel,b126c1a5e56aa3db2b998a74ef0fe687758c0437fc408b772469baf68fdd2673
Champlain Media,1690d7e51587ebfd07fa6433ec9d2a8e004c068970b7a96da9ec64d911d747dc
Pg Media Works,a646bbc83785625a24fd32a705057315fd0b23819448aa3e35cfd0e3c35eaf22
Az Film Studios,c39dfd80c2a199e62d40dd7b179c4ccfb441355b9de1c82426ce292fa4d1f6db
Primo Filmes,916811e7c6b12e0a6a8f13467e4725d2c79eb46c63f6373c22e8bf85154284d1
Lotte Entertainment,c188eeb794d0cdc11dad3281c0bfbeda548f099734ccfd227e46ba6a528f68e8
Memento Films Production,db6bc2e507206c4239b9aeee6a2486e4aef4fa2749f3765a3302c1b3f1492d7d
Alibaba Pictures Group,1777f7752f4c46ed139876ee9ed025ffcff27fd5c142262aac9fb24d9c829138
Monster Agency Productions,f1eb9341e9c96184010ea4b45d6fd24721f0afc08228e28e13d7ed94b9105b68
Topic Studios,f2a3d0704cfab9ce65e7f5f14700e694916a9a583bb9296f73e015e11c32916e
Film Victoria,573dd358a2f154630dbf2dc756d07155f85bc8a869c817a635fe43425388bfd6
Tigerlily Films,3003dab4077d00529beb6287d96b0fd083e08282498259a599a93c0f0346d3a8
Graal,00146ce5b0e4b8b54ab248589b9f4d7a348ec7c6d889e04fde9d45ec6e0dcd6b
Toei Company,2f35a3cfa336c4a79d33ed8ac2d8cee8727ebcc471bed774d247977bc754bf18
Efo Films,e19b0338f44649e702bcb77bc76a0e44a526d2ba796b4eff7e28aa6f397ca749
Dialectic,52daa916cec4bd09faa0dad7c87424f0d150f5e18bc278f66ffda8ecde0a5c7b
Tvn Group,d780cfc1269d7538d6133756be4936a91126515c77c04e45dc9b178502e549f8
Big Dreams Entertainment,6318cc251a136ecea0fc1b869a933c6f5a076d6204e2c832e04b47ec4cb00c03
Savage Film,6ff6af230c1eb1034db172d88286b93ca257e0f908904ad3606f0ca40d581094
Netherlands Film Academy,486ba9eaee52fa850ae31418a2463a3b16ae26f7bee07fa628c8a2cffc7d8a51
Decal,8251b49c71d0760b9387694af94a343240f88673344d5a122fff6f330c1b2779
Pony Canyon,fb8b690c85a0fc97d1eb014220f47d3bcd561e282a23011a15ba3929841cec01
Latina Pictures,725d31d755904ec0389ff22dd74b04fa58545b08b5ad42acc4a444b367ed4984
Sony Pictures International Productions,2c6480da478974c4f1aaf92c5132cb48295424d1fd1aa3e34448a6b493fe38e4
Aniplex,da0a4eb43cc501fe82ab4669ce6dc386097ed556acbb6bc42bda7c2df0b3d270
Red Pepper Film,baad5321b01cdd7b010068a2544e030f41226369b930d2bc319be544f2abd282
Emperor Motion Pictures,ec71dc01198c1fffb800ba86ce317f5477864f627ce063b9977c4d6a6706bdfd
Scanfilms,6b27fee44c3e0b75e4ea8b06d47b1feb33ffd37fc7a1ce0c1325243236cd7c24
Cinetic Media,ce70a042ffb784cef51652bb37fb8e761ce90d2caa388628e9c872122fd48893
Spring Films,754cfa16e37d7311a70511374e88d625fe48f399aff98aaad972f8e2797dfe12
Bind,56b9b63d2831804be5c23a83d6d2e4e19c3124f546890b0628e839c9806c0e00
Media Finance Capital,e5682534c567cdaa2c2bcd59d8fb98a9ee5b41f8c6cb618a16a52c6f9a964805
Lions Gate Films,644dd0f3032106412b72c70ae0d8418e8b65b00bb65cdffbb0b5af7abb0f1e39
Tencent Pictures,98dde581e94a9836fde41110fc841e2f5966e0c76badb57146fcd8e87bf2f104
Cinema Epoch,0a8e2fc24c1fafdb532b8ba44cff05d6a5a074c602a91bf0b56cbf1da1f6cedc
1department Entertainment Services,c9813a87dd973e331c00a3f633d8dc520e258a7d6321616a8de07367853efee9
Kongkiat Production,19b073beefea38a0b305893b52141564fdea62730f802dc8c2843554a3da9ce3
Red & Black Films,5459566512acbe3655a5e0364ba5175d7eef0a8c57f3da646224c27a92bca90e
Contrast Films,c1e9dde4967ef52ff36ea6bc4508eab965dfd758177583748a32e556a2b18a00
Cnrs Images,b13fe8d9b0813858415a0959a18b876009878a6221e8dcb139deea4ee11797f4
141 Entertainment,610a01d07133d248285f0dc914e9d322af25b29b314e41f8fb2eb3f04bfc6d9c
Tfc,d9fa1b68745c20bc8f93466ac004a7a4bcedb90195661812d6d33542fd116306
Mad Entertainment,a17d11ea6e884d6700a200cfe191c833a4391305268a9d6482aa7ea576fe35df
S&s Productions,ef46704d33c3e2d22f0787095ed021070db654f731cb0d6ca9f903cbf94544d7
Bidibul Productions,cd887ff336bb411669005ed22d04abea160c64b2cfa15818348676137e003653
Apulia Film Commission,f5110828694352a3876069108c14d67ecfbc4d605866083beb052060cdae1327
Sataifilm,008c1bc8ebc2538bdcd5d8091ba0421f73e6e4a17f54773da8d6bfc954cf91f7
Dreamworks Animation Television,45e54117bfa3249ac033f41fd81a4abe0ecbac8d7a5b5b97dc73fd6366650dfb
Spiro Films,f410f9a83da5b1ab8943b0c7a86ebdf34602fa5850b3d04799166d95e57f5c76
1492 Pictures,fdcb22f325b56b0d13bd416a2849f1dc8809fab902b1bc3847f6ede834cb82ce
Panique!,4fd0a5a88ab6a582261c7ef8ce1d3f338ca360a61e00ffb0bea288645e289d6a
One Fine Day Films,3fe170e7b37f7c461c87a4613abcf5cc48e98d4365abda57d1e445158a54f6b2
Sola Entertainment,7950aeb31be236eaa239debbf56e2e598c370967afc8c2e98262e88c71f69d53
Im Filmworks,bfb593779c11002bd7afe381b4329a5e161a29d78851988c14d99554e4f93745
Lost Eye Films,fdec4e44df9804fe70bf957f29477ba9d0ab4f2c9d57fda95e3c21a753f7cf44
The Film Psycho,b82c8a2a3a066346a469bdc618b0312fae6715698f63fdd2978abdab58d7de4b
Hiventy,3052fff62a0cfea8d5aa854d4329469da089d917aea1ee5e8103e37a6eca6aae
Pelícano Cine,7eda4792018f9be63ea98850414368dac2f286c3091d944828c5cd3b443d8f48
K&k Film Selekt,17a06015d6d12400ce5f7d7459f5a4ffe814ed7713310b8808af0e49b8623bcd
Ventureland,89438705aa3df6f23abe381ba29eed1800de0c08e9c08f35c544bb7a20782b75
Natfilm Hungary Kft.,b646300ef2a1dc2c1a13caa26015a16153d4efd9774278794659c129112fad49
Falkun Films,e55127031ea4e0ddf8f79a74e6bcde029e1c59b2bf8a8b78849d41f6cb0e184f
Wiffle Films,9fdc02317a1c26212f70de31775cb67513a39995e1ae88caa18dc2f448650fe1
Boulder Media,2096fe3ef19aa2316c19e9b5c259f3ffec61b0c359187e50f9b0ce204f274ed7
Monte Rosso Production,0fda042c7b1d7289bc400dd69561fd386d8c8e4f9407e815158ca39524071b28
House Of Tomorrow,96fa2584e9943ec68b8145516f6947bbe862cb93b6108a5ea1298ff0356d3f2b
Fausti_films,a131a08822b545a8762030aeb46f88dd6ea3a5ba788c0690b9fe826acd28f21e
Ninety Thousand Words,060bf68ac7f5ce4a390667ea677fc597a7f17c2d178d09893e950ab197246192
Bbc Documentaries Production,317b0d28dd469e9489b94488d7c6a82cbcb6a4155318e8153399253a949f8b06
Contramedia Films,71774cde07d67728b4fb1754a8868c8a5902305abfe1788a44d174ee712dfcb9
Bremedia Produktion,3404e1a0c2d0b2b0f3cc91d31dd90342fd9a61069bc645ddc43694c86ecf5546
Lorton Entertainment,254b60efb2dbd4390cef67d0d4906b8f476bfb49a5eef2964a3b2bbebe723940
Ushuaïa Tv,6726f41a8d4d80e9da6911743365e54f34544b894c7bfc9b4f05b628dfc9350f
Blixten & Co,dcedf24e91e96a996e4ce3ab986753434977b2a3214c4e2c3fc44f142d4bb6e5
Mondex & Cie,c531a9a52263789f998a97e7516ff859c8702bfdb9068b6fbb63ffb35a8bc4c7
Drew Fortier Productions,9761504d7f688233acb002557de8a84e09694e056eec33d4789b504ac936e826
Volpe Films,16b737c428845dc95589e08bad0cba953f1735c8651a43f58a38786a4d76e66f
Adonis Production,e83e5f4029a42e629842322b544f9fe09f00df7eff8c84ea4a4f0feef2e8012a
Inred Production,0fe069b9d8686664d70132a567b5cb096ed49a85a7dc471845ee4e1d096ae630
Filmstormers Entertainment,3cd5e9e7b70582008063e5e85ebcb6ab3f1e9d760a20999967db8f8fdeb0f9de
Hollywood Film Academy,70140d87caaa9148d64730eb7e494caa5003629d9fd114b7ada7707d5822655d
Adama Films,176e62793b45871e286a52e866f245058aefd44dd27b7cabf29ea257d028d4fd
Telesto,ce7afd74382ffaeb7cb79178ac7ab34c81c768d540e1499a81c36f0e6abd7d3d
Filmster,47b1505433603569dd9132bbc75ee74f67ae6411dacf70a49a27cc9e1068da1a
Madeleine Films,b7ee3a394a2436a9091879eaa20e803984c90b96a6f32a198412fd2f6f34b8f9
Bohemia Group Originals,54bb5d4b4d37964efe30e7e239caa8d511b20234dc1d4bcac262956824204e56
Escola De Cinema Darcy Ribeiro,b41fd4d7f7debbb7ad4f1b4d63f3cd3c09df146f949baf2fe272075e04b0cee5
Producciones Singulares,697ab3d772354c38058efd289f7ecc94be5b8f7c44f24abf72a8465949f478b0
Motion People Studios,edb6c6762feba4bde2b186d74dfe8f4db2703f0678571e79f30c5e07054f8571
Paycom Cinema,14959a5e5c919d0635f3f2a8567f89b53f54824e6668978bcb3196651da27eca
Bo Film Services,00ac6a71b098d12094525c6d4e97ca3ef89814f4dc2ceca48b1df9a9442e0afe
Fast Producciones,84122a48074ce426c8da9793e8c16b51ab462d83a1c7fa014fb32c813ae0a381
Man Alive Productions,50f4e66cb0c266024f73cf77af128657f5b31c124962793af89f3facd6856504
Encanta Films,4e124dd17af153d2cc97f7a24534aff5d80df3d5d7065fdb6f2c525a14978c86
Creative Lanes,43ce46f0d3272a2c892e5df2ba81d35c67c52c61a9110a00ebf115adda59cdcd
The Illuminated Film Company,c12dd0837e8ebdd39cc37adeaef5b6f1abb14ff998146ffa89c44dd37078c6d2
Hemlock Films,131f15c8cb59e760721265e1861784a51409c7451449d70a40a04a043af54542
Green Door Pictures,a573b2ac7aa7970e3093b6f5f045f2aec4d0ae740e86c522b0441f728df5b1c9
Tvs Films,89d1f486664861f74e66041b78a5fc134c8f1a6e657cbb8bd669daf560f8214f
The Born Free Foundation,b88b97f816c98aa1edba07b62b9ca8a7b7041cae2bc58c4ba68445c95bcdc68f
Lince Film,be11a9348a278e3d9484c637562b3123ec42d0ba0fe1c649f77e8eb1cfe4dc59
Tour Gigs,8b1ec8993cede5eb7f8ae81a471a96e77df565a3856347521e4c01bf753d27ef
Dreamworks Pictures,30bef0a6b90ef5d986a2bbca0c47117b231714e7c4e253f4a052246017798502
Tf1,ca723ca4515bf5831f18321c768e9b22f42da21f5e578da3c59869340d8e1d03
Larry Levinson Productions,7674fb8cba1352dcb12c16b5686a00dc4d9dd48df1fe9bef5c9f31adb41ba254
Dc Comics,386a43ca8f4661b2fa23e9c4df953a66ebd9a3bcef4c7cad030b42de745b97f4
Gravitas Ventures,1143881e0a1eb467adea46d746a2164d4d7f277248a245f2a6902fcfa1e60ec2
Macaco Films,334f3153b77fbacc5bcaae873f18febfb2398c273705d2e21e68a19e28238feb
Gaumont,6d507dc16cd02a7eb649e3ddb2e7b2fd57d1f0af21229a055af565587d79f1ab
Onf | Nfb,9e684728b790efe98a53a6b9e252d0ac32313040a3b8a3bdd4f208c23bf0f476
Cnc,b66dd5a5ed4c36d9b33b6a83d2d781b12c3308a04c681964e5f041eb6cbe509b
Elzévir Films,9293e3335c3e92a3e48d0712463611e81d9450482da4bc46e3de0b469a3c050f
Transformation Films,13189a2d4f5de53b795c4fa4c45a58de41cc939457cc5ac854f50cc04e721675
Pictanovo,a1f2f26ef8c4db06a065d235ede108a99ab989dbfa13601198c950c9dbf5e0e3
Frontline,82b601a175c773f30b067077526a102c0e9ffd4ad1f0ab263d08057feaf9ab48
Nippon Television Network Corporation,6091dd8887574030cfee8fa8e8df325d5b3a5ea06fb4efe805202cf7e46a57be
Hr,baf25bee043f2d9a7b8234f7a5cb737cefb7d8c6bd333f448aba42157dbe7b15
Australian Broadcasting Corporation,2641ca677900f0215a42a1488e8ba75a8fec5f528a787888c349378e05963322
Lemming Film,f1836927195cd7151bb0782237d9e9267e28735c683f365c2fddbaa71d461e4b
Owj Media,2d18de810fa36aac39d5f4c57b44ce99e3c562ffe07c6a9e43d03fa098dd4d9f
Filmnation Entertainment,0f9ba07797c0c153ea71fec1d5f4cd9ffd7df46b112d8495c47ba152f69f036e
Indiana Production,033d9c43d64586765eaeb2b220263dd89606546e45a7aa13c285bd455939eb07
Ts Productions,3f16847c8d2dbceda9c716ec2a3528715edaa3fdfe44663e492a2c3cf124f0a2
Wownow Entertainment,80b28a7cf44d54bc00c74048a4fbf78d0a61b405e5ab07e52344daa417c4a003
Levelfilm,7d3aceeb85be59d3802eef33e18e2b2cb3eb53d9287cac4f117209f555e5c787
Xtr,112f3a2517f1708f67c447cdbfbd18efbd8a41cf60c69ca4bc00fb5d14ec0603
Astro Shaw,c2f6bdd501d74a277c57f6d98b5b779d232983aaec97c7920d7f41ca0597c026
Medienboard Berlin-brandenburg,b38442d9fa393d7bfe2f5d4ab66f16a8f3ffc86ada74496041d1642b7e395440
Close Up Films,9c77c9f299b3d7c7177274df5afef84a5e366e1ac603d0a9d4a3063ad9d980b0
Bfi Network,8b1cddbb94f6e60e09c26ae5f0afc46fc000902de8e8f2e916e8181baa724a0e
Melnitsa Animation Studio,6a155a2b71338d2d63e22d84bc87e7726a2210283930bbaaa0b8227a7cddf838
Mm2 Entertainment,c074bbc52e708795c12e88df5bf1569f001f2ab98b7de6eab8cd21679c9b1e4e
2|35,ae855b34c86b95ca28015ecdde638d49030ce4f5a6b83876c48ce521de8080a0
Kro-ncrv,8411f218489d27b2c6c726fd725ceaa9e15b83bf535811e5fb7dfa567d925258
Greenway Entertainment,9827cf8a30fee9a092b394193c65cb48b0f1017b725892233445ec1e98397295
Tea Shop & Film Company,e29abb8eecc916f452324a1431f9823e472d03392f4fd5ff84f92c947c1bfa72
Entre Chien Et Loup,45bbedbd2981f48caf8f1ed2f2c474329b1eb12a0709facd3c7fe9e62340de4f
Showtime Networks,0afc933fe3bf4e4be9cedb828f5560420329daadc1a8589dcc6839aa34acf3f7
Studio Uljana Kim,0de951780b6d1840559bd7b6eaa0021d336d3d9429f8df3e8f46b90bed0d3f24
Brave Carrot,12331d7dbf01a4d9c9d8b9b7c263acadf4bfdd58f46dbf7eaba6271d661e3f6b
Ballad Film,1ead3e6d6314867732c46b68c5518fbad02d6ecdd4f2c05540bc7bc5fdca617c
Keplerfilm,fcd326c90536e9962ca9a252ebaea43d3f7300990a1c0fcf83e3aa9d651c8314
Auvergne-rhône-alpes Cinéma,ae1a077409a50b61abc2113d357a8b0df85855d81a72ea268e15bfebcc94a037
Elephant House,0b2228add96bc531fb740513780229d42560a1732d2e8c066d40c97e0d0138b6
Inc,740a3867f815f7471ff7aedcd6b5928b6c62ffb747458ae591bc05317ea299df
Regione Autonoma Della Sardegna,787add602a5f5a1178fc27d42ca79d21ab6bd0d2cb10e64b8dfde81f3c5fd412
Sony Pictures Television Studios,c167134c73c3130fd370cb694235bef41bac95776723477ef6a34cea42020bd4
Kidari Ent,f2f2788a856c600c0af5f34633b118a69c0e176b631fbec9bc41dfdb2672c55f
Bayview Projects,10ae4e09af2996591c77eadb5c52c05e0872595eee5710c4503c37b8361ee45b
Ample,4c8670d4f43842e902e7c6facfbe33a8e8abb90e3d14c12b079fbe36d7054c10
Cmw Spring Productions,8774da253df120f518d66487dd56593d64faf015601dfe824cc7df875b003a54
Morrison Productions,ee22536a598d5ba182c92bdfdae198018f3d1a68c459df815bf21420909f3a11
Sikelia Productions,f110431533d658a5effa1ecb3508434b4ce9dea310da1c430c4ad35a467475da
Rodar Y Rodar,5751d2b2bdee06804888c17b64eba2cbdb59b6d0614c2cdbd33cbf60b59804d2
Cmw Autumn Productions,f2ef2e4108f6395c800329aa1db599485a8a9cab51982e84f9edee30bc51a478
Tangled Bank Studios,af7486c3138396ad0cfb538882c3e64b0417fbc3fa14d50574ecc1f1befde97a
Propaganda Film,a2f4a21ffde0f90445f567e702c35a32df55d07f943e9c61c50ee7a08773bf4e
Drafthouse Films,13397d74c15273c2cbc2ccbf20c580bf4d92e73867fe3168ed1a76254bf7352c
Pique-bandeira Filmes,fc11b0558c9b01248c5bfb0c2e169bfb29538ce466fa5eb2c96432c7c0451ef8
Whitelist,8559afa62d4671ca247a9ed023c2586a72fd3552226827083636fd75750b77dc
Green Apple Productions,69d1fe702c5a77cc8708eeda79bf173162b442e34f4d9a365bcb37ad240209c6
Entertainment Squad,8bb291e9a6951fb03941878f25321fb221a05168eedf9a179d50ecaa6531bcba
Be-films,419df76eed26d2281eee3ecb6405f942312408e2dac5f3d97a4c8937d8a2991a
Melocoton Films,595a8912f6c4338c0e4e58eb93061e6824c2ad8584dc98399ce9cfa6c4676d7a
Kiné,f01c59fda2afc5536739dd2830dfee4dcf51acf9a1488bf8e5f1837b9dd11ace
Original Productions,a2511f8894e6941914067c7177411715261a8fee057d31523e9fee388ad17a53
Asmik Ace,b18494c837aa74aedef8544a6473a7ed5929f8fb76128833e3281e4bedef76ac
Abe Shuji,af03b57b58e383819110a146dfdeb35fc622c70b54c535427006ac26a323a34c
Ashiq Usman Productions,1c0dc8929f97c665f455cbc0bfa5576873f3f5de82f055f1492d77de9441f699
Easy Riders Films,039d5df2f7b2af1177c8d38edc27ba7b9b0027aa03514ec57a2c799a1c2a530e
Tmc Films,62f2fc7b65a5165cbf4793e87b5ac3626107b0c1d52748baa7ca0d44ded6a077
Flying River Films,a602926bdbecf4191b07800809bf5f557fafc6ceeca606b39c9ba8fbd9fe12a9
Corazón Films,8433cc1738a9e9c3f8b8392e2919d9ee68a75851d30da72f0c1d0908462e22cb
Film Bridge International,7a3bb31092d9f1700961d30cc2b07e0c72acf774f6f55f5d38b167c314cf768e
Burning Blue,16ce210fe69052ff1be9f5aa5471a3324879d4df24c507b17faea3dfcabbccb5
Truewest As,8d8d3b8c69ec0e3956312283cf24270255b25a82394772661f381ef4411d7bc9
Indeed Films,047f528fc4831b9dbae4eb0fba7ff8aff3a02c8333bc6fc58a8583cf2fd29b06
Albertine Productions,1bbe0e5b52c0aa535465c616b072904e26c2f62232875ba55414cedfbda9908d
Motion Picture Capital,97b3ed3c6cfc35ccc82a9705963055d367f5df5cffc162a24db064274d2f83cb
Skalar Film,417e7bf05b8a618184590d0bdd0735b0d229be99ddd3cde09fc2f824384d8b64
Grooters Productions,2eb0797680576cb19eeb8d07fb38baa0ff143ea36610db5dee1ff94c3f5a1fef
Onward & Upward Pictures,d4af6a5631b7310cd8e4f31d6e372319ee18a8c212947da03794a50032b76c55
U-next,421276877bbe9ea4f4ad87a96e14fe8ccc724c9a7dbd7f41442e1ef0871a84f5
Come About Productions,8d6b5697294bab6285deda4d17d49c3e0b51744dcc50a884f63929791fb960aa
Moondocs,16fcd27c9025fc0a49953273847ade66293828e4c44343c399c84599907da04f
Mildframe,955ea21e03a5c55e8ad4ec895bbe45990250e1a7329b0a2b5bb965fbb5161a02
Mediaskare Pictures,c14581b2d1de715b46a81b2a42845e95a629565b06ca502d1e57f03838acc5c5
Iluminura Filmes,4ef450b53cf306a995d002f1871f81427196763fd1ad90c342e946433004d42f
Oita Godo Shimbun,20b80d65963b15c1dd0938e70063cefee060cc79879e184624061dd907f905d9
Tin Cowboys Productions,ff1fbed71157a00b120c8164adca1c04c8226e8d184cccfedd309baf4f28f154
Disruption Entertainment,f4aa5c81eff14993967d08cf1d753fca0acf10ae2f47d8ad71870aab475539fe
Global Citizen,946e4f95f5a89de2b0e0b495f76f53aa8af2839eb836ac52ab155da6bef9693c
Les Films Sur Mesure,30f74b3e04d41dab64e34607ab60bd0e44baccf8b826082a060e6d783094f6a8
Akela Films,dedd4154d8b6a99dc4466883467c46b592a5aa9e31a15cb80e2b36393ab3a22f
Vishal Bhardwaj Pictures,33430d28886b533fea40dc15de69c687b912fd7aebd8777396053946eb98a827
Branching Out Films,af242e8056c5cd4551efb5ebc89b9599573b353b71cca54acc3b7f09b540a4dd
Matta Cinema,2aef43a96fa46f262c05fca0250cdb1fc98c04cba240289d898c7d60922e38d7
Msr Studios,ad0a2da93683800e0401a621a37c019309f61cf4111a4b554a6c79be974e0ff7
Cmw Valley Productions,3bc34e843211306f49b7569987adc614043aea1c405ff3566a1899fcd34c24ff
Soul In The Machine Pictures,ad5dee2ab99cec4177245faaeeb219245a637116ef9d1d7acc96bbd62afff831
Five 2 Seven Entertainment Production,efce3e8304e6eacc3c0c292d39815de49984628b9f8b736e7feb03fc645bd407
Cornamusa Producciones,5cbccb14d0ea5463a1e4d1575dc352b91f6854a06e8997554d3540b7d4db749e
Very Good Studio,843cc68d280ae3e8f8bb846b1c190da0e7078085501e6c75cefc4efa1c325600
Pitchwork,133d1f217c234a14c1c6e6e2a16d3cbb25ed71ca2a284a5581692e3180744ebb
Carter Ink Films,288b7cedb62454767ed8035b37fb546a48616ad83f0b6acf6c4401ceeb4b882a
Pawkpawkpawk,733c1216b54190cdc549f6b8f1262e1a850e7489c9f2b09b6c1b043009803cde
Protoplanet Studio,5def6d28bf00c1fe51fe1575f0a04bf50a3a07169bd0730abf5a81879dcb7fbb
Matt Palmieri Productions,5341ece450b0793dc62ab9016060409866a16a68637bf830bbe43d1db77dcf93
Altoconcept,ec2ed073fefb33d13af2e791b31241d86e9ba5e44eb565f6c8540d5d9af3506f
Hakkelätter Entertainment,45a6b219cef62e294d2242e16be82ba42d1f8afc9b694d59106ba6112de07a2b
Jerusalem Film And Television Fund,28121a07fb69b45deb9f38df85d91c29c37da1e70ec7aa0e5641cadd31e7a2b0
Southern Films,765c81a0775d2cfc52aa0b107a65515d4a770fbb3b50f1d40158520bdb047273
Kensington Communications,ea5626512898c49f0670ceacf171efcd9b534d6ce76c5f79d443b84b989dc259
Wish Films,b56b3050d64fd3f4c2909896c59acb9a10a4d3d3e622a2a49c0f7e56ae21756b
Clownfishfilm Production,77fa2b29f888f25bcb1ef3c2f26dcc70230df0ddf3912c554cf4e8bc951360f8
Come On In Productions,0b1479dc55c0bdad36db0228c44a03d20a7461e57abc519f7bcba5ff83eba508
Popp Rok,f76de188cebea2c15ddcd8336bca8373a11145d2d87c898ef0427e7d0dd9ebfb
Rbb/arte,f61100b5d49df2b8c135c4be467f9d28f7fd2fa1f75a3b6a82bebf61cd372be2
Jon Baime Productions,e1a8ced37c802b077c1bb4fed11f369d1328beb172acf6aea366ee83c4a4cc0a
Ica,82e86390bda89d67b7dbee4e379238078fcd7608d2a6289d8972efa6d488345d
Tve,94655745acd5726dd24e65b5a77e7ca37fc66bf8feda42c1ed5e06d7f356eec6
Fingerprint Releasing,09abff150fe57eff71e6cb77ab10a9108deec62e4c043145dbf2d1ce6621fed5
K9 Films Production,dc7d478141dedcfe64d104161cff4fef211d6f9c27cd831945068a924badb539
Voltage Pictures,0f341c602c3f126ea9e57dc85982014847193b71cea3b98a985252d2981803d1
Good Deed Entertainment,86506be230730ad32b02ad3729e57075f151aba302d89e4c6fe9fb966fd1c2b4
Itn Productions,c7c1b47f6477e7f6fd29c985922376f45dda2b34e65cec57b3b20c82b75fd457
Justfilms / Ford Foundation,73741549eee23adfcec467d9c5654f3be049dd57cefab18395ad4a01547cc760
Vitrine Filmes,993c056ec7711392f57ff1c021b58199efe123f5d3337bbd49a6802851697664
Just To Be Clear Productions,3a3b48d52cd645664fccf620b225a9462cf64ed18a4efda53a2173eb6ee236cc
Morena Films,6991e1c8a4884e485c48c47ecdc56ac10834c67ca5ce4ccd89020f809868fd4e
Making Movies,4debeb60f54a5cc4008d80f5405f86ec44f11d3fb118a6f88d12ba841640c6b9
Tv3,472415ed044977c73f29122dd5e549a9d6960e261d849fef3017578b57233bda
Propagate Content,ba5cafbd0dec3a6e9a6d07c9a74ec31b906958f24f32ee734cb879ac23a72259
Srs Cinema,96922c90fa5c1d2c2a19ad392efe892c63fd742c0dc59036b2868a375600a78e
Head Gear Films,5288cb6a0bd752e5ed67d3dcc0c1356722a96a47e225cbe120081de95e99fc53
Bill Zebub Productions,3b90c8ec6acde4fe337c4b518b89d826645717c0b44aaf0c020aef77217067ae
Nippon Bs Broadcasting,9069159a6f88a80c062c43078eb7ed68c1d2ac4e5ade24297a571888f856dd34
Sacrebleu Productions,47c5cf89bddb823cfda3f4084de39b881716f779ccfb35852f3e584f3bb07800
Mandarin Motion Pictures Limited,ef39ea5c785fe2b0b2ea72132acead3f0302975c873eea42fae9bf3b2781d80f
Stargazer Films,cd20775af3468703b115780b7c73bb27de1effff37cfea97f2f0ae91b5274fb1
Shimensoka,a22694e6c109bfcbacb0e5b88404198166130afc8b5383524368c3ab16b4d61e
Vanguard Animation,38c660da086869e3cd9086896bf76c7d3d279351cde9109f4338ab193dad785f
Hot Property Films,7f29aa8dc999bfaaa4488e1a0dc48c37d5f8322ada744e30a0dfec33ff8cfb61
M Pictures,4bbcfac7a7f99f4dde5b9267f3d143a80a93c83b1f4b962f7582b536f04d542d
Netflix,f09f149fa26808f8702a6de3f1df63cc9e4651987f3109ee81002207f1477b6d
Human,9ffa865f2bc6e850157bb454ef3e00fa789e3f8cc631552941a99ba3fcddde51
Aamu Film Company,423fdd66dbad113748d770a68682bceeabc3e2efcacf9c5aebaccb875edc13f3
Umapathy Productions,4105d6c74ffa1d3e733be0465c45d3a752c3be8cfb30686fe9f7b4f1b7706bd1
Gedeon Programmes,d85e577da77477d67708d5cc26ee82d402c18bd05e74d1c26c130168e2d4afb2
Âlim Yapım,ad76e997a4fd95db69b7afa18b7da3967d0539752be9f1b3b154b6ebc1e3a38c
Ontario Creates,1b1453e99366ef9bd759582ab5f9d893f61b43be2a2cac724d5218032ae17161
Hakuhodo Dy Music & Pictures,a06f45979a022ae91f49295c0cdd2db2918e5222752d1acc431221dcf41a2a7f
Warner Bros. Television,16751e42e5be4c38c819eca139d8c15fad58c0d9e45916b9e2f1d24c268fd651
Wayfarer Films,3c218db6cff457002d28054625a9131e5accaf6f47cd01df223165120cb90eec
Kbh Film & Foto Skole,5b2d0e1faed896c56cb817d5195ba12f67db3365f62b96df250135bec94fee67
Java Films,8230d1860c074dae3e59eaec4bc61826426e2b65b2a9922bf32a76a2cf0cc993
Maria Farinha Filmes,912c2da8e4ed34032db290579138d0e8bfd7d565f19fba51f33fe8a64b0177dc
Do Productions,845542545e8ad9c5a2dcbb6fff9d724e9970d44ffdc0b23e829f40f4c7c6dceb
Library Films,76193a54cc13beb6a69faf6c043e481c47394bf3c792ccde0b6ea10d383b3472
Lukaspit Filmproduktion,bf6c1ac72e09a9b1b347bd2b71dba7d21b0fab9d214cf1c37ef83e2e2cd51c9f
Rhea Films,d2cfcf2822356ea55c0dedec2f4771fae87d8f846793bed2376b4e25f2ee8336
Body Image Movement,1fe6fb348be3b3e68f5c78a7f9a10b04aa7adcdbc28ed3b0c0ccb18cc07aa4a9
Sedna Films,6ee83f680bedb887f89be099a0a247fa65fff917c6121de085567d6ee6986cc2
Aarhus Filmværksted,330bfe5b32173467933472b425e2876fde854d76972f1744213482c513ceaf67
Arina,6192ed96457e88531852393ec6233ae9c285218a89604c35a9313642633debea
Nako Fx,172f2524e0c08e0c4d1a57e7947f244052177cc269f541661baefee8b910841d
Non Stop,bc83407340466c454e45c83bc1914eca9fb8c486b593833badf95510e9146e93
Viking Film,26f8ad6306d942dd4880d9950db396934711043d00179b7c27273657dad663c9
Gullane Entretenimento,455e8e4b310a575ce1f9e9fb327c23e147ef4a23f995d3f82a26932d4874267a
Film.ua Group,12942a3022420c5275ed1dbf6e3f87ef709f29a1b5aeedc899f8c0ae244085c0
Women Make Movies,e072ea61feb7adef665a7c0bac61aca611b04790249e4e23bfb9fe17eb6363fc
Striker Entertainment,b626c39605987ce265889fb251b1ef33d5e1e76dfedd67d7d68728c22bd7f202
Cranked Up Films,bb5524c535c9d937ae3edaa1f36891bb782b32b4e0c55238dce545b83bdfa01a
Zieglerfilm Köln,30cfca45abd918d1af26c48831a60fecc4c3701d10743863dd109db4646b9d35
Searchlight Pictures,cdb10a330080b6f93e901d241e1a8b0f210bcc17dc45fd0feda004ceb052263e
Lailaps Pictures,8fa18933abccfcd1d47f4caa0730986d7c33eb7e011b19e71f527a0c91ad82ef
Will Packer Productions,bc4eff02f54d700eaca13fb9977fcde889aac5e3c01d9deb4cda3eb00cbb0791
Aquí Y Allí Films,e8306221b0a549db1fa80af14149ca8a427961ffd57a0d84886d4173cc12172b
Jcfilms,6fa3f1806211f9804042645ca0aa9caa414b64cda5d60c2984ac50d785c0119c
Picky Productions,b63c8bccae4e5c7f15a629b7c3580902dd09f8944937e92ff7832c56e799ab35
G Street Cinema,5b2c899193f8e5bc2688a39ddbf4036354a4476cdd808712b5f7adc543be4b35
Cryptoscope Films,009b93b8b2acae2f98374cea343b3a88789c5f34b70e70b930a9bbed27c64100
Real Dreams Entertainment S.r.l.,7ff1b92a90bde2d9cecce1da637b8301d44f6bd88d4321bc217af85f31465880
Wrong Films,18d96ccb64fbb0423a3eba9303e2e9210e5bebb11744a1aac25a338bbe4fcc36
Hn Film,89199d35d451e66a3a8b5e290eabd51d2f7eae6e3b259b6a86cc71015d46606a
Bleat Post Production,cd926de65571f75925eb67c5d4e1e2eb5ca0483afd0f51a5da152bb4e84060ab
Lime Studios,a4c4331cde3990d16b058537f403061915ed731ba8d964b681ba30957922a91b
Higher Ground Productions,083618b288d1d67d2aae53bed31506bacba70e74a4728b7b1bc28d9f5177f079
Scandinavian Content Group,3d0e85ac3b358c1c4b86c1300759b53462d5559e86adf0611275ba2265d037e6
Ènèng Studios,e6e84a0312812cc5d4ea0ee312420acd00353626149f8eec6dcf43e2e8c0ee7a
An Independent Production,82b7296cda3113c3c9d262d849fd08278c5e35e9383e1b27797a13e69c7f23db
Gilbert Coullier,0c67a43585f7fe722834ae36dfb746992866447fda8b6fafe337cf5bcd38d216
Dashami Studioz,0d0930191504fde992007106ce061902821cb0bd003453fdbcd65400137dcba9
Pichouse Films,8c58c68fdd9b47b3f93c423fbbc558ddf18b0cad68639549732f12d1b8e02d12
Animation 2018,5089aa7f9a141bbce9f3767311964a8f977c575d4d4673ec1df804c4cc1f5e3e
Wildfire Studios,76bcd6ea7d608f260ecc105f796297c06c34a699f9e5a00ee72431ef38eb0fbf
Supremacy Films,322af38493d2475e647a450d5b2d6d7c3b105fab7a8ec294e5b81749a5b3cd78
Scooty Woop Elite,331110bbf2df4c0f4b51f3a3375c22e0d973de6733639ff9253586a7906f788a
The Bridge Finance Company,563330fe3549e182fbcabe7bc6a4f5f5afa47e39464598d0878ca445ab61b2e7
Ambiances... Asbl,9d62c628cd18faedb52ea19f0c274d5e823918d4e023ba56a11566164371aebb
Gerber Pictures,abfab71c13971bd231dc4fd1d7838b168d24ea6886dd6b886ce1017421a27cb2
Jiango Films,08f0efa79e8636a2d5ef77270cff72a414f635cecd9c5a0ca1881d07fc2adb20
Aether Film Production,197ace72e888a9093f79b0ed96df54510b07289f715fe672b9d7c4df3b414522
Emafilms,24631230192a9ea39b9f0385cacbd0f1ade276e2f9c7ced41e832c5c49a90f58
Artline Films,3750dc6e1fc17ccea6330faf4d9b1bb50b2b9887ae5262312ca21b128227852e
Kingulliit Productions,276528a64de60ee9ec95c2302020715ab45a3ce1ed030f507a174b0cca3507e6
Alpenway Media,08c6707097f5f86482cba83feb9f26da7c1cdf8de847b9b6085fc43180f0de42
Nashe Kino,91b8c15ce4133a9b62d4eda30b8f8ded7afc2e65ad5e0c2acf72c4727f00b36d
Ensemble Film,62fd684c3395718a5332ad5a8973b250afa768f97f25f76a30cc86531542533c
Casta Diva Pictures,db2f299958837866dc5afe9abcf817d5e903894c895f20419b47a11ef7221ad9
Araucaria Cine,ec9029771163e9e6b1c172d58a951ebe9a87900a58c8845f822e982ef5322b90
3dar,bcdb584f98e313cc7c05d229b7d55052a52d51e0ac8731fbf81f15dda6eed014
Meteoriit,4ec9f378e77341102a3b9c44effea428d40788f3e821d4f3d186a83c455bda23
Dreamspace,33c4f0e666e9edeb3b4dbf87e99f52c61fb1e6d248ce757e0bbf4d35a918ce71
Zaghan Entertainment,e407c283e7df3035054795ad0fc5b1154d34d737fe8cace6f2f8fead2567a679
Joint Pictures,fb6f75a93aed68f4fe8c823475380e77f0eef88ea31879e2d7fff57582d51f46
Castalia Pictures,4d0df0231b362ace5d7a6e230d194240164b3e6160b0b21ed55df268bd9a685d
Filmhaven Entertainment,fd4706b80333b125cb14a1ad0eadd27425078e57dc0df88f4cb65ff16c2d999f
Vitamin Sea,4f83cbf46ba324bb1217fdfe164eac3ea92820ced0727c8ffe0f1a4c18275211
Friendship Now! Productions,f8842d106329c8678edb6f79e4d9ceb2c540a61a5683e3e349b65ff067e76fdf
Lost In Time Pictures,dbaf9aa4d283e49015e1907edd3ed2938889f81efb4799616d6e40c274f2d64f
Preta Portê Filmes,7b966e7490892fb962319fbf207ba428eaab39f6cfa881f0a7d6f53e80ffb378
Nayanraj Productions,d42818827e9786874764f560f7bd6ac6d738ea2e3b517efa31f5d91758729fdd
Good Wizard,178e297553a95880de9aaceb5ae685525b6cd3375518102a333001ddc23cad4a
Studio Magnetica,0cdbc0e997276523125ca0a549cf09eec755b7755384be974f437f137a0bc157
Gso Productions,308513879fbbb7e41cfa9ec729112eb06e8d0d68affb1ac001cac7242ecb788a
Dionysos Films,dc173143e716f890a33579742290c18506eb05a283c0a4ed2f0923ed54a4f1eb
Tornado Films,c5b11d75fd080303f31e070544f0bcf6aa9a776fd24f0121c13e372fab9f224b
Film- Und Fernsehproduktions Gmbh (kissing),8f82b33987500faa439ba574da72da6b73891ed7cff7c039f236e60525312aa5
Les Films Du Volcan,3e502b20a488025604bc273730527df644dd34fecdd5dda4165c076536acb85e
Flowing Water Production Limited,07ac728941536860d1868ab7e420f6077497b367a98a5058c789497d9aa249f9
Begin Again Films,a9d1457b93493407fdb49209e5b69f8915ce8fbc5b7adb639b18136495086ce1
Sîwor Film,e4227fe70264d47e4ae887fa71814a2c0079f14dd0b7ced553a1a6e039b271cd
Silent Media Group,dc0f0fc31d1573c88e34841e57d1d6435182cfe782ffe1cf14c5b318c1ed82b0
Sri Saravana Bhava Films,3a2bf0b6099118fb1a4eaa9dacf6e9dcd3664a21f5187b84ca3b0fe109f2d3ac
Miami Production,f9e0e451cacf90a2ba5ad32fa9cc7cade1e8d76628dd43172360047d79eed704
Red Rose Productions,6953e26e9f5ad716393d3b6292afabf8151c0575dd89d4eece377ea3d234574d
Viktorija Film,f521e58da7cbfae0604103a993f06fdd5947ce9cd08dba67f3919172f379a8b6
Young Berry Entertainment,ab878f20621079ad2c6ce74dd35b505333a26aa23267321ee8ba316a2641db8c
Bnn-vara,bce40e56c989d0444be6cc7f4d9caa3f3fc2e53c66ad458732bb93993a6276ad
Attrition Films,d1e9c001426b230c058806427fd63b2fa9ccd02e1afad3e1e04570915a14c17a
Sla Films,7a31f778cc89864a3fa9a200b96fee792f9da97dfd6168ba73cbc71a9a60eea8
Lodestone Films,1e2c6009dc2ff0e31f51017c9b0e8d0079bd4809ab049aaac48fbce3b67de15f
Retro Gem Media,2262bf695b04e843dc532033eb49aa3ba3b6fa974e2077c6cb9501b547879e2c
Korund-x / Nike-i,32527cd0276ccddd6f920496a8ab4df6f81455aaec53d335d6198ab596091742
Tiresias Films,096a5b646aa90743b5f39cdd522c3d16c0f8cf079e7b19ba7aa5403933df3a66
