sk_movie_id,id_filme,titulo,data_lancamento,ano_lancamento,duracao_minutos,status_filme,sinopse,url_poster,url_backdrop
88950b5cbcd974f7422318f40c9fc513524ccb957f65e61283eb21471d9b5b14,248781,Abcs Of Death 2 1/2,2016-08-02,2016,85,Lançado,"""An anthology of 26 fan entries submitted for inclusion in ABCs of Death 2, each offering various takes on the letter """"M""""""",https://image.tmdb.org/t/p/w500/nW7NGEHQczEoEO7NoJPokPynszH.jpg,https://image.tmdb.org/t/p/w1280/4KMqVMfelqi8Ft37YQAvM3QNM4i.jpg
887157a5841fe89e86a22995bc5c3c69b48f134589fa3a36ec2c419a94e646c9,262982,The Hollow Point,2016-12-16,2016,94,Lançado,"Los Reyes County, Arizona. Leland, a retired lawman, works with Wallace, the new sheriff who replaces him, when a vicious hit man, sent by a Mexican drug cartel, threatens their border small town.",https://image.tmdb.org/t/p/w500/v7ZARMt7pDrwd8B7YfUnXXtNlDm.jpg,https://image.tmdb.org/t/p/w1280/fH0KkK3dOyaBUlzDp74w5hSFNmN.jpg
836a2b5f7f0085954e4b21c05ef62c68be4084e55ddcd61fb85bba6d46f0ced5,267805,There Are No Saints,2022-05-27,2022,105,Lançado,"A man is imprisoned for a crime he didn't commit. When his wife is murdered and his son kidnapped and taken to Mexico, he devises an elaborate and dangerous plan to rescue his son and avenge the murder.",https://image.tmdb.org/t/p/w500/4qrJiGola6k04RA8YDG7Ac5UVlj.jpg,https://image.tmdb.org/t/p/w1280/cL0cdccOMzM508ODsWPfHVMMAzo.jpg
ecc99bf640e88c18e5f3003002d4997c506a3fa733a3799f15db7e3324b3feed,270854,Out Of Nowheresville,2020-10-09,2020,0,Lançado,Sem descrição,https://image.tmdb.org/t/p/w500/GHCE4aJkjCA8qkWoHXTH3pv2TF.jpg,
15b5c0336b4bc37ab9c11a62d28cc565dac99e5f62fafac91ccc9bd1018e7af6,273872,Chithiram Pesuthadi 2,2019-02-15,2019,137,Lançado,"Thiru, a hired killer, attacks a dreaded gangster with a sickle. However, he is forced to go underground after a man named Kathir witnesses his crime.",https://image.tmdb.org/t/p/w500/3K5ajxirHyV4FndDmzZn8yd9uf9.jpg,https://image.tmdb.org/t/p/w1280/w8acbCnI4Da4UV5UlpVxyZApGm9.jpg
9df00f89389993611ba6e788e91075190e579e03007075607333abc9bbb79edc,274870,Passengers,2016-12-21,2016,116,Lançado,"A spacecraft traveling to a distant colony planet and transporting thousands of people has a malfunction in its sleep chambers. As a result, two passengers are awakened 90 years early.",https://image.tmdb.org/t/p/w500/jK9S6HANSf2no64v1x1HxfcpmcA.jpg,https://image.tmdb.org/t/p/w1280/gHz4ZQytRs8YGrqFMwB3Vrr8pig.jpg
2fda28679c615366d3d16177b5d94bcc02e4d26fe24cf12a9d6e6b1065763c16,276328,The Death Of April,2022-12-09,2022,90,Lançado,"Meagan Mullen, freshly moved in her new home, keeps in touch with her friends and family through a video blog. As her entries (and her life) become more complex and emotional, strange things begin to happen in her room and the camera captures all of it.",https://image.tmdb.org/t/p/w500/l6oSQ7wod518ilLqDUpdr6gSV4A.jpg,https://image.tmdb.org/t/p/w1280/1nsPRbBM88ZNLMvgb0KThS956ks.jpg
29d0efb8dd7f69ffb711ffcff9edf03f85755004c07d66f8a1459163eda5ec59,287904,The Last Face,2017-01-11,2017,130,Lançado,"Miguel, a heroic Spanish doctor, puts himself in harm's way to deliver medical treatment to the victims of military uprisings in Africa.",https://image.tmdb.org/t/p/w500/egOM3BJgA44fR6YdiQJD51iQ4On.jpg,https://image.tmdb.org/t/p/w1280/5HoPEjUhVIqf1x4xMTdjwnAKSuV.jpg
4762d8543e630ec5e6d542ca11cd750e5f08e6cf8e18423745f8187c4dc7520e,291264,The Family Fang,2016-04-16,2016,105,Lançado,A brother and sister return to their family home in search of their world famous parents who have disappeared.,https://image.tmdb.org/t/p/w500/kvockIEuXR3cRxuOvoHSw6gDqA6.jpg,https://image.tmdb.org/t/p/w1280/aaSXUNaSdzRag4BlgyGJjLYGwDd.jpg
93f94facd94c2575ed8432af31759f1541cfd38bac23c51ff3765ebe51f06305,291870,Dirty Grandpa,2016-01-20,2016,102,Lançado,"Jason Kelly is one week away from marrying his boss's uber-controlling daughter, putting him on the fast track for a partnership at the law firm. However, when the straight-laced Jason is tricked into driving his foul-mouthed grandfather, Dick, to Daytona for spring break, his pending nuptials are suddenly in jeopardy. Between riotous frat parties, bar fights, and an epic night of karaoke, Dick is on a quest to live his life to the fullest and bring Jason along for the ride.",https://image.tmdb.org/t/p/w500/dETlaFOsefoeZqtgAsF5eiB3OiG.jpg,https://image.tmdb.org/t/p/w1280/jnnaCXTkJhwWcCJK8yZvAybrBvR.jpg
6b4f2e92984e84bddd5e6370cd0e4fc4c4d1755c59139dd3d68ae1b944feaeea,296865,A Monster With A Thousand Heads,2016-03-30,2016,74,Lançado,Sem descrição,https://image.tmdb.org/t/p/w500/wToNyO8nPExJGcIEryIj0EEuW3Z.jpg,https://image.tmdb.org/t/p/w1280/4fMatdLEIgBuqzHXRkLh2KyVaZL.jpg
c305eab58f997cff27e7cd707acd7c411718cf0990ec73d6abfac23dc2d65172,299641,Jimmy Vestvood: Amerikan Hero,2016-03-13,2016,84,Lançado,Sem descrição,https://image.tmdb.org/t/p/w500/z82d7Etu9nThYlo0kR6BOlRt9e0.jpg,https://image.tmdb.org/t/p/w1280/nzFPIv9i9iiFvbYWwpmfONAoNJM.jpg
ea1b5e74d01b86d342ecdd6bf1f403f443cab753235abfb45866d2f14256f93b,300687,Same Kind Of Different As Me,2017-10-20,2017,119,Lançado,"International art dealer Ron Hall must befriend a dangerous homeless man in order to save his struggling marriage to his wife, a woman whose dreams will lead all three of them on the journey of their lives.",https://image.tmdb.org/t/p/w500/bHh5W7YuMorc4orn8DQ6c8YEnBm.jpg,https://image.tmdb.org/t/p/w1280/nbGrRIF7zpbTP98nrEa7JbThyP.jpg
9b013dc47b03561ad39eb58d34d20d133940e790766bd219ec83274fe184e290,309885,The Church,2018-10-05,2018,87,Lançado,"The minister of a once vibrant, landmark Baptist church, now struggling to survive, is the sole hold-out in a decaying Philadelphia neighborhood earmarked for gentrification.  But ultimately, the preacher’s steely resolve to preserve his family’s evangelical legacy in the community and dwindling congregation dissolves under relentless pressure from his status-seeking wife and greedy church leaders—Lured by cash bribes and promises from unscrupulous developers to establish a flashy “mega-ministry” elsewhere.  Soon, the spirits of founding congregational members – stirred from the disquiet of their graves by the remorseless trespasses of another generation – begin to make their displeasure known. As the sinners – abruptly and inexplicably bound within the confines of the sanctuary – fall prey, they must all re-examine their choices and bow to the will of the covenant … only to reveal the righteous among them.",https://image.tmdb.org/t/p/w500/gLMgHdREeKWLC1kSO24o4CvBl7n.jpg,https://image.tmdb.org/t/p/w1280/5YVkR1HCg5wB3MLX9hqRCCgwpxz.jpg
89701ace3363a1a8f698a0032627acf8f525f2dda12f4863d9c7e9a94aa63797,319888,Eddie The Eagle,2016-02-25,2016,106,Lançado,"The feel-good story of Michael 'Eddie' Edwards, an unlikely but courageous British ski-jumper who never stopped believing in himself—even as an entire nation was counting him out. With the help of a rebellious and charismatic coach, Eddie takes on the establishment and wins the hearts of sports fans around the world by making an improbable and historic showing at the 1988 Calgary Winter Olympics.",https://image.tmdb.org/t/p/w500/80fwjYfHmeDXobIErpNvCFCOAYd.jpg,https://image.tmdb.org/t/p/w1280/a8Gsjp2GZ8NVvSg0BmkBDOv7Kz1.jpg
91ac04c7da354f0c9ee76eac173a16d77164501c6420b1dc7199cf567a0e018f,320432,Shongram,2019-04-18,2019,103,Lançado,"Shongram (struggle) is a romantic drama set during the 1971 liberation struggle of Bangladesh.  A British Bengali on his death bed is interviewed by a daring London reporter, where four decades later, Karim is able to recall and finally share his past.  We are transported to 1971, when Bangladesh was still East Pakistan and a young Karim (a Muslim) is in love with a beautiful Asha (a Hindu).  The peaceful village life is suddenly interrupted by war and Karim must grow up fast to survive in an era where mass killings and abduction was common.  He must also carry out his duty and revenge before he can finally search for Asha.",https://image.tmdb.org/t/p/w500/l3I3gqBWbFoZkIYOV5dNLEsw3jl.jpg,https://image.tmdb.org/t/p/w1280/qk20RbnZMpuTnYhNkM1s4jXjFbZ.jpg
85164f19379732d1d51a8af920e749068202c6496ec47daad6aa5791c6e54f23,331313,Keeping Up With The Joneses,2016-10-20,2016,105,Lançado,An ordinary suburban couple finds it’s not easy keeping up with the Joneses – their impossibly gorgeous and ultra-sophisticated new neighbors – especially when they discover that Mr. and Mrs. “Jones” are covert operatives.,https://image.tmdb.org/t/p/w500/yvWcTrRCzE4C2hkd2wV4erPuKCn.jpg,https://image.tmdb.org/t/p/w1280/o4qR3tT1lLeLy7nL0TaLM5LQmgW.jpg
e40c3c7345afce281a8899a58646d2c1cae1feaca58f3e92bc700609bb3c6df0,337426,Another Time,2018-04-24,2018,89,Lançado,"Just because a journey leads you somewhere you didn't expect, doesn't mean you ended up in the wrong place.",https://image.tmdb.org/t/p/w500/jplv8Z5OJeI2AsFca1JkW5Xv8pJ.jpg,https://image.tmdb.org/t/p/w1280/sMk4NhZ05imD02gM26is4kVgIVB.jpg
75344d0930b0a33ac9d5a56cb7cf2becc06be4031d02739d4b03949fca2ada15,338598,Slay Belles,2018-12-04,2018,77,Lançado,"While urban exploring in an abandoned amusement park, three cosplaying girls accidentally unleash the vicious holiday beast known as Krampus. With the help of Santa Claus, can these girls stop Krampus from his killing spree?",https://image.tmdb.org/t/p/w500/25qsK9Qxs0hnXIYMpHjtL0A6ghI.jpg,https://image.tmdb.org/t/p/w1280/p3TUFBwl3U60Ycmnjd7syCYWcHs.jpg
30cb47b90d2a9e55870d4be4cd085f60276ebf289eee750b138cf740efe279eb,347387,Hanna's Sleeping Dogs,2016-06-09,2016,124,Lançado,Sem descrição,https://image.tmdb.org/t/p/w500/dzh61pDclvDFMfoWV8NRV64fhlx.jpg,
5c1fd0a20e6f576eec76b0f91dc0c93a4cf1f421277caefb40f881ac3afdc298,349164,Neon,2016-06-02,2016,83,Lançado,"A film celebrating the beauty and romance, the art and science of neon: visually stunning, one of the most environmentally friendly forms of lighting ever made, and endangered – LED is slowly but surely taking its place around the globe. Vivid, beautiful and insightful, Neon is the story of this noble element that has so profoundly coloured the modern world.",https://image.tmdb.org/t/p/w500/l03FaMpqAfWhD68Lr8BfMr0teiA.jpg,https://image.tmdb.org/t/p/w1280/vSqxsV23KkSq6PcA7D6zOQQ9gl8.jpg
876f901fce37f61b13428c95d85e93c82d73bf0fd111a4f3deb9498e50fd932c,351044,Welcome To Marwen,2018-12-21,2018,116,Lançado,"When a devastating attack shatters Mark Hogancamp and wipes away all memories, no one expected recovery. Putting together pieces from his old and new life, Mark meticulously creates a wondrous town named Marwen where he can heal and be heroic. As he builds an astonishing art installation — a testament to the most powerful women he knows — through his fantasy world, he draws strength to triumph in the real one.",https://image.tmdb.org/t/p/w500/dOULsxYQFsOR0cEBBB20xnjJkPD.jpg,https://image.tmdb.org/t/p/w1280/o2841QcPz3TLKajqTiEe6VWGL36.jpg
e29030913ade50c6cda78634d5fccfa83815d00a742a03afa1b5489c15431e6d,355950,A Boyfriend For My Wife,2016-09-01,2016,106,Lançado,"Chico (Caco Ciocler) is tired of the relationship and his wife's, Nena (Ingrid Guimarães), complaints. After spending 15 years together Chico has zero corauge to ask for a divorce. He decides to follow his friends advice and hire a lover to his wife, the womanizer Corvo (Domingos Montagner), in hopes that she gets involved with him and ends their marriage.",https://image.tmdb.org/t/p/w500/teQSBVgy689tFFBlUzESl59UXLu.jpg,https://image.tmdb.org/t/p/w1280/cZ5bH8BCMtoBFMi8iHjGcRTQaiR.jpg
d4d1305003969ddbdbd8e112d5219986ed9421f66409f65c6e0cce954550dd54,359412,Marauders,2016-07-01,2016,107,Lançado,An untraceable group of elite bank robbers is chased by a suicidal FBI agent who uncovers a deeper purpose behind the robbery-homicides.,https://image.tmdb.org/t/p/w500/bAvmDn5C7arBoRrfaG3b3Kdue1q.jpg,https://image.tmdb.org/t/p/w1280/eTp97yGiUiphRYtICwAgV6mghP6.jpg
a6f8844232d420a49be700da0e434085be59a052e55c21cdd0442dd6bb59a4e4,361777,Smoke & Mirrors,2016-09-23,2016,123,Lançado,"A tale of cheats and impostors, taking its inspiration from true facts and from one of the most intriguing characters of recent decades: the spy Francisco Paesa.",https://image.tmdb.org/t/p/w500/zzUMz6XnEEbYvkDPrBORdcDYQ62.jpg,https://image.tmdb.org/t/p/w1280/pJDGcikenLHXiksHcNRd6gUVk9X.jpg
5c5ed0451b8759970b7bb62b4f1e2de9db1994a0369c297500702382d94322a0,364060,Middle Man,2017-06-09,2017,100,Lançado,"When a hapless, unfunny, wanna-be comedian picks up a mysterious hitchhiker on his way to Vegas to audition for the Monte Guy show, he unwittingly becomes trapped in a desert-town killing spree that also has a very unexpected consequence - it improves his comedy.",https://image.tmdb.org/t/p/w500/5ZVkVNB1UuJapoYV2bV10olC74m.jpg,https://image.tmdb.org/t/p/w1280/8RiUaLDLtvb8DF88S6APjgshd2b.jpg
81a881d48a7a32bf7fea5f6e75ad0e01d3bd2bc4f19308dcef596cb381fbf84c,364379,Cat Sick Blues,2016-09-15,2016,94,Lançado,"When Ted’s beloved cat dies, the trauma triggers a terrible mental breakdown. His broken brain prompts him to bring his feline friend back – all he needs is nine human lives. Ted dons vicious deadly cat claw gloves and a creepy cat mask, and goes on a murderous rampage. As the butchery escalates, a twisted romance blossoms between Ted and Claire, a young woman who has also recently lost her cat in a horrifying incident.",https://image.tmdb.org/t/p/w500/5jZESEP5x14CiCCx5iYDz274BRy.jpg,https://image.tmdb.org/t/p/w1280/ui1r0vwODjohj6NsdH5NrhIjRVy.jpg
285793af66f47ff6ed9a65eb91810584bb411d5184face9362b0752a096dfce2,364865,The Jazz Loft According To W. Eugene Smith,2016-02-02,2016,87,Lançado,"Art, obsession and anxiety permeate a dilapidated Manhattan loft building in Mid-century: The first movie to use photographer W. Eugene Smith's massive, fly-on-the-wall archive of photos and audio tapes documenting the likes of jazz greats Thelonious Monk, Zoot Sims, Jimmy Giuffre, Hall Overton and others at work and play in the Sixth Avenue wreck that was Smith's home and studio from 1957 through the '60s.",https://image.tmdb.org/t/p/w500/d0DXGJQjoqcPtOGw9bKqNTrQWNU.jpg,
ba6f40cd0d6d1853375962d7d2a68891176b8d989568ba7265c9aff229487cc2,366995,Marias: Faith In Womanhood,2016-11-17,2016,75,Lançado,Sem descrição,https://image.tmdb.org/t/p/w500/686Mza3X0MypycK56KyA3uMb0Qh.jpg,
589a1bcd94982b3f5c0cbcee556344a79f593718d87c44783f16c036b9d702cd,367966,Harold And Lillian: A Hollywood Love Story,2017-02-01,2017,96,Lançado,"Working largely uncredited in the Hollywood system, storyboard artist Harold and film researcher Lillian left an indelible mark on classics by Alfred Hitchcock, Steven Spielberg, Mel Brooks, Stanley Kubrick, Roman Polanski and many more.",https://image.tmdb.org/t/p/w500/I2iRQYtBC0rJVirnoPCKLK6Cfl.jpg,
556a2a64b969a41fe46b003b2d455547402b444e523a92b740a9ef7b5b96b8d6,368464,Nice Package,2016-01-10,2016,95,Lançado,Sem descrição,https://image.tmdb.org/t/p/w500/zEYskCvQVB3xCls3OX3IGs1AXhK.jpg,https://image.tmdb.org/t/p/w1280/xnZwBs5JnOtSopHGYm1x8rlnjCl.jpg
f37e09f687bf35289a120277207ad682a001bf86132f6434fd86d43912f3aa4c,370076,Theri,2016-04-14,2016,157,Lançado,"When an honest cop, Vijay Kumar's family is ruthlessly slaughtered by a politician and his aides, he decides to change his identity and commits his life to bring his daughter up in a serene atmosphere. But some freak events end up compromising his identity and what he does to save his daughter and avenge the death of his family unfurls as Theri.",https://image.tmdb.org/t/p/w500/f6BhexotEqO3GejXa3FopBNGL6M.jpg,https://image.tmdb.org/t/p/w1280/yzoyr6nuB3ChA38MSHjYKlMpU6W.jpg
7df5b22edd33e20b42b8d4a64ee4fc017aa9978996376b18e005d42d2c79d4d1,371656,Innocence Of Memories,2016-01-29,2016,97,Lançado,"Orhan Pamuk – Turkey’s Nobel laureate for Literature – opens a museum in Istanbul. A museum that’s a fiction: its objects trace a tale of doomed love in '70s Istanbul. The film takes a tour of the objects as the starting point for a trip through images, landscapes and the chemistry of the city.  A film about Istanbul, love, memory and loss.",https://image.tmdb.org/t/p/w500/7NnFe3YQBatQOOxYYSSVPWEqdUv.jpg,https://image.tmdb.org/t/p/w1280/pna0XqVvDsx4zufad5sntDzpLfe.jpg
d97338017a291efb30cdfe85ff18900df3e758a268b1bb3f15b53332f6cc6fcb,373247,Down Under,2016-08-11,2016,90,Lançado,"A black comedy set during the aftermath of the Cronulla riots, it is the story of two carloads of hotheads from both sides of the fight destined to collide.",https://image.tmdb.org/t/p/w500/glZ2214nyqppEdH2wRdJbtQ2Pv0.jpg,https://image.tmdb.org/t/p/w1280/7Q2oL7IqJYNJL7X4qcmFZolOk8K.jpg
fc79a3d97eb64db4694886f05ebfcb41060dceab71c66adfe23ad6033a8c1385,373587,Dharmadurai,2016-08-19,2016,167,Lançado,"A doctor turns into an alcoholic, and becomes an embarrassment for his brothers. What caused this descent, and can he redeem himself?",https://image.tmdb.org/t/p/w500/yas8Ah6xrPWdnfDFv726vm5D9pZ.jpg,https://image.tmdb.org/t/p/w1280/nkhAxY0K6b1Z23UEknESrkFD5x7.jpg
95d96a64f01ced50dbfb9bbcde6d48a167b5db76e652746506f7da8f2819f873,374739,Flower Shop Mystery: Mum's The Word,2016-01-17,2016,85,Lançado,"Abby Knight, a former lawyer turned proud flower shop owner is starting over after the death of her husband with the support from her father, a new business and her daughter off to college. Life is good in the peaceful town of New Chapel but when a black SUV rams her prized vintage car, she’s determined to track down the driver. She begrudgingly accepts the help of a new neighbor, the handsome and charming ex-Marine Marco Salvare who just bought the bar down the street.",https://image.tmdb.org/t/p/w500/yybzcfZJkgGWEnuuZTcBNKh2gXU.jpg,https://image.tmdb.org/t/p/w1280/n2gRVwBcqn7gv34cfRmCC6lgETF.jpg
dd40f9142144ccb4df5f3db4b233e6be794f8f13b38752e28fb16233e16b846a,375154,Billionaire Boy,2016-01-01,2016,60,Lançado,"The story of Len, who made a billion dollars from inventing a new toilet roll, and his 12-year-old son Joe who appears to have everything he could want but what he really needs is a friend.",https://image.tmdb.org/t/p/w500/nJAryKtkyrjfvj7A2dm5cF4fwIo.jpg,https://image.tmdb.org/t/p/w1280/gRUszcNdAyVbIakcfxriedy0544.jpg
9df24f08f24b5c4b4ca2aa7be108e5eda66a5694e31e073498b0add71fa8c174,375795,Te Juro Que Yo No Fui,2018-05-31,2018,84,Lançado,"Running away from some evil arabs, a woman hides in a counterbass case, causing problems to his owner, a musician with a jelous wife who is trying to win her back.",https://image.tmdb.org/t/p/w500/vnUzAymfRq5yriq8mVzXuQtkpuu.jpg,https://image.tmdb.org/t/p/w1280/d2Ov4aEIzzmBDGLmwkbbqWh2q9g.jpg
c4822736b040e43050318d7626fdd93f8305770ed62a5caa2dc01199368227a0,376036,Nwa & Eazy-e: The Kings Of Compton,2016-01-04,2016,80,Lançado,"Documentary looking back at the West Coast group who invented gangster rap. The original lineup of N.W.A consisted of Dr Dre, Ice Cube and Eazy-E, all of whom went on to be successful in their own right. The documentary looks at how the group influenced the world of rap music as well as the controversial life and death of Eazy-E and the career developments of Ice Cube and Dr Dre.",https://image.tmdb.org/t/p/w500/1f1STQpNlxxaMItmANwT2Xn0Nc4.jpg,https://image.tmdb.org/t/p/w1280/noY93I5BZpsZRKcXZN5nxyNyREk.jpg
7281b33df73374d4a22bd7e6a73963172b334a9ac529d9386f32903516f3a3ab,376459,The Wedding Invitation,2017-03-30,2017,90,Lançado,"Three best friends endure heartbreak, humiliation & hangovers to find a date to the wedding of a lifetime.",https://image.tmdb.org/t/p/w500/iARCUwpqX5G21VZfxy5eRDBIJTP.jpg,https://image.tmdb.org/t/p/w1280/dO9545zAfvhnmehZYS27Co8mHkU.jpg
abb33e0650d46178774c3208617f0f0da63818bc8078c701bd13a1f62b48095e,377275,In Bed With Victoria,2016-09-14,2016,97,Lançado,"Victoria is a thirty-something divorced lawyer who's struggling to raise her two daughters. She is canny and cynical but on the verge of an emotional breakdown. At a friend's wedding she reconnects with Vincent, an old friend, and Sam, an old client. Her life is about to take a new turn.",https://image.tmdb.org/t/p/w500/fEt9U7JQYO8j8VtCCuyDzznPM2x.jpg,https://image.tmdb.org/t/p/w1280/ltvsxWWWfvcxoUbKVL8Dhhlwnrx.jpg
a46e4ecaf52a8c7fcb2fb7fd9ca4c2cf1589d9044ee5d6f78fe0b389e8425b61,377985,Fan,2016-04-14,2016,138,Lançado,"A man who bears a striking resemblance to a renowned movie star becomes an obsessive fan, but when his fierce love is spurned by the star, he decides to destroy the star's life and reputation.",https://image.tmdb.org/t/p/w500/ukMYsujfyWhSeIBAc9hGEFEkrJD.jpg,https://image.tmdb.org/t/p/w1280/3H73lwajun0ZcKVcm8m9XJSMIhy.jpg
d635a58cc1b0007552ee367f2c22bdb88aa39f37c1752f9974ce3c1645b6d6a8,378814,Doomed Beauty,2016-01-07,2016,90,Lançado,"Documentary film about Czech actress Lida Baarova, who fall in love with Joseph Goebbels in the 30s.",https://image.tmdb.org/t/p/w500/au7tF6O2UqnnLvHBkuYktAf68Md.jpg,https://image.tmdb.org/t/p/w1280/2swLf4V52gIRaIQVWWBZI4jIfX2.jpg
7b9e544e336aaabb88e95b66baeb898f439ebc189d4a185c1b54067d92927fc8,380671,Sunset Rock,2016-02-01,2016,95,Lançado,"A coming-of-age film about celebrity worship, love and disillusionment set in the Los Angeles YouTube community.",https://image.tmdb.org/t/p/w500/86h0BceXMrVeM6XxQ9xIVB29K6h.jpg,
3caadf704822b5726e3d69273fff7fa38d69c73a28463ffa97c014751765b81d,380745,The Cross,2016-02-06,2016,132,Lançado,Shunsuke Fujii was a bullied middle school student. He took his own life. A letter left behind referred to his classmate Yu Sanada as a friend. Sayuri Nakagawa was a girl that Shunsuke liked. Her birthday is the same day as the day Shunsuke commited suicide. Shunsuke's father can not forgive Shunsuke’s classmates and his mother's life has been destroyed by his death. They have spent 20 years of their life carrying their own cross since Shunsuke Fujii's death.,https://image.tmdb.org/t/p/w500/nLM8srBuUDraJ2pK3A8MUtDz04V.jpg,
07a62829e4eefbce4290f8fd0ed2d5a118adc92435a595a6f89ebdec5d90e4d9,381035,Jean Of The Joneses,2016-06-01,2016,88,Lançado,Sem descrição,https://image.tmdb.org/t/p/w500/fenitiniUzPk4R1pXVAPjWQqVS0.jpg,https://image.tmdb.org/t/p/w1280/2jaQ5KiOTv7Hs3D8lCQIQ3VFo66.jpg
4028e0e1973ef31ebeb04ec60e22c8feb57f3403fd6db8bd4c5f85bfc5eba678,381063,The Alchemist Cookbook,2016-03-13,2016,82,Lançado,"Self-made chemist Sean, a recluse living in an old trailer in the woods, suffers from pill-popping delusions of fortune. When his manic attempts at cracking the ancient secret of alchemy go awry he unleashes something far more sinister and dangerous.",https://image.tmdb.org/t/p/w500/mD37S35Ewj6gJpJjfeBEX2qlzsR.jpg,https://image.tmdb.org/t/p/w1280/whcs30g1D0Xd5Fd2wV4Q0ELbAPH.jpg
5136be06ae5c0fb54760ff09fb07e6240b19f079bfd2fc66b72e4a3366519618,382155,Pitbull: New Orders,2016-01-22,2016,133,Lançado,Policemen from two precincts are joining forces to fight the Mokotowska Group.,https://image.tmdb.org/t/p/w500/ji28TGlJzjeSqqOXPrPa6tpvSDt.jpg,https://image.tmdb.org/t/p/w1280/epywpQbJPQBBjrSXwMdc4aJeVch.jpg
d138521771b55c0b0f8742131a7a7afdbfa74955d0815507c390ef58ec217dc6,382194,How To Die: Simon's Choice,2016-02-10,2016,85,Lançado,Simon debates whether to end his life after being diagnosed with motor neurone disease.,https://image.tmdb.org/t/p/w500/iXtOpjiQCbi9gmVm57urrdAtFdL.jpg,https://image.tmdb.org/t/p/w1280/6WXpHIVH7wi9cg3tJu1xt5UZJiK.jpg
374f8a41ad3633e3e67a38bec5a830f4e9e5e1faeada76dfdbd4bd2326d9122b,382267,Those Who Jump,2016-02-17,2016,83,Lançado,"In northern Morocco lies the Spanish enclave of Melilla: Europe on African Land. On  the mountain above live over a thousand hopeful African migrants, watching the land  border, a fence system separating Morocco and Spain. Abou from Mali is one of them –  the protagonist in front of the camera, as well as the person behind it. For over a year,  he has ceaselessly persisted in attempting to jump the fence.",https://image.tmdb.org/t/p/w500/dyJ56GSMVLPCMS3DGL85DVXNapi.jpg,
6bac71dd124086a163db10e3a3ab28b8b83b1c77c296b63e050aa8afa7bdfc8c,382512,Lego Dc Comics Super Heroes: Justice League: Cosmic Clash,2016-02-16,2016,78,Lançado,"Earth, a shiny jewel floating in the blackness of space... and for the robot known as Brainiac, the last piece to capture for his collection of planets. Not if the Justice League has anything to say about it!",https://image.tmdb.org/t/p/w500/aRsWTDTf0YJhcoDEDIW6xAFxBiG.jpg,https://image.tmdb.org/t/p/w1280/p9yuxzkVrbw7mqsf9zl5hgQUsFJ.jpg
6b6046f45bcfc7aa212f5e36e5e210c81c5759f14dd586de9fcc002176045f16,382638,Terrordactyl,2016-04-25,2016,98,Lançado,"When a meteor shower rains down outside Los Angeles, Jonas and Lars, two friends stuck in tired, boring lives, head out to find a meteor and strike it rich. After recovering one, they start being stalked by terrordactyls, ancient flying reptiles that launch a full-on assault on the city. Trying to survive, they go on the run...",https://image.tmdb.org/t/p/w500/M7Ocrcowx7JrYRV3sDrIgTKZXx.jpg,
5fb8d887cdb46a20c80bbcd3316dbec805121e287730824fe0ba07a39fe45f67,382814,Little Mermaid,2016-11-02,2016,87,Lançado,"Based off of the original tale by Hans Christian Andersen, Little Mermaid tells the story of a young mermaid (Rosie Mac) leaving the sea for a human (Michael Murray) that she's watched from afar. When everything isn't as it seemed, she must find her own way. After getting a job dancing at a club and staying with a kind stranger, she strikes a new deal with the sea witch to stay in her new reality.",https://image.tmdb.org/t/p/w500/xSubTkGotc7S9J59BvQYBcsUecg.jpg,https://image.tmdb.org/t/p/w1280/cds94L9HzE6huIUh0z3bsj76ZKA.jpg
110113235435003172e3b8d456d5a5087e5a27f5c346caa36e23b69b739b6548,383098,Ta'ang,2016-03-02,2016,148,Lançado,"The Ta'ang or Palaung people, an ethnic minority living in the mountainous area between Myanmar's Kokang region and China's Yunnan province, have historically suffered many forced migrations due to war. When their survival is threatened again in 2015, thousands of them flee across the border. Filmmaker Wang Bing accompanies them and becomes a privileged witness to a human story that is both a modern reportage and a mythical epic.",https://image.tmdb.org/t/p/w500/a0iUCqkk5NfHfago6jTZSHDJzxa.jpg,https://image.tmdb.org/t/p/w1280/r7Z04RgGkiCu7MoJu9dDhwS9Jy1.jpg
8b9f43b24ec2b8739b85c3923247c1fd1cfdf2cd95d479c0f9a0450047a73cd2,383523,Şevkat Yerimdar 2: Bizde Sakat Çok,2016-01-22,2016,0,Lançado,Sem descrição,https://image.tmdb.org/t/p/w500/jGFBqoA55ySNWOyy3GwS49jOkJk.jpg,https://image.tmdb.org/t/p/w1280/msYgpv9VpFM2Y9rmzuOzLMPppmY.jpg
71759979871ac233eced674fd42b22c3670a1e3f7626d9dbc6b30edf19148d38,384188,Distiller,2016-01-08,2016,89,Lançado,"A world-travelling ghost hunter mysteriously disappears, leaving everything to his niece, who accidentally releases a horde of angry spirits, imprisoned in liquor bottles, during her Fourth-of-July party.",https://image.tmdb.org/t/p/w500/lwqiTaqm2r4hvrcN7nPGjKnsqX0.jpg,
ad8947586a238637c788235c99111fdad40bf8aaa6ef224ac3bda1db175f4b81,384356,The Look Of A Killer,2016-02-05,2016,94,Lançado,"Viktor Kärppä was forced involuntarily in the middle of Russia's internal power struggle. Soon bunch of assassins as well as Security Police are trying to catch Kärppä. Kärppä's family is also in great danger. In order to save themselves and their families they need to resort to Kärppäs friend, the police Korhonen , as well as his brother Aleksei.",https://image.tmdb.org/t/p/w500/yYG1ASGFsdwiuEWDEIzNeWNHL8q.jpg,https://image.tmdb.org/t/p/w1280/jLq1Ysq4gq5dxxF6PCxZUYVRSku.jpg
128a1fde92e77d987a13a617b1b61204a4bf00aea18aa4ff69b97b4d6c86c851,384420,Krishna Gaadi Veera Prema Gaadha,2016-02-12,2016,145,Lançado,Krishna and Mahalakshmi have been in love since childhood. But he is a coward and she is the sister of a local factionist.,https://image.tmdb.org/t/p/w500/hhSJy8zMncrf1daXnyaH8YdFx9y.jpg,https://image.tmdb.org/t/p/w1280/18DxOeSvOeytSwjLJCnKYpHAhn3.jpg
a06071bd556319d17dfb24d572debb7ad200e6bc644033f041c53060b87e9127,384682,Office Christmas Party,2016-11-25,2016,105,Lançado,"When Carol Vanstone, CEO of the technology company Zenotek, expresses her intention to close the Chicago branch, run by her brother Clay, he and his co-workers organize a Christmas party in an effort to impress a potential client and save their jobs. But the party gets out of control…",https://image.tmdb.org/t/p/w500/7r3w3cPTbNEIr1imb8zXyeIJCJe.jpg,https://image.tmdb.org/t/p/w1280/1uDvPjKthACQKeQBvkiJ3aSvtdh.jpg
fcb17c206e7c28312f69734cecb1138747742b39661f451dc27df5df8fc3c2e6,385137,Seondal: The Man Who Sells The River,2016-07-06,2016,121,Lançado,"In the late Joseon Dynasty, Bongyi Kim Seon-dal is the best conman who sells water from the Taedong River.",https://image.tmdb.org/t/p/w500/oCjK0920Xc9FO9yOXGusr11g3M9.jpg,https://image.tmdb.org/t/p/w1280/5Bs2LgSNB6IJ04HaMllMYs9zGGx.jpg
9a278a53d40b54df4fa0a08994c77736243557fac398db09c8dda823b492027f,386587,Ardaas,2016-03-11,2016,135,Lançado,A city teacher finds alcoholism and lack of faith among the locals in his new rural posting.,https://image.tmdb.org/t/p/w500/ch6dE7bXJELXUM5QA48aoqx2ojH.jpg,https://image.tmdb.org/t/p/w1280/2wkxHV1cbv3l8vQfN8l2ItxV9Sw.jpg
b2e1c0016678a2d2b57ac8404290004120526b64a42d2b842bfe90aa3b983595,388108,Wake Up,2016-03-08,2016,11,Lançado,Sem descrição,https://image.tmdb.org/t/p/w500/lZstovm3dW3zbt2B324JetNxZg8.jpg,https://image.tmdb.org/t/p/w1280/gpIRzRf4GPSGkk1V8cNgXUXz5iS.jpg
89136d5eea529edd221d85197ae21ece0abd5f7269ebd4e83a0856853394fe0e,388347,The Call Up,2016-05-20,2016,90,Lançado,"When a group of elite online gamers each receive a mysterious invitation to trial a state-of-the-art virtual reality video game, it’s a dream come true and impossible to resist. Arriving at the test site, the group step into hi-tech gear and prepare for a revolutionary, next-level gaming experience that brings modern warfare to life with frightening realism. At first it’s a unique and exhilarating experience. But what starts out like a dream encounter with cutting edge technology quickly takes a turn for the sinister. Once the group are attacked by enemy combatants, they soon realize this is no game after all. Make a mistake here and you pay with your life. Now these masters of the shoot ‘em up will have to fight for survival within a game gone bad, but this time it’s for real.",https://image.tmdb.org/t/p/w500/llnI8LlA0ct9HILRgUHd70xoTwh.jpg,https://image.tmdb.org/t/p/w1280/qan86Q34kGOsEzAsfJgewKr2Qwl.jpg
67e579da5edfc042b1d3ffac9ccb1633b2e70b5610e748f6e7eb5850e41f53ad,388373,Mist,2017-03-13,2017,84,Lançado,"Martina gets pregnant from her selfish boyfriend. Without knowing exactly what to do, she travels to Berlin to find her own father, the one she never met.",https://image.tmdb.org/t/p/w500/wXNIH0I8bxUSoSQGasOI8lIUwcm.jpg,https://image.tmdb.org/t/p/w1280/gyKA8aHTHgT1TyuqnWxrI612rNf.jpg
4837ccb387f7515c3ab8fe90ff5c2394d345f8c3558e7398e12ff38b5328a501,389088,Arctic Heart,2016-06-22,2016,81,Lançado,A timid young grad student madly in love with her scientist boss offers her body to his research.,https://image.tmdb.org/t/p/w500/e9rqiKPEeVBDXhYe7ZTtfCkgYDF.jpg,https://image.tmdb.org/t/p/w1280/lQhedYhVY4FHn8DX30ugMPax6xl.jpg
c719eec56376247212e17bdb3225884042b757284e6dd7aeba7f3e1e436adfed,389694,Mr. Rudolpho's Jubilee,2016-07-01,2016,109,Lançado,"Mr. Rudolpho is an Italian fashion designer: Rich, famous, and depressed. Surrounded by luxury, monitored 24/7 by a security team, hated by the CEO of Rudolpho Inc., he’s a prisoner of success. Rudolpho’s been sketching something in his moleskin book for months, but nobody knows what it is. Turns out he’s making plans for suicide. Good timing, because the CEO is planning to bump him off. Rudolpho heads to Berlin for Fashion Week to end it all, with the killers not far behind. But, this being a Bright Blue Gorilla film, things don’t always go as planned... He’s thrown in with some off-the-grid artists - the Boheems - who have no idea who he is. Thinking he’s destitute, they invite him to stay. Meanwhile, cops, killers, reporters, and Interpol all search for him. Rudolpho, happy in his hide-out, is hanging with the Boheems - and maybe falling for one of them... MRJ is a surreal comedy romance, told by two “Musical Angels”, aka Bright Blue Gorilla as the Greek Chorus.",https://image.tmdb.org/t/p/w500/fOlCgyCCx8FQHVJZLPp7j58yseo.jpg,
9891ddfa991c0e8ecc96d25b6687a285a585b5b4cd02120e42d935299140e424,389811,66 & Nowhere,2016-03-19,2016,95,Lançado,A man on the run from the Chicago Mob gets sidetracked.,https://image.tmdb.org/t/p/w500/lKMb40ZIVUDDitDQBd2wXRmeUhv.jpg,
1544365948b349144daa5cbd37c07c74baf6a14280d647ecc458a75874101fbb,391262,Curve,2016-06-10,2016,10,Lançado,"Clinging to a smooth, curved surface high above a sentient abyss, a woman tries to cover the few feet back to safety without losing purchase and falling to her death.",https://image.tmdb.org/t/p/w500/ehQdA0835DFN6Jsv7uUWcDEJZMx.jpg,
9025e16725ff52dcff81f3d31cedf2f1c2f63b1e7a78994cf4fc9726124aab2a,392356,Like Lambs,2016-04-08,2016,81,Lançado,"When economic Apocalypse strikes America, students at the elite Hopkins House Academy take matters into their own hands by launching an anarchist plot to halt the collapse and save the country.",https://image.tmdb.org/t/p/w500/s5B2sCZ5Z82wNr7Ut5uJTtKjv8p.jpg,
beb395aa4ac532ddb34a89cf1d39cb8fafebca037c1a2c61d0ed891a6de1ca62,392599,Echorsis,2016-04-13,2016,110,Lançado,"A young hustler takes advantage of the love of a gay man, and pays consequences for it in the form of a demonic possession.",https://image.tmdb.org/t/p/w500/vGttuU6cwtpfaI7vd7mJoDJKdrL.jpg,https://image.tmdb.org/t/p/w1280/3Y9pzyXceplhkp2DJrhZnZVbgLW.jpg
844bf17c2c3c1f45e22ca945d21968de89592f2a12b7313152e756680ebf4339,392837,Lightningface,2016-06-07,2016,20,Lançado,"Basil Stitt, in the aftermath of an inexplicable incident, decides to sequester himself inside his apartment, setting the stage for a profound transformation.",https://image.tmdb.org/t/p/w500/iFognrHPcApEG25roNxD9wzzi3H.jpg,https://image.tmdb.org/t/p/w1280/2Q7qIxHIOtnULCtsUFfZs172O2a.jpg
bc856bf1ad0f6bb513cbe10070400328763f7058504a8181d6627d0b07c0a9a4,392848,Beautiful Pain,2016-04-14,2016,113,Lançado,Sem descrição,https://image.tmdb.org/t/p/w500/zpF6Hj9nvLJvMNjjqSzforPEQkX.jpg,
d2440537d40f501584370e35ffb0ff18e7a6759687e2a7d1ee50617ca9200b48,393859,Abbraccialo Per Me,2016-04-21,2016,0,Lançado,Sem descrição,https://image.tmdb.org/t/p/w500/6zg1Xo0ek51wpUcfIc0ODSyyzec.jpg,https://image.tmdb.org/t/p/w1280/bDAMD1tLO9SOnjmexXbqnkSXS0X.jpg
1f5b488a026d2c0362f3e4cc4580632591a9344ae2393362cae5a55978266a53,394511,The Last Bid,2016-04-25,2016,120,Lançado,"When two female friends decide to try their hand at a storage locker auction, they unwittingly inherit a locker belonging to a dangerous serial killer. They soon find themselves in a desperate race to uncover the truth about the locker before the killer tracks them down.",https://image.tmdb.org/t/p/w500/dGZbmVfSj4YCSGdWm1DFHmY5JxI.jpg,https://image.tmdb.org/t/p/w1280/r3o7Znh5DuaItKQVPoQRcmR1MYg.jpg
2dd4f4000f1870ee5fa6ee2ec6955bb628c87ea3eabf160b9541f7f5d3fd3fda,394528,Louis Theroux: Drinking To Oblivion,2016-04-24,2016,60,Lançado,Louis spends time at King's College Hospital in London where he immerses himself in the lives of patients in the grips of alcohol addiction and the medical staff trying to make them better.,https://image.tmdb.org/t/p/w500/t0uSJf6XRipOJiPihgDmEOLCkaI.jpg,https://image.tmdb.org/t/p/w1280/y1wd7YlAmYVnS45x2kK9ryydixM.jpg
d36aa9baa8d8bccb2e40a5c8c7f1a490a347714750bc5501fdb4c4142fbc1347,395479,City 40,2016-04-28,2016,72,Lançado,"Hidden in the heart of Russia, there is a Soviet-era city where thousands of people live and work behind barbed-wire fences monitored by armed guards. It is Ozyorsk (Ozersk), located in the Chelyabinsk Oblast, one of the most polluted places on the planet and home to the largest stockpiles of nuclear material. Its code name: City 40.",https://image.tmdb.org/t/p/w500/dGxangZ64jKe9uHo5sYYJu4zlzM.jpg,https://image.tmdb.org/t/p/w1280/edSO14fMCDylm1ZCZXpglrfGTnz.jpg
802c392930a46404ae684fc2525f7d82ebb5083edb0c13d86e1ff9e260793a89,395965,A Billion Lives,2016-05-11,2016,94,Lançado,"In 20 years’ time, there will be nearly 1.6 billion smokers around the world. Approximately 70% of smokers want to quit. The United Nations’ World Health Organisation expects a billion people will die prematurely from smoking this century. The products their doctors recommend are rarely effective and many are trapped. A new vapour technology was invented to give smokers a successful way to quit. But it was quickly demonised, and even banned in many countries. A perfect storm is brewing between smokers trying to quit, government regulators, and health charities funded by the powerful pharmaceutical industry. Director Aaron Biebert travelled across four continents interviewing doctors, scientists, and others working to save a billion lives. What he found was profound government failure, widespread corruption in the public health community and powerful subversion by big business.",https://image.tmdb.org/t/p/w500/jCmysd8VgMtG6lBKH0Kjnmyc1gY.jpg,https://image.tmdb.org/t/p/w1280/oJ1xiZZJYGQsG2I4Ad6PxDVS8Sf.jpg
f020077c12e237e1ca4750af941cf3b5426f15bf33e5bd54f7871784218428ac,395993,Stronger,2017-09-22,2017,119,Lançado,A victim of the Boston Marathon bombing in 2013 helps the police track down the killers while struggling to recover from devastating trauma.,https://image.tmdb.org/t/p/w500/nnkxdFeY7YAgnicxkvwuxY7gVaT.jpg,https://image.tmdb.org/t/p/w1280/8DVFXRzbdZezDS8cxvn2sTAeqqg.jpg
db96727bc6e5607054ac4389d43025fd0af4c904a866d2fce0f0bed8626a2f75,396797,A Place In The Caribbean,2017-03-23,2017,120,Lançado,Gael travels to the Island of Roatan to finish his last novel and finds love at first sight. Sofia and her father missed their cruise and are forced to stay in the wonderful island. Three love stories around this magical place.,https://image.tmdb.org/t/p/w500/vR4mAD1rqFJY5NDLD64jlaRZGXv.jpg,https://image.tmdb.org/t/p/w1280/tlGjR4TRhMiqjWWFdF1Efmk43ED.jpg
05198f84ec850977d4fd833a51090b3a4dae18913b5b9fbb4b974401a8f5f919,396865,A Yellow Bird,2016-05-18,2016,90,Lançado,"It is an unwelcome homecoming for Siva, a Singaporean-Indian ex-convict, haunted by a tragedy in his past. Released after eight years behind bars and dejected by his mother’s coldness, he leaves home in search of his ex-wife and daughter. His old friend denies any knowledge of their whereabouts and instead leads him back into crime. Finding him sheltering in ‘void decks’ (the open public access corridors found beneath government-built residential housing in Singapore), the police force him to meet with a social worker; a woman also dealing with her own fears.",https://image.tmdb.org/t/p/w500/34wyySgkhoEsbjBBS5RJdL3Pa6S.jpg,https://image.tmdb.org/t/p/w1280/l5h94D3RzKYCnd5vvRqAoyy9MsM.jpg
8a0558d8cc4dc036d87cd437d3a301ac946bbbe14b062a3cf4d2b97808ee5c45,398173,The House That Jack Built,2018-10-04,2018,151,Lançado,Sem descrição,https://image.tmdb.org/t/p/w500/bMUGNkPaHOurcBK9g3XpJx3fxuO.jpg,https://image.tmdb.org/t/p/w1280/fsB1wogYPLgWZdOSjfMKzj47sCz.jpg
9963f40b2e0167117df6b4980303753cd82c0fbfe27d58ea45e9832d7613655a,398235,Après Suzanne,2016-05-21,2016,15,Lançado,"Joachim comes back in his family after a heartache. In spite of the excessive tenderness of his parents and his sensation of strangeness, he learns to desire to live again thanks to his friend Allan, his potential new love Esther, and all the pretty girls randomly crossed.",https://image.tmdb.org/t/p/w500/734kPsKQgapywXqOUUwvWt9xBzL.jpg,
5521d5d2ad3063abfa9ce36ddfe7344a7bef76e19c01054894a880e317174b39,398387,Oh What A Wonderful Feeling,2016-05-15,2016,14,Lançado,"Stars, hide your fires; let not light see my black and deep desires. Nor any truck.",https://image.tmdb.org/t/p/w500/yOppnXYb4p5mwsXGwasPpKENSEa.jpg,
104776c120de998a1477fb1971dec73803e8a7edcb2f2f406ed0abfdc1f482f3,398394,Limbo,2016-05-17,2016,30,Lançado,The leopard shall lie down with the goat. The wolves shall live with the lambs.  And the young boy will lead them.  12+1 kids and the carcass of a whale washed ashore…,https://image.tmdb.org/t/p/w500/y9JBo4JvqEE90bHZFwzq3XVS4au.jpg,https://image.tmdb.org/t/p/w1280/oE7NVGAK2pmoUBkwztb0tq6cN1p.jpg
129b3d2df7002203b7bc12218496f0f9ae6ced1deaea87af668a9d23eabb5d78,398720,Ada For Mayor,2016-05-27,2016,88,Lançado,A first-person chronicle of the journey of Barcelona activist mayor Ada Colau in the form of a personal diary.,https://image.tmdb.org/t/p/w500/miZlPFt4e0jT9XDG9G7tXApHnfU.jpg,
8f1d64122f03ab882bb1ad25967e9d3a690dfaa2d0e4f4a1a6068f5072c67850,399119,Change Of Heart,2016-03-05,2016,85,Lançado,"Diane McCarthy (Leah Pipes) is a reality television producer for her arrogant ex-boyfriend’s show highlighting travel destinations. While driving to her next assignment, Diane swerves off the road and gets stuck as a storm approaches. Nearby, she sees the Forest Cove bed and breakfast. Owner, Helen (Lindsay Wagner), offers Diane a complimentary room until her car is ready. Diane, desperate for shelter, accepts Helen’s offer and meets Helen’s handsome son Andy (Rick Malambri). Impressed by its charm, Diane changes plans for the next episode to instead focus on Forest Cove. Helen is excited and hopes the show will bring in much needed business. Andy, preparing to sell the struggling property, is against it. Despite his objections, Andy and Diane bond while preparing for the show. But it gets complicated when, Jared, Diane’s ex and host of the show, arrives and throws a wrench in things.",https://image.tmdb.org/t/p/w500/tkFykpysJxBKTPrZLdDRB4fsaQU.jpg,https://image.tmdb.org/t/p/w1280/fCTOVUJl9SKbLGdx0tTs2k2hqSp.jpg
da70f4119fa332dd999751481ac371fdba329ba27a7ab2b3c38c115a85d1d599,399279,Mr. High Heels,2016-02-12,2016,94,Lançado,"Hang Yuan, a man who's been in love with a friend for a very long time, is willing to anything to win her over. Even cross-dressing.",https://image.tmdb.org/t/p/w500/jd8XfaeY0mSDzEnUNPKgeBV4Tcq.jpg,
f0de73ae88a89025bc37f77db02101e04ce39753b0c445b1495de4cc992d863b,399311,Outlier,2016-01-30,2016,107,Lançado,"Margret, a police officer working in a small town where nothing ever happens, has a boring life, but she is happy solving the trivial problems of her neighbors, until her monotonous existence is altered when she receives a call from a London private school.",https://image.tmdb.org/t/p/w500/vi28voFlGOV8M2qvwtQ505NQjkZ.jpg,https://image.tmdb.org/t/p/w1280/g9rqcC4LSBL0ABY4VisSS2TnErk.jpg
fc51129cc5b3cfd213acde3f4dd82d9db4ef2864755c3a698a2b06dccf34da83,399372,Red Christmas,2016-06-17,2016,82,Lançado,A mother must protect her family on Christmas Day from a demented stranger who is hell bent on tearing them apart.,https://image.tmdb.org/t/p/w500/ciIw38jSMd2jFHfCMIBuo9k0zmJ.jpg,https://image.tmdb.org/t/p/w1280/lV77Osj5BUsV6mx8uHp8LQhNcos.jpg
582ebf50d2d4f0e3a99d6aad346fb2d3a4daa4be2a832c24581f3af138380be9,399696,Mobile Suit Gundam Seed Destiny Tv Movie I: The Broken World,2023-10-06,2023,90,Lançado,"The year is Cosmic Era 73. The Bloody Valentine War, fought between the PLANTS space colonies and the nations of the Atlantic Federation, has ended and an uneasy truce has settled upon the Earth sphere. With the signing of the Junius Seven Treaty, the world's soldiers have left the battlefield and the grizzly sights of war behind. Many who fought now seek peace and refuge in the shelter of civilian life. But one boy, Shin Asuka, is finding that incredibly hard. A coordinator who lost his entire family during the Battle of Orb, he now fights with ZAFT in one of their newest machines, the Impulse Gundam. Of course, ZAFT is only developing these machines for defensive applications - or so they claim - but when a group of Federation operatives steal some of these prototype machines, the world is once again plunged towards war.",https://image.tmdb.org/t/p/w500/rYWfVKCEig3RH7kgjBqNY5wJrVT.jpg,https://image.tmdb.org/t/p/w1280/a9SEyoUf6cKArvF7rcCR9S0acBE.jpg
40e3ff8d0f762bf08cd014ce3cf1bfb678fc5849ea80cc8da7c28dc9a7d96b13,400425,Cia Vs Kgb: Battleground Berlin,2016-04-14,2016,0,Lançado,"For 50 years, Berlin was the symbol of the Cold War. The city at the heart of the intelligence war between the US and the Soviet bloc. Thousands of KGB or CIA, agents observed each other, cogs in the biggest information war in history.",https://image.tmdb.org/t/p/w500/zxPPlwMFaR6RuReBhOcxAwjoIL7.jpg,https://image.tmdb.org/t/p/w1280/z5ApYmogSIv8vKZPhClNg2hEDeM.jpg
d22b4b1b286285715d0bcc57811bb7c8d961324e5c3c6c88f7f2716eed0b5da0,400440,Veni Bici Sushi: A Bicycle Journey,2016-05-22,2016,77,Lançado,"Veni Bici Sushi is the story of a journey through beautiful places and countryside in Italy, Japan and England. It is a journey through some of the world's most beautiful places.",https://image.tmdb.org/t/p/w500/qwa1MksPw3FFrA9FxMmoqYVMjUl.jpg,
1a33d2b5d591d836c26823b2d95907c93e326b9e344b122745cb42fa255628d1,400652,The Other Kids,2016-03-05,2016,94,Lançado,Director Chris Brown creates a hybrid of fiction and non-fiction in which he collaborates with real high school seniors to tell their personal stories. The result is a portrait of six teens on the threshold of adulthood and how each is dealing with his or her impending future.,https://image.tmdb.org/t/p/w500/7rR3t9fprYscTJ6TleqelqMhbQj.jpg,https://image.tmdb.org/t/p/w1280/nCl9mjB8QPZWwyhkQBSXwAyoe5G.jpg
0899a885e40c4af451b37efc9c83a63aab6ceeb575c3bd6525a47626aa90fef5,401359,Breakdown Lane,2017-01-05,2017,76,Lançado,"When Kirby Lane's SUV breaks down in the middle of the desert, she must overcome the dehydration, coyotes, and lurking undead to find her way home.",https://image.tmdb.org/t/p/w500/nevwDR8ODeY7nqdZlEo0gqGH6ZA.jpg,https://image.tmdb.org/t/p/w1280/2SfMKEKyuvibKyGyLM9nG1ShpoR.jpg
2640f00e639ac9c4acdd6926df107c4b0f6d6f32645abf90f1617701e6edaaa0,401544,Death Race 2050,2017-01-17,2017,93,Lançado,"The year 2050 the planet has become overpopulated, to help control population the government develops a race. The Death Race. Annually competitors race across the country scoring points for killing people with their vehicles.",https://image.tmdb.org/t/p/w500/5mI8yqZZBlZpvd0aT5YXbR8oEvT.jpg,https://image.tmdb.org/t/p/w1280/wZobkwdTb8cMwxhf6eK2NNlfZkx.jpg
7095d0e5a0fceaa93a2d8ebc068abb6815ac3ae85e60353f30da753eda95e54a,401887,Lego Ghostbusters,2016-05-28,2016,5,Lançado,Sem descrição,https://image.tmdb.org/t/p/w500/bl3qJmQCKAcmDlAOFTqtPGWoN5p.jpg,
955b9341ebe4e8b99b7308c85e44b48bc94e36670b3e42043c8fc21ccf343371,402193,Night Guards,2016-08-01,2016,97,Lançado,"When eighteen-year-old Pasha rescues a beautiful young woman from a band of strangely powerful attackers, he discovers an underworld of supernatural beings living among us.",https://image.tmdb.org/t/p/w500/jj1WvBwmGUYJKdsd12xhOol5trP.jpg,https://image.tmdb.org/t/p/w1280/gLQHmkqzIxYXM6JdGhG7OMVPNMR.jpg
0d3f25f8b95c704514ee3a79b9a60c9903850b47443328999d62a58e0d631149,402270,Stressed To Kill,2016-05-27,2016,103,Lançado,"After suffering a heart attack, Bill (Bill Oberst) takes his doctor's advice literally to eliminate the stresses from his life. The plan is working until his killings attract the attention of a psychotic cop (Armand Assante) who isn't sure whether he wants to arrest or join him.  Complications deepen when it becomes apparent to Bill that the biggest cause of stress in his life might be his wife.",https://image.tmdb.org/t/p/w500/572DNOMkT4oojUSvdO6LOOaRF9i.jpg,https://image.tmdb.org/t/p/w1280/qRPOkLCBHh2Xz4uItIeuxcql1sG.jpg
6b043e5b07efdef0311745d701126cdaa7d058994d4b4b8998ce728f0f126c0b,402577,666: Teen Warlock,2016-06-14,2016,33,Lançado,A witch informs a teen that he'll become a warlock on his 18th birthday.,https://image.tmdb.org/t/p/w500/xTT2zPtMuOizQjA5uxcX0rtF5No.jpg,https://image.tmdb.org/t/p/w1280/lR8FnDPbgFhtVNKskvFviPnu7SP.jpg
13ce7d2a8fcc0129d5b02584d16228ba2e6b392e0c48dc4518a76194317e30ee,402778,Remo,2016-10-07,2016,150,Lançado,"An aspiring actor dresses up as a female nurse to bag a role in a film, and more importantly, woo the love of his life.",https://image.tmdb.org/t/p/w500/sACb5UVRdVbgEZklS5Wu5gNlmVF.jpg,https://image.tmdb.org/t/p/w1280/ugTz8DUOfxSP55N2KDTvW8LhswW.jpg
d070a2eddec34ce3bb3a64236e5c6830afdc930b1dc2105d613cfe7b6580197c,402780,Kuttram 23,2017-03-03,2017,134,Lançado,A case involving the disappearance of a pregnant woman turns into a personal one for the cop who is tasked with investigating it.​,https://image.tmdb.org/t/p/w500/s1BkwHbHA4iH0vurfZlgTjBdETd.jpg,https://image.tmdb.org/t/p/w1280/yRx0eGRXSNpVPS73FwBliflbvh0.jpg
719f756984b3327d0aae1aeb40a899aa997c6ffa030c6166fb9e2c6330f9379e,403283,Gehenna: Where Death Lives,2016-10-06,2016,107,Lançado,Sem descrição,https://image.tmdb.org/t/p/w500/VLRxwqEIMKQNf4CSdKotNSu86A.jpg,https://image.tmdb.org/t/p/w1280/7Cekpcgl2JEHfTOk8w4DRQ5dpQw.jpg
697965c333cd80dd7f84f76923d36fc6d6ba246cb90e10bd6c1b683d565aa75e,403480,The Unheard Woman,2016-10-06,2016,89,Lançado,"Hanni is the wife wife of a farmer and the mother of three. She worries about her youngest, Magdalena, who’s smaller and more sensitive than her siblings. She gets stomach flu and can’t see well. The doctors prescribe nothing but panaceas, and don’t take her case seriously. While Hanni searches for a doctor who will take Magdalena’s symptoms seriously, her husband and sons feel neglected.",https://image.tmdb.org/t/p/w500/kypIrXzIm6hG10dt8yrZfYj4j5E.jpg,https://image.tmdb.org/t/p/w1280/3o8exHSE5g2tIL6GTfGIBR1xvn.jpg
3123f5a2ed624571d34ba82448cd351b0412cb0fefebdcfaf2737a704dbec79a,403509,Boy Missing,2016-08-19,2016,105,Lançado,Sem descrição,https://image.tmdb.org/t/p/w500/iT4UuE0iJDjkOBVcKftEv7VXblh.jpg,https://image.tmdb.org/t/p/w1280/A5VmSqfPqQa60gL1uiwP0PSG1E3.jpg
f40d4a1c10041b69c8bf324f271dfcf2b74e1653226d9ad0c42cde8e3be19f10,403608,Rudy Habibie,2016-06-30,2016,142,Lançado,Rudy met Ilona. Their different visions made it hard to be together. Ilona wants Rudy to stay in Germany and is opposed to his love for Indonesia.,https://image.tmdb.org/t/p/w500/g3cAfoobo5lazuMGRJp1HWaYQBe.jpg,https://image.tmdb.org/t/p/w1280/eOCBrOWAAivKOcwnKGYANJNk6ux.jpg
5fefcfff2e500f52d4ca34b4838dcb8dcc7cb7e3877b3868c9036dcc9fb01b82,404132,Incarnation,2016-06-28,2016,82,Lançado,"A man wakes up in a square of an unknown city again and again, after each failed attempt to escape four masked assassins. Through the never ending chase, he tries to recover his identity, and find out who set him up.",https://image.tmdb.org/t/p/w500/bl1sJhW5bVTbgH5gICCyxjk52EJ.jpg,
855b209a1f9fcd67de80b37aab239cb78af829cb988bba5128e5c237b1e5c02a,404279,Green Is Gold,2016-06-06,2016,81,Lançado,Sem descrição,https://image.tmdb.org/t/p/w500/x9p86hPU0cxaab7LnYNyQvpZ1sk.jpg,https://image.tmdb.org/t/p/w1280/wPeoTaKNp3PCd8osVQBA3PCmNqB.jpg
33096d33b1d5a9f45c0adca8d39101d47615c32684d9247d1bd5eda21855997a,404785,Evergreen Love,2016-06-04,2016,112,Lançado,"Sayaka works at a office. She's not very good at her job or with love. One night, she finds a man, Itsuki, collapsed in front of her home. She takes him inside and they begin to live together. Itsuki teaches Sayaka about cooking wild herbs and collecting wild herbs, but he has a secret.",https://image.tmdb.org/t/p/w500/6wYBXgSJHoLc1eLYDDJOuwMUAjy.jpg,https://image.tmdb.org/t/p/w1280/zlaK3gvfz6rk9V90OZ9VZw1OOZI.jpg
85cac9a9e824a27b7e6cf6fb06aab0fb6b6d83a13b4106761290384d2096f641,408633,White,2016-07-29,2016,120,Lançado,"'White' revolves around a banker who is in his 40's and is a widower. He leads a luxurious lifestyle, and in the course, he falls in love with an IT professional in her 20s.",https://image.tmdb.org/t/p/w500/rI6k3X5QoTxRCwtuCKvL7p0Pzcc.jpg,
46175eae63de0af4c93599637ef1e6214f0f1c5290999dd08cafe2acb1b8460c,408829,Handwerker Und Andere Katastrophen,2016-07-26,2016,0,Lançado,Sem descrição,https://image.tmdb.org/t/p/w500/msVGq7o8A2guIkysFhTL2QtANwt.jpg,https://image.tmdb.org/t/p/w1280/T0vBl8wPCAKzRCSvZaVx9AJtRg.jpg
58a4901246a465dc2a4833ec563f8576a6ad5cc383545362961825b18b648ac4,408855,How To Break Up With My Cat,2016-11-03,2016,103,Lançado,Sem descrição,https://image.tmdb.org/t/p/w500/6jqJ7BTWKhRoHC42iyMYaLm9DgQ.jpg,https://image.tmdb.org/t/p/w1280/shkI3FzG8nCMfPlVdanfoVXV9k0.jpg
139fc0bd48fae361785c57ed662baaa3bb21b840339bafa3f4f8beae05bd8edd,408992,The Early Hatchling Gets The Worm,2016-06-10,2016,3,Lançado,An unlikely friendship forms between a Hatchling and a worm she adopts.,https://image.tmdb.org/t/p/w500/mkoE9QVQmW0LTuKD1EpYU5ZUYQZ.jpg,
d88dec9e0affaeb393abf68edb615bba0afbd716340ce4994f0362e1119af22d,409087,Böhse Onkelz - Böhse Für's Leben - Die Dokumentation,2016-06-17,2016,0,Lançado,Sem descrição,https://image.tmdb.org/t/p/w500/3fWPuhyw0EFln6CsdbDyXH0w98O.jpg,https://image.tmdb.org/t/p/w1280/vHPVg25cOTdJoeSKbeTkZSrUzed.jpg
e199edd7e05a9cd969f08e66fa6c07a5770e1c24e59db13df909996271338043,410323,Neruppu Da,2017-09-08,2017,128,Lançado,Sem descrição,https://image.tmdb.org/t/p/w500/2aCk4sPBY9IlWFctXFw4LEtf7lz.jpg,https://image.tmdb.org/t/p/w1280/uglzTcnuPOHYLikov8cIvVPlYIT.jpg
1bdc053be713c5b38b572f1f10b9361a9c0cd85bc3f91bc640cc95cf32b64e11,410562,Chennai 600028 Ii: Second Innings,2016-12-09,2016,154,Lançado,Sem descrição,https://image.tmdb.org/t/p/w500/vSlBmLzEne3kGNZTPnZZCGZvKBC.jpg,https://image.tmdb.org/t/p/w1280/1HnXrkUV4UxDhGrkNnf9ORm25Q.jpg
ec9ab651cee7433c0232eee02ad5f3bbcf2727f5d1f3124eae035154738ead1d,410779,Unwanted Heritage,2016-08-01,2016,100,Lançado,"Monuments are silent witnesses to the times when they were built and the people who built them. Through monuments one can trace the history of human kind. Monuments teach us about different customs, religions, cultures, economies, wars and social norms. Had their monuments not been preserved many peoples would have perished without a trace. Thousands of monuments were built throughout the former Yugoslavia in the 1945-1990 period to commemorate the sites where World War II battles had been fought. These monuments were once favorite destinations for school trips and political gatherings, as well as a necessary part of all family photos. At the present time, the monuments and their symbolism have been abandoned, neglected and destroyed. The main focus of this film is the destiny of these monuments as secondary raw materials.",https://image.tmdb.org/t/p/w500/7qOgFW55Uihmt4ITaj2F51NQlAA.jpg,https://image.tmdb.org/t/p/w1280/1yIoLu1n3fZ7lx93OvVQD4KYDS.jpg
a3888d19adaae7f692d4107bb4cf49cc7f62b0ad0e92531156337720b094ffc4,410876,Tell Me How I Die,2016-09-16,2016,107,Lançado,"When a group of college students take part in a clinical drug trial, an unexpected side effect of the experimental medicine gives them terrifying visions of their own deaths...which begin to come true. As they scramble to escape their fate, they discover that the killer is among them and shares their ability to see the future - only he seems to be one step ahead of their efforts to survive.",https://image.tmdb.org/t/p/w500/edfgo6pyT1QFjbThLR1HfbNYl3g.jpg,https://image.tmdb.org/t/p/w1280/pymLNWKWStAtgjEkKqylbL0JC4t.jpg
5d8f6af64068053691dec5c5db911120eab5b1d08af40e0429a8ed421e3cbd42,411039,Searchers,2016-09-12,2016,94,Lançado,"Inuk filmmaker Zacharias Kunuk (Atanarjuat: The Fast Runner) returns with this Arctic epic inspired by the classic John Ford western of the same name, about a vengeful husband who sets off in pursuit of the violent men who kidnapped his wife and destroyed his home.",https://image.tmdb.org/t/p/w500/xHRjAwqH0QBuHUuBcZywfValVms.jpg,https://image.tmdb.org/t/p/w1280/1Ic6x5wxlxKoPYVMr4PJn85mNdy.jpg
7b6a6f91a66487370a29484ac9fb6b51443726ed31b78bd322c5d2e5ade27766,411741,Ingrid Goes West,2017-08-11,2017,97,Lançado,"Ingrid becomes obsessed with a social network star named Taylor Sloane who seemingly has a perfect life. But when Ingrid decides to drop everything and move west to be Taylor's friend, her behaviour turns unsettling and dangerous.",https://image.tmdb.org/t/p/w500/3LEyW11onDltXHo0L1X23j9Nnvg.jpg,https://image.tmdb.org/t/p/w1280/enwPgakYeduofhVxvS2KGR0nIpm.jpg
e534e489095006585991dc0b7d408dcddbaa56bfc4db9fc80978624d76732bd7,412191,The Tragically Hip - A National Celebration,2016-08-20,2016,162,Lançado,"When it was announced in May of 2016 that lead singer Gord Downie had been diagnosed with terminal brain cancer, the band decided that they would do one final run of 15 dates across Canada.  A National Celebration was the final show of the Tragically Hip's Man Machine Poem Tour recorded on August 20th, 2016 at the K-Rock Centre in their home town of Kingston Ontario.  Originally aired live by CBC across all platforms, the concert was experienced by an estimated one-third of Canadians, among the biggest events in the country's broadcast history.",https://image.tmdb.org/t/p/w500/jj9tTup4ixVvr98weo9Cr1VVeGB.jpg,https://image.tmdb.org/t/p/w1280/2T1SZ6ARtIPWScx7CY1gVoB8I1N.jpg
c53e2b48913a8779fa847b8b9296f95d61db7c70b657b96830de58dcfeeae423,412410,54321,2016-08-26,2016,120,Lançado,"5 People, 4 Lifestyles, 3 Murders, 2 Hours, 1 Revenge. The story takes around five persons who are interconnected through life situations, plotted in a house.",https://image.tmdb.org/t/p/w500/vI7PSlUpWOeqntcj2YnrDWXge98.jpg,
02f57b12018847fe35b51eb34bb3d2acb284f3aed55ce3ad141b288648afddd7,412437,Flowers Of Evil,2016-06-14,2016,105,Lançado,"Unrest breaks out in eastern Helsinki as a Finnish family man gets hospitalized in the summer of 2015. Gangs of young people are burning down cars and public buildings, confronting the security guards and the riot police. The narrative goes backwards, towards the riots which mark the end of our movie. As the story begins, the unrest is still bubbling under, ready to explode any time. Vandalism and robbery are not uncommon in the suburbs; neither is violence towards the police and the security guards. Frustration, alienation, isolation and poverty corrode the asphalt surface of the multicultured society, otherwise relatively harmonious.",https://image.tmdb.org/t/p/w500/8jDNOXVEorc7ELwos0yQkiBbCGc.jpg,
c1fd7903719556c6f2ce92611876fe558113ed9d5e875c42c80960030d419802,412467,Beyond Valkyrie: Dawn Of The Fourth Reich,2016-10-03,2016,100,Lançado,"An intense thriller from the frontlines of World War II. As Operation Valkyrie prepares to assassinate Adolph Hitler, an Allied special ops team prepares to extract the man destined to lead post-war Germany. But after Valkyrie fails, everything changes. Now, unlikely allies must work together to stop a group of Nazi Officers from fleeing to Argentina and establishing the Fourth Reich.",https://image.tmdb.org/t/p/w500/3kA2xRwzk3IEhghIOpswRKzuhx9.jpg,https://image.tmdb.org/t/p/w1280/q8iVTCkjtqtrSBXvLybUI3IUU0E.jpg
1ba7c1f61db3c8e25689e9a965c79b97fd4c205034ac0878f88d2c8155feca3b,412663,Away From Everywhere,2017-03-01,2017,103,Lançado,"A struggling writer emerges from rehab and reunites with his estranged brother, but soon descends into a tragic love triangle and is forced to confront a devastating reality.",https://image.tmdb.org/t/p/w500/vZ7aqZwIr60NzWX0k6FPHvHIejt.jpg,
a512ad3e86acd0cfc798b533272cdeab07a58e3142d9da3554107e3bd6ee8dbb,412686,Shajahanum Pareekuttiyum,2016-07-14,2016,140,Lançado,Jiya is a rich girl who has a distinctive personality and has great hopes and dreams. An unfortunate incident shook her life. At this juncture two guys Pranav and Prince enter Jiya's life with definite intentions.,https://image.tmdb.org/t/p/w500/aPrj6R9e3ZJJL8lXguz0MNNJpCd.jpg,https://image.tmdb.org/t/p/w1280/p4LZwhpxlDNLyC4KutJ0KNgQj6s.jpg
d2bde97825f7f36f41ff6975fa036a6aaf7661546d98f87815822d39b29178b3,412875,While We Live,2016-10-07,2016,91,Lançado,"Kandia, an African women in her fifties who has lived in Sweden for 30 years, decides to move back to Gambia. Her son Ibbe, who dreams of a career in hip hop and is about to make a breakthrough, goes with her. Their encounter with their homeland, however, doesn't turn out the way they imagined. A warm, broad drama comedy about a universal theme: identity.",https://image.tmdb.org/t/p/w500/oujPPVFIJeJIju7Ix3ZRwsUfDl.jpg,https://image.tmdb.org/t/p/w1280/fVSXFv5hnp0N7vLUC5ZbSYorFbd.jpg
34e3ba2d83474fe56945fbb28b4f966e133670e9e4fc26625e90be70b83007e5,413668,Wake Up Singh,2016-02-26,2016,108,Lançado,Wake up Singh is a family drama about the increasing culture of drugs in the youth of Punjab. Gursevak Singh belongs to a religious upper class Sikh family who lives the life of an ideal son and is popular amongst his friends in college.,https://image.tmdb.org/t/p/w500/cIeIdxjx8g2VUD5wSxLniDp761E.jpg,
334f416b65a2e78a53bd522dfc6c3ac642a9b4f3b07f9ac22af79ec181167e38,413971,The Last Egg,2016-02-19,2016,95,Lançado,"A successful and beautiful woman has always said no to marriage. Upon turning 30, she discovers she has a rare disease which will soon cause ovarian failure. How will she find a way to get pregnant before she can no longer have a child?",https://image.tmdb.org/t/p/w500/cczCfHNIIFe99mWcpXAzlVBPpmX.jpg,https://image.tmdb.org/t/p/w1280/g4Rw4brB2UVgEH7bYBb5fqgTdol.jpg
cc0fed0ad496c53a034630f3a44b3d2f198ed2405ebf3a5f0fd6afd520f0537a,414001,The Mercy,2018-02-09,2018,102,Lançado,"In 1968, Donald Crowhurst, an amateur sailor, endangers the fate of his family and business, and his own life, blinded by his ambition to compete in the Sunday Times Golden Globe Race, attempting to become the first person in history to single-handedly circumnavigate the world without making any stopover.",https://image.tmdb.org/t/p/w500/51qWwl16Mb0hqorgffCtyENwTPP.jpg,https://image.tmdb.org/t/p/w1280/acKU4LlCFgcbjsL2IjtD4mPzlq7.jpg
7b7cc3cf747676a953195fd412d840cc05e38d1f8606039ce579dfef3d521f60,414767,Death Al Dente: A Gourmet Detective Mystery,2016-10-09,2016,84,Lançado,"San Francisco homicide detective Maggie Price and former, world-class chef Henry Ross are on the case once again. The crime-solving odd couple investigates the murder of Henry’s friend, a well-known local chef found dead in his kitchen. As they begin to unravel an old family secret, Maggie has to stay one step ahead of a mysterious man in the shadows who appears to be stalking her, while her blossoming relationship with Henry is threatened by the arrival of an ex-love from Maggie’s past.",https://image.tmdb.org/t/p/w500/nfUY5gff47V9WaBID5vyDaArKdu.jpg,https://image.tmdb.org/t/p/w1280/yOKCdpwH4oT0RmQWRww6Kmp3iR2.jpg
8aaecc90f5e933dfc0e9d037e14239dd43748a77a7bcb8dd63f8fcc444956f4c,414789,Jerry Lewis: The Man Behind The Clown,2016-09-02,2016,60,Lançado,"Since the early days, Jerry Lewis—in the line of Chaplin, Keaton and Laurel—had the masses laughing with his visual gags, pantomime sketches and signature slapstick humor. Yet Lewis was far more than just a clown. He was also a groundbreaking filmmaker whose unquenchable curiosity led him to write, produce, stage and direct many of the films he appeared in, resulting in such adored classics as The Bellboy, The Ladies Man, The Errand Boy, and The Nutty Professor.",https://image.tmdb.org/t/p/w500/yUZ1Ve964QUJ8vJ3kiBRwfrDrbU.jpg,https://image.tmdb.org/t/p/w1280/sI9LMXzjU1Oq5wClpKiwSumnnzp.jpg
a7882f4135d33cdf05bb17eb55b7124b181e239bf3b3f44c33ed98b2973dcc03,414903,Sugar Fields,2016-07-28,2016,110,Lançado,"A young peasant is forced to flee for killing involuntarily an abusive guard. After an entire year hiding in a remote fishing island, he decides to return to his countryside and reunite with his wife and daughters.",https://image.tmdb.org/t/p/w500/y68jtbRoAtxTYvtWDKRYDdd55mg.jpg,https://image.tmdb.org/t/p/w1280/pKnOFViguo56a70shk8geK5cBqY.jpg
2af3cea09a3c95660b16d24a286f83469e00823674e1a526669b24d7ade6f6fb,415007,Oozham,2016-09-08,2016,140,Lançado,"When his family gets killed by corrupt business tycoon, Soorya (Prithviraj) decides to take revenge, all by himself",https://image.tmdb.org/t/p/w500/zq5UliBcTRWVX3zlbwQDAn08Kke.jpg,https://image.tmdb.org/t/p/w1280/hCSbTTWvOlXUpCCm0kylnt8XpOG.jpg
859cec915d62653714028326b2aac82f3378e578b40c0f415b31019b849165a5,415669,Adhe Kangal,2017-01-26,2017,120,Lançado,Sem descrição,https://image.tmdb.org/t/p/w500/IL6fOgoPrSAU3g3oADJHTnoim7.jpg,https://image.tmdb.org/t/p/w1280/eI79Z5Danj4FBGLaLHRxOa4J3LU.jpg
db1f56e685a5e83692801187b7bc2c319b77426f2d83e1c69f69986cf7aa221c,416096,Bravoman,2016-08-20,2016,18,Lançado,"""Every evening a deep-rooted cynic Andrey wears a smoking and shouts """"Bravo!"""" at the theater performances. He gets paid for getting audience emotional. Andrey is absolutely sure that all people lie until he meets the sincerest girl among the audience.""",https://image.tmdb.org/t/p/w500/vCfJWHHOZlRyO7LAvD61Ol6t8Nv.jpg,https://image.tmdb.org/t/p/w1280/uCmQExSAUYINcqdNX0DBx8doCld.jpg
bd09bb88cf7997e5b5bf0f519c087d228fcf4a9366d1dee5bd33927db522c54b,416149,The Perfect Weapon,2016-09-09,2016,88,Lançado,"In a not too distant future, a totalitarian state run by ‘The Director” controls all aspects of life. All enemies of the state are dealt in the harshest way. Most of them are executed by the secret government’s assassins. The best operative is code-named “Condor” – an elite agent and hit man for the government. However, in his latest assignment, “Condor” fails to kill an opposition leader, and finds himself on the run from the very same government agency that he works for. This sets in motion a chain of events with unforseen consequences for all involved.",https://image.tmdb.org/t/p/w500/8bFIPM8PatqvwtNO9ObjQ6PBDky.jpg,https://image.tmdb.org/t/p/w1280/8SJ7eRgrgGmuhpFjEnu1czJdjIS.jpg
7ff3c338f6983fabf1e2e75694af2c78d5a74faf79989be0ce33c03acbcd565c,416510,Jagoan Instan,2016-02-18,2016,96,Lançado,"With the help of a special serum, Bumi becomes an instant superhero fighting corruption throughout Indonesia. But his nemesis, Romeo steals Bumi's girlfriend, Pertiwi offering to return her in exchange for the superhero serum.",https://image.tmdb.org/t/p/w500/ybbLyHdyzVfIbnouKnRup4kYVwF.jpg,https://image.tmdb.org/t/p/w1280/61upRFAd63I3mU2kMf566J4LtgX.jpg
aae790d91036e689a2f5c90484395f14f1840b020243955005fc1a07c81e4029,416518,Me Vs Mami,2016-10-20,2016,93,Lançado,"Mira thinks that she has to travel with Maudy, her mom. Not Mira hates her mom, it's just that their was as simple as the between and children in general, since Mom and Pop divorced, and a few years later Pop died. But everything change when they must go to Payakumbuh, West Sumatra, to meet the recent demand of Uci (grandmother from Pop’s side), who is ill.",https://image.tmdb.org/t/p/w500/w1mQBbD6IZk66Juee4XZCVUQ9ld.jpg,https://image.tmdb.org/t/p/w1280/q0oqKcDn6dM7Kch7R2zhbGHp82p.jpg
86de3fc4fb55d2c13e6f992b2d9ea2381b8335f39d6490b438b40b7ff6eb3194,416688,The Tribe,2016-06-18,2016,97,Lançado,A family of three young sisters live out their days after a pandemic has consumed most of the known world. One day a stranger suddenly shows up and their world changes in ways they never could have imagined.,https://image.tmdb.org/t/p/w500/zOekBExT1T7ClRDWv3esOnXg9ZZ.jpg,
b8f815958584256f3f7ed4476a08a207529969ca67627b276670de2e87a2531f,417244,In Conversation With Jeremy Corbyn,2016-09-21,2016,60,Lançado,Ken Loach spent two days on the Jeremy Corbyn Labour leadership campaign trail in the summer of 2016. He documented people sharing their personal stories and discussing their reasons for supporting our agenda. These stories show why Labour must transform and rebuild Britain so that no one and no community is left behind.,https://image.tmdb.org/t/p/w500/sjBqM4LQtjFeC9JzWgl4Tq5gMsS.jpg,
8839d022e7a2570cd65832dc95aab180a68d3e23bd75007d414c1f80dd1b488c,417341,Silver Skies,2016-09-22,2016,95,Lançado,A group of eccentric retirees' lives are turned upside down when their beloved apartment complex is suddenly sold out from under them.,https://image.tmdb.org/t/p/w500/ao8f2M5nRCjiDzS9073fNx7m8x.jpg,
451f9daad710a7312d04306185330f699c88fec598bc7b73471605557c6c293b,417438,The Sacrifice,2017-10-19,2017,98,Lançado,"Marcos, a withdrawn park ranger, sees the fragile balance achieved in his isolation collapse with the arrival of a couple of biologists investigating strange bird deaths. Unfortunately, the desire and envy for normality represented by the couple awaken the monster he has been trying to control. His face, his legs, and his arms don’t belong to him and as the desperation becomes incontrollable, he can only see one way out: mutilation.",https://image.tmdb.org/t/p/w500/xpf4Ck4Co1tEBGmwojeDaQondei.jpg,
47a76c0a20bcd0707d33696f7ce973f9c4896844f0d637d40ab762ff98b4fcdb,417817,Shippu Rondo,2016-11-26,2016,109,Lançado,An illegal biological weapon K-55 is stolen from a university lab. The university lab can't even call the police because the secret nature of the weapon. The school lab then receives a message stating that the entire country is now being held hostage and they must pay a ransom of 300 million yen.,https://image.tmdb.org/t/p/w500/7wgR6craLybkXYmTIfRy3CTj9cQ.jpg,https://image.tmdb.org/t/p/w1280/bnlos3sOO0BbwMp7ZhYp3hd9zqG.jpg
c21cb4e51c32a16c3c03c8b1e2aae09e438f3dfdfbb7c39f9618a42d639689bd,417990,Indoors,2016-06-07,2016,109,Lançado,"Avraham, a small–time contractor tries to succeed by gambling on projects that exceed his capabilities, until one of these projects finds him drowning in debts. Under the threat of the financial difficulties his family rediscovers the strength of their ties.",https://image.tmdb.org/t/p/w500/xnopglvuXUoFP3lzgTbgMCUARTS.jpg,
7e58b24571b4e8149ac9563d3d7c7c5756a1123a9ee53c785a70395d0de2f8ab,418093,La Verità Sta In Cielo,2016-10-06,2016,94,Lançado,In 1983 an English journalist travels to Italy to investigate the mysterious disappearance of a young vatican girl.,https://image.tmdb.org/t/p/w500/7vdi2SHaO8F8qbuVtndlZoP7nNq.jpg,https://image.tmdb.org/t/p/w1280/9CIKq2axpccryHhLfeBiNmaHSVU.jpg
d58124a9f36574fdffba0cfa894de3c29883b44e7ba6e19ab08d5aa91ee68a45,418402,Inseparables,2016-08-11,2016,108,Lançado,"Felipe a wealthy businessman who has been quadriplegic, due to an accident, is looking for a therapeutic assistant. There are several highly qualified, but he decides to take the assistant of his gardener, Tito who has decided to resign.",https://image.tmdb.org/t/p/w500/mIC8ENJk2DdKk7KgcRK3ODbJRtU.jpg,https://image.tmdb.org/t/p/w1280/hnuEnMxZBYjxXLNOnsdXsdY4kP6.jpg
4f611742c4b47bdd99ebd8eb19d34da3078d057ee4e639756c68b2d566f8758e,418429,Before Monday,2016-09-22,2016,0,Lançado,"After their cars collide, a penniless actor makes a deal with a criminal tycoon to deliver a giant Easter egg from Turin to Naples.",https://image.tmdb.org/t/p/w500/bYu9kaVaXMSBGjTuCiqDeSC9lhG.jpg,https://image.tmdb.org/t/p/w1280/ciwBfzFa6OQ0MFQPASlvKkRV42f.jpg
a83c31e9088951a9349f4f3e9bb01d54c8920cf3107fd5331712ae0e7dd51196,419168,Under The Hat,2016-10-01,2016,15,Lançado,"When a religious mosque prayer caller begins to lose his voice, he looks for a replacement in his neighbor: a vocalist in a heavy metal rock band.",https://image.tmdb.org/t/p/w500/cSwBe0zaYvOvKjLaJYLDa0K4tac.jpg,
3956f016ae0f1a5d3c96d44f786b69b5a02182cc09e4348facf7920d5c945263,419358,Thirsty,2016-06-15,2016,97,Lançado,Bullied girly-boy Scott Townsend grows into revered drag queen Thirsty Burlington fighting obstacles along the way only to discover what he really wants is self-acceptance.,https://image.tmdb.org/t/p/w500/uWGdbQG2kWG84vkKOVpLos2qxpa.jpg,
eb3a9ca83cba78ba6e5ae812df79acc25ec9c0b8c84e95f3c9c621dda923b08d,419397,Cadence,2016-10-03,2016,88,Lançado,A psychological thriller about a young girl who's terrorized on her family farm after the arrival of her popstar boyfriend's best friends.,https://image.tmdb.org/t/p/w500/ijc79bEhDRxufdrKH03sjh3KWhX.jpg,
c614ce56ffb138738f64d1afed5687d7f9f2302f0437c5d936879771f2123c82,419750,Sunya,2016-10-06,2016,88,Lançado,"Since his mother left him, Bejo, 5 years old, has often experienced strange events, ranging from little girls appearing and disappearing at the edge of the forest, fairies dancing for him, his magical friend Rohman always accompanying, protecting him, but also taking part of his property, to the Buto Giant who always applied to be his friend. The incident filled the emptiness of Bejo's heart throughout his life. Bejo's life is no longer able to distinguish between reality and his fairy tale world. He grows up with his eternal childhood with him.",https://image.tmdb.org/t/p/w500/k3YmMErRSAASBB3CuiQEkb97nQY.jpg,
f34113ba5dcd0630bf2cc39b5da2f06ff84fb2dd2cd4878824d1afa3bb89d0bf,419831,I Kill Giants,2017-11-15,2017,106,Lançado,"Sophia, a new high school student, tries to make friends with Barbara, who tells her that “she kills giants,” protecting this way her hometown and its inhabitants, who do not understand her strange behavior.",https://image.tmdb.org/t/p/w500/cvit6HDbXHE6W5kGPd47jd0wthQ.jpg,https://image.tmdb.org/t/p/w1280/o7X9xJaD81AyQzfi6dquOl90IeI.jpg
23fbf2f98cd779e0cbf0629135acff095aa76399c7ea0c5323d6cbf92921af85,420213,Mata Atlântica,2016-10-20,2016,33,Lançado,Sem descrição,https://image.tmdb.org/t/p/w500/pJWXef6p8KSYx0R7Nb2wwQhotmD.jpg,
d5516903e7b6b2eb00e89aa0003a022e8621cc8cd1cc1132773badde9b0383bf,420818,The Lion King,2019-07-12,2019,118,Lançado,"Simba idolizes his father, King Mufasa, and takes to heart his own royal destiny. But not everyone in the kingdom celebrates the new cub's arrival. Scar, Mufasa's brother—and former heir to the throne—has plans of his own. The battle for Pride Rock is ravaged with betrayal, tragedy and drama, ultimately resulting in Simba's exile. With help from a curious pair of newfound friends, Simba will have to figure out how to grow up and take back what is rightfully his.",https://image.tmdb.org/t/p/w500/dzBtMocZuJbjLOXvrl4zGYigDzh.jpg,https://image.tmdb.org/t/p/w1280/1TUg5pO1VZ4B0Q1amk3OlXvlpXV.jpg
6bdbe9444eb53574987474afdcdbee3393a76df0979182a3eb5ceb8e1e892b69,421313,Eliminators,2016-12-06,2016,95,Lançado,"A former US Federal Agent must abandon the witness protection program and come out of hiding when his London home is invaded in error due to a wrong address. When the event ends with multiple homicides, the news triggers those hunting him to send Europe's most dangerous assassin to kill him. Now on the run with his daughters life in jeopardy, a determined father must get her to safety before the people he's been hiding from tracks him down.",https://image.tmdb.org/t/p/w500/pUB91wOMQrmkforP7ntIMy2zkdn.jpg,https://image.tmdb.org/t/p/w1280/o9KozfQnqi9LO4nHSPyudIf44r0.jpg
a979556cbef3a3696a720fb3d1a75574d80a9032d549493ee81c6dedddcd3f2e,421372,Ashes,2016-03-03,2016,70,Lançado,"Five people gather in a house, totally unable to decide about the burial of their friend who just passed away. Their microcosm resembles the city outside, bursting with chaos and disorder.",https://image.tmdb.org/t/p/w500/wTVeNivP7g2nWHMTBZqf2syRYyx.jpg,https://image.tmdb.org/t/p/w1280/j9lxAl1W1LqjYbxy1QdebE3EqwX.jpg
a759a81a88ec344fd11bb091e8a48e04156ee25dfbd7a61c0929a4b52c9118f9,421463,Krishnopokkho,2016-02-26,2016,141,Lançado,"Muhib lost his parents at a early age and brought up by his sister. After the marriage of his sister Jeba, he comes along with his sister in his brother-in-law's house. He grows up with strict rules by his brother-in-law. But for the sake of his sister's happiness, he bears all of this. Muhib is in a deep relationship with Oru. They married each other in a court with the presence of his friends. But they cannot stay together as Muhib has to leave the town for his job. Muhib dreams for a new life with Oru but a mishap changes everything.",https://image.tmdb.org/t/p/w500/AvulVODRkDj8ebnI43ksvY8oQMf.jpg,
71f4228d360b3f285a6a4770f10d8298792a52e5ace9200273134487a41aa1dc,422237,Paththini,2016-05-05,2016,135,Lançado,"Kannagi (Pooja) born in the Chola kingdom, one of the three kingdoms in South India around 1,500 years ago, is happily married to Kovalan (Uddika), a millionaire. Kovalan attends the crowning ceremony of the Chola dancing queen, Princess Madhavi (Aruni). Pleased with he performance the king wants Madhavi to indicate whom she would pick to become her husband from among the wealthy male guests present. She selects Kovalan. Spellbound by Madhavi's beauty and her dancing skills, Kovalan too likes Madhavi. The happy marriage crashes. Kovalan spends all his wealth on Madhavi. Broken-hearted, the weeping Kannagi bears up the agony.",https://image.tmdb.org/t/p/w500/siSLIS69E7bY0IAMcnH1sKJkTPg.jpg,
a5b0580bc37e99e02ec30ccb4e16136e608d95b3452cb289cd1a944d9f9c093f,422631,"Poe: In His Own Words, An Evening With Edgar Allan Poe",2016-10-25,2016,77,Lançado,"In this stunning, critically acclaimed performance filmed live onstage in Los Angeles, actor Travis Rhett Wilson becomes Edgar Allan Poe.",https://image.tmdb.org/t/p/w500/s9QRCpLHIlVgRAQFS4UyMzPWyvx.jpg,
1e240234ee9a8151aedc2552743190422d91c62d384fb57f13c2bf2cbf5d7a45,422770,"Ink, Cocks & Rock'n'roll",2016-10-23,2016,15,Lançado,Controversial comic artist Steve Martin is being interviewed about his artistic alter ego – the perverted monster that is Krent Able. But where does Krent stop and Steve start…and just who is in control?,https://image.tmdb.org/t/p/w500/91P8KgPo4IYHx66gDUtGsTEDWSf.jpg,
03d4b3c99beb8f652848517b992c90b3f19dfcd743c44947569e0d34f93530e4,422954,"Same Old, Same Old",2016-10-27,2016,142,Lançado,"Focusing on the lives (and a few deaths) of three filmmakers, Rikiya Imaizumi (Their Distance, Sad Tea) tackles weighty themes in this new ensemble drama set in Tokyo and Fukushima. Director Kajiwara, struggling to earn a living from film, gets an offer to do a music video. But it doesn’t go well and he finds himself in an unexpected situation. Actress Aoba witnesses her filmmaker boyfriend's suicide and decides to hide his body. Gardener Taro plans to close the family business he inherits from his father, but receives a phone call one night from the self-declared girlfriend of his estranged twin, Jiro.",https://image.tmdb.org/t/p/w500/9OGdHLYcHDnjPzr1PqVif3WUalU.jpg,
aed405d04b367c677eee26577cc05a0740aa0b2daf986d0cea92d5e218506683,424690,Elsterglanz Und Der Schlüssel Für Die Weibersauna,2016-06-09,2016,0,Lançado,Sem descrição,https://image.tmdb.org/t/p/w500/wzIpTqjxtPyOKnr3wMwbKeYu4gj.jpg,https://image.tmdb.org/t/p/w1280/ulU1RVuvrej3KsZCP5avJIheZX5.jpg
71206905ea47e3f28820eeb5f86eab734082c50f1df6bed9b07013ff7bd1cbbc,425072,Sargad,2017-08-04,2017,94,Lançado,Sem descrição,https://image.tmdb.org/t/p/w500/ghlxxWle2TphQrryLHab8tR8XCK.jpg,https://image.tmdb.org/t/p/w1280/3HteTRNfYTXer1lvR0gUJ0Z382s.jpg
6329e84ca8d582788c7373d5ac274dca07c47e85bddb0149d7883033d32a913c,425380,Swarna Kaduva,2016-11-04,2016,131,Lançado,"Riny (Biju Menon) is the right hand man of jeweller Lolappan (Innocent). He is extremely selfish and doesn't worry about the consequences of his actions as long as it contributes to his growth. He becomes estranged even with his family, but despite this, his rise up through the ranks continue.",https://image.tmdb.org/t/p/w500/yu54QFipVcW3DUKZk4sA8qdhjwV.jpg,
8b3c3ec2c8e27ea24f125cd478db3510d773c066c26aa265a49b183bbd84530d,425723,Lake Fear 2: The Swamp,2016-11-12,2016,80,Lançado,"It's March in South Florida. The beach towns are flush with young people looking for action and excitement. For one unlucky group of thrill-seeking spring breakers, their adventure leads to the black waters of the Florida Everglades - a place with mosquitoes the size of birds, snakes as long as school buses and tens of thousands of flesh-ripping alligators. But beyond the scope of the traditional predators famous for keeping the glades wild is another phenomenon - one with two legs and an insatiable thirst for killing.",https://image.tmdb.org/t/p/w500/kSZtLi9l7l3kQpb7QAB4EyIQ5FR.jpg,https://image.tmdb.org/t/p/w1280/agGGi2DFuWHFqsFCEmzlDIOjlKu.jpg
de38f47975306f3814669f657acd85dd6db588dd6476b45fde98ce7547aa9b7c,426054,One Percent More Humid,2017-04-21,2017,98,Lançado,A pair of childhood friends reunite during their summer break from college and deal with a traumatizing experience from their past.,https://image.tmdb.org/t/p/w500/zP0FOglHkoGVE8VvHP7iz3nwTdF.jpg,https://image.tmdb.org/t/p/w1280/vV7TnQU1Ge9aljhnMW0TOivR25p.jpg
cde0500ec276ecc6186c153740fe9aaa9aae07a12f9629f810e01bd436fdfe6e,426311,Embers & Dust,2016-11-16,2016,11,Lançado,"Embers and Dust focuses on the perspective of a young farm boy and his family, and how the night of Orson Welles' dramatic broadcast of War of The Worlds unfolded for them.",https://image.tmdb.org/t/p/w500/vJDCHrIXx4QgolX6XjIAUHQZ6sk.jpg,https://image.tmdb.org/t/p/w1280/SZz62LyWcNtYA3Gfs2YO38xtLI.jpg
d9daa663b47c9be3bc19d29feca7be5c52bf3c58058d1466c1d6b3bbd0577a76,427347,The Guardians,2017-12-06,2017,135,Lançado,"In this ensemble drama set in rural France, the women of the Paridier farm are left to run it by themselves while their men are off fighting in World War I. But things become complicated with the arrival of American troops.",https://image.tmdb.org/t/p/w500/7nkfTsQrlyVh6r2Jik5hl86OLhz.jpg,https://image.tmdb.org/t/p/w1280/xo5VvR65odKQi9YAw60J4Ao304r.jpg
dd76cfbdab95636e3dae36de47a33fb8bb352cb7095948404a3abe7d0d54490a,427865,The Story Of Christmas,2016-11-27,2016,60,Lançado,"The Augsburger Puppenkiste brings the biblical story of Christmas onto the big screen. On time for Christmas, the tale of  Maria, Joseph and Baby Jesus is told in all of Germany.",https://image.tmdb.org/t/p/w500/CNQkjTxz2sFHRqMmwPoQJQF3tz.jpg,https://image.tmdb.org/t/p/w1280/3864neVkcPBHRF6GuCu5qBdEf0J.jpg
79288809e7b1cd845a4711eb507b38bcd4eb5e8ce094b48f88bbb3c7df65354f,428010,Liberty's Secret,2016-11-04,2016,95,Lançado,Sem descrição,https://image.tmdb.org/t/p/w500/wdJbzj7Bdg8rnfflmvtE2gYEHXF.jpg,https://image.tmdb.org/t/p/w1280/wCcDRRWE5QmS1tYFl3BREHS2cY0.jpg
eea8f9d2863ab2305ec55b9f99223431d68cf530bf1a38e89ccdff506d1ad72a,428045,Iron Mask,2019-08-16,2019,121,Lançado,"Commissioned to map the Far East territories of the Russian Empire, cartographer Jonathan Green sets off on a long journey of unbelievable adventures—making breath-taking discoveries and meeting mysterious creatures, Chinese princesses, deadly masters of oriental martial arts, and even the King of Dragons.",https://image.tmdb.org/t/p/w500/nM6Mf4UIp8Uw6Jgw40WlY9OnQOS.jpg,https://image.tmdb.org/t/p/w1280/7m8zy0eJ0d0JmEyOkC2fSx1KbYU.jpg
62c154ec76f30c39d4a5d2c65c85e4d3bd16c686163b811c4c398781e674cda0,428573,Cœurope,2016-11-19,2016,61,Lançado,"Charleroi used to be known for its thriving coal and steel industries. This city near the Belgian capital of Brussels once attracted people seeking work from all over Europe. But it has now come to symbolize the problems plaguing the entire continent: increasing unemployment, immigration and petty crime – and a growing sense of unease. To make matters worse, rain seems to be constantly falling from the gray blanket of clouds looming over the dilapidated apartment blocks and slumbering factories. Charleroi has become a spooky place, and that feeling is only confirmed by the stories supplied by residents and passersby in this poetic film.",https://image.tmdb.org/t/p/w500/gIpU84KfJMeyq0E8nIdaWn5ozLJ.jpg,
8cd23e28238fdd793d76f821453f54f825e9ce40a8f73e8abcae73f11eb45d17,428696,Monster: The Prehistoric Project,2016-12-01,2016,79,Lançado,Sem descrição,https://image.tmdb.org/t/p/w500/98hLKivMrUGCr0h7aVtWWOMmacA.jpg,https://image.tmdb.org/t/p/w1280/p27uZvi9GxPPbwXcAszr4s8In7s.jpg
0d905cedde3e6865e4075eef8a71c5b39c14971e031d50b99e967aac970d6ab3,429135,Camera Store,2016-12-09,2016,99,Lançado,"On the eve of the transition from film to digital, the longtime denizens of a camera store confront their personal issues in this darkly comic story.",https://image.tmdb.org/t/p/w500/jsnP7Tat547TESHT2mp3aABGH47.jpg,https://image.tmdb.org/t/p/w1280/gzginYrMyQUBHgT29GRhzrr113t.jpg
99bc30ce234a22c80b4c9bc36ec8ce89c6ebd05016f05872115be5a1768cb4d7,429310,"Mars: Tada, Kimi Wo Aishiteru",2016-06-18,2016,98,Lançado,"Kira is a sweet young girl with a traumatic past. She meets Rei who made her overcome her inner struggles. However, as much as they wanted to live as close to perfect as a couple can be, Kirishima tries to shake their relationship. Kirishima is a disturbed being who was bullied when he was young, and his outlook on life is what makes him do dark things.",https://image.tmdb.org/t/p/w500/qNedAzxl8evBL7bH7NdTQsfybVC.jpg,https://image.tmdb.org/t/p/w1280/hTn3rv73pxwin9pF55lldm0Bs0W.jpg
446a369ca26837da103a93756b121f45147262b82ca48bf62050952362b1022e,430152,Ken San,2016-08-20,2016,95,Lançado,Sem descrição,https://image.tmdb.org/t/p/w500/PkUHJC8FB1qdGc9oUSV4duuMde.jpg,https://image.tmdb.org/t/p/w1280/zAR2pkS62qRVUVUvyzW3wtPmbO6.jpg
220237080ec72c279b81b3a7d5ec96424e11f31750a339714b47c834b5ec1a0d,430317,Putin: The New Empire,2016-11-30,2016,0,Lançado,"Since Russia was brought to its knees in the 1990s by crippling debt and the grip of the oligarchs following the collapse of the Soviet Union, Vladimir Putin has made it his mission to return superpower status to Russia. While not partisan to Putin's wrongs, this insightful doc examines the logic and motivations of Putin's vilified regime, and why he is so loved in his homeland.",https://image.tmdb.org/t/p/w500/hnNkxsQiwEIaQfDgSfbJ8ykPT1G.jpg,https://image.tmdb.org/t/p/w1280/y2GQAX5n4TAFusMmnWgAqy7QAax.jpg
d0d02bb6b373a51237265973ca0249c311dbca144f6b526b6c419981fd6cabe9,430935,Wwe Roadblock: End Of The Line 2016,2016-12-18,2016,176,Lançado,"Roadblock: End of the Line was a professional wrestling pay-per-view (PPV) event and WWE Network event produced by WWE for the Raw brand and the new cruiserweight-exclusive brand, 205 Live. It took place on December 18, 2016, at the PPG Paints Arena in Pittsburgh, Pennsylvania.",https://image.tmdb.org/t/p/w500/wWKp6JqcYXznkfcHz3r0RkfVc87.jpg,
d2945f3ea0cddb1019cbde0b8d05278e137b6793feafed2962914e102365f333,431849,Triclops,2016-09-12,2016,80,Lançado,"Captain Glenn Edwards's plane crashes over the mysterious Amarok Crater. When the government covers up his disappearance, Glenn's fiancée, Samantha, assembles a ragtag team of misfits to find out what really happened. They are horrified to discover bizarre creatures created by the rays of a radioactive meteor. But not even these monstrosities can prepare them for Triclops, a 50-ft tall, three-eyed behemoth who rules this lost world with an iron fist. Samantha believes that the colossal beast is really her missing lover, mutated beyond human comprehension. Her affection may be tragically misplaced, however, when the monster picks the beautiful girl for his next dinner...",https://image.tmdb.org/t/p/w500/21yHmnMiYZOBOU0n8Sm6WTD2J2r.jpg,
546145a9f48e3531f55621de60ab78db963a335481e469de35514425344bd499,432655,Kalt Ist Die Angst,2017-01-14,2017,0,Lançado,Sem descrição,https://image.tmdb.org/t/p/w500/xZycaQMZVXq5W6YKv3azHaKgQNc.jpg,
ffd14a3f32ca63db83e836ef2b0662eaba08214441fee8128deb6b92ca300368,432688,Freddy Eddy,2018-02-01,2018,94,Lançado,"Painter Freddy lives with his wife and child on Lake Tegernsee and is working on his comeback until one day his life suddenly turns upside down: He is accused of beating up his wife and as a result of which he is said to have custody of his eight-year-old son withdrawn . But Freddy can not remember having committed the alleged acts and protests his innocence. In this grave crisis, Eddy appears, Freddy's childhood friend. Both look confusingly alike and Eddy immediately begins to interfere in Freddy's life, in which worse things happen. Only Freddy knows that he has a doppelganger, an imaginary one at that - how is he supposed to convince those around him that it is Eddy who is to blame for all the disasters? Freddy is slowly losing control of his life...",https://image.tmdb.org/t/p/w500/1hmtGuP68ZVyoBOsAou1LUznI0P.jpg,https://image.tmdb.org/t/p/w1280/3Gp49cizMhzurBQTimJiAH29LSL.jpg
bbc800e8e4e78d146ebe99654e4aebaee2cea7f3dce64d7ca47601431fa4f59e,432778,Heads Together,2016-10-26,2016,21,Lançado,"Three friends with different cultural origins find an abandoned washing machine while playing. To their shock, they find out that the washing machine has strange powers: their heads are swapped by sticking them in the washing machine. When it turns out their heads can't be swapped back, they must go back home with each other's heads. Because their households have very different habits and traditions, they end up in awkard situations. Through these situations, they learn a lot of new things about each other.",https://image.tmdb.org/t/p/w500/lhMlVnjmFLlOlzQinqbrZOIMnSq.jpg,
daee07fe7f1256cfb40532842ef0c64c29eb8fbf6e649f0d6a51068b10e3e777,432793,Polandja,2017-02-17,2017,0,Lançado,Sem descrição,https://image.tmdb.org/t/p/w500/osdx9LB2TbXmbP2TA7yv5yD3Foe.jpg,https://image.tmdb.org/t/p/w1280/cefbO5iGAuH1YTnfejlrJd8PSKM.jpg
312841b430bbf8b85ad90285e9aef2183b4cc6a171c678cfa71d4fd86fdae793,432953,Red Nail Polish,2016-12-01,2016,90,Lançado,The little girl had just colored her nails and the world painted her face.,https://image.tmdb.org/t/p/w500/1BvBpGVYsu8NvDUZg1LIh36Wf5X.jpg,https://image.tmdb.org/t/p/w1280/3KaVLEWXsBaw8VMyhSmahIgSIot.jpg
b5bb19f666e04c31fa0a8328f1d834c9d2da05c3407916d33e4266d3c353d999,433036,Whose Streets?,2017-08-11,2017,90,Lançado,"A nonfiction account of the Ferguson uprising told by the people who lived it, this is an unflinching look at how the killing of 18-year-old Michael Brown inspired a community to fight back—and sparked a global movement.",https://image.tmdb.org/t/p/w500/tFvp4zHDxrKtJZYNcAaK5TswAby.jpg,https://image.tmdb.org/t/p/w1280/82FlOl2zNyNgNAjEn9ekAHjQBNQ.jpg
7936f0ac04ec0f1a4d3d40b1159baa992a09aa3a185e59c22cacd99c0ab6ce34,433495,Nova: Secrets Of The Sky Tombs,2017-01-04,2017,54,Lançado,A team of scientists and explorers probe high altitude caves in the Tibetan Himalayas.,https://image.tmdb.org/t/p/w500/mdpPg4UPdY16Ah1WzYfTvlCWsl2.jpg,
7bc9e844bd1d53aea93c6f96e7a7c03d49be1fc61d3abaec25aa72b057e8d945,433670,The Big Lie: American Addict 2,2016-07-01,2016,96,Lançado,"American Addict 2 delves deeper into the world of corruption, politics and pharmaceutical greed.",https://image.tmdb.org/t/p/w500/d96J71M30Knx50TrKyGBqqjhait.jpg,https://image.tmdb.org/t/p/w1280/gnCblxmAUR2C06Bl7F0r102KC2a.jpg
019001648f57923f2e4375f35af0f670782c2a57182f113d729a63575db4b73b,433716,Take Your Bible And Get The Fuck Out Of Here!,2023-05-20,2023,63,Lançado,"A small village in the north of France is plagued by zombies after a meteorite landed. 3 Homeless peoples must fight for there lives and if zombies weren't enough, others peoples coming from VERY far away arrives in town.",https://image.tmdb.org/t/p/w500/gqIJ5gZQJ5pIh00uVaS4r4qjHms.jpg,
0ee48d21779c5151168a3a929fcfbb236d8d7a4dbe6efd541d5d88af8cdd533b,434027,Girls In Trouble: Space Squad Episode Zero,2017-06-17,2017,55,Lançado,"Girls in Trouble: Space Squad Episode Zero is an installment in the Toei Company V-Cinema series. Space Squad serves as a crossover between the revival of the Metal Heroes' Space Sheriff series and the Super Sentai series Tokusou Sentai Dekaranger. A prologue to Gavan vs. Dekaranger, this movie focuses on the female characters of both series.",https://image.tmdb.org/t/p/w500/s7goD8hL2vHoh2wqBRzdCYjvXzW.jpg,https://image.tmdb.org/t/p/w1280/nyXeR6jfDbY49YDktnQFUPTH1gI.jpg
2e64133146a03094a6fcfa8dc4f6f6870774ca15579b75896de98192792df27d,434032,Ransacked,2016-01-01,2016,53,Lançado,All the main Icelandic Banks collapsed in October 2008. Hedge funds who bet on the collapse bought them for a few cents on the dollar. Then the public had to pay. One ordinary family decided to fight back.,https://image.tmdb.org/t/p/w500/ty0HTJJB1Ysy8tissU2RFI9D5zF.jpg,
21408ba80124f4d953ee353e43558ccf7607631e156c52178b1309ba6e66511f,434379,Terra E Luz,2017-01-27,2017,74,Lançado,"In a future not so distant, humanity has almost been extinguished by vampires. The dark of night is deadly and, while trying to survive it, a man finds a chance to redeem himself.",https://image.tmdb.org/t/p/w500/nNKRAD2Png5zD4OUbYQlgkj2mRX.jpg,https://image.tmdb.org/t/p/w1280/q1hykG7RvzlZIzjiBvwlOEjWb9.jpg
6a9da1a007e612f9a752476f36cfafba6d3aa22f987795bd243566efdde2d77b,434452,Xv Beyond The Tryline,2016-12-05,2016,91,Lançado,"A behind the scenes look at the sport of rugby with the 2015 Rugby World Cup as a backdrop, featuring interviews from players, coaches, referees and fans.",https://image.tmdb.org/t/p/w500/qQT4RtxSQ0oCLBzphbZfw4SZBMz.jpg,https://image.tmdb.org/t/p/w1280/vy8v843mj40hyKTUJPTyv5yAZ2m.jpg
36eb694ba6a4e17e7060b43d88c898d5e2bb35ba779a27c90e20b98df036bce6,434457,Chorabali,2016-01-22,2016,137,Lançado,"Sumon is compelled to grow up in the city's underworld as mafia lord Osman Ali's killer machine. After killing a pregnant woman carrying Osman Ali's illegitimate child, Sumon's conscience leads him to defy Ali's order.",https://image.tmdb.org/t/p/w500/5GTTK6hxU4qyJMpppPSUlJK3A8V.jpg,
7f65f4b6ce905e3b216224bbaa287d0de26cd7aff6cc6a0e2df8ddb96f2e17fc,434504,Seventeen,2017-04-27,2017,104,Lançado,"Paula, an above-average intelligent student, is in love with her classmate Charlotte. At the same time she feels permanently provoked by dissolute Lilly to challenge her limits.",https://image.tmdb.org/t/p/w500/jeKOYFrJJyY5RbZTEhWHCAaZxoF.jpg,https://image.tmdb.org/t/p/w1280/z78uW71DF8DPkNqXMH5SLUlw0LX.jpg
a7370ab49612c216c71694e559834e0fa34bd515ee17c9cde5d514efdd5bbe77,434928,When Pigs Fly,2016-10-01,2016,18,Lançado,"Uncle Al tells his niece Esme the story of how he once found a magical tree that could bring his drawings and sketches to life. The tree’s keeper, Grey, along with those living sketches, provided Al comfort in his tumultuous household. Esme’s curiosity picks up where Young Al’s left off, and she discovers the beauty behind his imagination",https://image.tmdb.org/t/p/w500/s5pgrun7GyWVESR6GhGj4iVCYcB.jpg,
bde594ba76ca33c034af0fd580969361995472893e8a7f056a2a9c1e5a6cda28,435009,6.9 On The Richter Scale,2016-05-27,2016,116,Lançado,"A humble Romanian actor in his 40's, hardly surviving between a complicated part in a musical, a depressed wife, and the obsession of an imminent, devastating earthquake, becomes the victim of his manipulative father.",https://image.tmdb.org/t/p/w500/abFpALrtrVJ8JmHGKaXRx7SYjDo.jpg,
bfb37f91700e0aa6364eaee85fa3e87a5d67764cb11a2b089147387b31e20d34,435437,Grotesco - A Near Death Revue,2016-05-28,2016,90,Lançado,Sem descrição,https://image.tmdb.org/t/p/w500/htRHO77hBL9QwvJlBQq0yk8Jh9j.jpg,https://image.tmdb.org/t/p/w1280/xKL4KGbvOcEkd9onNNVi8r4dvEe.jpg
9b5dfb3755ffedc6b840af323688f397bc7b1657469b9adb0f3a9d142c35cf93,435738,Meet The Trumps: From Immigrant To President,2017-01-17,2017,48,Lançado,The remarkable true story of Donald Trump's family history - one of the most extraordinary immigration success stories ever told - and what it reveals about the United States' 45th President,https://image.tmdb.org/t/p/w500/7zAIZELgDaMFnqUzJiyKknJJpJQ.jpg,
2304bf17c1980a4582d82631ff7addf1c697fdc30de9fb36c569f51463ce5b8c,436333,Krügers Odyssee,2018-01-05,2018,0,Lançado,Sem descrição,https://image.tmdb.org/t/p/w500/kYZcnQ5ZG0bBnuXsHbtipTtc0Qx.jpg,
e71d13b3a272b428da16a41fbe05bb6c030c6ceb6dbc99b16ddd4c4ddc4657a1,436775,Clowntergeist,2017-09-12,2017,80,Lançado,"Emma, a college student with a crippling fear of clowns, must come face to face with her worst fear when an evil spirit in the body of a clown is summoned terrorizing the town she calls home.",https://image.tmdb.org/t/p/w500/6FKljfqvKmdttj6D9EADy6iGpQT.jpg,https://image.tmdb.org/t/p/w1280/1v1I3ZgxTBMmZXP2bhnnqLsvTNK.jpg
2ddf66574b5fa80234a4ae58ffca8dd1a2fe4473bb61bc8baa47b7bbfd708744,436882,Home Is Where Your Heart Is,2017-03-02,2017,110,Lançado,"Axel is Dutch Surinamese, but after 20 years of living in the Netherlands he has become 100% Dutch. He has married a Dutch girl, Victoria, and has never been back. When his free-spirited mother Gladys summons the family to her guesthouse in Surinam for Christmas and an important announcement, Axel, his wife and her sister Mirna reluctantly make the journey. They have barely arrived when the situation gets completely out of hand, with his brother Virgil winding him up and his daughter Wonnie, who is doing an internship in Paramaribo, admitting that she is pregnant...",https://image.tmdb.org/t/p/w500/lHt2AwMJJNZHps0N7AIa01PgOu9.jpg,https://image.tmdb.org/t/p/w1280/6GXiFy5mGb1JqYlodRcEUZ5cRUJ.jpg
371e98d4e2811116aabb82ac62aeb13bc4ac0aa1941fe844dd6210910b6871e9,436998,E.c.o.,2017-01-01,2017,1,Lançado,"Drama, Fantasy,",https://image.tmdb.org/t/p/w500/jeCdMXvD6z4s3Z1URgQa3QqOfOu.jpg,
278faf86bc734802fd178d1c7ba0ed460fcb53dd8498b5ebcaf69a4b53e9e0dc,437633,Real,2017-06-28,2017,137,Lançado,Jang Tae-Young is a popular trouble shooter in the criminal world. He is cold and ambitious. He dreams of building a casino hotel one day. A reporter then goes to Jang Tae-Young.,https://image.tmdb.org/t/p/w500/ccmDZaOKBwDKW8wPs4rV64ue9wN.jpg,https://image.tmdb.org/t/p/w1280/jF1Gv9yjxOKKkwi0j6MCdJCh1dx.jpg
f15928be56f612fd72d4312116d2e17ebf9ac399bd4cd315d234e21146b51480,437929,Meeku Meere Maaku Meeme,2016-06-17,2016,135,Lançado,"Aditya falls for Priya, his junior in college and the soon get into a relationship. Then a series of fights follow and an eventual break up. Will they patch up? Or has the distance between them grown too much?",https://image.tmdb.org/t/p/w500/g6a67gM6YndlDaJerPw2VcP3wmL.jpg,https://image.tmdb.org/t/p/w1280/9lkBWZSDaMITn8yeJyRfCxLnQB3.jpg
e7b181d941388bac260ca207767bc24a83dc16820c1b10106e0e5a40d361ecd6,438414,En Tu Cabeza,2016-09-16,2016,67,Lançado,"Andrea lives in the year 2052 and her job consists of travelling back in time, inserting herself into our heads to make us aware of the importance of energy efficiency in safeguarding the environment. The goal of these journeys is to change the fate of the world, but Andrea is also planning to change her own fate, preventing her past self from committing the mistakes she now regrets so much.",https://image.tmdb.org/t/p/w500/pXTNL6l1NVEgNrEjlwhb8B2uyRj.jpg,https://image.tmdb.org/t/p/w1280/3NDDDrwHs3YMsQjZxJ2Qx0vcsNg.jpg
990fa2cac3ae0cdaf01a0d4172fbe67e302e5a600bd4de2bc02b99c3f0d074c0,438524,Yell For The Blue Sky,2016-08-20,2016,126,Lançado,"As a child, Ono Tsubasa saw a Shirato baseball game on TV and was amazed at the Trumpet player in the band playing. Now, in order to play the Trumpet, she enters Shirato High School. There, she meets Yamada Daisuke, a catcher for the baseball team. With each others support, they go towards their dream of playing at Koushien.",https://image.tmdb.org/t/p/w500/siQyB9KoRGnDpk3oXEU6PsQkWHi.jpg,https://image.tmdb.org/t/p/w1280/r7x1epk7SbJY0scR2m7ayiIV85r.jpg
7ac292999a59410ecfabe52701279879886222345127beeef51563cdc414f565,438553,Haruta & Chika,2017-03-04,2017,118,Lançado,"Haruta is handsome and smart, Chika is bright and naive. When they were children, they were friends until Haruta's family moved away while he was in the 3rd grade. They meet again during a high school entrance ceremony. After all of these years, Chika is eager to join the wind instrument club. Due to an incident, the wind instrument club is about to be disbanded. Chika can't give up the flute so she attracts Haruta to her side and tries to recruit members from the wind instrument club. The group attempts to solve various cases taking place at their school while they plan to take part in a contest.",https://image.tmdb.org/t/p/w500/yPAymw5grT3RX3QPZOQTRPKh8wX.jpg,https://image.tmdb.org/t/p/w1280/guiFTdeNRnwNHdGB62NzdJUqlU0.jpg
0d0ada61ee3584d0e543b355a8af351db8a2fc30ba5e7e7fa8fb948601b4aa4e,438592,Born In Syria,2016-11-06,2016,86,Lançado,This intimate documentary follows a group of Syrian children refugees who narrowly escape a life of torment and integrate into a foreign land.,https://image.tmdb.org/t/p/w500/5vdHSTx2jW9a7maDeRZwvEVb5Br.jpg,https://image.tmdb.org/t/p/w1280/8K8o9HmDOIEgg00L7Y5wB9jm1B8.jpg
7a578e17b56781309393bd3a0891ba901ae0d012790bbbbf8cef27a745ef97fa,438664,March Goes Out Like A Lamb,2017-04-22,2017,139,Lançado,"The time spent between professional Shogi player Kiriyama and his three stories helps to heal his wounds. As he prepares to secure another win in an upcoming tournament, the father who left the three sisters appears and disturbs the peace.",https://image.tmdb.org/t/p/w500/ayJzs7pc00FQCXPEwBClD8V6qF9.jpg,https://image.tmdb.org/t/p/w1280/5uh2moElaf64YFMtOl6KLQlJxKi.jpg
69c392bb664c1a2cbac48b5b437ac736626bb473fbed6aa9d7e1c4193bf6d122,440762,Jay And Silent Bob Reboot,2019-10-15,2019,105,Lançado,Jay and Silent Bob embark on a cross-country mission to stop Hollywood from rebooting a film based on their comic book characters Bluntman and Chronic.,https://image.tmdb.org/t/p/w500/3hLTjzInrHgbcaedjnWNEPOinDi.jpg,https://image.tmdb.org/t/p/w1280/68I3UBIXgcCpXXEimkvnMQZFKGa.jpg
d111af5ebbd6fe61a518324de516a43c811979319166e3462986240d05b48456,440855,Find This Dumb Little Bitch And Throw Her Into A River,2017-04-12,2017,90,Lançado,"Remco (15), his father and his younger sister Lizzy (13) sell illegally imported puppies from their home. In order to be seen and liked by his friends, Remco naively puts a video of his younger sister online, with unthinkable and disastrous consequences.",https://image.tmdb.org/t/p/w500/6fUbPbegsRIodKhk6pbdaFt12Ys.jpg,https://image.tmdb.org/t/p/w1280/7QqixVAIpiaYxwauYYJ2ytotkkL.jpg
2ceaf24f15e396d2305fabcf4aeb3b19a5de352c87b796c3eaa297ec56e13319,441647,The Sound,2017-09-29,2017,92,Lançado,"A writer who studies the paranormal believes that low frequency tactile sound is the cause for reported ghost sightings in an abandoned subway station. In an attempt to debunk the sightings, she breaks into the station to record evidence.",https://image.tmdb.org/t/p/w500/swghccaPcYwO2tvf1Wv8mpeNLUn.jpg,https://image.tmdb.org/t/p/w1280/93kwn65NnKX5SaTFmFWJBwx28km.jpg
61221cbd351beb372c7345918c1fb149b84c91905b0e283a1d679dfda65bcf08,441762,Accident,2017-12-01,2017,95,Lançado,Sem descrição,https://image.tmdb.org/t/p/w500/rnIFlouo4WwcBXdtcjX5WDUyVpx.jpg,https://image.tmdb.org/t/p/w1280/vvznvguiGkzkppoFsIIcaBvXR0u.jpg
76c4264052f3ff5180846e9e1f6a76c66652e657efb0b76fa380cf0825f338d2,441862,Hebbuli,2017-02-23,2017,141,Lançado,A fearless commando arrives home at the news of his brother's suicide until he starts to deeply investigate the reason behind his mysterious demise.,https://image.tmdb.org/t/p/w500/euyVCIOATR07mc7bMz8odAiItRf.jpg,https://image.tmdb.org/t/p/w1280/wg0ytdd96mzdtfFrnL5TVf02hc2.jpg
79f65925f225e4fb85df921d9577f59d960d2073e05c584af9190a9a1543d036,442037,Tales Of The American,2017-11-30,2017,106,Lançado,Sem descrição,https://image.tmdb.org/t/p/w500/mu7VtT1CZtqQh24WLBnQHlXTcTa.jpg,
238b2d2ed5d3738e2b0cebd20e4d5fb4b97ace7df09b099efa5ed02310042ed3,442143,"Hello, Stranger",2016-12-12,2016,18,Lançado,"Arthur is a single dad, struggling with the care for his seven-year-old son Max and the combination of his secret life as a drag queen.",https://image.tmdb.org/t/p/w500/vGmkZdjnYNeDqycx4kfQjRaluir.jpg,https://image.tmdb.org/t/p/w1280/pgrcCNTJltbUFZU09akeEnLuPw8.jpg
af75e4aa0531f11a90e4cb9ff2a5ce4149ac17aa06b17e80ac02712977656cc9,442314,Spookers,2017-10-26,2017,83,Lançado,"Documentary from Kiwi filmmaker Florian Habicht on the most successful haunted attraction in the Southern Hemisphere, Auckland’s Spookers.",https://image.tmdb.org/t/p/w500/nwisJ1DKMgjwbYUZRf0o497FPcn.jpg,https://image.tmdb.org/t/p/w1280/uIERCNXyKddKk8D2vwxiypwk1iU.jpg
4b8fe9dc8c9873f8de265e077690da4ae873584e027fd5075105971dcb390171,442433,Love Express,2016-10-22,2016,155,Lançado,Sem descrição,https://image.tmdb.org/t/p/w500/uO5khn9lTo9C03GQ4rGdPnmWap6.jpg,https://image.tmdb.org/t/p/w1280/bQgtidTcBsZhFcrUsc5cIHReMnd.jpg
fa9475423610316e31f78edd536a76e1d6b3e1462b40030863c9afe7071c59ed,442812,Royal Shakespeare Company: Cymbeline,2016-10-31,2016,180,Lançado,"Britain is in crisis. An ineffectual Queen Cymbeline rules over a divided dystopian Britain. Consumed with grief at the death of two of her children, Cymbeline's judgment is clouded. When Innogen, the only living heir, marries her sweetheart Posthumus in secret, an enraged Cymbeline banishes him. Behind the throne, a power-hungry figure plots to seize power by murdering them both. In exile Innogen's husband is tricked into believing she has been unfaithful to him and in an act of impulsive jealousy begins a scheme to have her murdered. Warned of the danger, Innogen runs away from court in disguise and begins a journey fraught with danger that will eventually reunite Cymbeline with a long-lost heir and reconcile the young lovers.",https://image.tmdb.org/t/p/w500/agOZGLYgbmr60FTlrWCXCDziqTi.jpg,https://image.tmdb.org/t/p/w1280/pTYZYrPY23himifXm8o6SVJHkzd.jpg
280ef4050849ffd96216911ad14a37d3ecf465adecfb575603672fdadb7cbbd3,442987,Our Meal For Tomorrow,2017-01-07,2017,109,Lançado,"A 7 year love story between Ryota Hayama and Koharu Uemura from their first date to eventual marriage.  Ryota and Koharu are high school students. Ryota is indifferent to people and says very little. Koharu is not afraid of to speak her mind and she has a bright personality. Since a game of rice bag jump, they begin to date. They date at a fast-food restaurant, realize they love each other at a family restaurant and finally swear their love on a dining table with white rice.",https://image.tmdb.org/t/p/w500/mvlf8drQekYlNuH3ZMtwU3omcM6.jpg,https://image.tmdb.org/t/p/w1280/gALgVcfomxySoWtAbrPbU867WkF.jpg
642728f704230cc5b300c6a7fba357b1d491c48124c6a6a66cea9003745a0836,443024,Street Of Death,2017-02-11,2017,22,Lançado,"On the outskirts of the city, right by the water, lies an arterial road that leads to Beirut’s international airport. Most of the houses standing there are illegal constructions, quickly erected for a life alongside the road.  Karam Ghossein, who also works as a cameraman for other video artists from Lebanon, combines pictures from a commissioned production he shot on the occasion of a friend’s wedding in 2004 with street impressions from the present day. Past events can’t be told apart from the observations of today: a kaleidoscope of stories that take place on this highway.",https://image.tmdb.org/t/p/w500/3cGBfEv8vBvnAI5Vyw94dAjeIaA.jpg,
ab2e5baf757590193de77095d378c138485810882d60f0395cf51b08653afde5,443659,Imitation Girl,2017-03-04,2017,84,Lançado,"A mysterious young woman materializes in the middle of the southwestern desert, where each step teaches her about her new world and her new body. As she assumes her new life, she discovers she has a twin with whom she shares more than just an outward appearance.",https://image.tmdb.org/t/p/w500/4pRkuzn7EH1ga8AYINzCCUqg3bG.jpg,https://image.tmdb.org/t/p/w1280/rye4fxnz477fVxuOJUVy1IT1tnS.jpg
5df1dda11be549314e599b2939d1b5bee58898b7e337974af9c202e629386c6c,444069,Iris Warriors,2022-01-04,2022,107,Lançado,"England, 1940: When falling bombs trap eight children in the cellar of their orphanage, their teacher, Miss Shaw starts to read them a story. As the tale unfolds, they are magically transported to a timeless, mythical island, where they witness the story of Darkness and Light...",https://image.tmdb.org/t/p/w500/4sjcxz0mxMbeqXlpbOjmpkP8nWz.jpg,https://image.tmdb.org/t/p/w1280/pQbGkrlUQTAmT7BA1JUXOicwOA1.jpg
06f2bb96971e7d9ff0fbf41459bcd3c693f9c3fdb2de3f9b3b901f7d6a88357e,444431,Foxtrot,2017-09-02,2017,113,Lançado,A troubled family must face facts when tragedy strikes their son's desolate military post.,https://image.tmdb.org/t/p/w500/ec59rAksDZwMaOZl1DHOXNJxIfz.jpg,https://image.tmdb.org/t/p/w1280/jpxoX4NPNKabdNACo72cGFVgq1D.jpg
41bac1e6fe7bda58e541ba48789704e1a89bb0925bf38064e6581a51658a09f2,444456,National Theatre Live: Peter Pan,2017-06-10,2017,150,Lançado,"When Peter Pan, leader of the Lost Boys, loses his shadow, headstrong Wendy helps him to reattach it. In return, she is invited to Neverland, where Tinker Bell the Fairy, Tiger Lily and the vengeful Captain Hook await. A riot of magic, music and make-believe ensues.",https://image.tmdb.org/t/p/w500/sSKqQMXBzHLSbhwvcOkjyQwJpNp.jpg,https://image.tmdb.org/t/p/w1280/fQZPTWXISfM0ja9eEmE5THAHmLz.jpg
6e56b0d65501fcbcf013940f58c9397628f42c6bc08b13f1c5183449a9b4283b,444634,"Lucia, Before And After",2017-01-20,2017,15,Lançado,"After traveling hundreds of miles, a woman must wait another twenty-four hours before she can get an abortion.",https://image.tmdb.org/t/p/w500/6NhtL7nDzVXxPSorQFZQBi7zmPb.jpg,https://image.tmdb.org/t/p/w1280/p4J8ZuOikRTm2hV6SQbrlJqhdUQ.jpg
d3f3e2bd122594c2372dec62dbb817fb9bd6351dcb097cab6b3d82de5743465a,444951,New Life,2016-10-28,2016,90,Lançado,"Benjamin Morton's life changed forever the day he met the little girl next door.  Ava was and always would be the girl of his dreams. From the innocence of a childhood friendship, through adolescent attraction, their love strengthens and grows. When life takes a turn neither of them expected, their entire future is called into question.",https://image.tmdb.org/t/p/w500/lFCuLSkOsvggknLaSKrll7JrzaU.jpg,https://image.tmdb.org/t/p/w1280/kukdwmjG7ZudcQYWJ6Kcgd6YXir.jpg
de0da916187fda2630eeb380e6b5a468cf7db36238f5b5fb7e0c9cc178d3f617,445131,Rise Of The Gladiators,2017-05-15,2017,92,Lançado,A Templar Knight is forced to fight as a gladiator where challengers from different worlds duel in a quest for a magical sword. Then the Templar learns he is scheduled to fight his master who has become a man of greed and ambition. Now the Templar teams with his adversaries against the master and his disciples.,https://image.tmdb.org/t/p/w500/9ZsNVv8vszsM2SOyJRVbkzK9lrI.jpg,
d6c6f389916774f7a7581de47fc057e242fc0cc87ad57fafc5cbc5bf926fa33b,445393,Still The Earth Moves,2017-02-23,2017,68,Lançado,"The earth still moves, under the torsion of the serpent.",https://image.tmdb.org/t/p/w500/gAnZN46IDQmZCEpD8xtlHcOnjOf.jpg,
6218346a30f3d1229da8019dc54653aa85b6b288e773641fae10532bc466470c,446107,Charged: The Eduardo Garcia Story,2017-11-07,2017,86,Lançado,"Charged with 2400 volts of electricity, Eduardo Garcia lost an arm, ribs, muscle mass and nearly his life, but more important than what he lost is what he found.",https://image.tmdb.org/t/p/w500/uUBVyAeMZdEkOefQMjhV8Ozyi74.jpg,https://image.tmdb.org/t/p/w1280/a3mgM2fZDRj5pEcGCSPD0qfX5fR.jpg
0efff5d0deced7e352ce4860ab8fb6b9ddb221cc404c527e942621e340a15200,446864,Concrete Evidence: A Fixer Upper Mystery,2017-04-02,2017,90,Lançado,"When Mac—Shannon’s new beau—first moved to Lighthouse Cove, he bought the historic lighthouse mansion that the town is named after. During renovation demolition, the bones of a teenage girl who went missing fifteen years ago were discovered. If Shannon has any chance of getting the renovation back on track, she’ll need to tackle the cold case.",https://image.tmdb.org/t/p/w500/fuZ9zswUZxUNK2s7EXBMT8xh2qp.jpg,https://image.tmdb.org/t/p/w1280/lTHjQzcMMWdNHEKcO0H1zjdPzVN.jpg
a3ff336e1be75a174bffc8733a6fbf456a40ebd001912f6fd453adf3edb5d108,447072,Brava,2017-07-07,2017,0,Lançado,"Janine works in a bank giving credits to clients to buy houses and receives the offer of a promotion to work in a future branch in China for which she takes Mandarin classes. One night he travels from work to his home on the subway. There is attacked by two young delinquents a very old woman and Janine tries to avoid it. The young follow her and it is then that they steal and attack her sexually. After recovering from the blows and the anguish he gets up and sees his attackers raping a helpless young girl. Janine, instead of taking some initiative to stop them, flees home. From that situation her life is disrupted and her job promotion to China, her consolidated partner and her present as an independent woman become secondary and worthless issues. Janine lives in anguish and tormented by the memory of that traumatic situation. To try to recompose himself, he travels to the countryside to see his father who is a widower and is trying to rebuild his life after the death of his wife.",https://image.tmdb.org/t/p/w500/oo8EQ0JTUMA7l5b1iq9F0VGcOzQ.jpg,https://image.tmdb.org/t/p/w1280/p1ZGHyRWHeRYNF0hlU4VVnHVPuf.jpg
e57a127ac92d555e7e4f38c9653cf6d35294743fe683402e196fc188c12e5ba4,447099,Night Job,2017-01-01,2017,85,Lançado,"It's his first night on the job, James, a temp doorman, has several run-ins with residents, bootleggers, and con-men.",https://image.tmdb.org/t/p/w500/u0cIYDtp1rvRJCP254IXJbz72Zx.jpg,
5de1cdacead60f2f7e4da6df3452430e5400e11f71f21965510c0c58bbf62eeb,447847,Für Emma Und Ewig,2017-02-21,2017,0,Lançado,Sem descrição,https://image.tmdb.org/t/p/w500/3c1rt0c9FTnLPNfUvRIDvB22TXo.jpg,https://image.tmdb.org/t/p/w1280/lMSRY9sti8LG2PX6FolIiFiehJw.jpg
908d12dbd97c28d7b4c71b9233babdd7947499f95a98f9fd1cfa5edccb428498,447887,Another Forever,2016-10-20,2016,72,Lançado,You know the moment when your sorrow is so profound that you can't help but imagine yourself somewhere far away... this is the story of someone who did more than just imagine.,https://image.tmdb.org/t/p/w500/gXJMGgavdGxbl2G1aF91OOXxpyE.jpg,https://image.tmdb.org/t/p/w1280/1XPz3swqEmv1BXJLjqtFJasenWy.jpg
144bff0202b22c2f7c9d96bb5c57412feffd63f770c047a7210feeb0877df55a,448287,Crimi Clowns 2.0: Scum,2016-11-09,2016,88,Lançado,"The Tersago family isn't your average family business: clowns by day, thieves by night. They get arrested following a robbery homicide in a villa in Brasschaat, but let off for lack of evidence, except for son Wesley. Wesley's sister Amber decides to finish Wesley's wacky reality movie herself. Father Ronny wants to get out of organized crime and launder the stolen money with the production of a musical. Ronny and his companion Lou get approached by two police inspectors entirely convinced of their involvement with the robbery homicide. The stolen money is rumored to belong to a powerful Russian drug lord. The Tersago's now realize their lives are in danger. An armed man slips into the theater during the premiere of the musical while son Wesley plans an escape from prison.",https://image.tmdb.org/t/p/w500/1dkssDiThT6wO7NYISv1x7ZWKwQ.jpg,https://image.tmdb.org/t/p/w1280/2jnR73h6Rqsp03hIlMVzR71AUyE.jpg
1cd787ad1b1c8ee826d601be9627508623fc3cd815c9f5125e4a6b1f73516e1b,448490,Yesterday Last Year,2017-04-26,2017,76,Lançado,A love triangle caught in the circle of time....,https://image.tmdb.org/t/p/w500/vF95dAIK6iwCZLbfF4DSc7ohSR0.jpg,
a7e3a869a7a17820901da730e4b69698c44ec92b7099103f43522ca9effe19d6,448514,The Dark Maidens,2017-04-01,2017,105,Lançado,"Set in an academy for daughters of the rich and powerful, this murder mystery involves six girls with a dark secret. Literature club chairman Itsumi Shiraishi, has fallen to her death from the school roof. Rumours soon circulate that one of the members of the literature club is the culprit. New chairman and friend of the victim, Sayuri Sumikawa, holds a meeting and asks each member to recount their whereabouts at the time of Itsumi’s death. Who is telling a lie and what really happened to Itsumi?",https://image.tmdb.org/t/p/w500/rsymDwOeRqCNHAcXYJ9t1WQJYcA.jpg,https://image.tmdb.org/t/p/w1280/dcHigNUhxC46XRmBG32RHkWZHE6.jpg
1205488e5b6007022281788e329c46be094757d31c91078c01ef894d481c58a9,449262,Çalgı Çengi: İkimiz,2017-01-06,2017,116,Lançado,Gurkan and Salih tries to get out of the mafia which they were accidentally participated in first movie.  But this time they have to deal with even funnier situations.,https://image.tmdb.org/t/p/w500/wvfXlgR2ZFERAFty0OAcS41PFxe.jpg,https://image.tmdb.org/t/p/w1280/qqCSxha6w53cpc5DeDfju37Z2pW.jpg
0b0d6c298ebcbdba90d906f864daf476385483c087d5ad14d326bda0a46b5bc9,449802,Like A B1,2016-07-20,2016,15,Lançado,"In Seoul, a Korean girl is passing the French oral exam DELF. Yet the examiner’s questions lead her to speak unexpectedly about her difficult family story. With the stress, her low level of French gets worse, then unconsciously, she starts to express herself with gestures.",https://image.tmdb.org/t/p/w500/eryKwgPSzQ1g4MX5Ur3nwB4gFyn.jpg,https://image.tmdb.org/t/p/w1280/n9Q3iqjDl2sFh29PhJriuaSsYIo.jpg
de1f9c15755b6fdf713b024085630e1ab5c696703ac558788bb5dd5f9e4b795f,450560,Monumental,2016-10-14,2016,100,Lançado,Sem descrição,https://image.tmdb.org/t/p/w500/mb2kgI1mgCyjUhCfbqvVyVbVuk0.jpg,
ebc9a5ddcb3620ee9c792053bbf8f1211b6ee96d0d6543be8069a20bcb48bfa6,450608,Saturday Church,2018-11-14,2018,82,Lançado,"A 14-year-old boy, struggling with gender identity and religion, begins to use fantasy to escape his life in the inner city and find his passion in the process.",https://image.tmdb.org/t/p/w500/kKRNAOOyRMIcO8ZMLg74YeaeyTB.jpg,https://image.tmdb.org/t/p/w1280/lpxMzlCGGtFbfxlbcoWH43UhIu8.jpg
242cb47cc0fc072e42856a59159f56a1ee5e13c18ae7e776d727fac48b4ed848,451638,Lear On The Shore,2017-06-03,2017,105,Lançado,"Kuwahata Chokichi used to be a famous actor, but now he's suspected to be suffering from dementia. He is betrayed by his older daughter, Yukiko, her husband-cum-his-former-disciple, Ikuo, and Yukiko's lover, a mysterious driver, and gets sent to a high-class old folks' home. One day, Choukichi runs away from the home and wanders to the beach where he meets his younger daughter, Nobuko, who he had with his lover. Although he had thrown Nobuko out in the past, he begins to imagine seeing her as the image of Cordelia, who is the beloved daughter of King Lear, after talking to her. Gradually, his past memories start to come back to him, and Choukichi heads towards the world of insanity.",https://image.tmdb.org/t/p/w500/ovsPlhOLlxHL9DGMOhfQAafrXQ9.jpg,https://image.tmdb.org/t/p/w1280/5czeuuvho7ulod6ew28L7QorF1Z.jpg
8fdfe51d0089889ee3f99f848567b34d0eae6e48e52e2b8c980d727c00a9dd5d,451670,Rabbi Wolff,2016-04-14,2016,92,Lançado,"William Wolff is nearly 90 and perhaps the most unconventional rabbi in the world.  As the State Rabbi of North-East Germany, he looks after the Jewish Communities in Schwerin and Rostock, but still lives in a bungalow near Henley-on-Thames. Midweek he usually flies from Heathrow to Germany. After the services on Saturdays, he either makes his way home or on a leisure city trip. His annual highlight is betting at the Horse Race of Royal Ascot and joining a fasting-retreat in Bad Pyrmont. Willy Wolff leads a Jet-Set-Life, which he actually cannot afford, but dealing with money isn't one of his strengths. Naturally, that occasionally leads to quite temporal conflicts.  Rabbi Wolff is the portrait of a fascinating character, a deeply religious man who, blessed with a tremendous joie de vivre, defies all conventions. More than that, it gives insight into the world of Judaism and introduces us to a uniquely German biography.",https://image.tmdb.org/t/p/w500/tQ3yqjm8iNbfRIAwmDoEFMKAM9z.jpg,
63c63bc7b9e778403903ef5f4c3b91ae12b368edd2f43e4f78ff3ad2fb27693f,452254,Pak Pong,2017-02-23,2017,0,Lançado,"This comedy tells the story of a man shorty too want perfection with a normal man is handsome. To realize his wish, he was studying the wrong that he forgot himself and his actions were ultimately eat themselves.",https://image.tmdb.org/t/p/w500/zFoaIORCz0DVAGcSBT78odNa5sk.jpg,
5dad70b6f9345f710c099aa298d976629328bb5ae12ecd0cfc4c9249aafeb5c3,452539,The History Of Magic: Ensueno,2017-04-16,2017,6,Lançado,"'Ensueño' centers around Ester Bolaños. Curious and intelligent, restless and slightly reckless, she is a teenager stuck in an isolated West Texas border town. Part of a larger narrative of Ester's life and her family, 'Ensueño' captures the ways in which even the most mundane of activities can be overrun by Ester's vivid imagination.",https://image.tmdb.org/t/p/w500/gNbXEs7aOXAwzBimcnSRdmK8rqO.jpg,
38b6c9b2efc59ffd0bac6202eb078600b835e93b0d101488261f2e80f13584a0,452558,Paradox,2017-08-25,2017,101,Lançado,"When a Hong Kong police negotiator is informed about the sudden disappearance of his 16-year-old daughter in Thailand,  he travels there to search for her whereabouts.",https://image.tmdb.org/t/p/w500/ge1URsKVUyeONg0nJQyPczxkNNM.jpg,https://image.tmdb.org/t/p/w1280/s7gVnkGiczRRJxwmzXR6OfDCOua.jpg
6bd53ba8143486b37dd200252eb10a179ae726ad9590bb46c1d374762684ac1d,453289,The Rizen,2017-05-06,2017,94,Lançado,"The year is 1955. NATO and the Allied Forces have been conducting secret, occult experiments in a bid to win the Arms Race. Now, they have finally succeeded but what the Army has unleashed threatens to tear our world apart. One woman must lead the only survivors past horrors that the military has no way to control - and fight to close what should never have been opened.",https://image.tmdb.org/t/p/w500/rM1YfXHrooKtvZNr1oaUp9vB8IU.jpg,https://image.tmdb.org/t/p/w1280/fF8l8hyx8lNV6XfaHxnduwH5I1V.jpg
5cff76d9e0c68d025857bcf49dd8941621137eb9047380d16e59b0dca43fcc34,453578,Fine,2016-10-01,2016,15,Lançado,A short film about the endless fight of two woman. A Mexican and Bosnian co-production set in Sarajevo.,https://image.tmdb.org/t/p/w500/pjzgrpyU80e1xmGnwBovBn0keMg.jpg,
23567e730702dae3c9ff9e90ae1564f84b7df487e60fa1ae3818334341e1c4d1,455005,The Field,2019-09-24,2019,92,Lançado,"A long-empty farmstead holds secret worlds, accidentally unlocked by an amateur photographer and his wife.",https://image.tmdb.org/t/p/w500/hqfdPfBPh2SAFH1hGAIXI9CvXh8.jpg,https://image.tmdb.org/t/p/w1280/WiffBZbHbUQr10WmT2VuqFdqFW.jpg
7ba0c22895e3566ac85b1c4987d926be70f265621bdc185c0f7dbef5e75b2077,455423,Im Nirgendwo,2016-01-01,2016,0,Lançado,Sem descrição,https://image.tmdb.org/t/p/w500/1d71rTpvqp7qv5GByTODGItoe3w.jpg,https://image.tmdb.org/t/p/w1280/70XgbwfTQBRZi1BTBxqZ7iwkjqR.jpg
4ea27d30fb568104e9c38c2431867c148d06f4b19c2a39ade5b41c0ec1075890,455558,9/11,2017-09-07,2017,88,Lançado,"A group of 5 people find themselves trapped in an elevator in the World Trade Center's North Tower on 9/11. They work together, never giving up hope, to try to escape before the unthinkable happens.",https://image.tmdb.org/t/p/w500/htXKoZfPFbS2sFtjPbEq7fYycOF.jpg,https://image.tmdb.org/t/p/w1280/ml09RYSE667X1R1zTPhxd9pb0FZ.jpg
deaf9a419d0e0ad988b674b395da23bca755a017af8f3d51c36e87ed29c08961,455791,The Aria Of Babyface Cauliflower Brown,2016-09-22,2016,4,Lançado,"A professional wrestler, Chace “Cauliflower” Brown brings a new perspective to the art and craft of wrestling. His musings about this oft-derided sport embrace interesting narratives that unfold between opponents in the ring and not on a page, elevating this sport to art.",https://image.tmdb.org/t/p/w500/hSHQSKWwWEcwlDSf6d8Y6qVUxQL.jpg,
5358bf4c01e48b8fb3b126df0b70007bc47459225c93a19ed862d6e095328c91,455808,The Beach House,2016-11-03,2016,75,Lançado,"The Beach House is a film about four people from an Arab generation roaming over the ruins of ideologies, causes and virtues of their predecessors. It portrays their intellectual and emotional nonchalance about what is happening around them in their daily lives and relationships. In a house whose architecture is a sixties' experiment in mixing modern and Islamic architecture, a stone and concrete cube suspended over a rocky shore bashed by the waves of the Mediterranean, by famed Iraqi architect Refaat Chaderji, we spend a night with four characters whose non-stop conversations and peculiar actions reflect the void and chaos they are living in.",https://image.tmdb.org/t/p/w500/vaJT0N65vZcFjubXNPBardPtSBQ.jpg,https://image.tmdb.org/t/p/w1280/wXgq7YmCWzwjWBMomMo1JBRYuQT.jpg
151d6964f24ddf9d78774499a3e323adaeb4fd5b6bfabc72ac9e3bd3726be58d,456066,It Eats You Up,2016-02-05,2016,5,Lançado,A young woman builds a relationship with an incarcerated man after discovering his connection to her family.,https://image.tmdb.org/t/p/w500/dWaoiWh6Bv8wDuKX5ZWX9H4Yjx3.jpg,
9c0d5e211e546c6a2aae0581b3531a46309f0c71f155f400844dc461a0df3a88,456611,Lupin The Third: Goemon's Blood Spray,2017-02-04,2017,54,Lançado,"A yakuza boss hires Goemon Ishikawa, a modern day samurai, to protect him aboard his cruise ship casino. Everything goes sideways when the famous thief, Lupin the Third, tries to rob the vessel. Lupin's being hunted by a powerful and mysterious man: the so called “Ghost of Bermuda.” With Goemon's employer dead in the ensuing chaos, his honor is at stake, and the only way to preserve it is with blood. But this opponent is like no other, and to make things right, Goemon may need to sharpen not only his sword, but himself as well!",https://image.tmdb.org/t/p/w500/AeF2oitbvWfsuyz2FUs9Ohlqx6N.jpg,https://image.tmdb.org/t/p/w1280/k457q5N1coXM6zfPAkNxsZu4KFD.jpg
5143f94cfccf3d3a68e6add91cc95f2c94493353c5fb492ec21b451d10dfeae3,456636,Hashti Tehran,2016-08-06,2016,59,Lançado,"Documentary on the outskirts of Tehran (Nord, East, South, and West) and the relations of people with space.",https://image.tmdb.org/t/p/w500/kEjPX62nj3OiyCxrCCQvgBqvc3U.jpg,
f68a5c8d5f4c313e914c8090b8143cdfbef3b1afebca288df7e8786324534772,456756,Bank Chor,2017-06-16,2017,129,Lançado,"A comic-caper, that tells the story of 3 morons trying to rob a bank who pick the worst day possible when everything that can go wrong, goes wrong and how they're inadvertently caught in the crossfire.",https://image.tmdb.org/t/p/w500/tKrtqEs1gffyZNlHW9WduRRjKGA.jpg,https://image.tmdb.org/t/p/w1280/s4yij4yVaim0kgt9UuuYCHIIoOH.jpg
964a759719046f14dd6613f36c547cb7c2e0f7ce8ed98e5e1a0c7e4ee0d1c64a,457803,The Gift,2017-02-26,2017,1,Lançado,Walmart gave Antoine Fuqua a receipt with 6 items on it and said: tell a story using them any way you want. What Antoine did is truly out of this world.,https://image.tmdb.org/t/p/w500/13aMZ8OQssyIOcCBGyRnEwDQJCq.jpg,
5af91edf17a69e1330ad9d13fdae227992d23d0bf07a39e1af864b1a3ff4ae78,457847,Light Up!,2017-06-12,2017,104,Lançado,"Alevtina Romanova is a warden in the woman's colony, and the only thing that is different from her «iron lady» image is her voice - a voice which even a notable opera diva would envy.  However, Alevtina has been ashamed of her talent since the times she was a kid and nowadays, preliminarily making sure no one's around, she rarely sings for herself. Despite the fact that Alevtina is trying to stay invisible, one of the prisoners secretly records her singing on video by a cellphone and puts it online. The tape becomes a real sensation, and soon Alevtina is invited to Moscow to participate in the main singing show on national television. A sincere desire to change her life awakens inside Alevtina but she's not ready to compete in the show at all. The only person who could train her voice and prepare her for the performance is that very prisoner, who recorded the video, who turns out to be a singer in the past.",https://image.tmdb.org/t/p/w500/gTve2D97aftcwYgOGO2KZvizTK8.jpg,https://image.tmdb.org/t/p/w1280/lDTjlBr4QqeXkEIQt54grMwuUHs.jpg
3f98d3c2ac940387a700bc9b5f2ea688d2af48729b6f44f5838282779a55dc39,458109,Spinning Man,2018-04-06,2018,100,Lançado,"Evan Birch is a family man and esteemed professor at a distinguished university. When a female student goes missing, police Detective Malloy has reason to be suspicious when crucial evidence makes Evan the prime suspect in her disappearance.",https://image.tmdb.org/t/p/w500/lb73nmpv97C4C5WXoxTE0DD7ptU.jpg,https://image.tmdb.org/t/p/w1280/pf0AVMKJtll1qkMmLrKvBqnnWhb.jpg
edfa2acc2ae2161c61473ac4a7cf06c010bfdf32422ebec989c2b1e12186a827,458160,The New Dictators,2017-10-01,2017,52,Lançado,The film draws on the history of Helsinki's graffiti culture through the stories of graffiti artists and archive materials.,https://image.tmdb.org/t/p/w500/lW4uRBrltg3yqEcvsVti9J7JKoD.jpg,
c13d7b5cef4965125cd9b97fe6f4c3328c56d0dcdbbc771960ee457cb64b5ccc,458236,Dear Other Self,2017-05-17,2017,108,Lançado,A woman finds herself caught in a dilemma whether she will stay at work or pursue her passion for traveling.,https://image.tmdb.org/t/p/w500/m1uCowCITpZ8rWC9jdYKUITAA6A.jpg,https://image.tmdb.org/t/p/w1280/gz4Yf9rCIeTodtpdIEtlsmSYUGT.jpg
711e0f8d72d7e0370442942324079740899d6a4b0b8fd7bbae00612b64855efd,458721,In Our Hands: The Battle For Jerusalem,2017-05-23,2017,109,Lançado,"""Produced by CBN Documentaries and Biblical Productions, """"In Our Hands"""" tells the story of the Battle of Jerusalem in the Six-Day War through the eyes of the IDF's 55th Paratrooper Brigade""",https://image.tmdb.org/t/p/w500/yhFq5Kx3uUdS5tcvVQ7fNLuTfa3.jpg,https://image.tmdb.org/t/p/w1280/fxHlIlO8z95G4f6bW6njXO8aVdA.jpg
6f21edc6dd461f48f2a624be50941f016ae6e13d5ce0d0910130ad29d459f014,458987,Becks,2018-02-09,2018,91,Lançado,"After a crushing breakup with her girlfriend, a Brooklyn musician moves back in with her Midwestern mother. As she navigates her hometown, playing for tip money in an old friend's bar, an unexpected relationship begins to take shape.",https://image.tmdb.org/t/p/w500/ir3iuAxNepJufjJt4337ClnVhps.jpg,https://image.tmdb.org/t/p/w1280/bKCmjLDnPV64YSakkMtS5HNsXP8.jpg
a6e16c8294635fe09d5006bac5d6dc6e1b06464de3a4094415992b5fed298bf7,459044,Ela - Sketches On A Departure,2017-05-18,2017,26,Lançado,"Ela lives in a small provincial town in Poland. Her daily life is stuck in a routine, balancing work and family. But Ela has a dream: Like many young Polish people, Ela, too wants to escape the tristesse of the council housing estate and move West, into a better life.",https://image.tmdb.org/t/p/w500/ioVLbLhyK5RoG88CQwaatsv4ZiC.jpg,
87853e55b16140b82149917a1d9b342d0ffb48e1a3e26a51318add7776a37cc6,459204,Kraftwerk: 3-d The Catalogue,2017-05-26,2017,77,Lançado,"Collection of performances from the abridged catalogue of German electronic band Kraftwerk. The tracks performed include 'Autobahn', 'Trans-Europe Express', 'Techno Pop' and 'Tour de France'.",https://image.tmdb.org/t/p/w500/qcYFtIxP8ANFJ6NtdHbhNLTWLyT.jpg,https://image.tmdb.org/t/p/w1280/pXCHazM3mmTauwMxDstgejF4Zrk.jpg
cce8275cb0866b713f47188313db9dd41db423a272063c7c85a62bbec1475a99,459386,"I, Destini",2016-01-01,2016,14,Lançado,An animated documentary that explores the poignant and imaginative illustrations of a youth grappling with the effects of having an incarcerated loved one.,https://image.tmdb.org/t/p/w500/4BoslsYNq3ZYaNFkgOqaYiM0uvK.jpg,https://image.tmdb.org/t/p/w1280/oboruNSs7eSI0ejSuSey799jOSC.jpg
64cf3647bbce7044b8b5c68f8c0725fef784e950b658623da751ff52621e478d,459454,Being The Brontes,2016-06-05,2016,59,Lançado,Sem descrição,https://image.tmdb.org/t/p/w500/oJAmB65EMO3NwxVniBpNnAsJhtk.jpg,
d3aea58c28607326e1dfacf2beff0ab6b0cc24feb4f2cb87abe752864c312546,459591,It Was Fifty Years Ago Today! The Beatles: Sgt. Pepper & Beyond,2017-05-26,2017,113,Lançado,"Featuring interviews with former employees, fellow musicians, family members and journalists, and supported by original and exclusive never-seen-before footage, this star-studded rockumentary offers a fascinating insight into the creation and recording of one of the most ground-breaking and influential albums in pop history.",https://image.tmdb.org/t/p/w500/67oSOM1yGEB59pWh4Qa1pCwWOae.jpg,https://image.tmdb.org/t/p/w1280/lCOX24hgFN1QrrDwbEbffLdHXr2.jpg
4aa8a3004d5120c5fae5436301c18942eec5fb0f9327588929c0a50ee5fd7759,460903,Rewind,2017-01-19,2017,79,Lançado,A mysterious natural phenomenon sets an end to the party night of a group of young adults. The morning after begins with far more than just a hangover.,https://image.tmdb.org/t/p/w500/6rgDya6FWaPqJ12rVsp56dBscBq.jpg,
b2bd26d95967134ba8e5279bd55b174f2583600bf8c896f9ed37e3cf3e8b178b,461034,Murder In The Auvergne Mountains,2017-03-14,2017,91,Lançado,"In a French thermal town, a man is found poisoned. His ex-girlfriend is arrested for the murder but her estranged cop daughter tries to prove her innocence which leads her much further than she could have ever imagined.",https://image.tmdb.org/t/p/w500/l1Qapmc15fPptbapkvTzBTp1Hhx.jpg,https://image.tmdb.org/t/p/w1280/tHP1k3QB5Nwz8FLr9YzxIYzkDd0.jpg
36bf1162ad7e4bb6c9718f8980234ef6d93fe8d1fcc87b955ec8dd04d302e612,461149,August,2017-01-22,2017,8,Lançado,"Deep in Louisiana's swampland, a woman wakes from a fever dream where it has been August for 16 years.",https://image.tmdb.org/t/p/w500/vB3SHpn4FiC31PuBQPSyVkBQ68y.jpg,
07d95cebb011e0f312d8e73662b1869184275619c620a70971a9dfa857aa91d9,461292,Tharangam,2017-09-29,2017,153,Lançado,"Kallan Pavithran is in negotiation with God to save his great grandchild, who is the latest victim of the curse the Maker had imposed on Pavithran's successors for a theft he committed. Switch to Earth, two suspended cops Pappan and Joy are tangled in love and war. How the duo and Pappan's girlfriend Malu come out of the troubles make the movie.",https://image.tmdb.org/t/p/w500/16Leqr8BwJmhPa3B0YZdDgntTiV.jpg,https://image.tmdb.org/t/p/w1280/wsdXUCBQexhlQeZkDZeTbCHTLpK.jpg
3519ea2acea9c249cf32ea38f39bc560cf9fdf77699bdd571be52627154c2a51,461302,Swiped,2017-06-08,2017,4,Lançado,A millennial has to deal with the unexpected consequences of swiping himself on a dating app.,https://image.tmdb.org/t/p/w500/lLsCS0fgjrrlEOmBILSG5XI32Bj.jpg,https://image.tmdb.org/t/p/w1280/qIUWM3btpr2pFthYpOQ3EmM4Wkm.jpg
0137dbbbaa955fa1c0772044de8a19c8d1dab97d2c3b15c1671667a25a1b7c35,461754,Stealing The Superfortress,2016-12-28,2016,0,Lançado,"How the Soviet Union was able to copy the Boeing B-29 Superfortress bomber, and the influence of the resulting Tupolev TU-4 on the Cold War.",https://image.tmdb.org/t/p/w500/ayGW7IP98xrashRO61jhoUuBJZs.jpg,
ffcdf8c1c03e632b7fef291252eacc4caf1dbfe9b105d63404bc3655a12ca1fc,462067,Silvana,2017-09-15,2017,90,Lançado,A documentary about the Swedish rapper and artist Silvana Imam.,https://image.tmdb.org/t/p/w500/eQaxfNcd5C5quYZfPEeYa0i8f9U.jpg,
53984ff39fdb3c0c38cffe9f228e663750e2e27eb490885fea79c493812f051f,462478,Landing Up,2017-06-17,2017,98,Lançado,Sem descrição,https://image.tmdb.org/t/p/w500/oKoW1slnxNEp7k9SuH2e6KG1kdi.jpg,https://image.tmdb.org/t/p/w1280/eNkM7OFO4k1AXKIJiky94e0WFVx.jpg
da1434a41ea5194f9c05a43c6be62158bc91a11fea75f07871c0a075bad6a0db,463465,En Acabar,2017-06-26,2017,0,Lançado,"Gori, a young idealist who spends his summer in Mallorca, tries to persuade his friends and his ex-girlfriend, to accompany him to the last summer festival on the other side of the island. What his friends do not know is that he is looking for a mysterious girl he met during the summer.",https://image.tmdb.org/t/p/w500/7qMC2NFwJze8fuKLfyQxuAzO3k5.jpg,
6b8be00a236f70733349afffa10980a6086396e6467b7a3605f5b6f1c0ced932,463637,Tales From The Planet Kolkata,2021-04-24,2021,40,Lançado,Sem descrição,https://image.tmdb.org/t/p/w500/74tM1mnOrplKixFsBW9VmB549i6.jpg,
150965650f92fc5c292e627c22e3aa476f51a2b41a9b8d838add8fbc3d6384dc,463986,Girl Followed,2017-05-15,2017,86,Lançado,"A resentful 14-year-old girl is drawn into a seemingly innocent friendship with an older man, but the relationship turns sinister.",https://image.tmdb.org/t/p/w500/gDG0lOrI1hqQPTkCRLwawi87ugH.jpg,https://image.tmdb.org/t/p/w1280/pFI3FkbQqCFJgJ5hWecOjRguNou.jpg
e280d4574875e89aafbb3f5cf92185f25bc287aa05846b9b5348abb5740fee7b,464559,Broken Ghost,2017-09-01,2017,90,Lançado,"On the face of it, they’re just another family moving to the wide open spaces of the Big Sky Country for a tree change. But for teenage Imogen Day and her parents Samantha and Will, the move to Montana is an escape from quite a unique kind of bullying. Desperate to make a new life for herself, Imogen must overcome new tormentors, old secrets, and a strange presence in the attic.",https://image.tmdb.org/t/p/w500/rdyIP1gnLCksB7Cziyn0ZHE2LoI.jpg,https://image.tmdb.org/t/p/w1280/1MTfQjhwQZoyrHqB7G6MRS0mAGX.jpg
b5672269f39db388cb1a238d869fe4bbb10a646c6e168f7eebd8bb4b375f4fb4,464827,Just After Midnight,2017-10-01,2017,22,Lançado,"Suzanne is a young, blind teacher. Within a small community of the visually impaired, she assiduously follows a course in art history devoted to the erotology of Satan and to witches. Transformed, Suzanne tries to steal a man's eyes in order to get her sight back. The failure of her first attempt leads her to more easily approachable and impressionable prey, her personal reader, Pierre, who is madly in love with her.",https://image.tmdb.org/t/p/w500/3nVfd1KfJ2GUAkHqaEl0BcTaYQd.jpg,https://image.tmdb.org/t/p/w1280/wBIlX1wyBBGYzWsaIFzukQo2b6g.jpg
819444edabdabdcc4c8d47267a2db100646d9140651c29029558682cdb697b75,465238,Birthright: A War Story,2017-07-14,2017,105,Lançado,"Women are being jailed, physically violated and at risk of dying as a radical movement tightens its grip across America.",https://image.tmdb.org/t/p/w500/m9fMdAqC86WjEf5Rkb2o8N3o1IL.jpg,https://image.tmdb.org/t/p/w1280/jTWFVzH0iNjQvg4Wq2grwBuoz35.jpg
f226f22bfff403e866c95ebd8f905d87b1333665bd6fa1c529b3dd065c267436,465287,Albino,2016-07-23,2016,91,Lançado,Sem descrição,https://image.tmdb.org/t/p/w500/noMQNsPKjYBqbpdoElQtOiWtZgH.jpg,https://image.tmdb.org/t/p/w1280/6J0CpTBrFio0tCQslXxA9ChFCoq.jpg
93db2d3f8fb58a45c0eb27276407b3d6ad442e1a73bad25ffe75e16d9927f1ea,465294,Garage Sale Mystery: A Case Of Murder,2017-08-27,2017,84,Lançado,"Jenn buys an old reel-to-reel recorder at a garage sale only to find that it includes the sound of a man pleading for his life. When the former owner of the recorder, a retired therapist, is found murdered in a patient’s apartment, Jenn’s investigation leads to other patients whose love lives are more entangled than she was first led to believe.",https://image.tmdb.org/t/p/w500/pYkvJ83mMSjD6UeNriRrhVPnHkA.jpg,https://image.tmdb.org/t/p/w1280/z6AmFBgodglNCrFnrohobultGGI.jpg
bbf3b1b758dd64e023387ce7f02391345bdcbdb595e65805c09f5b2d5b26ebfb,466485,Conor Mcgregor: Notorious,2017-11-03,2017,90,Lançado,"Conor McGregor is the biggest star in the history of Mixed Martial Arts. Filmed over the course of 4 years, Notorious is the exclusive, all-access account of Conor’s meteoric rise from claiming benefits and living in his parents' spare room in Dublin to claiming multiple championship UFC belts and seven figure pay-packets in Las Vegas.",https://image.tmdb.org/t/p/w500/xYMVSRk2n4WpzKMw7V6mKz4Psoh.jpg,https://image.tmdb.org/t/p/w1280/b45hRLs8pT1GKrsVL6kvfhgJDdR.jpg
4dc0f8e2066554fe36cd8e8e347f41e342a25b111e3895109897841ec465fa6b,466642,Coffee With Ana,2017-06-01,2017,73,Lançado,The son of an American coffee importer forms an unlikely bond with his Colombia counterpart. This romantic comedy follows the pairing of two 20-somethings thrown together by a business feud that may result in an even more unlikely romance.,https://image.tmdb.org/t/p/w500/exCyn4iO59IodHefAj4I6sGcQl3.jpg,https://image.tmdb.org/t/p/w1280/uEwYjRL7OWqJpPZnNE6rUNZ3A1v.jpg
16346454b0206275ff931cd736b3d95fd1748cb1956d7f1fa26f60ee8a1f60f6,466696,The Black Ghiandola,2017-04-22,2017,17,Lançado,"The Black Ghiandola is a story about a young man risking his life to save a young girl he has grown to love, after his family has been killed in the Apocalyptic world of Zombies.",https://image.tmdb.org/t/p/w500/cyMBXit6PBGbpkdI2iE4FNopx11.jpg,
6b8128aa2b4eab7658f71d2a77a0331b367b8d51ccbc3cd25df71201d1e25d2d,466876,Gnome Alone,2017-11-02,2017,85,Lançado,"When Chloe discovers that her new home's garden gnomes are not what they seem, she must decide between the pursuit of a desired high school life and taking up the fight against the Troggs.",https://image.tmdb.org/t/p/w500/jWB0zhk1Rj1tIWUM98Wsh15gkiW.jpg,https://image.tmdb.org/t/p/w1280/uAv8MOm26tAbSZbUiOtrHZx10gQ.jpg
f6eb7f4bb8c8fc9a69d5ccfefd88c3b16a9d6993d7e7b82c225fa3e4f3147f35,466890,The Goddesses Of Food,2017-07-05,2017,106,Lançado,"From 3 stars chefs to female cooks, sommelières, entrepreneuses all around the world, meet innovative women who want to change the world through gastronomy.",https://image.tmdb.org/t/p/w500/skqOR766PYEvAZCJTGQ9DbBJ6AD.jpg,
2bc87a867dd1a5c95ff84fc9f6cb45ee4dce91e2158b557cd2e6295b0b4c3ae7,467525,10 Days Without Mom,2017-07-06,2017,99,Lançado,"Vera, the Mom, is stressed out of her mind and she decides to take a vacation away from her family, so Victor, the dad, has to take time off work to take care of the family.",https://image.tmdb.org/t/p/w500/exnv3X2BJ6lvSayGC8lJ2nLef56.jpg,https://image.tmdb.org/t/p/w1280/2CLHnoffjVgkaFmPgogqRYQiiDG.jpg
ed0aa2f4f7703cb2722e8fa93b236e3375f3c0a2f8c9d09b01c811337366c654,467544,"Gotthard – One Life, One Soul",2017-08-22,2017,0,Lançado,Sem descrição,https://image.tmdb.org/t/p/w500/poENergxjqG80ColuD06YF4Ybxo.jpg,https://image.tmdb.org/t/p/w1280/s2ylRgyTK1C8Fo84hyo2x1W7QEE.jpg
9a6615f77199b731841bc043f4cea5397eb684600e57124cdd278b65465a711e,467660,Unsane,2018-02-21,2018,98,Lançado,A woman is involuntarily committed to a mental institution where she is confronted by her greatest fear.,https://image.tmdb.org/t/p/w500/wdaUssQhZDOgegkJZx7NfY75HRX.jpg,https://image.tmdb.org/t/p/w1280/5u0ImRdr8Z6uyDfmSWcThXEb8cl.jpg
e1abc15ae9d451cda1e5b95c103390bb2740a898838882a7a9f9b26269ce581c,467830,No Trespassing Or Cameras Allowed,2017-03-15,2017,106,Lançado,"A social comedy film about Thuraya Abdeen al-Entebli (Mervat Amin) receives a court order to obtain her grandfather's villa, Entebble Pasha, which was nationalized during the period of the conventions and when she goes to receive it, she found it was transformed into a police department ... Thuraya and her family live in the police department to obtain her right, Then the events follow.",https://image.tmdb.org/t/p/w500/aiJRemRxz2S1hlkHnLvkk5SEelU.jpg,
95b24b7f5d3664feeb74daf192bf230263b04f2c7d1e9dd3570d3ca544b57167,467874,Zonjusha,2016-03-21,2016,82,Lançado,"Three local gangsters get an offer for a job they know nothing about. However, high paychecks and their prides make them accept the offer. On their way they encounter many problems while understanding that they are being trapped.",https://image.tmdb.org/t/p/w500/4KQTZ0yvVUNd0Txb3F4gi1PYN2W.jpg,
caab016e0f0d1045758a19af62c318880741996ce2405cfd23fee576faadee14,467916,Allure,2018-03-16,2018,104,Lançado,"Plagued by the abuse of her past and the turmoil of failed intimate encounters, Laura struggles to find a lover and a sense of normalcy. Her beacon of hope comes in sixteen year-old Eva, a talented pianist disillusioned by the life her mother imposes upon her. An unlikely relationship is formed between the two and Eva becomes an obsession to Laura. In light of Eva's unhappiness, Laura convinces her to runaway to her house and they soon find themselves caught within an intense entanglement. Manipulation, denial and codependency fuel what ultimately becomes a fractured dynamic that can only sustain itself for so long.",https://image.tmdb.org/t/p/w500/9cQ4k9PN29QSwzf6BAmhAfF94gT.jpg,https://image.tmdb.org/t/p/w1280/atRuA3msCzxo5Jm4spY6AJHhIKo.jpg
acd83aa92b4f16fd187b39558c27c7a98ba9e79c1c6ed5dee9f9d8d15dcc76a8,468001,And The Moon Stands Still,2017-07-15,2017,11,Lançado,The presence of the moon affects all under its glow. The film explores the lunar cycle and the energies invoked by its radiance.,https://image.tmdb.org/t/p/w500/9G2iscLpx4gkHkDI6pAuLGMrsQE.jpg,
127493369bcbacc8648b79ccafb2928d12a1e56240d1c3cbe43e1e3a700e18e8,468003,The Veiled,2017-06-11,2017,13,Lançado,As a daughter grinds away as caretaker for her father she discovers some memories are best left hidden under the veil of dementia.,https://image.tmdb.org/t/p/w500/bp2wdW4W6hRoGw6Vh3rQUA1PJR7.jpg,
73f1893b83fc064c0fa8664d9fdb5a54eec405728ecd2633c8e429cf2e749926,468025,Dead Donkeys Fear No Hyenas,2017-03-18,2017,90,Lançado,"Farmland - the new green gold. Hoping for export revenues, Ethiopia's government leases millions of hectares of farmland to foreign investors. But the dream of prosperity has a dark side where the World Bank plays a very questionable role... Dead Donkeys Fear No Hyenas investigates land grabbing and its impact on people's lives. Pursuing the truth, we meet investors, development bureaucrats, persecuted journalists, struggling environmentalists and evicted farmers deprived of their land.",https://image.tmdb.org/t/p/w500/kXKJ6BIncbLx11afu7z299wEhca.jpg,https://image.tmdb.org/t/p/w1280/rSUHybjkL8U65pvXqCnMxkHXLLA.jpg
3ff2527fcd401813eaea03cbcbb00c409fe9f167795888b61d86cb4eda9515da,468206,Il Premio,2017-12-06,2017,0,Lançado,"After winning the Nobel Prize, Giovanni Passamonte decides to drive to Stockholm with his sons and assistant rather than fly.",https://image.tmdb.org/t/p/w500/zjmQlBXj3XMNeFhVzZx1mySFWY1.jpg,https://image.tmdb.org/t/p/w1280/iKLGWPHHH4iBgL0AcBSgSrmb0jC.jpg
3d38d7b1f2f4a5c73b57c03fc9d530f962192cf2b361bdcc00c53a880156bfa5,468211,Baconaua,2017-08-04,2017,93,Lançado,"After a turbulent squall in the night, villagers wake up to the astonishing sight of the sea that has turned red.",https://image.tmdb.org/t/p/w500/mhUKd1Xgwiv9qHs8KefKDcilS3l.jpg,https://image.tmdb.org/t/p/w1280/eUAa0sMOm3Sgd4ZDu3BorUyPQqs.jpg
4397aeaf5cd683812e9cbe95ca1263ddf37b68254b573af0f4b13f569c649925,469336,Genesis,2017-03-25,2017,10,Lançado,A fantasy short film with a critical point of view about the horrible situation in Syria.,https://image.tmdb.org/t/p/w500/z0EuHkqyfpXdIkFdfnczpfMY7bO.jpg,
dd231665e11b4a7d432b1c64f715bb408d4528b38364a29eebbca34897098ead,469454,Requited,2017-08-05,2017,90,Lançado,An ailing biker takes to the rail for one last adventure that pits him against nature and the woman he desires.,https://image.tmdb.org/t/p/w500/IHTVETmHAwgFq4MWvxr0N0YcXu.jpg,
8279f80cb560058caabeb71c8bfebe313cb259b8f1f6715ac16fc3f385c392e3,469470,Zahradnictví: Rodinný Přítel,2017-04-27,2017,131,Lançado,"Sisters whose husbands were arrested by the Gestapo struggle to get by with their children during WWII, while one grows close to a selfless doctor.",https://image.tmdb.org/t/p/w500/p7UVGWlJiPgbe39t9JETb7Obxbk.jpg,https://image.tmdb.org/t/p/w1280/cpZyNFb0ulBEkNVONXkSVcjwzTP.jpg
351e97d586c3ecad0280721a738fdf9d439732c1d8301ade3f49c1eb7f7c8d27,469510,Bikini Blue,2017-04-21,2017,0,Lançado,Sem descrição,https://image.tmdb.org/t/p/w500/uROwEGESHq1lZzA00avk9XAaZKm.jpg,https://image.tmdb.org/t/p/w1280/gRmMyzJdnXWEzwgRSLWMSsN6CLq.jpg
5e8e11283c68fa14f1648ab880a25223e586403aa71dbef1c2d68c472c5085cb,469718,Honey Bee 2.5,2017-08-18,2017,107,Lançado,"Vishnu, a young man who aspires to become a movie star, faces many difficulties as ill luck follows him everywhere. He is then advised by Sachi, a director, to meet with the director Thomas George, who possibly could help him. George instructs Vishnu to go on the sets of the movie Honey Bee 2",https://image.tmdb.org/t/p/w500/dWbBX58EghUuwvoh8M9ksbawgqz.jpg,https://image.tmdb.org/t/p/w1280/sLsrv7LW9zKHTn0wANKGVAWGb9D.jpg
d1e789c2f49e291328e19189692b034695b11f0bbb782585c8666d30da52b9c3,470006,The Student,2017-03-20,2017,90,Lançado,Sem descrição,https://image.tmdb.org/t/p/w500/m2s2WuYcdnI22wIMu3JHxX6JORk.jpg,https://image.tmdb.org/t/p/w1280/jQgDc8Um4Ql0LM6BJIGr2g0jJH2.jpg
b47325c8f36d8c1b210225fb6b933198763e7fc7ea5fff870d4a7be7ebbc6bbe,470116,3 Foot Ball And Souls,2018-05-23,2018,93,Lançado,"A group of four decides to commit suicide using gigantic fireworks. But every time the fireworks explode, they find themselves back in time before they carried out the plan. They suspect the cause to be the young age of one of the members and try to convince the high school girl to quit.",https://image.tmdb.org/t/p/w500/lZEuLzBzx49MohxZ9pg4gPb4sRM.jpg,https://image.tmdb.org/t/p/w1280/lXhOLeq8zyTJ7MvGxH4zy9Yy8F8.jpg
8800d4b49446460bce4a05d68376f25345f23423a1768ad42fa45a223fbb381d,470434,Rotten Love,2017-08-04,2017,11,Lançado,"Rotten Love is the Brain Child of Swedish/Polish Horror Queen Sarah Giercksky and First Time Director Xander Turian.  After a hard day of work, a visibly stressed young man by the name of Leo, heads home to find that something is disturbingly wrong.",https://image.tmdb.org/t/p/w500/1Ptnril6gBjwQCIaDrkGYHFwCXD.jpg,
612c3d9c4a5d774fff5a2240f2e4a5e2f964e20c6ababe53ea1fd828573e9084,470514,Europe : The Final Countdown 30th Anniversary Show - Live At The Roundhouse,2017-07-21,2017,0,Lançado,"The Final Countdown 30th Anniversary Show - Live at the Roundhouse celebrates the multi-platinum album's triple decade success. The band played the album in its sequential entirety at a series of selected cities in 2016, with London's most historically venerated venue playing host to an exceptionally special night on November 12th 2016, which was captured by Patric Ullaeus from rEvolver Film Company AB. Preceding the landmark event, fans were also treated to a live performance of Europe's latest album War of Kings, a release which re-established Europe as one of the top classic rock bands in the world.",https://image.tmdb.org/t/p/w500/zMSU6cgXsyZTwvu8qrsmsAvBlc0.jpg,https://image.tmdb.org/t/p/w1280/cI7WDjxK5Y6dLXKRPlrosv3qRba.jpg
a92999422ab7d3195e25f2ae6b661dfdba6ddd01a98576198bba79b56d188ac2,470672,Black Sheep: The Skip Sullivan Story,2016-07-03,2016,8,Lançado,We follow plucky and determined Skip Sullivan on her journey to become a successful sheep-herder.,https://image.tmdb.org/t/p/w500/aCzMLjS9denznisRYceNorcNCDh.jpg,
4b656b6e3d3e7ee8cc9c57712bfdb65723a464948446f83bede21df3409cd12f,470897,Strange But True,2019-10-17,2019,96,Lançado,A woman surprises the family of her deceased boyfriend by telling them she's pregnant with his child.,https://image.tmdb.org/t/p/w500/uImgUgcjzczbDixvoDQ0Tqrg2lj.jpg,https://image.tmdb.org/t/p/w1280/d0RcB8qzsNWu9XWtDO51rgIoyq5.jpg
27f3e14b2039ea9108189267ebdee4b571d443544c054cec7251a3d27d04d6e4,471275,7 Months Pregnant,2016-08-17,2016,90,Lançado,Revenge may have irreversible consequences.,https://image.tmdb.org/t/p/w500/7IyZwmLX3ANdytzp3eV4EGikyyA.jpg,
db70e178c11e8a3cadd83f39486e010bebdefac9f03c6f4d9d1ce8236c09518d,471968,The Last Warrior,2017-10-19,2017,120,Lançado,"Ivan is an ordinary guy who is transferred from modern Moscow to the fantasy world Belogorye. In this parallel universe where characters of Russian fairy tales live, magic is an integral part of daily life, and arguments are settled with the help of sword . Unexpectedly, Ivan finds himself in the middle of a battle between good and evil, and he must discover why everyone thinks that he must play the main role in upcoming events...",https://image.tmdb.org/t/p/w500/oFEHcmPuI95aoeNrWXCVnA4oI5Y.jpg,https://image.tmdb.org/t/p/w1280/c4jwzF8rAD3c2YpPlRwrDAxWzT3.jpg
c099d9babfd08a066b426ca5400c7fd1ab2bd263c4829dbfafd0dc5f0783ea07,472157,La Teoría Fantástica (o Cómo Se Creó El Mito De La Evolución),2017-07-20,2017,0,Lançado,Sem descrição,https://image.tmdb.org/t/p/w500/yYj9Q8KNd5bpJuH56qxfzePm2F3.jpg,https://image.tmdb.org/t/p/w1280/dk4ryuJkrYS9FJ2PlpudjwoMoPX.jpg
2180bafba1e7f58438e48a581291e2f6065406a83103a5c2e36bdfc9cf68072f,472465,1000 Year Princess,2017-04-06,2017,122,Lançado,"Princess Ito's clan was banished by Uzu. 1000 years later, in Uzu town, the slaughtered villagers have reincarnated and are gathered in order to have their revenge.",https://image.tmdb.org/t/p/w500/Af28hCrwmWjJwJPRgBuE2VAO7mP.jpg,
ddf968a768fd32daa168e82a96b1da3cc6d85ea61f47c7f04f2e62e030d1c610,472715,The Last Man,2018-09-06,2018,101,Lançado,"Tov Matheson is a war veteran with PTSD who perceives that the apocalypse is coming. After starting a relationship with a dubious Messiah, he leaves his normal life and begins the construction of a shelter underground, training himself, in an extreme way, at the cost of losing everything and making people believe he is insane. When he also believes it, something extraordinary happens.",https://image.tmdb.org/t/p/w500/bBrr6RwxmfjZyWTEe3AaguEKbMO.jpg,https://image.tmdb.org/t/p/w1280/s56FLOb4hit0vvIjpAVFU29IvF4.jpg
8e44a2d6703eb31d8af7a1675288a92922ac981850c5b2da926f453400111f06,473295,Psycho Wedding Crasher,2017-10-03,2017,95,Lançado,"Since she started working as a dressmaker for her Aunt Daisy, Jenna has seen dozens of brides getting happily married in her gorgeous wedding gowns. Jenna longs to have a white wedding of her own and to find a handsome man who will take her away from her abusive Aunt.",https://image.tmdb.org/t/p/w500/glpo0yp5Khwciy3ef6KTfYSLw6K.jpg,https://image.tmdb.org/t/p/w1280/5t36QE5pT0BdN8gBL0FXANl1oX7.jpg
59f1017c9fda82077b10f590bbe8499d5b9fb25e6b29ff93911aaef078b83ec2,473320,Village Rockstars,2018-10-28,2018,87,Lançado,"In a small village in northeast India, 10-year-old Dhunu dreams of having her own rock band. Her vibrant spirit, imagination and self-assurance stand out in a world where girls are expected to be timid and submissive. With her gang of boys and the support of her widowed mother, Dhunu faces the struggles of her daily life and hopes for the day she can finally play on a real guitar.",https://image.tmdb.org/t/p/w500/kUMHHbNTBTvB7twXTibDlwPWE9F.jpg,https://image.tmdb.org/t/p/w1280/p43XCRS8Bvdfk36hl7q8cxLhas9.jpg
87852bf35ccb8124b3c66057a3c488970ee8d7665f0f8900326ad341e7f88b34,474379,Not The End Of The World,2016-08-02,2016,8,Lançado,Joe Connoly is totally unprepared when a note lands in front of him at school.,https://image.tmdb.org/t/p/w500/wyNfHW2CVmNK0wljcehi2DJA4o2.jpg,
b6cba585cfffaf53c965f59d95abf27d50fe78445a26b4be6498208fb46f2311,474626,To Each His Own,2017-05-27,2017,114,Lançado,"Takashi Aoyama has way too much work to do and pushes himself mentally too hard. He blacks out and collapses at a railroad station. When he is about to be hit by a train, he is saved by Yamamoto. After his encounter with Yamamoto, Takashi recovers his bright personality and gets better results at work. One day, Takashi sees Yamamoto boarding a bus to the cemetery with a serious expression.",https://image.tmdb.org/t/p/w500/8YoFPUfuw0Qtlz9M19cV2juB4rV.jpg,https://image.tmdb.org/t/p/w1280/f4kY9hFWTkg196ZqaXlTEb4ENR.jpg
bb0e8ca6296df5ed3a1c379d01ec19f92f557293c638dac1ca067fe28d309df8,474647,Impossibility Defense,2018-02-01,2018,106,Lançado,"At a certain park, there is a mysterious man, who has red eyes and a black suit, that people can go to and request him to kill someone. His assassinations can never be blamed on him because he takes no illegal action. His strength is in the power of suggestion and the arrangement of events. He accepts these requests, all the while privately mocking the foolishness of those whose unwise wishes he grants.",https://image.tmdb.org/t/p/w500/dEsK36fG7VGf6HNU9wVTxqP9nKa.jpg,https://image.tmdb.org/t/p/w1280/5EQaSQLEolvSpnZqQKQWc5wUpRr.jpg
e1564865adae8759bf9cdde6f524121fdf6e1169dd47079daadebfdc969b7408,475208,Red Trees,2017-09-15,2017,87,Lançado,"Award-winning filmmaker, Marina Willer (Cartas da Mãe), creates an impressionistic visual essay as she traces her father’s family journey as one of only twelve Jewish families to survive the Nazi occupation of Prague during World War II. Photographed by Academy Award® nominee César Charlone (City of God), the film travels from war-torn Eastern Europe to the color and light of South America and is told through the voice of Willer’s father Alfred (as narrated by Tim Pigott-Smith, Quantum of Solace), who witnessed bureaucratic nightmares, transportations and suicides but survived to build a post-war life as an architect in Brazil. As the world struggles with the current refugee crisis, RED TREES is a timely look at a family besieged by war who finds peace across an ocean.",https://image.tmdb.org/t/p/w500/4yqjfwTmDrFrBo1VLkPgV0tmCCM.jpg,https://image.tmdb.org/t/p/w1280/fsEfQ9fizqPXcaKAJ5rFXX2k8Vq.jpg
8d37ac90942425e0095c77d4b6041b6ab6440dede2a9b04f633872a7d5543e37,475366,Get The Weed,2017-09-07,2017,75,Lançado,A fake Uruguayan Chamber of Legal Marijuana travels to the United States to find 50 tons of cannabis to supply the country. President Jose Mujica is the leader of the mission.,https://image.tmdb.org/t/p/w500/zf67g4F8e36eKGWuZLOY4iTdvIl.jpg,https://image.tmdb.org/t/p/w1280/kcVLj4sv13U2ZO8MdOcIBdBVVkb.jpg
b1b55fc3c119753a38636844cf06eda0016a915c65b56eb6a62699795dd5e05a,476020,The Danger Element,2017-08-01,2017,100,Lançado,Raiders of the Lost Ark meets Batman in this action-packed martial arts adventure.,https://image.tmdb.org/t/p/w500/sr4eoQ9Q3VbHdwlIvUUGvBfwwgR.jpg,https://image.tmdb.org/t/p/w1280/6l06yjMhsC9bVldxA7zWQN4tbJp.jpg
aca12401dc6b939c15e56bbedd74405b350ade98f6d10c4d7523ad9b417fa2c4,476279,I Didn't Shoot Jesse James,2017-09-07,2017,0,Lançado,Some of the most well-worn tropes of the American western are upended in this delightfully deadpan tale starring the great Tchéky Karyo as a world-weary and reluctant bank robber who’s torn between loyalties on the eve of his partner’s next big job.,https://image.tmdb.org/t/p/w500/muXJF4A6l54PxFs2SicZ41TpbfU.jpg,
ceb2bf6fc16fca433b3ffa1b3ba3c6bd5f8f4e19689d9752a3828d7f2f00c19b,476448,Simposio Suino In Re Minore,2017-09-14,2017,0,Lançado,Sem descrição,https://image.tmdb.org/t/p/w500/sSa9TcdlOS8MEdKTSwVMevBlb9A.jpg,https://image.tmdb.org/t/p/w1280/ql0keIUgAxByS1m0HlD3IxtdbmV.jpg
5641f0c8347858789db1538e1d5963385fbb012509779cc3320a0af6cdee7f98,476794,Hajwala: The Missing Engine,2016-09-29,2016,96,Lançado,"Khalid and Kehailan are two team leaders who are passionate about car racing and challenges. They enter into a crazy competition to win the challenge involving a lot of surprises, which unexpectedly change both their lives.",https://image.tmdb.org/t/p/w500/dNosDBLKywMYXmCxtxCWrwunCPG.jpg,
68f1259fe3ceb1c9f46c6fb4b728ad00f6a1b90c75975b6ac9571b20af0600ec,477194,Milk,2017-09-09,2017,14,Lançado,A reticent young dairy farm employee struggles with the news of an unexpected pregnancy. A methodical cycle of calf births and milk extraction becomes an incisive meditation on the implications of reproduction and the anxiety of impending parenthood.,https://image.tmdb.org/t/p/w500/12kAdP5Eq4I4kjTseRbd07qJ0da.jpg,
2fc12a0b7ea619cec814effc3f06eaa14ed0ce5749245e990863b52f31cdd85d,477426,Destination: Pluto Beyond The Flyby,2016-09-23,2016,51,Lançado,The New Horizons team examines the latest findings and imagery from Pluto and the fringes of our solar system revealing a world unlike any other we've seen before.,https://image.tmdb.org/t/p/w500/3oojBbU1GuAyXw8m46Q3hVZWWo7.jpg,https://image.tmdb.org/t/p/w1280/hwtqjo0AftUYBODz12GkU3LmTDe.jpg
e9e69db60a943ff186018a01ce28aa819f1d685b1c1dcd319411115447b9bb23,477428,The Painted Bird,2019-09-12,2019,169,Lançado,A young boy wanders Eastern Europe during World War II.,https://image.tmdb.org/t/p/w500/wfuh6vTYLGspvkYoBy8GCaJx9Ur.jpg,https://image.tmdb.org/t/p/w1280/rDswI6jJKQV0BcRUBfcg26OmIbX.jpg
1cd4c1e61a0f1c02ed0421ef47f566b577905f71d63aac8686efd78b60425e9d,477467,Depois Do Silêncio,2017-09-08,2017,21,Lançado,"A desolate woman struggles to accept her husband's unexpected death, but is confronted with his recurrent return to the waking world.",https://image.tmdb.org/t/p/w500/vZeLlC23D3DoumLugH7QKMDNJwc.jpg,
98a2abd251d0148856deb746214283a58bf274aafd7895bb51cdde94586d1e8e,478078,Diva!,2017-09-01,2017,75,Lançado,The moving life and international career of actress Valentina Cortese is acted out by eight Italian actresses who interpret parts of her biography. A rich assortment of stock footage and film clips creates a vibrant portrait of our Diva.,https://image.tmdb.org/t/p/w500/rEh6Ba1i9JPSzqAMEqqKXWSYnMO.jpg,https://image.tmdb.org/t/p/w1280/hIsFwKU3N89Y6v2Uauxb5jBedSV.jpg
ba6e8fbd102b685e2bc4fddcc05e3be5c051800cbf87ef5cfab60f5563b2f509,478138,Mass For Shut-ins,2017-10-02,2017,65,Lançado,"Twentysomething Kay Jay sleeps on his grandfather Loppers’ couch. The computer’s on the fritz and there’s not much of anything to do; there’s a lot of sitting around, eating 5-cent candies and drinking pop. Bored, Kay Jay plays with fire, aimlessly wanders through the night, encounters strangers and gets hassled by September, his aggro delinquent brother. Chained to a life of co-dependency, he passively navigates his isolated existence—but you can see the desire to escape in his eyes.",https://image.tmdb.org/t/p/w500/dlXUj0jDEQc6sHfKyzOtZN2NJ5H.jpg,
17de80f63f138ec715613ec3aed0a09808879341e6172f743fff0a21ac0a5e21,478272,Last Night,2017-09-27,2017,104,Lançado,"It centers on Mark and Carmina who first meets in an unexpected way. They then discover they stay in the same hotel and has the same fate, both attempting to commit suicide. They then start a friendship which eventually becomes attached to each other.",https://image.tmdb.org/t/p/w500/y8I5VeSWJb6Pgukhhiiup5AEXA.jpg,https://image.tmdb.org/t/p/w1280/bAKxwn2a60OSJ7648I5Kz6Vi15.jpg
2ed777c54c8d3c51ba7b936115ef95d7287eee31346e65f39c1b46295733b80c,478281,Where Is It,2017-09-14,2017,4,Lançado,"Just back from a trip, a woman FaceTimes with her house sitter to see how things went. All good, she learns, except that one weird old mirror randomly fell off the wall one day, and shattered into a zillion pieces. Soon, it becomes clear that something is very displeased with this spontaneous bit of redecoration.",https://image.tmdb.org/t/p/w500/10iwjWgS3DFFlo8Ge0vciS7f9Yk.jpg,
26adef694c4736339fd2a80be1a8e6f63166433376d7f694efba9af48379725b,478484,The Legend Of King Solomon,2017-09-28,2017,80,Lançado,Sem descrição,https://image.tmdb.org/t/p/w500/dZVijBWQJyenRZwBExPDqxP2soP.jpg,https://image.tmdb.org/t/p/w1280/edsHHGtmYTjomv5omjne0ARUhcj.jpg
ebd0afd8c1ebd14adaec2c00e21592e2c6dd69c82b9c9666f50db597e2963b81,478747,Mahanubhavudu,2017-09-29,2017,152,Lançado,"Anand is a cleanliness freak, someone suffering from OCD . What happens when a man like that falls in love? Will the person he loves learn to live with his quirks or will he have to change?",https://image.tmdb.org/t/p/w500/tzTdZ82hqcP4GrJICd1xp1HNMj2.jpg,https://image.tmdb.org/t/p/w1280/vvrQYk4A6rLNSSVkshtEFOirYYE.jpg
1dda9b1b17e84344ad438902d557004c64932f9ddfd64fcf4e55261643394fe7,479289,Udaharanam Sujatha,2017-09-28,2017,126,Lançado,Sem descrição,https://image.tmdb.org/t/p/w500/k9vpy81mEmjcufB1DeBr5kYfQjE.jpg,https://image.tmdb.org/t/p/w1280/x5gYVLExsDHpfPj5ESg73L3yOsr.jpg
c643a77899c21d7c2130fa3df685131ed7f87d4baa4d49a1b25746fb385926a8,479455,Men In Black: International,2019-06-12,2019,115,Lançado,"The Men in Black have always protected the Earth from the scum of the universe. In this new adventure, they tackle their biggest, most global threat to date: a mole in the Men in Black organization.",https://image.tmdb.org/t/p/w500/dPrUPFcgLfNbmDL8V69vcrTyEfb.jpg,https://image.tmdb.org/t/p/w1280/2FYzxgLNuNVwncilzUeCGbOQzP7.jpg
3431243f59c246d73829d4a3eadc513359dd295b108af7e657deaab4916ca1e9,479487,Ferrante Fever,2017-10-02,2017,74,Lançado,"""Hillary Clinton, Roberto Saviano, Jonathan Franzen and others weigh-in on the Elena Ferrante """"craze"""" and what makes her work - and her mysterious persona - so uniquely captivating.""",https://image.tmdb.org/t/p/w500/broPZaY0TBo61IdCTcnRi8h3jwK.jpg,https://image.tmdb.org/t/p/w1280/fIX8PUS8E2Jiduhn9syzFt7O7vF.jpg
cf5e4415eff86ac31da8c39a2911c23f214689ef62e6b900b7e4add944c19c13,479695,Morazán,2017-09-14,2017,90,Lançado,"Francisco Morázan has been in Costa Rica for five months where he has been appointed Provisional Chief of State. It has called for elections to install a National Constituent Assembly, which should be a legal structure to the Costa Rican state. The Assembly has decreed the validity of the constitution of 1825, the same as that of the Central American Federation; It has declared the accession of Costa Rica to the Republic of Central America. Two months later Francisco Morazán is shot one afternoon on September 15, 1842.",https://image.tmdb.org/t/p/w500/93YxNecQ7OriRE3wzoOwfOD1yMB.jpg,
0cab76ec1487e6304fd00ec83786b3c4b81073fcb361e27991fcadcd0b276de9,480255,Shopkins World Vacation,2017-10-05,2017,71,Lançado,"Grab your boarding pass and come on a worldwide ride with our favorite Shoppies and Shopkins  Vacation with the gang as they meet crazy bandits and go on even crazier adventures!  When Kooky Cookie gets caught up in a diamond heist and goes missing, the Shoppies must go on a wild chase around the world to find her and help bring back the 'Shop Diamond' to its royal owner.  Watch as they attempt amazing challenges and face Kooky fans o try and clear her name.  Fasten your seatbelt for a world vacation you'll never forget.",https://image.tmdb.org/t/p/w500/xiyqUqxSSXOR7MydX2iKhaAoasp.jpg,https://image.tmdb.org/t/p/w1280/wi4CTeo4wLskhWFfCYgDPqBSEFB.jpg
9552763ca62b5ad6501472e828ce305f0275e006d83de5a0bb0ffb155019033d,480723,8th Continent,2018-01-26,2018,11,Lançado,In Lesvos island an old abandoned dump lies on a mountain with two big craters. The craters are overflown by thousands of life jackets from the refugee waves. A worker is the only inhabitant in this place that resembles an alien planet or a new continent.,https://image.tmdb.org/t/p/w500/wotUMEpBJgYaM901T6aSdsiBNLO.jpg,
7154fe5d3048443c199f403f0788eb8c91d2f5b314fc39017a1df4aea48bd025,481061,The Midnight Man,2017-10-03,2017,88,Lançado,"Hoping to fix their dysfunctional marriage, a couple travels to an isolated mountain cabin to work out their problems - but the one problem they didn't anticipate is the maniac trying to kill them.",https://image.tmdb.org/t/p/w500/65kPBkottSEaz8O8eQ1ZMLLTdmt.jpg,https://image.tmdb.org/t/p/w1280/nmn5TZ24XZrVZ72YCVSeu24epEU.jpg
36c928b78bfc079b207d3c6a8ae485b405a170dc5a0c8b4431f3276c9b75546a,481249,The Quartette,2017-11-30,2017,93,Lançado,"In a small Czech town, mother dependent Robert, his attractive girlfriend Simona, histrionic Tomas and extremely reserved History freak Funes, all dissatisfied with their lives, are members of the same string Quartet. As they rehearse for their next concert, they will get into a circle of eccentric situations and misunderstandings.",https://image.tmdb.org/t/p/w500/g0nTVOcAkKQpG8WJc5eVIpHA0VQ.jpg,https://image.tmdb.org/t/p/w1280/8d22J50uko76sA4kntRsNrN4W51.jpg
aa2f98000e25897c285356aca0d6c073f8f269fe981ef1d455f01ab9cf14f253,481377,Afterword,2017-10-25,2017,10,Lançado,"Approaching the microphone in a small room, a young woman prepares to make the speech of her life. Desperate to find her voice in the wake of an ended relationship, she resorts to sharing any piece of advice she can muster. Her reflection on their differences strikes up an imaginary conversation.",https://image.tmdb.org/t/p/w500/wUirTRLQwG7AmTRheezvaCxe11V.jpg,https://image.tmdb.org/t/p/w1280/q3BPuKdhGtQJeSqMwXasdAIrxgv.jpg
9ec474cab8a14130845a50f492cf4192e006355d211540279cc18a9ea3605580,481474,"Farewell, My Indian Soldier",2016-06-01,2016,56,Lançado,"A young woman researches the hidden story of Indian soldiers who came to fight in France and Belgium during the World War I. The presence of these 140,000 soldiers in Europe is a virtually unknown fact of history.",https://image.tmdb.org/t/p/w500/wyNdiBCEwrfZK5dFxoISIsWTIjR.jpg,https://image.tmdb.org/t/p/w1280/3VyZ921NVpDVC16uOX2QyjOToDv.jpg
7f7c8ff1d9b2e67be04921e3120803def8eaa61bfa0963e9e4b2ac274148e06a,481942,First We Take Brooklyn,2018-02-19,2018,90,Lançado,An ex-felon joins an Israeli crime syndicate in Brooklyn.,https://image.tmdb.org/t/p/w500/8RQhV18118FCiOGC5UA5Ii6e6sf.jpg,https://image.tmdb.org/t/p/w1280/kx0vnhDOsOwFO1Y9iL8wFGb4Df6.jpg
0f8d9b7cc9c95e63ec7d58477e49505631f1693a46e9f2d806a6840c30e7eca4,482070,The Ashes And Ghosts Of Tayug 1931,2017-10-20,2017,115,Lançado,"A filmmaker revisits the town of Tayug, Pangasinan in preparation for a new feature film she is making about the folk hero Pedro Calosa and the Tayug Uprising of 1931. As she revisits the actual sites in Tayug where the infamous uprising had taken place, she imagines scenes in her new film about the subject. As she goes deeper in her research at Tayug, she uncovers the memories of the townspeople about Pedro Calosa and the Tayug Uprising of 1931.",https://image.tmdb.org/t/p/w500/acWONQvvV1MH12QyYeuck4X4L6f.jpg,
2665bb7de609d3d26a8c02c1e154930047a96216852b7903749837c7f985949e,482586,Lighting Dindin,2017-02-05,2017,84,Lançado,Sem descrição,https://image.tmdb.org/t/p/w500/sphPsqLJwXXsVkzpTfNBt4bMsGi.jpg,https://image.tmdb.org/t/p/w1280/pUvrunLqwG3AVEDLafb2JGy4gTa.jpg
eb0ceb39ff28dd6f054a40de7fe2b11f50f07ea6bc89ffedcf710d1c1537c446,483208,Firangi,2017-12-01,2017,153,Lançado,"Firangi is a Hindi movie starring Kapil Sharma and Ishita Dutta in prominent roles. Set in 1920, it is a period drama directed by Rajeev Dhingra, with Kapil Sharma as the producer, forming part of the crew.",https://image.tmdb.org/t/p/w500/5yAGFoaylYzWeksfaedt06iu868.jpg,https://image.tmdb.org/t/p/w1280/aprpNWfj4RPpfCwY7XXEV7o9URy.jpg
96eed61edc0e70d968e54ef40b02ce2ade789975362f7eb88c3439018d89964a,483390,Between Myself,2016-10-13,2016,7,Lançado,Creator's inner self starts to evolve.,https://image.tmdb.org/t/p/w500/9BFJOaWslVtqVNoo5OR6Lv2ozr9.jpg,
5ee0a7eb096487e66cd4296c1f77acc63ed5668b9232593c858ade015effc81e,483742,The Violin Player,2018-06-21,2018,125,Lançado,"A celebrated violin player, Karin, has to end her stellar career after a car accident makes her fingers stop working their magic. She starts teaching students who are twenty years younger than her, only to find herself falling in love with Antti, one of her students. They are not an easy match, both being passionate about the music and overly ambitious about their careers.",https://image.tmdb.org/t/p/w500/A6toQ712qXgcPVYI9DPTtIgB2Id.jpg,https://image.tmdb.org/t/p/w1280/cMvphxbWifHzby65iRezfK3aOhm.jpg
32ee3ded7b76f99792353d9f1b61ae9cd7139bde8b36a82d2bac192e33b68a05,483809,Explosion,2017-11-24,2017,107,Lançado,"A blast technician in a mining town survives an explosion only to discover it may not have been an accident.  While investigating the truth, he becomes the prime suspect and must use his unique skillset to clear his name.",https://image.tmdb.org/t/p/w500/11gIHmxlrk8G008kMNSgyNt6Owv.jpg,https://image.tmdb.org/t/p/w1280/rGWY52m6WxwpYKdRwx2mzecKzPT.jpg
f5bd34383e0cfee33ec387a24e07fa9c6e4560beabb27e5737023b1ab6d31621,483876,Dead Man's Line,2018-02-08,2018,108,Lançado,"On the morning of February 8, 1977, Tony Kiritsis walked into an office on East Market Street and wired a shotgun to mortgage broker Richard Hall’s head. After making a 40-minute 911 call that ran the emotional gamut from polite respect to seething rants and tearful breakdowns, Kiritsis then paraded Hall along the streets of downtown Indianapolis followed by a cadre of police and media who were unable to do anything other than watch the event unfold. Kiritsis went on to hold Hall captive for three days as SWAT snipers, the bomb squad, and FBI looked for a way to disarm him without Hall being shot. The crisis culminated in a shocking press conference broadcast live on TV",https://image.tmdb.org/t/p/w500/1KFgF91aidcDBj3KwUryqcPpHpM.jpg,
abe221cf79611fbb112a4bb3918c10760c8efdef8be83b6ed0a3c96d0db6df19,484299,Wake The Dead,2017-10-27,2017,82,Lançado,A college student called Victor wants to reverse death.,https://image.tmdb.org/t/p/w500/6I87n1gbPKZEZq6jN1OvvfvCKyF.jpg,
7420fa4167a4c0eca919c8eb0846f4e26e967933ee0ee56827ce498a42ed15ea,484599,Two Idiots,2016-05-06,2016,98,Lançado,Sem descrição,https://image.tmdb.org/t/p/w500/6q6VG3BwhpFIXTxisDrIHjoLc3R.jpg,https://image.tmdb.org/t/p/w1280/hYp95kO8acj6VmSRIpSNOSAhbpu.jpg
f60d76b8e83875e6d351093d6621e41e8ffe81347a838051bbb97ee06af256aa,484732,Alalá,2016-09-22,2016,77,Lançado,Sem descrição,https://image.tmdb.org/t/p/w500/nOTX8hrauVphEkuLt1fCL6Es6kC.jpg,
2b2eb07b1c941ba05743f9d7557c529d18ec5fcafd5e696bac8f19da1f206c8e,485329,Buddha.mov,2017-11-26,2017,70,Lançado,"Lured by the chance of being the protagonist of a documentary film, Buddha Dev, a 27 year old flamboyant cricketer from Goa, starts authorising unrestricted access into the most private parts of his life.",https://image.tmdb.org/t/p/w500/ZqnQSJCgF0q08RfxHZxxMi80fY.jpg,https://image.tmdb.org/t/p/w1280/oyWLPKLBALjBoi8d4xlA5wDDqma.jpg
ab26376687bd4e00a9c50e14f0c6324ecc9025a88fa4f5d1ddf0dea41a485005,485333,The Gateway,2017-07-28,2017,107,Lançado,Sem descrição,https://image.tmdb.org/t/p/w500/q8Xae3sW46QoRoeyK7I4LlXAi3H.jpg,
faf3d67a116b99360d0a6fec134a5f16731ee9d200a3dab506b41043c478d5be,485658,The Realm Of Deepest Knowing,2017-08-04,2017,4,Lançado,One digs beneath the surface of the other to reach the deepest place of his heart during struggles. It lightens up the darkness. They fulfill one another within the sense of oneness.,https://image.tmdb.org/t/p/w500/x9W3kdKHW7cgiHCyWVa07FYhFv5.jpg,
9fce992e4bb995d16c4cdba155fca02a6b7c210869fbfc52d5eabf750c1767d9,486068,Tony Bennett Celebrates 90,2016-12-20,2016,120,Lançado,"19-time Grammy Award-winner Tony Bennett's 90th birthday is celebrated by a host of celebrities in this two-hour music special held at Radio City Music Hall, New York City, with musical performances by Bennett, Andrea Bocelli, Michael Bublé, Lady Gaga, Billy Joel, Elton John, Diana Krall, k.d. lang, Leslie Odom Jr., Rufus Wainwright and Stevie Wonder.",https://image.tmdb.org/t/p/w500/tKSAQbwlSR0las8mepVklZEPVDs.jpg,https://image.tmdb.org/t/p/w1280/nFrvW8ES8QJZEigTuugvAL6oeeE.jpg
07f0afe4dec0b90e5cbd24064c06959a1770ed28b8a25661e4eda074bf061c08,486070,Blessed Madness,2018-01-11,2018,109,Lançado,A man dedicated to religion and very faithful husband suddenly finds himself single. The new shop assistant in his shop will overwhelm his life.,https://image.tmdb.org/t/p/w500/4UaxYbbv204sRpCL5Io4oGUDhJ4.jpg,https://image.tmdb.org/t/p/w1280/gTav1UE2Z8vgm0rMZ5oqVyWxN3l.jpg
b37bda70795a5b901a00d298b7be735a1cdd34e47145434dc34c78b518507102,486603,Susanne And The Man,2018-11-18,2018,7,Lançado,Satire of mansplaining in the workplace and in everyday life.,https://image.tmdb.org/t/p/w500/uLj2oNOCR5aIC5RNdPMeRGHPnUM.jpg,https://image.tmdb.org/t/p/w1280/5CtcXh9JKVcFyHaDMHOcCIeDxLk.jpg
f4b934051c775095a33920f878bcebf8c74efaf4c0a5e3309e3e0f5e94ea3115,487179,A Funny Thing Happened To Kelly And Ted,2017-08-11,2017,6,Lançado,Sem descrição,https://image.tmdb.org/t/p/w500/xTacvIch4py1ZMiWM4cEwcViIpm.jpg,https://image.tmdb.org/t/p/w1280/44GN8HwjCmCEXDg7QgC3jztRFK9.jpg
487ad379bfcb48c7be1aa5f37e1ca5ae85a2e117ea7b8e1528efc4e9404c258e,487284,Afterburn/aftershock,2017-11-03,2017,100,Lançado,Sem descrição,https://image.tmdb.org/t/p/w500/tj6VwGIeuPXP2PWNFSSZqcBXe4U.jpg,https://image.tmdb.org/t/p/w1280/2uPgZW9cgDMFoE7WYlpUO73QXm2.jpg
14ec5c32df0b4c6ec69a484c8672404b15ec4565a05140a5f4f83a512277051a,487629,Florida-montréal,2017-09-09,2017,17,Lançado,Sem descrição,https://image.tmdb.org/t/p/w500/rpyG12jF0FAYmAS5SGHrRIMX4I2.jpg,https://image.tmdb.org/t/p/w1280/o8vbXxa5jIilqtHc4VX1wHVacFJ.jpg
13a7f9cec86bb12889030010ccd486ea6c86976b6dd740e342a56d9ffb3c1db7,488005,Julia's Piece,2017-01-01,2017,9,Lançado,"Julia is about to come on stage, but the choreography is the least of her problems.",https://image.tmdb.org/t/p/w500/9dj5YspGfE03zMCuRxGvC7glYm4.jpg,
489473c05c230be6d18e71d59b1348bfe6ae2d8dfccd37f1098260d1259387b3,488455,Diablo In Madrid,2017-10-30,2017,22,Lançado,First film of LaBruce's anthology for CockyBoys.,https://image.tmdb.org/t/p/w500/eNgwU9L7gpjfrXt5vxoyb5SsFD6.jpg,
c3dd00b80929385447d32f4a2c6baf953c876b6a4ecc99d94ee469813d025104,490120,Paleonaut,2017-12-09,2017,16,Lançado,A scientist studying the first human time traveller falls in love with her subject. But if her research succeeds they will become separated by eons of history. She must find a way to connect with him across the ages or lose him forever.,https://image.tmdb.org/t/p/w500/2aELBh0ORhwOBEf7oxCaIzWQGUn.jpg,https://image.tmdb.org/t/p/w1280/lxWzYcOP8MI9JCa6JuOVKky6gm4.jpg
a271c02487b4ba8a2e6e269cae2daf8cf67323d676d56429495fa55a65423962,490758,Bisbee '17,2018-09-05,2018,124,Lançado,"It’s 2017 in Bisbee, Arizona, an old copper-mining town just miles from the Mexican border. The town’s close-knit community prepares to commemorate the 100th anniversary of Bisbee’s darkest hour: the infamous Bisbee Deportation of 1917, during which 1,200 striking miners were violently taken from their homes, banished to the middle of the desert, and left to die. Townspeople confront this violent, misunderstood past by staging dramatic recreations of the escalating strike. These dramatized scenes are based on subjective versions of the story and “directed,” in a sense, by residents with conflicting views of the event. Deeply personal segments torn from family history build toward a massive restaging of the deportation itself on the exact day of its 100th anniversary.",https://image.tmdb.org/t/p/w500/u2mtK0C7dIlzigxyNZGxw3z3AKF.jpg,https://image.tmdb.org/t/p/w1280/2iZUXxID84ppNl6ZaTRffWJV9x4.jpg
30e9c9e0ec2e34a23e24d5c620ddf2acc9ff91e78b811221917380fa66912f6b,490968,Backstory,2020-08-06,2020,8,Lançado,"As a young child our protagonist is left by his mother and has to live with his violent father. He fights his way through adolescence and falls in love with the woman of his dreams and just as everything seems to be finally working out for him, a sudden event changes the course of his life forever. A story about how everything we love, everything we learn, everything we build, everything we fear, will one day be gone.",https://image.tmdb.org/t/p/w500/kNt5BXl2dKojITg23GhSmbEFlw4.jpg,
912c674d998f0f134dd58c6df7d096bdeee118c53affaa36f7ddc3ca1bbd63b7,491084,Shattered,2017-01-28,2017,90,Lançado,"Shattered is a story based on true events about family betrayal, love lost, and a dark destructive secret that swirls around a high powered political family in the Deep South. Kate Stenson dreams of an enviable life as the quintessential Southern Belle. She marries Ken Burnett, the son of the town's powerful Mayor - a controlling father who will do anything to protect his position. Kate has two children with Ken - a biological daughter, and an adopted son, named Logan (Tate Birchmore). But Kate's seemingly perfect lifestyle begins to fray at the edges as she discovers that Logan suffers from severe mental health issues. Kate's journey to uncover the true story of Logan's past reveals a dark secret that can destroy the entire Burnett legacy. As Kate investigates - with the aid of a new friend - to unmask the history behind Logan's illness, these unimaginable family secrets surface, putting her in unforeseen danger.",https://image.tmdb.org/t/p/w500/lgnYd9UFH2CaV1x5ydExdmr9um4.jpg,https://image.tmdb.org/t/p/w1280/pZhaXgnEZp4P5Xby7ARaED0cOk4.jpg
c7a0f644c270d37906a059c7ffaaec2ce0c249e9b242a3b717c5cc99803b267f,491094,The Portrait,2017-12-25,2017,120,Lançado,"A musical tale about two impoverished sisters' anguish over whether or not to sell the final masterpiece of their recluse father days before the second world war, in Manila.",https://image.tmdb.org/t/p/w500/aD1031bOh3t3L3XWFdxBdUUCsLk.jpg,https://image.tmdb.org/t/p/w1280/sNE1H6zx5w92K5QXAXh4d3yaVvr.jpg
0d196588f214b2e44bca99c764f19017ec1489ecdf19894591c0bb0121e1b598,491173,Trunk Space,2016-08-26,2016,14,Lançado,Two girls pick up a mysterious hitchhiker in the desert.,https://image.tmdb.org/t/p/w500/swunW3W1AYRGKkVqF3J0YTmtP03.jpg,
3674d2abf431047a7fe3bbb1cb55551edf05a578786b799ad40bc9a75b0a0002,491669,Lost In The Middle,2017-10-09,2017,17,Lançado,"Steven and Abdel, two young Belgians, leave for Syria. One as a journalist, the other as a fighter. Yet they have more in common than you might think.",https://image.tmdb.org/t/p/w500/kbchSD5tTzxiGjcdfn0FuE9ZV1K.jpg,
a58de93a2659a8b578aa34b1fe9240378b304e3ed6ed17bbeb9ecd308cf54c9e,492152,Craving,2018-03-15,2018,95,Lançado,"Coco has no idea what to do with her life until she discovers her mother is terminally ill. She wholeheartedly embraces this new purpose in life and moves in with her mother to take care of her, ignoring their distant relationship, as well as her mother's desire to die alone.",https://image.tmdb.org/t/p/w500/m2KJqCbVlhxW0pJCw8I6J5cqALe.jpg,https://image.tmdb.org/t/p/w1280/umr6TV3wzYjdAPTveQHpvB1Ymyc.jpg
e3d8e5dbd542c8b039986e53028bee97e259705533a7de6f107b48c090b11055,492304,Made Guys,2016-12-11,2016,0,Lançado,Sem descrição,https://image.tmdb.org/t/p/w500/4VTeDxr8yd0qktT7zq0ujD014Ep.jpg,https://image.tmdb.org/t/p/w1280/bzHcrkpct1zDY5jvxkb4lIh5T1q.jpg
ad062325689af4d6a2a7b41031643a0515eb5baadfea5c49f19cb148463c7e40,492419,Maniyaar Kudumbam,2018-04-13,2018,128,Lançado,"A father and son, who hail from a respectable family, borrow huge sum from villagers to start a business. They face the wrath of villagers when they lose the money",https://image.tmdb.org/t/p/w500/hpzqDs7MY3yzKe0erd7G0N103pw.jpg,https://image.tmdb.org/t/p/w1280/x5zURNtWAIgVL4V6CIcNq3iQlp6.jpg
4ab770fc9b88de049dfc16ffd4e290e8a78a602db36b1a64d95e188ed8dbfcef,492621,The Midnight Man,2016-09-30,2016,95,Lançado,"A girl and her friends find a game in the attic that summons a creature known as The Midnight Man, who uses their worst fears against them.",https://image.tmdb.org/t/p/w500/gtrxCwIvpb70NR9RECkt8dPrTJd.jpg,https://image.tmdb.org/t/p/w1280/1i1XwuVcgjoydpTiDoFhLBiqU0Q.jpg
c4f85c39f46538daa1c2373730aa65f3d7ce6036c3642e7b789c8588553e1ca9,493282,Christmas Time,2017-12-02,2017,91,Lançado,Two estranged brothers try to reconnect at Christmas but there's something that one of them can't get past...the other thinks he's a time traveler.,https://image.tmdb.org/t/p/w500/7wrZObxDO54wPNl3ZsLDId4xCbx.jpg,https://image.tmdb.org/t/p/w1280/dDUsreDERASgJTffQ50PTq9fcAO.jpg
90867e01f48163e92e3b73406dfc6ed00fd9cc24c46a479a5e9cb015b31003c3,493355,F.c. De Kampioenen 3: Kampioenen Forever,2017-12-20,2017,105,Lançado,Sem descrição,https://image.tmdb.org/t/p/w500/qHfyAilTJWG6SwSKEKt7JAi3zTH.jpg,https://image.tmdb.org/t/p/w1280/zVrVJZsMi1HWrSkqbJAVu1YRcfA.jpg
3d3eeae83e6f557fd8f87cbc5b3a64952ddea70af7b3f1815499ad93f1c7fc27,494403,Boys,2016-10-28,2016,14,Lançado,"At a summer sleepover, two best friends realize they may be connected by more than just friendship.",https://image.tmdb.org/t/p/w500/8TB0Bl08cAwgJerey47nFVyMyjC.jpg,https://image.tmdb.org/t/p/w1280/cuP75rLOEPU9oVBM80vexd3wIay.jpg
ad5e56062a69465d1b25bed21c398de426ac03edb9dfadca02fbc1f6ac1c18cb,495271,3 Days In Quiberon,2018-04-12,2018,115,Lançado,"1981, Quiberon, a small village on the coast of Brittany, France. Hilde Fritsch arrives to visit her old friend who has retreated to a spa hotel to escape the daily pressures of her life. Her friend is world-famous star Romy Schneider, but together, they appear like two regular women who are just happy to be reunited. Yet it quickly becomes apparent that Hilde is supposed to offer the support the sensitive actress needs to be able to truly face her own demons.",https://image.tmdb.org/t/p/w500/rdISIv98O0OHAQIFpIphMgPvyh2.jpg,https://image.tmdb.org/t/p/w1280/7GL4M0fPLtdq27sfXhzpTw7j9F6.jpg
881d85f0ff5dcaf964e34c02b92bd2ffb307031e1e1018117dd1695f7872f1ee,495776,The Wrong Nanny,2017-07-01,2017,90,Lançado,"Stella Armstrong hires Blake, a seemingly perfect nanny, to help with her twin baby boys, only to discover that the young woman is the daughter she gave up for adoption at birth - an act Blake wants to avenge by destroying Stella's life and family.",https://image.tmdb.org/t/p/w500/1oFZbYWK9KLiKWL7E8eFURVKIDQ.jpg,https://image.tmdb.org/t/p/w1280/mn1wtrPYzxeWiTgMEeAxx7ckqSP.jpg
6f28ea4b4f96f1b7eb1be2c7fc8ce984824f7df341514fd7dafbfc5b1fc29f31,495817,Illusions Of Control,2019-04-28,2019,87,Lançado,Follows stories of people who are creating new relationships with landscapes that have been disrupted by human activity in vastly different parts of the world,https://image.tmdb.org/t/p/w500/kZz91rsOHbyYrTMbbkouFy6Z1Gw.jpg,
bc61540720f094b4e9123d9afdc6a11cb8c40209d2df48617b2861b91abd661b,495890,Street Lights,2018-01-26,2018,129,Lançado,"The story of Street Lights is based on the life of a Crime Branch police officer, James, who in his pursuit to solve a certain mystery, crosses path with several people and encounters various thrilling events. Will James succeed or fail in his mission and how will he react to the outcome, forms the crux.",https://image.tmdb.org/t/p/w500/vL5VVz0NGnLWV5MzhTV86dVKaJw.jpg,https://image.tmdb.org/t/p/w1280/sZExPrCdCIpdQFx7PKHowAj1hf9.jpg
36a5a028652dfd98a6c3bf3e4e6191316d11e744410e935bbc9b59741f83ae91,496311,Viking Siege,2017-12-26,2017,0,Lançado,"During a wild night of debauchery, a gang of vengeful women plot to massacre a monastery full of corrupt monks who sold their loved ones as slaves. Their plan comes unstuck when a gang of marauding Vikings arrive with an army of vicious, tree-like demons on their tail..",https://image.tmdb.org/t/p/w500/gc9OwXheYzQbUTG3oe9WHCXrzSm.jpg,https://image.tmdb.org/t/p/w1280/wBrBxi7FoRk6MaaHweVsuxmcIaE.jpg
c969dd60d7d03c1af9722e300889fa6a7a8efe99581c5e2fe535808ab050884f,497309,Mont Saint-michel: The Enigmatic Labyrinth,2017-12-24,2017,88,Lançado,"Over the centuries, Mont Saint-Michel, an extraordinary island located in the delta of the Couesnon River, in Normandy, France, a place floating between the sea and the sky, has been a sanctuary, an abbey, a fortress and a prison. But how was this architectural wonder built?",https://image.tmdb.org/t/p/w500/5QNBNxalozDYX98AkNoqopVTwwK.jpg,https://image.tmdb.org/t/p/w1280/mRyPTMibaX9bHf7pbmKS5yCOpcX.jpg
5cb2b505dd6fc3d7210ff5f190d17708536730173a8ece3aa849b0be6dea40a4,497698,Black Widow,2021-07-07,2021,134,Lançado,"Natasha Romanoff, also known as Black Widow, confronts the darker parts of her ledger when a dangerous conspiracy with ties to her past arises. Pursued by a force that will stop at nothing to bring her down, Natasha must deal with her history as a spy and the broken relationships left in her wake long before she became an Avenger.",https://image.tmdb.org/t/p/w500/kwB7d51AIcyzPOBOHLCEZJkmPhQ.jpg,https://image.tmdb.org/t/p/w1280/keIxh0wPr2Ymj0Btjh4gW7JJ89e.jpg
a2cddc48fc8d3199565660c1dc4c73eaac993fc77b2bf804ddc9e179db8966af,497861,Gwendolyn,2017-12-01,2017,85,Lançado,"Gwendolyn is facing a year full of changes. Having left Austria for England in the 70s, she recently moved from her old house in Central London to a new high-rise building without her Ivorian husband Charlie, 20 years her junior, who wants to live on his own. A much bigger challenge though is her soon to come third salivary gland cancer surgery. Her body is weakened, part of her face currently paralysed, the situation is serious. But rather than engage in the prescribed rest, she defends herself against illness and aging and wants to become world champion once more. With her loyal trainer Pat, she prepares for the upcoming weightlifting season.",https://image.tmdb.org/t/p/w500/sR6mwwYkzOZkwl0hmpD2heDIVR.jpg,
1e29d15f24c8ef6fd854be40b4833907d240be5e412590948d8b91b3a7bb489c,497893,Forever Holiday In Bali,2018-01-11,2018,93,Lançado,A K-Pop artist meets a local girl in Bali. Problems arise when they started to be in love with one another.,https://image.tmdb.org/t/p/w500/1OU7e6s5mncudlnT1KvaRQvrTBC.jpg,https://image.tmdb.org/t/p/w1280/osVfU1H1BwfeT1XN1BsLxAaEYAP.jpg
7b166ce8de7beb4264d7102f85554cffef10e7ef8ae826a8a52d9833e125db1d,498093,God Is Alive,2017-12-18,2017,65,Lançado,"Did we come from the mind of a creator or from nothing? Many create concepts of what God actually means and believe it to be the one defined by Christians, Jews or Muslims. It's a simple question of faith.",https://image.tmdb.org/t/p/w500/tiiqlabekFweO4Sz721kig8HbAF.jpg,
a9042d81b5a132b7500431cf6e342ef73a09c786bb43189c07974f1266e60f35,498210,Taxing Love,2018-01-26,2018,101,Lançado,Sem descrição,https://image.tmdb.org/t/p/w500/13ZudWSbD709ZsBDqFoLWptggyo.jpg,https://image.tmdb.org/t/p/w1280/gvw7vLWnF3bW6dZ2i58N35il151.jpg
9268f15781bd79fa171a6488c26394715f02f69abf63a7bec9e4f0802a6ee9e1,498255,Resimdeki Sevgili,2016-01-09,2016,0,Lançado,Sem descrição,https://image.tmdb.org/t/p/w500/1H8Mp6EyQPWn5Orupl74d4i4a1d.jpg,https://image.tmdb.org/t/p/w1280/u0TQ4xPjuYrzWjXlMcT2JaBhrPn.jpg
5213e71489b4194ea1c94e22e807295e6ad888fac4dfe08862fd8b39eba93cf6,498324,Yo! My Saint,2018-01-11,2018,9,Lançado,"The muses are heard. YO! MY SAINT is a three-pronged artistic endeavor incorporating music, film, and fashion. It’s not just a song, or a film, or clothes. It’s a project, and the culmination of creativity erupting from KENZO’s Spring/Summer 2018 collection. Linking them altogether is the underlying theme of muses – honoring, celebrating, and re-imagining the instigators and inspirations of creativity.",https://image.tmdb.org/t/p/w500/j72fM6fY9gPmoYQA96dCKKs1ZTl.jpg,https://image.tmdb.org/t/p/w1280/pjwzt3Z29uQGb3lfbnqHAKdYjuk.jpg
af16918a30e12e938971e1de573c98af6a6acdf76696b35f03e19a42705dc158,498797,Dream Nightmare,2016-03-02,2016,75,Lançado,"A Manny Velazquez Psychological Thriller about a young detective finds a handcrafted Indian sculpture in an alley, and takes it home with him, but he soon realizes that the sculpture is bringing his worst fears to life.",https://image.tmdb.org/t/p/w500/4UdEp4xJnFR9rVyPxEYNPPvl2u1.jpg,
68b0421d0ae477cfda6e36a625668728637dc014e70f5dae099d8ec0583bdef9,498885,First Comes Like,2016-04-30,2016,82,Lançado,"After they both swipe right, Jeff and Kate start to build a personal relationship through the most impersonal of ways: technology. From flirty texting to their first Skype date, they find themselves drawn to each other but are scared of actually making the choice to meet in person. Because in today's dating scene, first comes like and then comes, should we meet?",https://image.tmdb.org/t/p/w500/gJZQHUp5OFSJ061SWTspJBcQOpq.jpg,
2f8845917995fe79de11264f9e389d5cf5236830a6b80cf88da53498a93c208d,499113,The Exiled,2018-12-12,2018,95,Lançado,"Marcelo Novais Teles, a young Brazilian, arrives in Paris to become an actor. But he is caught up in a very intense love as well as professional life; that's when he choses to film everything as time progresses. Dinner, parties, rehearsals, friendly and family meetings, falsely profound conversations, trips to Europe, etc. THE EXILED is the magnificently happy montage of these sequences, home movie of an obvious and chronic happiness, where the insolence of youth and its beauty are displayed. There are many well-known faces of actors who have become famous since then, which adds to the charm continuously lavished by these innocent images. Self-portrait in the form of a generational portrait, where the love of art crosses the art of living, the exile here is in the land of happiness.",https://image.tmdb.org/t/p/w500/u9vt59sZhwj8vxhhCF1gkBvbmYu.jpg,https://image.tmdb.org/t/p/w1280/gxqxufVpBwISb5CyoRN8oKRA2lW.jpg
fe5f60138407eccc68a6b084ded2382f505dd6e31511e655703891002c17b64f,499266,Teufelsmoor,2018-01-17,2018,88,Lançado,After the death of her father Georg Inga Hauck drives together with her son Max in their home village. In her old home she meets Anna Kertesz. Inga's parents had taken Anna 28 years ago after her adult brother Zoltan mysteriously disappeared. Since the same day also Ingas was missing then six-year-old brother Magnus. Inga is being overtaken by her past in her parents' house. Soon her nerves are bare. And every day her memories come back.,https://image.tmdb.org/t/p/w500/6GhSreWzGacZFnuuGNhxE2Gfo0V.jpg,
8363dc80642f95b8d71268c5fc75296d4cdd3b7f358aca1d5f6860734f59129a,499474,Poisonous Roses,2018-11-30,2018,70,Lançado,"Set in the confines of an impoverished Cairo neighborhood, a community's everyday life is threatened by the ruthless rhythms of Tanneries, rotary driers crushing animal skin, hazards of poisonous waste water, Tahyea desperately clings to her brother, Saqr, whose only dream is to escape.",https://image.tmdb.org/t/p/w500/1niYVyD7dzDvowkxtnYn0jsgTfp.jpg,https://image.tmdb.org/t/p/w1280/4TDgLzoCIi2Q7EAI60ODNWy8SLB.jpg
5c2d8b159748c2d7e14e598d2aeeafa97ac7bf74681ff47bc0165c9b88cc5bba,499531,Apatride,2018-02-17,2018,88,Lançado,Sem descrição,https://image.tmdb.org/t/p/w500/jHRHxLoMo8vVEoLRbfBMgxpW8NJ.jpg,https://image.tmdb.org/t/p/w1280/drCGYgacllQaJgX1XePtnH9svkv.jpg
ed61f3551b4cb16d8ab6ddee9efae50738121dc49f92a0d8d90a49cf3e3a3e13,499628,Between Relating And Use,2018-01-27,2018,9,Lançado,"Borrowing words from Laura Mark's 'Transnational Object' and DW Winnicott's 'Transitional Object', all carefully etched into the 16mm film surface, Nazli Dinçel's latest work Between Relating and Use is an attempt to work ethically in a foreign land. Transitioning from assuming the position of an ethnographer, we turn and explore inwards – on how we use our lovers.",https://image.tmdb.org/t/p/w500/sCJ045OWAJMm4gsDEUZNH7UrTZ3.jpg,https://image.tmdb.org/t/p/w1280/xU7UfDPtilY4XneMDlIJALtAY09.jpg
903faaa6087748a01cd738fe2c0c7d4453e1232e10a0f6d01ecf4d6a33728a88,499865,An Impossibly Small Object,2018-04-27,2018,100,Lançado,Sem descrição,https://image.tmdb.org/t/p/w500/a0dSzFEDJEeQwK8QNl7dyOOUEXn.jpg,
10631c73d2539600daa2268da5efeb4a321ebe13baa14fe475ec7226314a150a,500793,Genesis,2018-04-12,2018,120,Lançado,The three stories within Genesis explore the notion of family: a woman in her late thirties rediscovers the faith she lost as a child; a mother goes to extreme lengths to ensure that her daughter is saved from the fate she was forced to endure; a Roma boy’s family are killed and the perfect world of his childhood is destroyed.,https://image.tmdb.org/t/p/w500/6y3igZNTP6OuMamt68EHgh2g5eZ.jpg,https://image.tmdb.org/t/p/w1280/sxuiImUzX3LKmdY6HCNYkczPWrw.jpg
26048c83e90c6dc4c1a36e5d9b2e1e56d201cbcfb28973871a5652f1ed9c8e89,500803,Jibril,2019-05-09,2019,83,Lançado,"The love story between Maryam and Gabriel starts by coincidence but feels like a match made in heaven. It also marks an emotional tide change in Maryam´s life in Berlin as a single mom of three daughters. Only one crucial thing stands between her, Gabriel and a “happily ever after” – prison bars. Nevertheless, the love Maryam feels empowers her not only to live in the moment, but to be true to herself when Gabriel suddenly starts to show a different side to his character.",https://image.tmdb.org/t/p/w500/13VTSyqIr2y9uPsVzpkHH97KCGz.jpg,
cb596f55198fbefae3e6f6b72c4f460723be4c0a7fc44d2dc988411847baaee9,500851,The Silk And The Flame,2018-02-19,2018,87,Lançado,"Capturing life of a family with a disabled father and deaf mother in a Chinese village during the lunar New Year. Yao, a successful businessman in Beijing, left home young. Now middle-aged, he returns to face demons from the past and fulfill his parent's dying wish to settle down and complete the family.",https://image.tmdb.org/t/p/w500/yUTOE3vOXLVHKHxY1YR0V2GgXtz.jpg,
98428d7c46526f56be656fa3930f589fb60d46ab95898bc21eb2b17342e6e3e9,501075,Kiss & Spell,2017-08-25,2017,0,Lançado,"When a ghost-fearing magician falls for his staffer, who happens to be haunted by her dead best friend, he must face his fears while convincing her he'd make an excellent boyfriend.",https://image.tmdb.org/t/p/w500/uiFHyd1tPYDjfr9HI9lckxse4Mp.jpg,https://image.tmdb.org/t/p/w1280/dysPYmUiHQDAByurQI7aT7sOjHu.jpg
92162831c907c84165e0b0101d92158ba208c3ab3f89e3408d4b1a72bba043a0,501236,The Goodiepal Equation,2017-09-22,2017,70,Lançado,"The Goodiepal Equation is the first feature documentary directed by Sami Sänpäkkilä and produced by Moderni Kanuuna. It follows the life of the hacker, renaissance man, futurist, hustler, philanthropist, Rudolph Steiner dropout, programmer and art collector Goodiepal.  Meet the man for the new millennium!",https://image.tmdb.org/t/p/w500/3JMPVc6Ttsd9eSTqQLMdLBHzQDG.jpg,
2d3be6d71336eb590d174b7e2526c96908113c85b1eca351a33b8710e7c53ce5,501924,Crazy All These Years,2017-06-01,2017,106,Lançado,"Worn out from his life in New York, Ben returns home to take care of his dying mother, only to rediscover the reasons he left. Picking up their contentious relationship, Ben tries to muddle through his mother’s every day demands as well as the unresolved feelings he left behind. His only solace comes from the rekindled relationships with his neighbor Lori and her hunky brother Joe, who has since turned straight after Ben broke his heart. Can Ben mend these wounds and return to his old life? Or will he leave again, this time for good?",https://image.tmdb.org/t/p/w500/tIBiyFiZ1jYUDMqLiLghwIuwneG.jpg,https://image.tmdb.org/t/p/w1280/mdlsUjmLfKFCbmIluA7bleleFGa.jpg
0708254af0bc352e7a7fb8737e2a9a9eccc9906d08b07f554087f5b641988648,501942,"Goodnight, Gracie",2017-10-08,2017,4,Lançado,"A devout child is awoken by her mother's scream, and after investigating realizes she must fight to escape the same fate.",https://image.tmdb.org/t/p/w500/zUJXsG75NL7wqGPR1VUKPp05p6s.jpg,https://image.tmdb.org/t/p/w1280/wQPEVKk7S52X5nDSh3Vf0XcNsJf.jpg
8bd739b057ef220b8be238cd7a4e1c14a4c59d4ee4d0003a0e71da2228df7e6c,502130,The Gospel Of Eureka,2018-03-11,2018,75,Lançado,"Faith, love and civil rights collide on voting day in a small Southern town that hosts a famous performance of the last days of Christ and an infamous gospel drag show.",https://image.tmdb.org/t/p/w500/f1PVzlhKGjdSDxQJ9BZhoXRCzeH.jpg,https://image.tmdb.org/t/p/w1280/8HLhEYKxtNO58WYCRhsh1Ip3Hnh.jpg
1b3ef259b646862e462d909ec0b233101ef64c98a2cfea711fee1be10ab95215,502800,Crisis Hotline,2019-06-11,2019,92,Lançado,A cynical counselor at a crisis hotline finds himself in a life or death situation when a young man calls and threatens to kill three people and then himself.,https://image.tmdb.org/t/p/w500/AkyTEsEwe2W8iPfxJD1TcJTHCDx.jpg,https://image.tmdb.org/t/p/w1280/uDxY54vE0r2U3LZWnR6RcJE15LY.jpg
d769e0ca9d6d4b7115d0d1e414e1dbc5dd8c37f10a54f2d4732aaec005722ed7,503403,My Perfect Romance,2018-02-14,2018,91,Lançado,"Newly appointed CEO of Robinson Tech, Wes Robinson, is looking for new ideas to boost the company's sales. Vivian Blair, a program developer, shares a dating algorithm she has been working on called My Perfect Match. Wes sees potential and an opportunity to turn the company around and launches the service. When the pair is challenged to use My Perfect Match themselves to find love, this algorithm shows some interesting results.",https://image.tmdb.org/t/p/w500/o3v4J05QKJa2S62YL6zFgHpl9px.jpg,https://image.tmdb.org/t/p/w1280/zlsDXydQTu0UomPThFbHdWvfcyK.jpg
520be131d1695695c6fbd9a1841432c81908dc92ffee9035fe08964508daa98a,503617,Travessia,2017-09-07,2017,5,Lançado,"Utilizing a poetic language, Travessias born from the search of photographic memory of black families and  it takes a critical and affirmative position in the face of the almost complete absence and stigmatization of the representation of black people.",https://image.tmdb.org/t/p/w500/lYx2X8WvrY8aYbgoOPZRk1ePEQq.jpg,https://image.tmdb.org/t/p/w1280/n2rrdRiqakDTgrev8eyaxTlLwhX.jpg
297e41e4239b9468bc1d352c77507721fa07cfc0c5b9d2e5e4c805e775104898,503748,Bostofrio,2018-11-29,2018,69,Lançado,"In a remote village called Bostofrio, a young filmmaker breaks the law of silence in order to unearth the story of his grandfather. A series of awkward and funny interviews that reveal the secrets and half truths that are the fabric of rural Portugal.",https://image.tmdb.org/t/p/w500/dJKiGBuybdtsRw83Q0cSVzoJ6uo.jpg,https://image.tmdb.org/t/p/w1280/vMK6k5mISBgEuHAKrGLDykWvyqW.jpg
054b1d1808c1398cfeed8c35015f20845b9779fbf243720150ddd74298adaacf,503758,Most Likely To Murder,2018-03-12,2018,99,Lançado,"Billy, the coolest kid in high school, comes back to his hometown 15 years later to find he’s no longer cool and the girl he still has feelings for now dates the former town outcast. Billy becomes obsessed with proving the outcast is a murderer.",https://image.tmdb.org/t/p/w500/uozkm1AvcEo8ZKU3UKam06YWmbc.jpg,https://image.tmdb.org/t/p/w1280/h858Q0sJwIyePN5p4AgIlN052wF.jpg
0a63368ed63ea1968b554bc4096c348195766ecd9135c66b939f92cbcc6a7114,504251,Celebrity Crush,2019-07-21,2019,78,Lançado,"When the B horror movie CHAIN-FACE CLOWN was released in 1985, no one knew the film would one day become a classic, heralded as a cinematic tour de force - Well, at least by a select group of horror movie fans. The film's biggest fan, 29 year-old EMILY LYNESSA always knew she was going to meet and fall in love with JONATHAN BLAKLEE, mid 40s, the star of CHAIN-FACE CLOWN. For Emily, Jonathan is the perfect soulmate; no other male compares to him. She has idolized him and the film ever since she can remember. Emily has collection of CHAIN-FACE CLOWN memorabilia that would impress even the most ardent fan. But, there is one item she has yet to attain - The real life, breathing Jonathan Blaklee.",https://image.tmdb.org/t/p/w500/uPv48vcInlqXN6GkgL67YFku2oV.jpg,
da03dbe250a3cdc4b14112866488bd51ae09e296fe49d89bc3ef526288cccfd1,504376,Sweetheart,2016-02-12,2016,147,Lançado,"Bilina and Richard belongs to traditional Christian family. Growing up together, Bilina and Richard gets accustomed to each other's accompany. During teenage years, Richard go abroad for higher studies. While Richard is away, Bilina gets to know Jisan, who belongs to a Muslim family. As the time passes, their friendship turns to love. However,In the mean time, Richard returns to Bilina and proposes to her, and Bilina accepts due to immense pressure from community and family. Unknown about the feelings Bilina have for Jisan, Richard marries her and soon after, their married life turns complex. Jisan, heartbroken by the treachery of Bilina, thinks that Bilina left him because of Richard's wealth, and vows to build an empire of wealth. As the film turns complex, the story of the film revolves around the love triangle between three individuals, whose love turns to utmost hate.",https://image.tmdb.org/t/p/w500/8aWYu3u4qTj0WpBSCVf5vJvAqqc.jpg,
f0c7e40a229a48f6ef5f149b802ec95d0484e50ea543cec194eef33fc039b945,504398,The Haunted Hotel,2021-04-02,2021,95,Lançado,"A compendium of eight ghost stories, all set within an abandoned hotel in Suffolk.",https://image.tmdb.org/t/p/w500/rtQnew9MbwUb1hmF2E65j5LJdkL.jpg,https://image.tmdb.org/t/p/w1280/g4yQELlsWKv1kuSqvwJOiSQr1bv.jpg
cdf763c072d752b02dd2143b410fbbc1e9fb0d1d1dae5c065874b5067d5cab42,504409,Naadodigal 2,2020-02-01,2020,136,Lançado,Sem descrição,https://image.tmdb.org/t/p/w500/p3iByvyUIy9OummBT3hxaOPRIou.jpg,https://image.tmdb.org/t/p/w1280/wi5ZL5U4BiwrT2oo5kHqiHvGWVp.jpg
92c3f196942bc422801b82b55714bd8d717cdeafb31d8483ebbe8ba10c0fbc83,504468,Mamie,2016-02-10,2016,6,Lançado,Mamie is a Canadian-French short animated film by Janice Nadeau.,https://image.tmdb.org/t/p/w500/3Qa9uTH6n04LVJ9tPOO3GcEBaT4.jpg,https://image.tmdb.org/t/p/w1280/wr0Y5PWfnVhxXFAzlAWEOseiMgw.jpg
7b21be7b344e9c6938e5dd90b731a9cacf968fc5e27ae1dee3b4fa8aa92e9ff1,504551,The Lost Strait,2018-08-08,2018,93,Lançado,The resistance of Ammar battalion in Abughoraib strait at the last days of Iran-Iraq war.,https://image.tmdb.org/t/p/w500/xkxsxYT54WLv2cGiKCOX8B3wnst.jpg,https://image.tmdb.org/t/p/w1280/dPSwhzlNZnx4IQrthXwv0n3MwHb.jpg
60eb285458cad473637552daa1f49f9a642bc7a36ea032e067f8d37b6a67bf7f,505054,Virgin Cheerleaders In Chains,2018-08-09,2018,94,Lançado,Sem descrição,https://image.tmdb.org/t/p/w500/jviJFIFJjaAs8V6jV35MDIq7JqV.jpg,https://image.tmdb.org/t/p/w1280/joc7CVVoRjxvlEWTC0PwpoY2Utt.jpg
22b6c181759922cba0d9757eb8db8dc8b6daf49917ffae4e7cbe65d83a20578f,505179,Between Land And Sea: A Year In The Life Of An Atlantic Surf Town,2018-08-09,2018,87,Lançado,"Against the backdrop of Ireland’s stunning west coast, this film digs deep into the day to day lives of the surf community, taking the audience beyond the bluster of the typical adrenaline fueled film to create a very real portrait of those who choose the surf lifestyle.",https://image.tmdb.org/t/p/w500/taOMe8GjsQPnlvDmLutK9xsORZ5.jpg,https://image.tmdb.org/t/p/w1280/7URnmCuiNZfNTJkRW6DcEsuWikf.jpg
4acbe5bb5d0ca83afe2dbb5fe5ebdbbd55043198b765a18ab2d5616f22509fc9,505618,Aliens Ate My Homework,2018-03-06,2018,90,Lançado,"When a tiny intergalactic starship crashes into the bedroom of middle-schooler Rod Allbright, he is enlisted by the extraterrestrial Galactic Patrol, a group of out-of-this-world lawmen, and must race to save the world from Total Planetary Disaster with his cousin Elspeth.",https://image.tmdb.org/t/p/w500/5SlQPLBhaB7EF3FlEgcjtMIZ7WK.jpg,https://image.tmdb.org/t/p/w1280/xrw2cxU6m1JFuDbbsVZs5TxXgKr.jpg
481aa762996522e4a866ed2022066333ee25f1ca3277884cf0edb19869b5d23c,505953,Storm Boy,2019-01-17,2019,99,Lançado,"Storm Boy lives a lonely life with his reclusive father on a desolate coastline, but when he forms a close bond with a pelican, Mr. Percival, his life takes a new and unexpected turn.",https://image.tmdb.org/t/p/w500/geQ8xR84vmv44NuYgjmhvHF5HNm.jpg,https://image.tmdb.org/t/p/w1280/2Oli8Jo72w4NjkHLOMy6EzkoYkU.jpg
60025dd72d0cdec659cd6c0919721e8d03943ec53d4c0953d4b0bcf567b2cd9f,506189,Once Upon A Date,2017-07-01,2017,90,Lançado,Sem descrição,https://image.tmdb.org/t/p/w500/mJxfJD97kTZ6E9oMo9u58Lvlg1h.jpg,https://image.tmdb.org/t/p/w1280/7xYDEz4H524DGTfy2Pv1DUaTYFK.jpg
a3602b6a4be4c1baebeed47b8462330b0a446a44a11fc553330ce51d280a8c8e,506583,The Lucky Specials,2017-02-28,2017,108,Lançado,"The Lucky Specials are a cover band in a dusty town in southern Africa. Mandla is a miner by day and plays lead guitar for The Lucky Specials by night. He dreams of making it big in the music industry. When tragedy strikes, the band, Mandla and their friend Nkanyiso struggle to hold everything together.",https://image.tmdb.org/t/p/w500/40gFC7PIQQprAFl0xCFod70NZwW.jpg,https://image.tmdb.org/t/p/w1280/d3HOmV6nKMOnEweoytgc6rmw9ec.jpg
effe9cafcefac490f0f1417c78033fb880db400ad4e8cbf4673ee9a8ecb000e1,507196,The Things You Think I'm Thinking,2017-09-17,2017,15,Lançado,A black male burn-survivor and amputee goes on a date with a regularly-abled man.,https://image.tmdb.org/t/p/w500/6UafBlRMiY4cQMBjKWzQrZA48xE.jpg,https://image.tmdb.org/t/p/w1280/jkvAxA6YH5k55uiSTOw6SJtkIvl.jpg
ae5ea8ae0d8524a154a9a8320506e1feecb9b4610792bc46aa156aa3c0a2648b,508013,Horizons,2018-02-26,2018,97,Lançado,"One big lie pulls ordinary rural family in a complicated and unnatural relationships that culminate with multiple murders, a tragedy that leaves immense consequences for the survivors.",https://image.tmdb.org/t/p/w500/dQvePSt5LqqWCGA9F8njdjAv655.jpg,
bca22b15426cc4673592fa05f6b4a4dd10db998ca56dff17a165de99087390f3,508433,Beware The Lake,2017-08-22,2017,90,Lançado,A dead high schooler rises from her watery grave to take revenge on the jealous cheerleaders who drugged and murdered her.,https://image.tmdb.org/t/p/w500/uf1Ml1IlgBjOn54uPmO0OCUUHV7.jpg,https://image.tmdb.org/t/p/w1280/j6Viurx7CtM4i5S1ZXvtf3omRNT.jpg
e04db1c968254c97fec83d403c936ace08f65637994bef88efd6d65678956302,508436,Bachelor Girls,2016-01-01,2016,60,Lançado,"Through intimate interviews, this documentary explores the stigma facing independent women who seek housing in modern Mumbai.",https://image.tmdb.org/t/p/w500/nG4pkGzyFqXF8vHkq68Hn1nuknw.jpg,https://image.tmdb.org/t/p/w1280/fzQVTOqV1YB0dxGOlGJeTKmdX2n.jpg
e9e01b992a18055065b08d36a90a08f5f605b0f5c643372a60b8e93ccaa5d94b,508631,Eat Me,2018-03-02,2018,95,Lançado,"Over the course of one torturous night, a suicidal woman and the violent home intruder that saved her life test the limits of human endurance and the boundaries of forgiveness.",https://image.tmdb.org/t/p/w500/ke01PoLUaGFQXSSCQcjDOS8LtQT.jpg,https://image.tmdb.org/t/p/w1280/2WIqfDR1Li9Et08kzzNnpFrsITl.jpg
ecc3d39a47f25a8b1df0c1e12dbf3e4720b844118a751b3576705448f62d8afd,508725,Allegretto,2017-07-17,2017,5,Lançado,"A housewife has an unexpected guest at night but things are not as they seem. This independent, uber low budget short mystery thriller with twists can also be seen from a feminist perspective about women issues in Turkey.",https://image.tmdb.org/t/p/w500/xFs8jGyGuuJ15nZCl8OcVSbrApy.jpg,
7d876bdabae380f9d0b61a75035e9363763f0e132dcdaf0e2c6ccb0ccc1b9d18,509353,Samurai Castle,2017-06-15,2017,0,Lançado,"The Kumamoto Castle from the 17th century was heavily damaged by a series of powerful earthquakes, but the oldest sections of stonewalls miraculously survived and avoided major damage, while newer walls all collapsed. A 3D model created from 4K drone shots unveils the wisdom of samurai warriors.",https://image.tmdb.org/t/p/w500/nMQvE3mEEZ8KzjMsrGIBe1RUwVl.jpg,
61623278b7f38f163210ebeff2a42d30b59892996cfc9c59b0b233bc81c64009,510242,Psycho-pass: Sinners Of The System - Case.1 Crime And Punishment,2019-01-25,2019,60,Lançado,"In the winter of 2117, a runaway vehicle crashes into the Public Safety Bureau Building. The driver is identified as Izumi Yasaka, a psychological counselor at the Sanctuary, a Latent Criminal Isolation Facility in Aomori Prefecture. But right before her interrogation, Inspector Mika Shimotsuki and Enforcer Nobuchika Ginoza are tasked with promptly escorting Yasaka back to Aomori. What awaits them there is a False Paradise.",https://image.tmdb.org/t/p/w500/fLOIjlLr9yYfjxwmpRmyssVernW.jpg,https://image.tmdb.org/t/p/w1280/pieDnLArEw43kZxYejn3XbrNZdg.jpg
265a8f1371438d232fc754c5402ada6e346b301f8c3d0f1e6f38ceabe63c5e94,510708,The Record Is Equal To The Document,2017-11-22,2017,90,Lançado,Kiarash and Maral take turn robbing some stolen money off each other until they face the inevitable consequence.,https://image.tmdb.org/t/p/w500/nIqwfFanTxhq62NqtkQX5guGYes.jpg,
019d906c8457e835665110ab30619443eb5857a511cf823a15236172b312a6ea,510714,The Director And The Jedi,2018-03-12,2018,95,Lançado,An intimate documentary delving into Rian Johnson's process as he comes in as a director new to the Star Wars universe.,https://image.tmdb.org/t/p/w500/kc19s3pN3gxEcOSM6H20rFlRODo.jpg,https://image.tmdb.org/t/p/w1280/89GDvaEtKREETMU1ENQgXIWYrVH.jpg
84b30654c2ff7555779b3891463c442e090d7777e75f7bedae3236d46244a899,510839,Island,2018-09-14,2018,90,Lançado,"A haunting, deeply moving documentary set among terminally ill cancer patients. The titular island of Steven Eastwood’s feature documentary is the Isle of Wight, where the filmmaker befriended a handful of individuals facing a terminal cancer diagnosis. Following them as they approach the end – through hospital appointments, time with family – this is a stark portrait, acutely attuned to the consoling rituals and stark realities of the dying process. Combining observational footage of his subjects with contemplative shots of the surrounding coastal landscapes through the changing seasons, this deeply felt meditation on the passage from life to death is imbued with an unsensational matter-of-factness and resonant lyricism. A necessarily harrowing film, revealing through scenes of unblinking duration the final stages of the disease’s progress on its sufferers, The Island is also a film of enormous delicacy, made in a spirit of tender respect for every one of the people involved.",https://image.tmdb.org/t/p/w500/rNT4LVTzixKNVCAIYUCO11pEEcn.jpg,https://image.tmdb.org/t/p/w1280/6R3yZ3gASWM5WiyVqMGGCu5MCzC.jpg
0a540541620e6aabac8e7fd2c417747134d629c9df7637be9545d6abb6163267,511268,The Last Fitness Instructor,2016-12-31,2016,75,Lançado,A vigilante fitness instructor investigates an explosion to save the world from IQ level loss.,https://image.tmdb.org/t/p/w500/wNqXiKzBSqrctHt9BXn0HqCz3YZ.jpg,
834ff3156ca20a69feb2540cb185cd61a05ee1b71d33a02c7ee6bfa9705b13c5,511286,Living With Giants,2016-05-04,2016,0,Lançado,"Living with Giants delves into the imaginative world of Paulusie Kasudluak, a young Inuk facing responsibilities as he transitions into adulthood. The film portrays his thoughts, his dreams, and his beliefs, and allows for an intimate immersion into his life. Paulusie is a caring son to his ailing father and a good boyfriend. But what begins as the story of an innocent teenager quickly becomes the struggle of a young man coping with the guilt of having made a huge mistake. Tragically, Paulusie takes the most dramatic decision and takes his own life. Living with Giants remains a poetic journey of resilience that echoes issues that are far greater than Paulusie's personal story.",https://image.tmdb.org/t/p/w500/aMfYg4w95fYBdSbKgwsA2zkxZfD.jpg,
12a5ddf2a74876b3bfd4f069df46ce1a1ed74ab297c15d0ef76cd15a5d03eaf0,511414,The Best Day Of My Life,2018-03-16,2018,110,Lançado,Sem descrição,https://image.tmdb.org/t/p/w500/yWsoGntM153hlEkje3FrXSKXvUx.jpg,https://image.tmdb.org/t/p/w1280/riP89SQ5Bt4nmsL8o4EIiyk7Q6X.jpg
14ac85a5baa447feee0040afbd627653997997fd7bba735afbbc25c255ac3feb,511673,It's Not Just Me,2017-04-29,2017,60,Lançado,"This film explores the lives of four Australian transgender men. We meet two of them on the first day of their gender transition as they begin their hormone treatments. The film explores the various aspects of gender transition, including the 'transitions' that those around them have to make as well. Bathrooms, relationships, family and employment are all explored and the stories are told in different creative narrative ways such as; ethnographic and 'fly on the wall' as well as 'question and answer'.",https://image.tmdb.org/t/p/w500/r5uoyPBADlhH6aDH40Sd9dhrsHY.jpg,
d3101a67b3e38514124c271e63e7df14e031945ba2f6bfb5042d50b387449508,512112,Yesterday Went With Yesterday,2018-03-16,2018,90,Lançado,"Roots, long lost, are found; family, separated by civil strife, is reunited; a man learns to trust by facing his worst memories.",https://image.tmdb.org/t/p/w500/xeZqbDhZs0x7fMhpVhTazVea5UR.jpg,
366d19ee4205caf629b07ef5cad3d8a9f84f2572bb5fe268ed9b7ac1f7b88a67,512314,The Birth Reborn 2,2018-05-10,2018,91,Lançado,"Featuring experts in their fields and raw and moving footage, this documentary makes a case for increased autonomy in women's choices for childbirth.",https://image.tmdb.org/t/p/w500/gQW5rAFQlAjljH4xsWPdVzuBACw.jpg,
f1763a2f9e47071b002bd7606a5616519deb0b28b228e16662e0bdc578d47f5b,512470,Rsc Live: Macbeth,2018-04-11,2018,123,Lançado,Sem descrição,https://image.tmdb.org/t/p/w500/2I9IGo57zSzo4fU1TSYFEDYcAKa.jpg,https://image.tmdb.org/t/p/w1280/yXoJcISlfxERvnt6o0pq6jlrg6g.jpg
6d475c37d74081b5e5c1c240f06f0c93d2fcd72f07b0cb384d6b5814894cf6dc,513230,Lucid,2018-06-20,2018,86,Lançado,"Zel, a lonely young man's life changes when his enigmatic neighbour offers to help him overcome social anxiety.",https://image.tmdb.org/t/p/w500/bwveRoikZTIDGWihyCJyGn4uqT1.jpg,https://image.tmdb.org/t/p/w1280/a7nOUBVLCCFO1uKRLqZkGkn0DVC.jpg
f8a336676512d2fdac857a7c4fd40d05d83008680000ef3c3bd8b08f9d887590,513360,Matti And Sami And The Three Biggest Mistakes In The Universe,2018-04-19,2018,94,Lançado,"Matti is 11 years old and dreams of a family vacation in his father’s native country, Finland. He manages to get what he wants by telling a whopping lie. But once they get there, Matti, his younger brother Sami and his parents find themselves without a place to stay, no money and no car in the middle of Finnish wilderness. Only a miracle can save them – or Uncle Jussi, who has been struggling to compete with Matti’s father his whole life. This movie based on Salah Naoura’s award-winning children book offers entertainment for people of all ages.",https://image.tmdb.org/t/p/w500/iMENCdqKMuLQhRxluVo5rzOHLF7.jpg,https://image.tmdb.org/t/p/w1280/aFsg79lcGc4qAao8HBsFllayIRq.jpg
f2d1c98109ba324c693befb9759d920699a61ac922db3eb8e9a783b2a3884522,514207,Invasion,2020-01-01,2020,129,Lançado,"Two years after the fall of the alien ship, the life of a young woman from Moscow has been changed forever. Her growing powers are now at the focus of both human and celestial investigation: an alien force takes an interest in her, and will stop short of nothing, including an invasion. Can love and compassion save humanity, when faced with a much greater and more demanding test this time?",https://image.tmdb.org/t/p/w500/dqKqzcdhtJwOhjqe89RTURqILtl.jpg,https://image.tmdb.org/t/p/w1280/sizHX5VbwlBihaathTQHVGk1jdi.jpg
a2bc5a5743dbf9762c9fa67ef9285ea5207741390880cc66bec4c1b8123a4c52,514713,Acha Acha Cucaracha: Cucaño Strikes Again,2017-04-20,2017,75,Lançado,"During the dark years of the last dictatorship in Argentina, at the end of 1979, in the city of Rosario,an experimental art group called Cucaño, made of very young adults, emerged. They felt the need to express their discontent against the dangerous and deadly environment while at the same time they were searching for their own identity in their adolescence. They created a notable collective work,fleeting but substantial, which was the most thorough response that a young person could give or give to themselves in those times of extreme repression against self expressions.",https://image.tmdb.org/t/p/w500/eKOgOBjIuxDnmK8MsbrNWeCXwlc.jpg,
c480fa1213a42ae5d42a45a4883a2c8919ba054a2e2c3a8749d57652034333d5,514833,I'll Wait,2016-05-12,2016,0,Lançado,Sem descrição,https://image.tmdb.org/t/p/w500/rZNeApVOoZS1fG02BKKvXYUbpIz.jpg,https://image.tmdb.org/t/p/w1280/hxgvT6bxsyJ3PiMQYuaAjmSREG2.jpg
5b3e1f47ef803ac03ef38a0d02140c9fd9f66a1eea1e48d09d7794325f4ffa1b,514881,Chiwawa,2019-01-18,2019,104,Lançado,"Chiwawa is a popular girl. One day, her dismembered body is found in Tokyo Bay. Chiwawa's friends gather to remember her, but they realize they do not know anything about her background or even her real name.",https://image.tmdb.org/t/p/w500/4FZD4ZWnpRZfHDez4f4zpsq4HWE.jpg,https://image.tmdb.org/t/p/w1280/iosINSSXZae7v9pSbdvSnjp5yVo.jpg
99ce29462dc73977da95c10e51a3b80da5a2c9939c58aa2f81b327094c97c425,514921,The Aeronauts,2019-11-04,2019,101,Lançado,"In 1862, daredevil balloon pilot Amelia Wren teams up with pioneering meteorologist James Glaisher to advance human knowledge of the weather and fly higher than anyone in history. While breaking records and advancing scientific discovery, their voyage to the very edge of existence helps the unlikely pair find their place in the world they have left far below them. But they face physical and emotional challenges in the thin air, as the ascent becomes a fight for survival.",https://image.tmdb.org/t/p/w500/kZHnblqmTBUBgzYBIxWIz9txsEi.jpg,https://image.tmdb.org/t/p/w1280/1NeA92Pk1eCHpU3LnWo8zvsks0V.jpg
66e4ce974633bb3e5e752e602b3d8841bc62c6b8dee1a3158bd26f4bbfa8927b,515160,Irreversible Choices,2016-07-01,2016,90,Lançado,"Due to his poor health, Dante Kathlego loses his job, which causes some friction between him and his wife, Alisha. She still decides to travel to Melbourne to promote Dantes new novel. While Alisha is away, Dante is unable to drive so he enlists his best friend Mike to be his driver and companion, however; Mike is reckless, known to take risks and put himself, and others, in serious danger. Meanwhile, in Melbourne, Alisha meets the rich, handsome and dangerous Nate who convinces her to abandon her children and family. This starts a chain reaction of violence, death, heartbreak and trauma where no one is left unharmed by these irreversible choices.",https://image.tmdb.org/t/p/w500/iCRdG3dW1BekgHK5JmkX32dYM3t.jpg,
61f527c4799c7397c75960290e358f583ebfe49f894609a170f5bf4b07c18492,515169,Dave Allen At Peace,2018-04-02,2018,60,Lançado,"Filmed in homage to his original TV series, this fictionalised account  follows Dave Allen from childhood to becoming one of the UK and Ireland's comedy greats, with just a whiskey, a cigarette and nine-and-a-half fingers. Dave Allen is played by Aidan Gillen",https://image.tmdb.org/t/p/w500/nYAwuc0DYx2T1mJXclF9uINbHZz.jpg,https://image.tmdb.org/t/p/w1280/yx27zEkGtnCYPpRzAZTEx3jnz0y.jpg
a24a1180d0c89928ebb2f14ce5be52a1cd366071f660debac7d05496a684bfb8,515913,Are You Glad I'm Here,2019-05-16,2019,85,Lançado,A millennial American girl befriends a Lebanese housewife and disrupts her ordered life; one night they find themselves accidental partners-in-crime.,https://image.tmdb.org/t/p/w500/kNCKExlIOw9CjRU0aTMRnxcIC2C.jpg,
7c4f8b2a86983cc09599d7ec329946a2caca973474ace3cf18eb1e6f6f598826,515953,Reve Ta Stohne On Tour,2016-07-21,2016,30,Lançado,"How far can you go on the way to your dream? Zhenia and Maks stopped going to the office and took up music seriously. Their band is called Reve ta Stohne. The guys do growl singing and dream of becoming real rock stars. However, for a start they need a music video and a studio album. And most of all they need money to pay for them. In search of income, Reve ta Stohne travels to the West.",https://image.tmdb.org/t/p/w500/fkA5sZzfHzcysKHlN8Zjedmmntn.jpg,https://image.tmdb.org/t/p/w1280/AlIWNR7ePIzzhqauGmxLHsow12N.jpg
0fb4d2bf92c9debb5c446d80cdecb888cc21a4b597ebf4c81c71cf19f67b6c6d,516028,"Your Flesh, Your Curse",2017-09-02,2017,100,Lançado,"After being brutally murdered, the troubled girl Juliet White ends up in a limbo, where a spiritual guide forces her soul to re-live repressed memories.",https://image.tmdb.org/t/p/w500/wx34SlJmZAM4C04NRxlt1dkFP3u.jpg,https://image.tmdb.org/t/p/w1280/nZvTEtBDkrIfavBW3IIvJeRXmWA.jpg
c37d9f190a72ede3aee4b1bcab57803ef7f0fbb8a5423e6a818681cba92dbafc,516158,"Ronald Reagan, Un Président Sur Mesure",2017-03-12,2017,0,Lançado,Sem descrição,https://image.tmdb.org/t/p/w500/re34lvxGHsKaWAbp4ALg2vXwsXg.jpg,https://image.tmdb.org/t/p/w1280/AjXSVVUlHg66omZZlLK4TBAuUDn.jpg
15ce2546dcd23da236c065192ded5d0d92abd507e5dd7a2f4c00d01470bce380,516351,The Emperors Darling Josephine De Beauharnais,2018-03-25,2018,0,Lançado,Sem descrição,https://image.tmdb.org/t/p/w500/2nSsxonhvUox6iyXFZNKZ9H6SbG.jpg,
1efb75d000cb1734b2afca9d55c1a2bc6de4b33b46b90dbe03a52eb87f7be2f5,516532,Sleeper,2018-04-07,2018,90,Lançado,"Up until now, marriage has been smooth sailing for Jennifer Jones. But after suffering a miscarriage, she begins to question her happiness and whether the spark in her marriage has dimmed. She shrugs it off as just being the 7-year itch and gives her husband, Freddy, who is content in their relationship, the benefit of the doubt. Things take an unexpected turn when Jennifer catches Freddy in a few unassuming lies. And when a sudden accident throws Freddy into a coma, Jennifer is left to pick up the pieces and reconcile everything for herself. With Freddy in hospital, a larger story begins to unfold - something that might just be Jennifer's worst nightmare - prompting her to question if she ever really knew the man she was married to.",https://image.tmdb.org/t/p/w500/1fzQnmmEaoSHCEF1eHpeEg9CavC.jpg,https://image.tmdb.org/t/p/w1280/4GEMrlPx5nHDbTXpnYuZHlDkZ1p.jpg
be6b345f7159a9397b575110165dd52aa6143d9d86a787cf869099b9f43f614c,516558,Fire Lily,2018-05-11,2018,90,Lançado,"The mystical and thrilling drama asks what sort of reality can give our life meaning. The film tells the story of Pia (38), an ophthalmologist, whose marriage has recently ended because she was not able to have children. As she strives to move forward with her life, Pia learns the unknown but also finds her inner strength. Unexpectedly, her deepest wish to become a mother materializes, but not quite in the way she imagined it.",https://image.tmdb.org/t/p/w500/mNDEceHZzZBNkKYQiIEPJTF1nX6.jpg,
115253c97fffa839756deef89c8d67061475cdfa2a98cc6064ac6b245271cc96,516565,Portugal,2018-04-12,2018,112,Lançado,Karina and Martin are in a pleasent relation where everyday life flows in an effortlessly accustomed way and no small misbehaviours can shake it’s rush. Life is good. Perhaps it’s this perfection and frequent patterns that make them finally pose a question – is everything to be expected in life?  This is a story about following the yearning of your soul. Longing for something other than the present and having the courage to be deliberately lost.,https://image.tmdb.org/t/p/w500/kclC285XA0vCK360oE6y6hPHckK.jpg,https://image.tmdb.org/t/p/w1280/4E2n3QsFNwzvNVcSzFUxkpMau1K.jpg
9f2111265047e506b06050a6b875b4f960ae69ef5c6bb601dcad7eed92435d82,516850,The Mermaid: Lake Of The Dead,2018-07-12,2018,90,Lançado,"An evil Mermaid falls in love with Marina's fiancé Roman and aims to keep him away from Marina in her Kingdom of Death under water. The Mermaid is a young woman who drowned a few centuries ago. Marina only has one week to overcome her fear of the dark water, to remain human in the deathly fight with the monsters and not to become one herself.",https://image.tmdb.org/t/p/w500/gGFZ84plg0TPM737j8ccpseh96l.jpg,https://image.tmdb.org/t/p/w1280/4GV7v37r43vPkRNowLIFrpWAb20.jpg
16905a201a677f3ace89197252e9b1832a29067f219fb033742907038be53b7b,516968,The Name,2018-06-30,2018,114,Lançado,Sem descrição,https://image.tmdb.org/t/p/w500/42nIJnX2baANTHFsFRWrWL4US6V.jpg,https://image.tmdb.org/t/p/w1280/hS6ivoMYPGk3oNYHNDZBTzzI3QO.jpg
63c242f206113320c927fa14b93f5a66ae51438de42cc9afccb9c2ab74beee93,517034,Union Of Salvation,2019-12-26,2019,130,Lançado,"Russian troops occupied Paris. Russia became the first power in the world. Now everything seems possible. Young winners, guards officers, are sure that equality and freedom will come - here and now. For this they are ready to sacrifice everything - position, wealth, love, life ... and the country itself.",https://image.tmdb.org/t/p/w500/AhxKrNJE0Gt2BPWAOLqRS5Syhu9.jpg,https://image.tmdb.org/t/p/w1280/yzBGGiDh4nfzRLXF4cZ955xRBuO.jpg
6b9954ba4fecdc399c5014e278a459ccea1c584d393b1ac1f004469c6cb06684,517088,Being The Ricardos,2021-12-10,2021,132,Lançado,Lucille Ball and Desi Arnaz face a crisis that could end their careers and another that could end their marriage.,https://image.tmdb.org/t/p/w500/oztBLWdRk5gApYmNdADXvXkLT5m.jpg,https://image.tmdb.org/t/p/w1280/4wfA61Mi6E8GncUn8ze4w0jz0Za.jpg
0e8c409668dcc57b7991b3440bc3ba9b8145b7dc31adac8f3bace642eeec28d1,517284,The Wedding,2018-11-06,2018,77,Lançado,"A young Muslim man, Rami, who is engaged to a young woman named Sara.  We soon discover that Sam is also involved on the side with a young male artist named Lee.",https://image.tmdb.org/t/p/w500/3weS8ZRotgjYquhLnktj8Q6KAWJ.jpg,
8f7f58c88b1fbc935089e722abb3655d9f9e42b56306462f2aeece40b4186337,517602,Lambing Season,2016-09-30,2016,18,Lançado,A young man uncovers a disturbing truth about himself.,https://image.tmdb.org/t/p/w500/5PmnMjQkH7KyUs7X6l1vTer6F3X.jpg,https://image.tmdb.org/t/p/w1280/42btXaOKNQmbOOCEg7LPtzDGFsH.jpg
81396c4ecff73eda31aae3baae11f600a87f9d582dd183bf4cc7ac0e107eb10b,517786,The Night She Moves,2018-04-17,2018,85,Lançado,"Max is around thirty and lives with Emma, his intimate friend. Unexpected news create a gap between them causing doubts and concerns to grow inside Max, pushing him to go out at night. Walking aimlessly, Max spends the night alone and accompanied by picturesque characters in remote places of Barcelona. A night of absurd and fantastic drunkenness that is at the same time an inner journey for Max. Yo la busco is a portrait of two friends, their breakup and the strange transforming walk through the nightlife of Barcelona.",https://image.tmdb.org/t/p/w500/yYXXRTNDRPVnjZRYHz0Ttbpq1UC.jpg,
788619894b9538c33624b29c215d9cf164ded370fe5ca51a03bce93acb9ca751,517926,Unit 68,2018-03-26,2018,0,Lançado,Sem descrição,https://image.tmdb.org/t/p/w500/lnlTuF0YYKwcH5lb35KlC2MWlTh.jpg,
2f4739d8db82402952538351d8ff33759f24f77724357871a66a43862219f2e0,518709,Petit-frère,2018-08-30,2018,70,Lançado,"A dialogue between the collective and the personal, a living memory that combines the dreams and realities of the Haitian community residing in Chile. This dialogue is guided by the voice of Wilner Petit-Frère, a Haitian immigrant who observes and captures, in a print publication, the society where he ended up living in this stage of his life.",https://image.tmdb.org/t/p/w500/6KronGQyZbQ5AC066qUJ7j7v0ak.jpg,https://image.tmdb.org/t/p/w1280/is4NcssWyT1U7vK86sh1lQp8tSi.jpg
4a8ab9f668d814ecd8e3ddc710800d49deeba32ecab71df767a17a06c61f62c6,518824,Vad Balaton,2018-04-19,2018,50,Lançado,"The Balaton is the biggest shallow water lake in Central Europe. Although vacationers invade its coast every summer, the lake and its surroundings contain almost unbelievable natural treasures. The volcanoes, caves, tufaceous limestone stairs, sandhills and valleys are parts of the European Geopark Network, the moors are water habitats of international significance. Ground squirrels, wildcats, peregrines, ravens, mass-nesting egrets and herons, filber mice going on night adventures, asps doing wedding dance live here. The odd marriage of geology, wildlife and humans created this spectacular landscape.",https://image.tmdb.org/t/p/w500/zqfkzh7EXG649ctj9wce3JCrcaC.jpg,https://image.tmdb.org/t/p/w1280/swUinyk0ABb5JJfabqroSIcOqsR.jpg
83c72446d15a8e35c00ec8809bc65ca3a66150ec66da00603f398de204fde7da,518835,Debt,2018-04-16,2018,95,Lançado,"Tufan who works at a small print shop lives in Eskişehir with his wife Mukaddes and daughter Simge. Huriye, their lonely neighbour next door falls ill one night. A doctor recommends that she shouldn’t stay on her own. Tufan takes pity on Huriye, who has no family to turn to, and decides to host her at his house.",https://image.tmdb.org/t/p/w500/yFQAi1oChh99WHmtsfY9GXRXWUj.jpg,https://image.tmdb.org/t/p/w1280/3r58BJlcOdRRD8pD564WNx8FwnU.jpg
81a3e69140bc2e65e86b752cdbd9d64f595470e5601117efae2385cd6cc93ecd,518980,The Life Of My Friend,2017-08-09,2017,23,Lançado,"A young man was born in a small Russian city, but now lives in the Caucasus, in a foreign culture. He works as a mountain guide and enjoys life, but remains a stranger among the people he lives with. He will have to leave his carelessness behind and grow up.",https://image.tmdb.org/t/p/w500/rXMVN7Vn9SGazltZCtBeostcT2s.jpg,https://image.tmdb.org/t/p/w1280/5KjkCSXpaI3AONpiNKMm55BMTol.jpg
ae0edfea6f24dc6c328d4e774a93ab8a3fec9569768edb98d9f391f7bc66722e,519075,Camila's Awakening,2018-05-17,2018,89,Lançado,"At seventeen, Camila got too used to win. Smart and beautiful, she has managed to achieve every goal. She loves swimming and doesn’t know failure. However, the water that has given her success in the recent past, now leads her to the biggest setback of her life: a cerebrovascular accident (CVA) that will force her to reinvent herself with courage, humor, and love.",https://image.tmdb.org/t/p/w500/xAm907vBIzTB9l1WyofG4ryJvJd.jpg,https://image.tmdb.org/t/p/w1280/yzYwJSEeqn8K3OArZ6sAHJusPux.jpg
e7433385a3be1329881d68ea0c61f8b97727471ed8c0ba3a78837ca6b48f0491,519093,Fastest Man In The State,2017-04-08,2017,10,Lançado,"Historical reenactments of athletes performing various sports at the University of Virginia are seen as Kent Merritt, one of the first African American scholarship athletes at the university reflects on his experience.",https://image.tmdb.org/t/p/w500/u9u6Odu1Pg6jw60KLWjMY4199Cd.jpg,https://image.tmdb.org/t/p/w1280/s2Be7nukWT1hvEJCEnUoxEgLaAT.jpg
0039cf64d3190556005848fe28bf5e9efe71a59ac7a09c08e2c6f3422bb799a7,519145,Skip Day,2018-05-17,2018,16,Lançado,"For seniors in Pahokee, a small, mainly African-American industrial town on Florida's Lake Okeechoboee, the Monday after prom is 'Skip Day.' Dozens of the students, miss their lessons, driving 60 miles to hang out and ponder their futures on the windy dunes of the Atlantic shoreline. The film intimately observes the shared joys of communal activity and extravagant display which bind these boisterous teenagers in their rites of passage towards an uncertain adulthood.",https://image.tmdb.org/t/p/w500/bg4drnGUziSKiGrCRjEBPn0c32A.jpg,https://image.tmdb.org/t/p/w1280/avjtpd2SB4nvvR18EATKN2iNWZV.jpg
2efd342873b57916ea4ccfd6eb57939dd427c72f6dfbe8d29851fb79a2283315,519512,Touching Concrete,2017-11-01,2017,58,Lançado,"Hillbrow, a Johannesburg district bristling with buildings, on whose concrete reverberates the incessant maelstrom of street sounds. This overpopulated suburb, where life is cheap, is the playground of Tebogo and Karabo. Aged around fifteen, not very interested in school, in conflict with their mothers who are raising them alone and leave them a little to themselves, the two friends spend the summer relieving their boredom as best as they can. When they are not mixing with the groups of their elders, dancing in underground car parks or drifting through the urban hell, they seem to watch over the city by seeking refuge on the roof of their block.",https://image.tmdb.org/t/p/w500/lc6udyB2RGON99bKsKBOTzTyOXk.jpg,https://image.tmdb.org/t/p/w1280/ot3D3PyEOshDk21XyiQhNCuTxWk.jpg
53629876268665f7f5b32f469dfec865bac097bfb72b408f9c535897bb89f9d3,520454,Tiny Shoulders: Rethinking Barbie,2018-04-27,2018,91,Lançado,"Barbie, the most popular doll ever created, is a fashion icon and a target for feminists. This telling documentary features new footage, access to Barbie's biggest reinvention, and examines over 60 years of women through the lens of an 11.5-inch plastic doll.",https://image.tmdb.org/t/p/w500/oRCnDqRm9kUyoUXKi20uUNuqUB0.jpg,https://image.tmdb.org/t/p/w1280/6QdEbQccU4Ctlu8I3Ns7D7KaQxP.jpg
6482db1b621c42a4325eaa26e03c379e237af662336a510100d91e479aace2d0,520788,Mad World,2018-01-02,2018,97,Lançado,"It is the year 2037. Our world is dying, slowly, from a virus that has rendered mankind infertile. Not a single child has been born in 25 years. Governments are now powerless puppets for the biggest corporations and Biocorp, the world's biggest, keeps promising a cure that never comes",https://image.tmdb.org/t/p/w500/8luuxpom0e0u8q3x4MtvKR0tozA.jpg,https://image.tmdb.org/t/p/w1280/2uAyKQf5nej3TiWUqbanr6Zb9YU.jpg
65453451470a70a7da278b4a777101a0d4e5a0131ca053c04ed53228ad05ff27,521484,Black Memorabilia,2018-02-19,2018,56,Lançado,"Filmmaker Chico Colvard investigates the propagation of demeaning representations of African-Americans.  From industrial China to the rural American south to contemporary Brooklyn, we observe the people and places that reproduce, consume and reclaim BLACK MEMORABILIA. This feature documentary takes us on a journey into the material culture of racialized artifacts and confronts us with the incendiary features of these objects. BLACK MEMORABILIA also moves beyond perverse attractions and absolute objections to collectibles and antiques that serve as reminders of America's troubled racial history. In the midst of roiling ethnic unrest in the US today, the film's confrontation of our feelings about these objects strikes at the heart of a pressing contemporary issue and opens a unique dialogue about the continuing legacy of racism in America.",https://image.tmdb.org/t/p/w500/vRPoa0ua8JcgUaRYNhbHCQ87DY9.jpg,https://image.tmdb.org/t/p/w1280/si8EtW4Z7ZI9lW1lRNnelecnX3C.jpg
bae091de9bdbff2d31b24cc7539e5043ddba035421949e06207c74bf7de13b98,521926,Welcome To Curiosity,2018-05-25,2018,94,Lançado,Four interconnected stories surrounding the escape from prison of a notorious serial killer.,https://image.tmdb.org/t/p/w500/yqvkFTounpgOPQCZjkIczVGVmmD.jpg,https://image.tmdb.org/t/p/w1280/tfi2Rpk04jkf2Zm2OdnkLBxnMhk.jpg
979021e4f3144cbf6ff1ff4056ca713d938dd7688044d8d23e14f162a4e2786c,521984,Bieber Generation,2018-03-06,2018,68,Lançado,"This documentary film attempts to analyze the dynamics of a massive fan-base; it focuses on the Beliebers (fans of Justin Bieber). The Beliebers are one of the largest fan-bases on the planet, they dominate social media and it seems that almost everyone has an opinion about them. Beliebers feel that they are generalized about and attempt to help non-Beliebers understand them through this film. From the charity work they do to the bullying they receive, the film attempts to uncover all of it by talking to Beliebers and non-Beliebers from around the world and sharing their experiences. Although the film will appeal to Beliebers, it is also targeted at those attempting to understand such phenomena and promotes communication and understanding from an unbiased position in general.",https://image.tmdb.org/t/p/w500/cX258RIsmQLl5Ue1aR7GpnahMx7.jpg,
6262390ca2daf7daf638d4cc00743e3f7daf1042f4098184f38817e1c5bd1e41,522773,A Dangerous Son,2018-05-07,2018,90,Lançado,Documentary following three families each coping with a child affected by serious emotional or mental illness. The families explore treatment opportunities and grapple with the struggle of living with their child's condition.,https://image.tmdb.org/t/p/w500/8pkfH7vAE9rt85w9fBl5rnRJGZy.jpg,https://image.tmdb.org/t/p/w1280/bx2T82h61HJkXu7rER507JN1sZa.jpg
47e9c1bf12f622a3b5a7c1a7e45ee7f0eeeba9f0b07351cbdfb3b193db7de136,522866,Searching For Ingmar Bergman,2018-07-12,2018,95,Lançado,"A meaningful account of the personal and professional life of the great Swedish filmmaker Ingmar Bergman (1918-2007) that explores his film legacy, with interviews with his closest collaborators and a new generation of filmmakers.",https://image.tmdb.org/t/p/w500/2khvUbOVJ4TPFZ8fcXllFF9zGPf.jpg,https://image.tmdb.org/t/p/w1280/lEuhnoymnI8JtJbHrKA1CcN25OC.jpg
a68bf564cc36623d6c5582eb3b74845f68d0261edf2b270b686063f3893b2c9b,523263,Drum Wave,2018-06-16,2018,11,Lançado,A young pianist confronts her fear of motherhood when she marries into a remote island community with bizarre fertility rituals.,https://image.tmdb.org/t/p/w500/vVnu4lIn9zNjpCfKwnqJghZneEB.jpg,https://image.tmdb.org/t/p/w1280/fcPIVLrnjv3W1ckZIvtf5prAUxD.jpg
1106bdc96ef8e5b08cdac15756a1e2d2af48da2b9118485464caa024048f19be,523388,Attack Of Life: The Bang Tango Movie,2016-01-15,2016,83,Lançado,Sem descrição,https://image.tmdb.org/t/p/w500/6Z59BlEKRgneCYBUY17o61tfqUB.jpg,
ed7a1809f179ee7502ab67c4c542d4787d06780a4bd3c39bb94bb7573dd27f6b,523849,The Last Sharknado: It's About Time,2018-08-19,2018,86,Lançado,"With much of America lying in ruins, the rest of the world braces for a global sharknado, Fin and his family must travel around the world to stop them.",https://image.tmdb.org/t/p/w500/uvMjNLot0dG7CX4HZPme2WDkMmE.jpg,https://image.tmdb.org/t/p/w1280/AmTfxc3S22z7WWC7KAR3SPs70Bl.jpg
010eb9a1510b8dc1fc1100adfc223e94c6bb41e3cf8166d8ab45b30bc7068b0b,523992,Fotográfrica,2016-08-25,2016,25,Lançado,"Dona Amélia is an Angolan refugee from the war who started her life anew in Olinda, in the Northeast of Brazil. From her photograph mural, her Brazilian daughter goes in search of her roots, divided between the family memories and the manifestations of African origin that she encounters along the way.",https://image.tmdb.org/t/p/w500/3TAoYxFY7jFXdfezd8OG5NFS7Dc.jpg,
349e847be9793d7831e2bdae5330387886b289f4dbec3bd6cdcdb5f406e9512b,523997,Foster,2018-06-14,2018,113,Lançado,"With one in eight American children suffering a confirmed case of neglect or abuse by age 18, there are currently more than 400,000 children in foster care in the U.S., a number that continues to grow each year.  Drawing on unprecedented access, FOSTER explores the often-misunderstood world of foster care through compelling stories from the Los Angeles County Department of Children and Family Services, the largest county child welfare agency in the country.",https://image.tmdb.org/t/p/w500/kwTaA6QqpOWf0qsejIlcmTaBoU.jpg,https://image.tmdb.org/t/p/w1280/8WxQ0dLrMZo1r5v1rdJ8nSO6zD0.jpg
8b6fab2af1f7e5161e7c6ef77b8317ccf67fb64a9e2f1eb5e59ea15c8a1fe466,524776,Long Term Delivery,2018-02-05,2018,17,Lançado,A short comedy about a secret division of the United States Postal Service.,https://image.tmdb.org/t/p/w500/d5mRYRmOE3N00fawSLQ1r95twak.jpg,
299fe0c9efa558e17f44a2743fc3ed80a0383bab0a1e92ea61fc8166a8d6f96f,525253,Vuelve A Mí,2017-01-01,2017,0,Lançado,Sem descrição,https://image.tmdb.org/t/p/w500/jvRbwXo5FI67N0IeYaFltvbD7gT.jpg,
41d30a6633f6299eed7b57f30cc17c5dd0df71479b79b2dba862efee081df7ec,525506,Electric Current,2018-06-03,2018,9,Lançado,"A story about attraction and parting, the laws of physics and Gippius’s poetry.",https://image.tmdb.org/t/p/w500/9UvBRRbIdIn4Py7PVzYqoINdn4j.jpg,https://image.tmdb.org/t/p/w1280/m3JiLuefv5rnPb89dkawkZtFfxu.jpg
b1afa6d802442dc1374776fc7bcc0ce89b7963a6ab54045c1cda9fd1df16e570,526050,Little,2019-04-04,2019,108,Lançado,"Jordan Sanders, a take-no-prisoners tech mogul, wakes up one morning in the body of her 13-year-old self right before a do-or-die presentation. Her beleaguered assistant April is the only one in on the secret that her daily tormentor is now trapped in an awkward tween body, just as everything is on the line.",https://image.tmdb.org/t/p/w500/4MDB6jJl3U7xK1Gw64zIqt9pQA4.jpg,https://image.tmdb.org/t/p/w1280/2hhZZCbLllEwcED7S9yLIA6j6aZ.jpg
bbfb3738cde36ce83773e16e98cf45ad946cea53e322db0915761d0f2922dc96,527175,Blood Shed,2017-08-27,2017,13,Lançado,"Jack loves a bargain. And he loves sheds. When he buys suspiciously cheap second-hand parts to build his very own dream shed, he and long-suffering wife Helen find they've got more than they bargained for: a killer shed with an appetite for blood. As the body count rises, and the shed's ferocious appetite grows, Jack is faced with a horrifying dilemma.",https://image.tmdb.org/t/p/w500/aDEpmKRnYM4vW0l6SGmAltK24Rq.jpg,
2fe26b9b7548ea4395f07c709eca09439a57cce1b99427ae55753869471b3381,528300,The Spy Who Raised Me,2018-06-04,2018,60,Lançado,"Follow the emotional journey of Chelsea Dittrich, the U.S. born daughter of a former American-based Russian spy. Speaking with other children of spies as well as with her own father whose spying activities tore her family apart, she uncovers the effects this clandestine activity has on families and communities as a whole.",https://image.tmdb.org/t/p/w500/ur5ePDVOQuSO2s2hsedNYDApc0C.jpg,https://image.tmdb.org/t/p/w1280/jgJk4b73JqnBkzxpun61OStTROC.jpg
862f7427bfcab6ea7465e437cec0607e226362104211079249fd3c1f88238443,528360,Broken Diamonds,2021-07-23,2021,90,Lançado,"In the wake of his father's death, a twenty-something writer sees his dream of moving to Paris put in jeopardy when he's forced to temporarily take in his wildly unpredictable, mentally ill sister.",https://image.tmdb.org/t/p/w500/gfxkUZDJt4x7l6Vdo03oMXHeS2R.jpg,https://image.tmdb.org/t/p/w1280/xYmt7bLGCnen7l7zGM7mRaqe0Za.jpg
9d37eeca0ad6b83c82a76899e95a82a7ebe6c383f3587afd86d54e31386873b3,529911,Ethiopiques: Revolt Of The Soul,2017-11-09,2017,0,Lançado,"The story of how the Western world was first introduced to the musical history of Ethiopia, through the `Ethiopiques' CDs and the mastermind behind them, French music journalist, Francis Falceto.",https://image.tmdb.org/t/p/w500/VQonDiv8a2mjAPs75h1xvfkq0W.jpg,
efa0a5eaaf5eca4c83b5eb38d840e0b3d60008307f7f2df72005f3dc6e139ddf,530417,Needle Boy,2016-11-05,2016,76,Lançado,"Life has become unbearable for 23 year old Nick who is convinced that he's an evil person. Consequently, he shows up at Aarhus University with a gun in his pocket wanting to shoot his fellow students.",https://image.tmdb.org/t/p/w500/qQVEvr21FsTvxxuE44TOXq0w2iz.jpg,https://image.tmdb.org/t/p/w1280/vN1AfSbPDLQjrJwKsKriM6gpJ8Z.jpg
0146fbf7edacd5b6afa3909fa400f472e16687f7b252cdf66b09eb8ba7b6d7d6,530973,Spelling The Dream,2020-06-03,2020,82,Lançado,"Since 1999, 18 of the last 22 winners of the Scripps National Spelling Bee have been Indian-American, making the incredible trend one of the longest in sports history. “Breaking the Bee” is a feature-length documentary that explores and celebrates this new dynasty while following four students, ages 7 to 14, as they vie for the title of spelling bee champion.",https://image.tmdb.org/t/p/w500/piAOvsXc1gg7HrS0FYjPik7dVkl.jpg,https://image.tmdb.org/t/p/w1280/mrSsE69Lj8yujgSquOOzNna70Mo.jpg
30e1a3f5305a71aed432f85a02f6b9bd8d074622c598a20f9b676e28bbc01343,531312,Goliath96,2018-10-26,2018,109,Lançado,Sem descrição,https://image.tmdb.org/t/p/w500/9SWxiu11MzvJ1S6H99ntBDQ9t5a.jpg,https://image.tmdb.org/t/p/w1280/6hz6B2xGRzauVERI43twWnNgEfk.jpg
bff64e5c545db6c7bbacf8794d26326239e85688214eeb26804ed1dbd744ad71,531598,Snow The Snow Wite Film,2016-11-01,2016,0,Lançado,Sem descrição,https://image.tmdb.org/t/p/w500/3bGoF7MtO7wbNBTxk3yg1dMatfz.jpg,
c294d858d016365623d034c74a3a684abe7a9c973ebf46e97a2be9d723ba88b9,533727,Adulthood,2018-08-23,2018,92,Lançado,"At her dad's funeral, Kyungun meets her uncle Jaemin, a complete stranger. He bilks her father's insurance money. She demands her money back, but he unashamedly refuses. To get her money back, she joins his next scam.",https://image.tmdb.org/t/p/w500/3SUPPj9n28tXm8SYFnzcVOyUTf6.jpg,https://image.tmdb.org/t/p/w1280/jOpmlcV4B0r7AFgTaKciNGmeOh5.jpg
a8edc4dd1664ae19b6ca7834c3a69eac7fc6161e577146a001f68c1ea2fd1ea7,533929,Rainbow Jelly,2018-05-25,2018,118,Lançado,"Mistreated by his cruel uncle, an imaginative orphan with autism sees hope when a fairy vows to change his life with a week of enchanted recipes.",https://image.tmdb.org/t/p/w500/sEdikFjPDnKqNnxQt6hYVvLpMU8.jpg,https://image.tmdb.org/t/p/w1280/uFyvXm1co9xXkuvW9V2DtEqgGNy.jpg
6fd780da9eb0240efe145f5ee53592c04c36c2a3209da961b399f562b1c42b1f,534125,Miriam Lies,2018-07-05,2018,90,Lançado,"Shy girl Miriam is waiting to celebrate her 15th birthday and she wants to invite her guy. So far they’ve only chatted online, and the anticipated blind date only complicates things.",https://image.tmdb.org/t/p/w500/krjCFLvZww1sIFUHa1NlNsJILhO.jpg,https://image.tmdb.org/t/p/w1280/tlbQjTU0Ur7nLJ4EwWr1lIvRkwB.jpg
7a9452b18ea02bf9a1a9ff4e84cb659e6570897ccb51005f99d932c950c3491a,534296,Intensive Care,2018-07-01,2018,80,Lançado,"Three low-life criminals attempt to rob an elderly dying woman's home, but her live-in nurse turns out to be much more trouble than they bargained for.",https://image.tmdb.org/t/p/w500/tGW3U7qJMMZ1NOeya1UrPM6vYt1.jpg,https://image.tmdb.org/t/p/w1280/ppSjvZ6XNMVHA5PAo70hG6LFS47.jpg
bd2970e4af2b46ab7141614ca43d84746acf590ef8da2cd3625628fdb2aa3558,534566,Piter By Kasta,2018-02-09,2018,62,Lançado,"Four stories about Saint Petersburg through the eyes of ordinary guys who have seen a lot on their path, but have not betrayed themselves. The film casts famous Russian hip-hop band KASTA.",https://image.tmdb.org/t/p/w500/inZph99QILmaXndVdpxk2o7s9xF.jpg,
c273e2660b302591835ae626834e6691f3715b23e4b5d906460781fcb3ec8640,535011,Gustav,2017-07-07,2017,11,Lançado,A man wakes up with a strange tune in his head. But what is it? And how did it get there?,https://image.tmdb.org/t/p/w500/a8pcrQg9cw7RjcNJHN4DdwfTz5k.jpg,
81029da36a61c046786a8cda0cd793660a04a9ac6b80555664fd57cfef7fd6c4,535623,To Garbo And Lenin,2018-04-25,2018,14,Lançado,"Greta Garbo and Vladimir Lenin meet at PUB department store in Stockholm in 1917. They both have lost a dream, and they start a conversation that remains all day while they are walking through the city.",https://image.tmdb.org/t/p/w500/5I1CS5P0zT7ds1nMAZHHf2UsZgS.jpg,https://image.tmdb.org/t/p/w1280/qarq1yH5mK8pbkgZ5K6oPka9JyL.jpg
a2fef7ddbcf10e4da73a2ad5ec18cfa9c3cdf25f29fdd1e14b0cec81328b82e7,536013,Kaalidas,2019-12-13,2019,126,Lançado,"A cop, who suffers from family issues, takes up a peculiar suicide case. The plot thickens as similar cases get reported within a span of a few days.",https://image.tmdb.org/t/p/w500/w2GyS2TdmIPvZ8kB9mjfK9H54mm.jpg,https://image.tmdb.org/t/p/w1280/52pRoKc5w0nUawjOpFOkYFAV31V.jpg
528999f9ef8384fccd5216c738fda70b19ef2417e51e2d98daa11c914ecd3d1c,536118,Flawless,2018-07-16,2018,97,Lançado,"Eden a 17-year-old high school student discovers that her two best friends are planning to sell their kidneys to pay for cosmetic surgery and a dress for prom. Eden, who is secretly a trans woman, realizes that this may be the answer to her prayers. She joins the others on their journey to Kiev to exchange their kidneys for the flawless body of their dreams. Their trip does not go as planned and when Eden's secret is exposed, all three of them need to come to terms with the prejudices they have and redefine who they really want to be in this world.",https://image.tmdb.org/t/p/w500/vDonSWAzHPTz6CsKCM9PRFawdv4.jpg,https://image.tmdb.org/t/p/w1280/g8vrc3Hh5ZjDnqAov5piOmMoaLw.jpg
99836e150fe529a16d24343abc19f83e09b4d923fae7a9209291baaf32ab2d6b,536841,Diego Maradona,2019-06-14,2019,130,Lançado,"Constructed from over 500 hours of never-before-seen footage, this documentary centers on the personal life and career of the controversial football player Diego Maradona who played for SSC Napoli and Argentina in the 1980s.",https://image.tmdb.org/t/p/w500/3eBZxi0xcXBnEYq4m4YTVf0eHWX.jpg,https://image.tmdb.org/t/p/w1280/lFb1Ey6HqCdc2D74Zt5kr7EpQKT.jpg
ab916d2f4d07d01ea34650ca38bf1a456522a46580095145f14c486286b06ca5,537195,Tracing Addai,2018-03-09,2018,30,Lançado,"In 2013 Addai joins a salafistic group in Syria. The encounter of Addai's mother with Ilias, a homecomer from Syria, gives rise to invidual fragments, by means of which the story of the son and comrade can be traced.",https://image.tmdb.org/t/p/w500/wGZWPPdedd1Y5YR1Vjj3Wb9Cbhs.jpg,
7e540c82d189e61ce405f19e5cc3d97c0882e92e802469e0976acf640fdb0230,537651,Sibel,2019-01-04,2019,95,Lançado,"25-year-old Sibel lives with her father and sister in a secluded village in the mountains of Turkey’s Black Sea region. Sibel is a mute, but she communicates by using the ancestral whistled language of the area.",https://image.tmdb.org/t/p/w500/k9e3nsRMVlwaraQmn4NUIRET5qa.jpg,https://image.tmdb.org/t/p/w1280/otuMDOVxswRbYK4ezpiJgS1HLBN.jpg
e6428c07bca1e5236e9d47d9b2a61a3b420f85fa1ba953703edcae2fb80d0325,538225,Deadwood: The Movie,2019-06-01,2019,110,Lançado,"Follow the 10-year reunion of the Deadwood camp to celebrate South Dakota's statehood. Former rivalries are reignited, alliances are tested and old wounds are reopened, as all are left to navigate the inevitable changes that modernity and time have wrought.",https://image.tmdb.org/t/p/w500/fCQ13cqd02dop7Chkov0fPl4r3t.jpg,https://image.tmdb.org/t/p/w1280/kIXJRoqUdqU9AowvS7PqBqMK8N8.jpg
a83ed1aa57161e07bfc9fd05ccd977066867c1a445349d3d6c61ead0245566a1,538235,Beautiful Vampire,2018-07-13,2018,72,Lançado,The beautiful 500-year-old vampire who lived a quiet life running a dressing room in a secluded alley. There has come a fatal crisis to her. The smell of the boy who likes her constantly stimulates her vampire instinct which has been suppressed for a while,https://image.tmdb.org/t/p/w500/43IwKZITS5XS8uKuNmZVojfPRxP.jpg,https://image.tmdb.org/t/p/w1280/8G9SePAdBcT7G93infbz8fZHJq5.jpg
2a7bad30aec6da12f14bf723aaacad4bf9cb6697ea37722c28c9005aafc519f3,539178,Living The Light: Robby Müller,2018-09-20,2018,86,Lançado,"For her extraordinary film essay, Living the Light, Director and Director of Photography Claire Pijman had access to the thousands of Hi8 video diaries, pictures and Polaroids that Müller photographed while he was at work on one of the more than 70 features he shot throughout his career; often with long term collaborators such as Wim Wenders, Jim Jarmusch and Lars von Trier. The film intertwines these images with excerpts of his oeuvre, thus creating a fluid and cinematic continuum. In his score for Living the Light Jim Jarmusch gives this wide raging scale of life and art an additional musical voice.",https://image.tmdb.org/t/p/w500/zVoDODhgItHovC11TOdTASRqRYz.jpg,
bbf0f8d21c5bcd283794218f82b78ce4eb2a1a030da6856ed818b759af211a14,539257,Perfect Dream,2017-03-20,2017,111,Lançado,"A rich ambitious street mob lost his mind. He endanger his family members, so did his marriage. He had to pay back his fault, and look forward to that destiny was on his side.",https://image.tmdb.org/t/p/w500/9RJ1tPqNA0fkV4MKp27hEFVKIk.jpg,
d5fc1c00b1814c6e6a621d241e3a46f8eb3c516b9b8e0ed5cb6c0dc3a0cedd74,539660,The Unlucky Australians,2017-08-20,2017,57,Lançado,"In 1966, Gurindji stockmen & their families walked off the largest cattle station in the NT. Frank Hardy follows the story of the strike as told by the Gurindji people.",https://image.tmdb.org/t/p/w500/8xnvEhRhK7tJ6M5iBuxbbN9crHN.jpg,
b527961ea6b98d6e2da526167520e0a0d1a5b46c35ce1eb59869b78b900e1d49,539847,Waiting For Sunset,2018-08-04,2018,90,Lançado,"An old unmarried couple broke the monotony of their daily lives when the woman’s estranged husband reached out to them, seeking reconciliation and forgiveness.",https://image.tmdb.org/t/p/w500/lLlEaHOheFVK0JTxUiT5YbW5jvB.jpg,https://image.tmdb.org/t/p/w1280/gyYTCklnhSOpNIn915VAlZskj7w.jpg
23a1181b3eb2071939f774a09877c1ec92e6d1b66d262da9cd8f4d0cd6d82cc5,539990,Dear Ambassador,2018-08-02,2018,89,Lançado,"The extraordinary story of Luiz Martins de Souza Dantas, who served as Brazilian Ambassador to Paris during WWII. A largely unsung hero, he defied his own government’s orders by granting hundreds of unauthorised visas to Jews and others facing imminent capture and death.",https://image.tmdb.org/t/p/w500/hRbxEPqEMEHPMrjsmYQtntDf7Es.jpg,
6a55e418dc50922127eb101e0ba2150b3a6c8165095878f55a53ea80913d5119,540489,Garage Sale Mysteries: Murder In D Minor,2018-08-26,2018,84,Lançado,Sem descrição,https://image.tmdb.org/t/p/w500/833ohLA4lvx3ktYWKDGlUXgSeMR.jpg,https://image.tmdb.org/t/p/w1280/xQciXXaYAJnWv6wtzz6RGW8AJx.jpg
605be16f9b3faa8f0ae2553b676eb33add60480d7c03da169dc942efcbe5d397,540573,Garage Sale Mysteries: Picture A Murder,2018-08-19,2018,84,Lançado,Sem descrição,https://image.tmdb.org/t/p/w500/zI7jP6VWKkf4M3aq3KTDWgMyK7K.jpg,https://image.tmdb.org/t/p/w1280/35ZjYoDwCm6mjdZSvjz862fLCwx.jpg
cf099b2ccf5645aa1470916835a6dee7ee461ad66fdf027bd406f327336a80fa,540884,The Incredible Monk,2018-02-16,2018,94,Lançado,"The movie takes Ji Gong on another adventure as he fights demons to save the people. It was a time of peace as word of Ji Gong's limitless powers has spread throughout the land and no demon, ghost nor evilbeing dares to wreak havoc except for the water demon that occasionally causes trouble by way of flooding the river. One day, the water demon gathers other forces to create a tsunami that threatens that threatens to engulf everything on its way. Ji Gong steps up to save the day, but realizes that a bigger conspiracy is in the works.",https://image.tmdb.org/t/p/w500/udXA0QdDI5SrsN6Bb84ecWhVDw2.jpg,https://image.tmdb.org/t/p/w1280/hhpCIehrvvqscD01J4WsMTrU5Tf.jpg
417ca31a5d07e587f5d8d0fb999fce3342b48c0eb669baffb470e3479a24abaf,541386,Black Hole Apocalypse,2018-01-10,2018,112,Lançado,"Astrophysicists show how black holes might hold answers to how the universe evolved, leading to life on Earth and, ultimately, the human race.",https://image.tmdb.org/t/p/w500/r1y2dwUVRcNDmGbYoBGTycIY0Zp.jpg,https://image.tmdb.org/t/p/w1280/rPMFzfATrt5EK4NUT6nfdSBfCDr.jpg
7c9ff273a2fa2c2b4593e55c8d0f906e33aadcf1bb0cfe6606eee1f165945ba0,541666,Happy Today,2018-08-10,2018,0,Lançado,Sem descrição,https://image.tmdb.org/t/p/w500/4cdibPQ6x2r0nwcfKR6k9uYDEAs.jpg,
1381a1ccb9ab53e7d3c166fd60567b27324d322856fab32c8703d320e062a888,541973,Campfire Creepers: The Skull Of Sam,2017-10-05,2017,12,Lançado,Sem descrição,https://image.tmdb.org/t/p/w500/11tfcRpR6xTAKg19PEDtj9mt73w.jpg,https://image.tmdb.org/t/p/w1280/dOEsUclOlN95l0mmrlJOThzJMzC.jpg
8f2da2c7d6d5718f5578c29d8631d13a7ce5f7b93cc0cc9eabad8ca24e84ab19,542034,Our Departures,2018-11-30,2018,120,Lançado,"Akira is widowed and left with a pre-teen stepson. Travelling with him to her late husband's hometown, she meets her odd father-in-law and yet decides to make a go of living and working there. She attends training and joins the railway company where her father-in-law works and her late man dreamt of ending up as a child.",https://image.tmdb.org/t/p/w500/l8RRsa05gWE9cuxj18nySIyxgIn.jpg,https://image.tmdb.org/t/p/w1280/x0s1B7dcThC8LPp7Tr14752rDGA.jpg
1b5d4e39a1e03d167ab2da7caac029ccc5d651c54a256026efd65bfae7a94b58,542103,Sweet Yoyo,2017-11-27,2017,18,Lançado,Sem descrição,https://image.tmdb.org/t/p/w500/499WsTyc4CSIq4EV8nZAwtkswkC.jpg,
0821b10093d3242a3432628d1bebe9feb40d4fdf6608ef2a81114db26b36de68,542790,I Am Pepito,2018-06-01,2018,100,Lançado,"Humor, crime, action, drama, compassion and risk are the ingredients that this wonderful story uses to create a scenario that seems to be a dead-end and a worst nightmare, that will be resolved in the most surprising, unexpected and fun way. Taking Pepito from victim to supposed thug and from supposed thug to hero.",https://image.tmdb.org/t/p/w500/x72byZ2sfGfy8Z21bKlleWRUgq6.jpg,https://image.tmdb.org/t/p/w1280/y6VOOotbCJVMuTskEips4k2snh8.jpg
2f2c51834ccfd77ee45d587eb687f9f13475334fc8c8c26ce31f7110303fcc62,543335,Sylvia Plath: Inside The Bell Jar,2018-08-11,2018,59,Lançado,The story of Sylvia Plath's seminal novel The Bell Jar as well as the parallels between her life and the book. The film includes an exclusive testimony from Sylvia Plath's daughter Frieda Hughes about her mother.,https://image.tmdb.org/t/p/w500/c5jlI6FaVCnu3UPoovy3GN0vkyO.jpg,https://image.tmdb.org/t/p/w1280/nS98w3O7UECh7WBCR7WAGQDVFJQ.jpg
6cb58f2de97c0c8d60ba9b6cce6f7b0f2e053f45aff34277ea66d05960e4ae81,543533,The Luring,2019-01-26,2019,108,Lançado,"The Luring is about a man who returns to his family vacation home, where a murder took place during his 10th birthday party, hoping to finally resolve a memory gap that has been plaguing him for years.",https://image.tmdb.org/t/p/w500/qICtRBmviQlbG5KVS28ez2KIdBY.jpg,https://image.tmdb.org/t/p/w1280/o1uz5XUpfBjMAieMRC23OfBsB8H.jpg
e117113dc3992abe0edef00919fe5099ef10e1274c56b07d7c7e13d34280fbf4,544206,Waiter!,2016-10-05,2016,15,Lançado,"Mathieu, a waiter at the Abbaye's restaurant, will have to face the worst client he has ever been able to serve.",https://image.tmdb.org/t/p/w500/deUlCiKAsiOzYgYS4cP8OHdsFHh.jpg,
78e92b80784bb79025794cbdcda3bdba0a14c184e3afd9de8256a8d5ef207118,544307,Down There,2018-09-06,2018,11,Lançado,A blissful night is unexpectedly interrupted by a sound from downstairs. Different reactions are triggered as well as the relentless indifference.,https://image.tmdb.org/t/p/w500/85iV9SABUycq7z4ooCZZxZMO4HU.jpg,
38b1ae512e4422333c5a8940edbd040f9aeefea0e02185a391997745ddd68620,544372,Saving The Tin Man,2017-07-01,2017,99,Lançado,"Saving the Tin Man is a story about survival told from the perspective of four people, all doing their best to find light in a darkened world. Four stories. Four struggles. Four people colliding together in a last minute effort to help save the Tin Man -  proving that even when the odds are stacked against them, the power of faith prevails.",https://image.tmdb.org/t/p/w500/1HfHGrcLPPyTNLVJQSj60hUOIE5.jpg,
00140cb793cbe495d1d3b88bb8ca98dbbd69cf51c8fd68997c1d0b6af647abee,544385,The Sweet Requiem,2018-09-09,2018,91,Lançado,Dolkar is a 26-year-old living in exile in Delhi. An unexpected encounter with a figure from her past sets off a flurry of memories she had long repressed regarding the journey that brought her here.,https://image.tmdb.org/t/p/w500/A1LxNAjMXop1vjoeO2DNEn1Y8Hi.jpg,https://image.tmdb.org/t/p/w1280/LnlGm2FlZ4th5F5mupbT1RQ5zb.jpg
2c7fbf0674f659a8f54fa9931f22be9a8ba5fe34f7e816a106b6bdb9849e9f1f,544451,Riscados Pela Memória,2018-09-09,2018,21,Lançado,"The owner of a record store, amid a purchase of second-hand LPs, is faced with something that goes far beyond a trivial acquisition.",https://image.tmdb.org/t/p/w500/cVCx8Uk4ildjRk685uWSFeHXw5b.jpg,
8f0e0a432640d89ecabc985159f6636c81d63b03e6fa5889c1e3875c2dcb1118,544464,For My Cat Mieze,2018-08-31,2018,25,Lançado,Cat-loving veterinarian Francisco finds a curious way to deal with homophobia in his town.,https://image.tmdb.org/t/p/w500/z91gfckhILPwaKawKoySpx8iOVL.jpg,
2b93fb04670d4876ba7a4afdf37af0fd12b4dcdd04764dcff6027d4b47c15764,544610,Oz Land,2018-10-26,2018,105,Lançado,"Kurumi is hired at a high-end hotel, but is instead dispatched to work at fun fair that is connected to the business network. The new work is out in the country and there is not much else to do or places to go. The go-to employee is one Yoshiko. Kurumi wants to be successful and valued and is eager to learn from Yoshiko. All is not as it seems on the surface however.",https://image.tmdb.org/t/p/w500/6Q0dBOSh3sQz4ncR1KLH0XWAZGa.jpg,https://image.tmdb.org/t/p/w1280/6w4iRK6mVvn8gh8dttdqfkevltJ.jpg
22ac6b0801fbf237549faedd2a325e141dba625013b3f815fb878a06d0e44fe6,545283,My Unknown Soldier,2018-08-16,2018,79,Lançado,"How does it feel like to become an occupier without your own intentions? With known but also never published archival materials from the whole Europe and Russia we tell a family story of the director Anna Kryvenko about how the big politics is destroying the lives of ordinary people. Just couple of years ago the director found a family secret of her grand-uncle who came to occupy Czechoslovakia in 1968 as a Soviet soldier. When searching for grand-uncle's story the author touches themes like fragmentation of personal and national memory, inherited guilt, interpretation of history, media manipulation, relationship towards nowadays Russia, but also relationship of Czechs and Slovaks towards foreigners - themes very actual in our times.",https://image.tmdb.org/t/p/w500/wNfwuwLD87G9C2GuVha7hmfxm4e.jpg,https://image.tmdb.org/t/p/w1280/wyy6DlbZNzVNPQcQy4mYpnC9bKI.jpg
1cb722172d045f40ac61470f4c4d6f6c31ead6f08c4f1515be7b6b2a1d3aa71b,545620,Genius,2018-08-24,2018,164,Lançado,"An orphan, with a brilliant mind, joins RAW and is burdened by the killing of his entire team. Until he doesn't avenge their death, he can't live in peace with his love. So, he hatches a genius plan.",https://image.tmdb.org/t/p/w500/68J4oVTTAVynEI4kpdO7Wulrr1e.jpg,https://image.tmdb.org/t/p/w1280/q0TcgVbZVyWJCbgyhR00sMTbJJn.jpg
e8d7718c69c2a0e4e735fd2d53f5359ec561101e6e0e823900375f04313570e5,545833,The Imminent Immanent,2018-09-09,2018,15,Lançado,"As a typhoon bears down on a sleepy rural town in the Philippines, strange events and even stranger behaviour foreshadow the watery catastrophe to come.",https://image.tmdb.org/t/p/w500/b1H0aOEh8FCVLaBlffhvHwhJ2FK.jpg,https://image.tmdb.org/t/p/w1280/dvYUxiveMsk6AynyK1pZMr7bSWP.jpg
c65cbce3a845b156dc3cc1056876a31798e67ffcbe605310cd63e16c75ad7736,546776,Bavure,2018-09-09,2018,4,Lançado,"A humble paintbrush assumes unprecedented powers in this bravura display of eye-popping, mind-bending, and body-morphing ingenuity.",https://image.tmdb.org/t/p/w500/u01RJNu1bgjWVenWyyX47UkUCQK.jpg,
c5ecbe282153cf13c54a96f2ca99a0ab64c145f2b4175281119a44d30a6cf133,546898,Shadow Fighter,2017-11-19,2017,99,Lançado,"A homeless ex-boxer and an inner-city kid's unlikely bond, helps them face their future, while fighting the tragedy from their past!",https://image.tmdb.org/t/p/w500/nrAMBDxUr6Lw9Ovb7YAoCX4ReHT.jpg,https://image.tmdb.org/t/p/w1280/3a4iuzvp8HENaYRVzClbtAmeM03.jpg
5892bf588be4858d450f11b7239b3357b0be59b459798adc7439c07964cd6ce9,547073,3:36,2017-09-28,2017,14,Lançado,"At the darkest hour of the night, a young woman takes shelter in her bathroom. Haunted by nightmarish visions, she slowly loses her sanity to memories she won’t accept. What reality lies beyond the mirror?",https://image.tmdb.org/t/p/w500/5RfDxE2gCpW0R9SjEcMQPhuCo9B.jpg,
54d9bc1561728cdc0d85c37956abda86c739919ee08c2943d5f9f229f666f55f,547079,Mystery Box,2018-10-07,2018,10,Lançado,"A woman on vacation on a small island outside of Stockholm finds an old metal box in her fishing net. Leaving it in a shed nearby to dispose of later, she soon discovers that some mysterious artefacts are better left at the bottom of the ocean.",https://image.tmdb.org/t/p/w500/jkQBsfsnaV5Qgfsg7VaUiSTAB4H.jpg,
ffffc9a0c08c76ad36c5d2fe3a4257c8722d6999ba9ba2405253e32767480982,547311,Moonrise Over Egypt,2018-03-22,2018,112,Lançado,"In 1947, the Indonesian first diplomatic mission arrived in Cairo without passport, to gain recognition over Indonesian sovereignty. They were having series of tackles, which putting the fate of Egypt and Indonesia in the hands of traitor.",https://image.tmdb.org/t/p/w500/lSnx9PgUw6X5DGAhxmN9UC0j7BF.jpg,
9c417609301ef3eef138db8c706b0616923c8f20c02ff70e23346674dc8a20ff,547449,Sweet Steel,2019-03-08,2019,5,Lançado,A depressed man puts off an important task.,https://image.tmdb.org/t/p/w500/lK5hUUfavjhBDjNYLmYAumabDIC.jpg,https://image.tmdb.org/t/p/w1280/rKEtg33UtAwiVyEYETmmzTRhr7N.jpg
5e6e8d202b0738f8a083d915f83c315cec482a19462a8239600d33763d50afb8,547465,The Substitute Spy,2016-10-27,2016,0,Lançado,A group of kids obsessed with playing video games mistakenly uncovers a plot by someone in their school to control the world.,https://image.tmdb.org/t/p/w500/ge7SanqLJjA7G5wvMwlLLNii1ss.jpg,
cec729899b32708b27c7e4923943c2253b0ce0c722910a2189f364f1a0940742,547565,The Night House,2021-07-15,2021,107,Lançado,"Reeling from the unexpected death of her husband, Beth is left alone in the lakeside home he built for her. Soon she begins to uncover her recently deceased husband's disturbing secrets.",https://image.tmdb.org/t/p/w500/rqs2CXpc4d5FzeP1EZCYItAVo81.jpg,https://image.tmdb.org/t/p/w1280/qbQ219gsHpdx33WSfdCgG9I2Xg5.jpg
db8218c72021069137d9b60ae3c0871628c4c743cbcf20b1f392aba4d29bc67b,547768,Mitron,2018-09-14,2018,116,Lançado,"Jai (Jackky Bhagnani), born and brought up with middle-class values, has a ‘take it easy’ approach to life. Since he doesn't believe in herd mentality, he and his two best friends, Raunak (Pratik Gandhi) and Deepu (Shivam Parekh) start looking for unique ways to make it big in the world. During this trial and error phase, Jai realizes his dream. But his decision of choosing an unprofitable career path doesn’t go down too well with his father (Neeraj Sood), who has bigger aspirations for him. Therefore, in order to bring stability in his life, his father decides to get him married. Destiny, however, has something else in store for Jai, when he accidentally meets Avni (Kritika Kamra), an ambitious, MBA graduate, who wants to start her own business. Set in the backdrop of the Gujarati milieu, the film traces Jai and Avni’s personal journey, as they both find themselves and discover the true meaning of friendship in the bargain.",https://image.tmdb.org/t/p/w500/3mk2MT5w15IeGHGwFrvUtozrjEU.jpg,https://image.tmdb.org/t/p/w1280/6eoOK3C8KsmjQq0gjUzZMHJOQJh.jpg
98535ab34e2dbd96a00c445a76a45ec76f5b5bf9fbac05db5e18e5cfda6c6bdf,548029,Frank's Joke,2018-11-19,2018,6,Lançado,"Frank told a bad joke at his new place of work. Nobody laughed. Now at 3am in the morning he is unable to sleep as he obsesses and ruminates over this social faux-pas, leading him to ponder on the nature of memory itself.",https://image.tmdb.org/t/p/w500/slvQ5hKejLEkyQ9db5lprikG9qY.jpg,
a4a23eccdd3f5c86a9e97f0907f3f70e3b050a59c1e032aeb6b0f8cb671705bc,548784,Hell Girl,2019-11-15,2019,107,Lançado,"Tormented and bullied people can access a special website, run by a Hell Girl who will enable them to take revenge on their torturers. The price for such a service is only that the person must join their torturer in damnation.",https://image.tmdb.org/t/p/w500/ejR46fMxskeUvAwvybmO5KwPQjq.jpg,https://image.tmdb.org/t/p/w1280/1hiJi4OGKnpAlEZBdvRV1Y7WVFQ.jpg
03456645e2d97e1ed17c44bd1a1197cd85bc0bd5e20fc4656b8b39216e59f68b,549339,Three Days Of Glory,2018-04-27,2018,72,Lançado,Sem descrição,https://image.tmdb.org/t/p/w500/82Cllkk6aeuOhw6rI6XuJBw1ZN8.jpg,https://image.tmdb.org/t/p/w1280/f7pGtRIrPG8PxtU22BPAiXISsw4.jpg
aaede2145068e3dbaafaec7d7ee17e23ef9cc8b73cf599253609452da6060061,549352,Grit,2018-04-30,2018,80,Lançado,"When Dian was six years old, she heard a deep rumble and turned to see a tsunami of mud barreling towards her village. Her mother scooped her up to save her from the boiling mud. Her neighbors ran for their lives. Sixteen villages, including Dian's, were wiped away, forever buried under 60 feet of mud. A decade later, 60,000 people have been displaced from what was once a thriving industrial and residential area in East Java. Dozens of factories, schools and mosques are completely submerged under a moonscape of ooze and grit. The cause? Lapindo, an Indonesian company drilling for natural gas in 2006, unleashed a violent, unstoppable flow of hot sludge from the earth's depths. It is estimated that the mudflow will not end for another decade. Shot over the course of six years, GRIT bears witness to Dian's transformation from young girl to a politically active teenager as she and her mother launch a resistance campaign against the drilling company.",https://image.tmdb.org/t/p/w500/gRukAy5IYE9duzbkITrLXW8OZxO.jpg,https://image.tmdb.org/t/p/w1280/9Gy5VEVxTpWE8wRMAmsg6xqdTI5.jpg
1e45e110e150a8ec63c054c43a162e07b9242512784a0d7fde5ddbe033b07453,549536,Death Zone: Cleaning Mount Everest,2018-04-20,2018,101,Lançado,"A team of 20 elite Nepali climbers venture into the Death Zone of Mount Everest to restore their sacred mountain and the contaminated water source of 1.3 billion people. They ascend the highest point on the planet to the 150 bodies of deceased climbers and 100,000 pounds of rubbish that remain on the high slopes of Everest. This is the self-documented story of their life-threatening journey.",https://image.tmdb.org/t/p/w500/uPJqxKhkUyiJoNCN2jd6oHxRZRl.jpg,https://image.tmdb.org/t/p/w1280/2nfchwpkSc1FV2LbFEdoDWrC2Sp.jpg
1bcb087a4e0f683a2aeac7721ca8a9cbc9f845ccc1b0a2abf17563da9163c60f,549732,Ego,2018-01-23,2018,13,Lançado,"Confused and disoriented, Marie wakes up after a serious accident in the middle of a snowy forest. Not being able to inform the emergency services of her position, Marie struggles to survive until she discovers a note depicting her fate in a whole new light.",https://image.tmdb.org/t/p/w500/9Jg1BjGzSguFtfmy1DhMQE3XEfj.jpg,https://image.tmdb.org/t/p/w1280/3qKQRjaaFnvbGwlYN4MiKdxvKgJ.jpg
a478c5b687e94908a3e07e442100dc71760652a7f2f21365d0cc50fbc9117fa5,549736,The Beaning,2017-11-11,2017,9,Lançado,An experimental documentary exploring a sinister theory surrounding the death of Cleveland baseball player Ray Chapman in 1920 and the subsequent rise of the Yankee dynasty.,https://image.tmdb.org/t/p/w500/sM6rRcmRCrk3rwHDgrjc5L6alxw.jpg,https://image.tmdb.org/t/p/w1280/odgDBoMZ0uguuAQZMVD2ArSTRsV.jpg
f3708472807aecfa55b5e47b1fd7d552ed373aec9ca65155c08e73d40cc32549,549766,Spook Train: Room Two – Cell-x,2017-07-27,2017,10,Lançado,"""The second instalment of the creepy horror anthology claymation series """"Spook Train.""""""",https://image.tmdb.org/t/p/w500/2WVhivGlUBP0CpU36oqnHo9iMbd.jpg,
9c6ecd6f619dd58938f6499c1117f89ff11b705d10ab5898ad7522e7e9cf483f,549990,The Real Thing,2018-05-01,2018,55,Lançado,"A smaller scale Eiffel Tower and the Champs-Elysées can be found just outside Shanghai; a copy of St. Peter’s in Rome can be found in Yamoussoukro, in the Ivory Coast: a journey over three continents to see the architecture of imitation, the uncanny world of the fake.",https://image.tmdb.org/t/p/w500/oJDneIRRuLFjIfwcmWbFkX1Rqnn.jpg,https://image.tmdb.org/t/p/w1280/n8eKjcO5Bx69x4mTwDsRyS1abSi.jpg
d16659581d92c33089478882bdb8d16f6023dee806a27a120ff6e67d909e8c17,551602,Sorry For Your Loss,2018-09-21,2018,100,Lançado,"When a new dad has to return home to bury his estranged father, things take a turn for the complicated when the dead man's final wish is to have his ashes scattered on the field of his favorite professional sports team.",https://image.tmdb.org/t/p/w500/qnzov4Gn2YU97GxwOtk2Qk7LFa4.jpg,https://image.tmdb.org/t/p/w1280/ceLl5Cf8DOPcT8J9PNsICvHo1P2.jpg
ba7633b34de54ddf6519fd5c6fc1d140f62683268495e7b1463b327a85f3132a,552161,The Art Of Murder,2018-10-05,2018,90,Lançado,"When art gallery assistant Kate Miller meets the heir to a run-down estate, she stumbles upon a previously undiscovered masterpiece, and finds herself thrust into the high-stakes auction world of priceless art. But those high-stakes turn deadly when the painting's integrity and authenticity come into question. Kate and the gallery soon discover they're caught in the middle of a million-dollar conspiracy. As the auction date closes in Kate finds herself in mortal danger when a desperate stalker will stop at nothing to keep the truth from coming to light.",https://image.tmdb.org/t/p/w500/aFBG5IqTSoNXUeTVtSWUL2WUuuW.jpg,https://image.tmdb.org/t/p/w1280/6WwIVI5plUNGazTbJ3bKDBOI75H.jpg
47521ef32e87485170e1d1444d5ec2c74e4a5c9e35c692e4c99ea1293ce0e4af,552472,About A Donkey,2018-05-19,2018,77,Lançado,"The trials and tribulations of the Owens family. Ann is depressed, her children are a mess, and her husband just bought a donkey.",https://image.tmdb.org/t/p/w500/ezTnhgkE998LqAIyZBtoX5dGjo4.jpg,
591ab035b3b8e94c2855b8081921f99da3c4f02c66ef8559c375a426c773e041,552619,Double Twisting Double Back,2018-10-12,2018,101,Lançado,"A year ago, Badger is one of the best gymnasts in the Philippines. He wants to be the very best, until his reckless best friend sabotaged his athletic career. Now, Badger is miserably working as a distributor, selling alcoholic beverages to the managers of bars and supermarkets. To his delight, Badger receives a new opportunity to pursue his quest to be the best Filipino gymnast. He immediately resigns from his job. His reckless best friend, who fulfills his desires through this job, gets pissed and vows to stop Badger’s dreams once again.",https://image.tmdb.org/t/p/w500/qde4teFPSEsqD1UGqXlX9upRu9z.jpg,
fe7e03d62968232dc231b37d13a1f4b70a8813e470bfbfd4f9bfaef1d0dfd920,552872,Legal Action,2018-10-08,2018,97,Lançado,"Big-city lawyer Casey McKay, is drawn to a small town by his ex-wife to defend her brother, accused of murdering a DA. He discovers a web of conspiracy that puts him face-to-face with the town's most corrupt land developer, Mr. Gates.",https://image.tmdb.org/t/p/w500/pGmBI258wWc9QA96YQpWXTWFdPQ.jpg,https://image.tmdb.org/t/p/w1280/5Cdvg63o4y1Do3vdR50OPUiIrQ3.jpg
26865b801c047cc686d68f63975eef675804b880d814492ff0d3653be730d645,553082,10 Days Before The Wedding,2018-08-20,2018,122,Lançado,"A number of obstacles stands in the way of a young couple as only 10 days are left for their wedding, each obstacle is in one way or another caused by the aftermath of the 2015 war in Yemen.",https://image.tmdb.org/t/p/w500/fMC7URmu0NuKHUznzFZ0n1CpqgO.jpg,
a42c85abfa2481166cd4b67462b81b3af44b43606cbdce16032c302ea1f58938,553154,The Red Goodnight,2018-09-15,2018,82,Lançado,A young aspiring boxer is lured by a powerful impresario into a dangerously compromising situation.,https://image.tmdb.org/t/p/w500/22WEyse5WdG0hMJLLJU6kyo9Pl0.jpg,https://image.tmdb.org/t/p/w1280/ySKcyb0wMAyCZN3atD8tauyfwew.jpg
882398ed07767628411aa330aab6b3f36e0f5a41b22e6a17475c87cc8d2a633f,553366,The World's Biggest Flower Market,2016-05-27,2016,58,Lançado,"Cherry Healey and Simon Lycett, florist to the Royal Palaces, tell the story of how the flowers that we buy travel from all over the world via Aalsmeer Flower Auction in Holland to reach us in pristine condition.",https://image.tmdb.org/t/p/w500/XD3b03NKWAs4chlBhWpXJJDWp4.jpg,
265c804c8a0de8bd4b3e2194156823204aa081d4dcbd5314463c413dd3d9f6df,553674,Chivas: The Movie,2018-10-25,2018,111,Lançado,"A documentary that chronicles the recent years of the famous C.D. Guadalajara, a Mexican football club commonly known as 'Chivas', their ups and downs, victories and struggles.",https://image.tmdb.org/t/p/w500/go1s43XbczYq84vVwZGCg0IGKKW.jpg,https://image.tmdb.org/t/p/w1280/od11l7FqQolXChqj1awV0ROz9lw.jpg
259ae67455096ea5ba59fc8455957a87d2e020d4b7448198cdb24d23a6bdd2dc,553884,Glass Jaw,2018-10-26,2018,98,Lançado,"Glass Jaw is the redemption story of Travis Austin, a one time champion boxer who goes to prison and loses everything. After his release, he experiences the trials and tribulations of redeeming his reputation, his belt, and his true love.",https://image.tmdb.org/t/p/w500/kkrI87cjUIny32LB0nEIojVhMx0.jpg,https://image.tmdb.org/t/p/w1280/2bkkKlk6GuEYZ4DL7mfSGSvxyB1.jpg
f6af7204aff5d40e127ffd7b1b519f755542d05c8657d19d5a555dd2e894eb74,554727,The Dinner Party,2018-01-01,2018,70,Lançado,A romantic dinner for two goes awry when the host's long-lost brother crashes the party.,https://image.tmdb.org/t/p/w500/du5DwbNsqbSxaDncmAVypoXca5e.jpg,
ac3fae8f980011448b4a3c92ff16b0a88f3f37de557a04e406cdbbc595d0142c,555628,Cecilia,2018-01-27,2018,7,Lançado,"Set in a medieval village, Cecilia follows the story of a young woman wrongly accused of witchcraft. Cecilia's psychic visions set the tone of the thrilling and bizarre experience of a classic mind expanding and occult thriller.",https://image.tmdb.org/t/p/w500/tCavMcDMqJwLFee1mow2GkawV3f.jpg,
3e835b89411eecdaf077aee8d8a81098529691815b70e7daba1666854ba9a2b8,555745,Dinner,2016-11-11,2016,105,Lançado,"Mike Okafor is invited by his childhood friend and buddy, Adetunde George Jnr, to have DINNER and spend the weekend with him and his fiancée Lola Coker as they plan for their upcoming wedding. Mikey decides to come along with his girlfriend Diane Bassey, as he plans to propose to her. Things get out of hand when they arrive at Adetunde's house and they get to find out secrets about each other's relationship and the one person in the middle of it all.",https://image.tmdb.org/t/p/w500/192PNJz0xkZzzHYdmoChnuBhY0a.jpg,https://image.tmdb.org/t/p/w1280/eoTeKlMWpR5AXTfslYl3qAoZGY7.jpg
ff85072663e9b7b71a7bb566b3f3094cfddffaaffc5a3247cfb68397e31eec95,556268,The Invocation Of Enver Simaku,2019-04-26,2019,93,Lançado,"Albania 1997. Some ghostly, deteriorated video footage keeps Julien awake and obsesses him every night. Almost two decades after the murder of his wife, Angela, Julien returns to Albania with a determination to investigate her mysterious death, amidst a sea of impossible records, police files and visions of Beyond.",https://image.tmdb.org/t/p/w500/a5i24slI65BvwdqBrPbEMigTVEr.jpg,
f0b23de1aafb6924de68597ca5c49869e43e9cd96a6285affa372b1777b7dafb,557276,Wong Fei-hung : Return Of The King,2018-12-18,2018,80,Lançado,Sem descrição,https://image.tmdb.org/t/p/w500/nxExp9u7BgNZ3IEMhfNeqtpA4n2.jpg,https://image.tmdb.org/t/p/w1280/ilFAZvFODChYl9bdPVljcj9IDB4.jpg
6e106f1e8cda1d07ab083399ad34142d8eaf605ca33086d57f369bd77f9ac7c4,557642,Cattle Hill,2018-10-19,2018,66,Lançado,"Klara, a young city-calf, dreams of becoming a big star. One day she receives a letter from her father, Mosk, who wants her to visit his farm. Her mom says Mosk is a rock star, but when Clara arrives, she discovers her father is only a regular apple pie farmer.",https://image.tmdb.org/t/p/w500/mayuqqmGomL20KhBvMh6XwWvMpk.jpg,https://image.tmdb.org/t/p/w1280/jIvNJgdmg8joWKyjE4hB7MOYnWZ.jpg
3ea9bb74586116d079ff3f98beecd9373c903df814f9037e8aab884c62fb7a3b,557766,Feline,2018-10-30,2018,75,Lançado,"David has found what appears to be the perfect summer job as a grounds keeper on a lavish country estate. He has the summer to himself and the opportunity to contemplate the next stage of his life. Only David isn't alone. When he meets James, a charismatic manipulator; and Grace, the beautiful, enigmatic but complex daughter of the homeowners, David's solitary summer begins to darken.",https://image.tmdb.org/t/p/w500/ziNKypfTq6BNK42JY737hp2pUww.jpg,
961bc9aee4ae7b414dd653acc71e7ed205beaaab9dd06fe3827f8bf9f6aead96,557828,Belmondo Ou Le Goût Du Risque,2017-12-05,2017,52,Lançado,Sem descrição,https://image.tmdb.org/t/p/w500/1UXw5OpbtTk33kA4Lqki03w01BM.jpg,https://image.tmdb.org/t/p/w1280/x5ejCLLNkE69ZEjL3ue4NYfcEna.jpg
60e8712211aad6af8a40f397d489b1f19dc7ed72a37c60f6014837fec98e3481,558466,Trezor,2018-11-04,2018,75,Lançado,The police hire a convicted bank robber to crack the Ministry of Interior's vault during the final days of the 1956 Hungarian Revolution. But what they find inside is quite different from what they were expecting.,https://image.tmdb.org/t/p/w500/4vEeCEPDQ8lO30i7RwVSPaNGF4x.jpg,https://image.tmdb.org/t/p/w1280/nyov1VkTKOju8NelgeVoCckQvNa.jpg
bf362b0567995b866ecf1e9291b700ca7d3cd037b9cdfa5eefc04debb78150a9,558886,Endling,2017-02-25,2017,30,Lançado,"50  years  ago,  600,000  people  worked  in  coal  mines  of  Germany. The last active pit Prosper Haniel will close in 2018.  Armin Kobzcik has been a produd miner all his life. But now he  is  forced  to  quit  his  beloved  job  as  the  last  cole  mine  in  Germany closes.  Armin  is  not  just  losing  his  job,  but  his  identity.  A  working-class hero only defining himself over his ability to work wants his life to be of value one last time.",https://image.tmdb.org/t/p/w500/bIo76UvhwZDC1MaYb3ArEbfTanH.jpg,https://image.tmdb.org/t/p/w1280/aUAvhpcNMBgfpiqLPOp9a6s1dZa.jpg
0d8c672f99caeb5db75ee41e32a8039393ac8167b40e99962b7b788c21edf260,559150,Don't Be A Dick About It,2018-11-15,2018,69,Lançado,A hilarious and beautiful portrait of two brothers growing up. The film follows the brothers around for one summer capturing the nuances of pissing each other off.,https://image.tmdb.org/t/p/w500/2tvZUNmdeCMFZLuNGs9pFbPg6j5.jpg,
97b8634a8137c5e8da68511248f29bef2003fd802e7681566877a6ec3558a2a2,559395,The Long Shadow,2018-10-26,2018,84,Lançado,"When filmmaker and investigative journalist Frances Causey, a daughter of the South, set out to explore the continuing racial divisions in the US, what she discovered was that the politics of slavery didn't end with the Civil War. In an astonishingly candid look at the United States' original sin, The Long Shadow traces slavery's history from America's founding up through its insidious ties to racism today.",https://image.tmdb.org/t/p/w500/9PhkFsEHncCeTzgjXD2C8hlAmBG.jpg,https://image.tmdb.org/t/p/w1280/9gb2Mz91yhisPophNeE6uVCgNso.jpg
043efe77fcce3926f7d9adfd0dfdbc57d74e3a03ff104897ae2cc6a2422022f3,559445,My Moon,2018-02-03,2018,9,Lançado,"My Moon is about Earth's relationship with Sun and Moon. The story revolves around the sad nature of the way they have to co-exist, as Earth needs both emotional and practical values from both the Sun and Moon.",https://image.tmdb.org/t/p/w500/ewgnhCBz6zdp6mqC9LkgvbOiiCt.jpg,https://image.tmdb.org/t/p/w1280/cYRESZz2tNVz7u2269RnjzbXYaN.jpg
43f6253bab7dd61e461474761f887e425a31f7141dda0149ddfc5c51025ba66e,560057,The Sea Beast,2022-06-24,2022,119,Lançado,"In an era when terrifying beasts roamed the seas, monster hunters were celebrated heroes. None were more beloved than the great Jacob Holland. But when young Maisie Brumble stows away on his fabled ship, he's saddled with an unexpected ally. Together they embark on an epic journey into uncharted waters and make history.",https://image.tmdb.org/t/p/w500/9Zfv4Ap1e8eKOYnZPtYaWhLkk0d.jpg,https://image.tmdb.org/t/p/w1280/wUwizGzbTk5CTiKBnE4Pq1MONwD.jpg
1c888e0cf0169b9421ee04f1c407858bfb9a88e7b84e7f75ff75c86beeb01cf3,560441,They Fight,2018-11-11,2018,75,Lançado,"Coach Walt Manigan mentors young boxers at his after-school program in Washington, D.C.'s Ward 8.",https://image.tmdb.org/t/p/w500/a2B9gCTpb8w7LdfvHwrTEyphSrX.jpg,https://image.tmdb.org/t/p/w1280/4fh7IlR0S49RoH19NivmmmdJvbv.jpg
97aa579aeb9030fd643bf4198e6c8d32bfdf31a77f96bff15eaa2715d991cf24,561032,Cravos,2019-04-19,2019,106,Lançado,"Three men united by blood and art. The photographer Christian Cravo travels through Africa while mourning for his father, Cravo Neto, icon of Brazilian photography, and facing disagreements with his grandfather, Cravo Junior, icon of modernist sculpture.",https://image.tmdb.org/t/p/w500/k7s0l5s8XyaNUVAtZRuttIs0H0h.jpg,https://image.tmdb.org/t/p/w1280/v3rOQoqbUqShU6OJsKAJiHr1JlX.jpg
86c98b7fffc04de5ae2a1499174d5c9b77d9482339b3cf932df59a57d1b0a598,561327,Wildland,2018-09-15,2018,77,Lançado,"Filmed over one fire season, Wildland is a sweeping yet deeply personal account of a single wildland firefighting crew as they struggle with fear, loyalty, dreams, and demons. What emerges is a rich story of working-class men — their exterior world, their interior lives and the fire that lies between.",https://image.tmdb.org/t/p/w500/hDAfKC9ynWIbkxoewq6KKng1qZ4.jpg,
68983c8547cc008a88d2ff09a2f119d8962eebb28a837faa843a2a723d81cc9a,562243,Ex-girlfriend,2018-11-05,2018,8,Lançado,"He gets in a taxi to see his ex-driver and understand that everything that happens is part of her ingenious plan. A girl, she is a hero who once threw, from her stupidity, could, according to her, “bleed” her intellect and gracefully use it. That's just what she really wants - to avenge or return the beloved?",https://image.tmdb.org/t/p/w500/WXlpzzNuoX1yfcEWAt6YZ1g08o.jpg,https://image.tmdb.org/t/p/w1280/dJ3mG42JgOQJ2BORT6vE1QGF7bf.jpg
e3e342024dd9a1b6b587a353ad58a01d3735a55ca0dda3c77fa76d5020577998,563673,Meltem,2019-03-13,2019,87,Lançado,"One year after the death of her mother, Elena, a young French woman of Greek origin, returns to her holiday home on the island of Lesbos. She is accompanied by her friends Nassim and Sekou, two young suburbanites more used to the benches of the city than the paradisiac beaches.",https://image.tmdb.org/t/p/w500/zRXiPktynTKblt3zpQWkK7F3f6K.jpg,https://image.tmdb.org/t/p/w1280/2YwDlkHyrbPOgThapFmFYtjnHEP.jpg
84a39769de9ae56506a21f78c24b24ff0a267e591d7701043759c305be5932d2,563705,Vallikudilile Vellakkaran,2018-11-09,2018,108,Lançado,Vallikudilile Vellakkaran is a Malayalam movie starring Balu Varghese and Renji Panicker in prominent roles. It is a comedy drama directed by Mr.Duglus Alfred.,https://image.tmdb.org/t/p/w500/e9YTVyIstFkqHpqFk5bqe9eBPhm.jpg,https://image.tmdb.org/t/p/w1280/igLDuz7qPeIhNS4U27fJTZT52R6.jpg
d3344ced5ac63afe7d0ac1133ccec0cfbdf35b2a61ff60bc5257b4eb5138521a,563707,Ladoo,2018-11-16,2018,121,Lançado,"A couple decide to elope and get married instead of having a formal wedding with family and friends; however, when friends get involved, the plan spirals out of control.",https://image.tmdb.org/t/p/w500/idymph4YoveFBSrseopgfCl7uIm.jpg,
365dfaf48a966b2048e88c194b3d1b007dda1b735f6417c4da126f775c12eb26,563848,The Promise,2018-11-23,2018,104,Lançado,A talented rural student struggles with his teacher and fellow students.,https://image.tmdb.org/t/p/w500/d0RrPmXKMFidhMBDYm9jxfP2Qrh.jpg,
9c14f2ea133196203c1d64c1679937e4639fa1c92840ac05070d467df68a80bd,563965,The Bride With Painted Skin,2016-11-11,2016,82,Lançado,"After the death of princess Hanyang of the southern Tang Dynasty, she turned into a skeleton succubiness, who borrowed the first beautiful woman in the south of the Yangtze river, Ximen Yan skin, and transformed into a young woman with a charming an. Scholar Wang Ziyu encounters the skeleton succubus that incarnate Ximen Yan accidentally, see admire, knot Qin Jin in all. Unexpectedly, the bride is hiding under the skin of demons. The wife Chen Ying that is driven out of a house prince jade, see Wang Jia encounters evil spirit misfortune, invite exorcist path grows urn and its apprentice small steamed stuffed bun. Kill the skeleton banshee on the earth, the exorcist Daoren who is bent on behead, and stage a battle of love and hatred between people and demons.  The film is based on the Chinese classical novel Liaozhai Zhiyi.",https://image.tmdb.org/t/p/w500/gmXYZj0HMWtnBYSmYDpM7ezmnmP.jpg,https://image.tmdb.org/t/p/w1280/cweanb8ydX5V05z9WU5tyLV16NA.jpg
c85de25611d382d2cbae039c4f401dd4a2a4a2f75afe2c9003ce730aea79b0c1,564113,Steve Lemme & Kevin Heffernan: The Potential Farewell Tour,2018-12-04,2018,0,Lançado,"Steve Lemme & Kevin Heffernan are back with their third stand up special. They share laughs, chug beers, tell stories from their films and reveal private secrets about each other covering everything you want to know. The jokes come fast and furious in what could “potentially” be their last time on stage together!",https://image.tmdb.org/t/p/w500/AgvhZvpbO6sUKTb2wVjigFfry1H.jpg,
89ddf274801ebec39855170466ac6c286b830e5ffbeef771b474d477e7ed10a1,564414,The Jerry Show,2017-10-15,2017,9,Lançado,A man struggles to live with Hitler between his legs.,https://image.tmdb.org/t/p/w500/iYBMpaOrIJEMe45BjLryZQ2CJlG.jpg,https://image.tmdb.org/t/p/w1280/9EXFYmzHqJSg4Ibocmlwe74CrwA.jpg
e93a2c51117bf8bb871d9ddd66262322f69e3180ab51765ad673118843f89f25,564446,Hellbound,2018-11-13,2018,69,Lançado,Two reckless bikers take a nightmarish journey through the mountains. Shot entirely on black and white 16mm film. It invokes the aesthetic of the classic films of the 1970s.,https://image.tmdb.org/t/p/w500/1c9os1zQi5X0hey7J9PKGBGFYHm.jpg,
a33adc27296d7f54a1efdbb29eb60196f342cbc40db5f08cf910281cd63daba3,564896,Nous Quatre,2016-09-28,2016,0,Lançado,"David has a disease requiring a bone graft, for this he must find his real father. To find him, he calls on three friends he has lost sight of. They will live adventures in a journey taking them through Belgium.",https://image.tmdb.org/t/p/w500/wcaeVDGGAeJf732PuDZYYuWF2Ui.jpg,
38017229f9c2cad2dc07efdb66abadcc0613aafec406e28c24acdb3786429964,565244,Curse Of The Slasher Nurse,2017-10-13,2017,92,Lançado,"A group of friends head out to a friend's cabin in the woods for a weekend of drinking and partying. In a secluded paradise, the friends start to unwind and it looks like it's going to be a weekend they'll never forget. But when a scary story about a deranged psychopathic woman dressed in a nurses outfit becomes more than just fiction, they'll have to fight to make it out alive.",https://image.tmdb.org/t/p/w500/eo20oc1hOsQGlOv7brRC03BeUtF.jpg,
23b7fab7f9c3510e928fcb51c9b273e22aaa924b770adeee94a962108810189f,565719,Hail Satan?,2019-04-17,2019,95,Lançado,"A look at the intersection of religion and activism, tracing the rise of The Satanic Temple: only six years old and already one of the most controversial religious movements in American history. The Temple is calling for a Satanic revolution to save the nation's soul. But are they for real?",https://image.tmdb.org/t/p/w500/o4AWddyp35LOKKoUWNclSB2b9ZN.jpg,https://image.tmdb.org/t/p/w1280/5hLKTJrwZ8F6c2xLAaWrUdCP2Zi.jpg
282e640769249c52ad3ebbfde7820f079277cefdb2547d521ff39d176a4d451e,565762,Last American Horror Show,2018-06-30,2018,82,Lançado,"A trifecta of 80s throwback terror with mauling monsters, home invasions gone haywire and stomach-turning human sacrifice.",https://image.tmdb.org/t/p/w500/iZShPHNmkqTeVjGK2APaEYpdWE1.jpg,https://image.tmdb.org/t/p/w1280/1ZMKiZwOiY8O1BIYNJKtaXVC2O9.jpg
06b60ebfebc3a85fa968d80d24204553399b9c756a9ce5997ad7daad22151780,566023,Hidden Family Secrets,2018-11-30,2018,0,Lançado,"Recently widowed mom, Melanie and her daughter Gabby are adjusting to life after husband and dad Scott died in a tragic boating accident. When Gabby disappears after a heated argument with her mom, authorities and friends fear she’s run away from home. Unwilling to believe her daughter would run off, Melanie is convinced something more sinister is behind her daughter’s disappearance.",https://image.tmdb.org/t/p/w500/7hnfDpitB73jVXf75hGM7KxPeKK.jpg,https://image.tmdb.org/t/p/w1280/sDr9le19EV14rxd3NDJz4YcpFG0.jpg
732a9267a17d3d24489398dc92153e584f41c1d493cd35979d82f4867d0db903,566151,Gangoose,2018-11-23,2018,120,Lançado,"Saike, Kazuki, and Takeo were abused by their respective parents and did not go to school. They stayed together at a youth detention center. To survive, these three young men commit robbery and burglary against criminal groups. (AsianWiki)",https://image.tmdb.org/t/p/w500/506aymFp6SCTMt1Tb3emCDG0Xwz.jpg,https://image.tmdb.org/t/p/w1280/ctVREJmIGg3UXhSR7dnuwUJLVA3.jpg
a0553d15bc201554852fb016ed7e3bfef8770a7cfa439215aa7582fe36ad0eb1,566572,Wild Beasts,2017-09-26,2017,9,Lançado,"In the middle of the winter in Northern-Norway and surrounded by a wild group of kids,  a young boy’s impulses are affected by his attraction to his best friend.",https://image.tmdb.org/t/p/w500/nvlu6APFFBqIgqWbxolm11Vqd4a.jpg,https://image.tmdb.org/t/p/w1280/dw2beu9x6Lm5E7VZSf1UiK6dcF0.jpg
f7711b7db750fb297e4f731da74afdf06873a517dd0e01ea280f7791e2953de1,566626,Cinema Dadaab,2018-09-21,2018,58,Lançado,"In one of the world's largest and oldest refugee camps, Dadaab, the inhabitans survive by watching films and dreaming. The refugees cannot leave the camp, but they let their minds escape the harsh reality: by going to the simple cinema hall run by Abdikafi Mohamed, the film's protagonist.",https://image.tmdb.org/t/p/w500/sYFOGzg1b6za7fA0COahq1npyjh.jpg,
97e01b4470bfefc38cd5390277724d947e60058a308cb43246b628ef4f9924ab,567331,The Killing House,2018-12-03,2018,80,Lançado,Three strangers from different backgrounds find themselves trapped inside a confined mansion and as they run lows on resources they soon figure out the only way to escape is for one to kill the other two.,https://image.tmdb.org/t/p/w500/6R0fGcGwlkU6ujNeWNXStyFLMUy.jpg,https://image.tmdb.org/t/p/w1280/deVblyjZSVWA3FR4OGFbxG2L1vu.jpg
0983194a0fc8905e80fc1e7dd8c61dcbeb380683a83e7930a75a7a63e563a251,567408,The Other Side,2018-10-19,2018,98,Lançado,Sem descrição,https://image.tmdb.org/t/p/w500/Afb1SyO3Z6w83PXQMNDQXlOmLsw.jpg,
3ffb7fac32cb41e16c57bb5e52bc0a132916f28b47a6a59756894ad6701fd8c9,567623,Passagier 23,2018-12-13,2018,0,Lançado,Sem descrição,https://image.tmdb.org/t/p/w500/3HOzjKO3GrtO29LSWWRi5nJrLJw.jpg,https://image.tmdb.org/t/p/w1280/7GrKNnez8gaWCz626lEZT6ezjuX.jpg
501b5471ac260089ce6d952d50177bcc530dad5117e25759bcecf82c1b2d949b,567797,The Dry,2021-01-01,2021,117,Lançado,Aaron Falk returns to his drought-stricken hometown to attend a tragic funeral. But his return opens a decades-old wound - the unsolved death of a teenage girl.,https://image.tmdb.org/t/p/w500/zM12bfL2TEqVRXjiQIFUWUMLcCg.jpg,https://image.tmdb.org/t/p/w1280/sGIfwDYvfU0h1G7pGWEhdEi9hT2.jpg
742b65ee852ea8e4247c2f289db4949b024a3434a532933fde5b17c6aa6c1b44,567973,Furie,2019-02-22,2019,98,Lançado,"When a little girl is kidnapped by a trafficking ring, they soon find they messed with the wrong child. Her mother, a notorious former gang leader, is close on their trail and will go to any lengths to bring her child home.",https://image.tmdb.org/t/p/w500/6LON0M5qfRb8M2XqKnUvOpCBq3Z.jpg,https://image.tmdb.org/t/p/w1280/tPaozm8vnEyBOqT9Io4A2WVynVM.jpg
07248f9784b0221c8ed7352b56ea6f17e6fa626ca50ea6c195311577e602c010,568453,The Soviet Sleep Experiment,2019-10-18,2019,0,Lançado,Russian researchers in the late 1940s keep five people awake for fifteen days using an experimental stimulant. Based on the popular internet horror story (Creepypasta) “The Russian Sleep Experiment”.,https://image.tmdb.org/t/p/w500/dOct8DSPw9V0eIim4YTnK8CiThL.jpg,
25864e1e680238240bd8a2f9d53d843c16d27dc669da4097420c74e7ad137a66,568754,Silam,2018-12-13,2018,80,Lançado,"Grappling with mistreatment at school and at home, Baskara moves into his uncle's home, where he encounters spirits and uncovers unsettling secrets.",https://image.tmdb.org/t/p/w500/5oide6o0zj6XPZNXEW8MJfZJQO7.jpg,https://image.tmdb.org/t/p/w1280/yJSeWWxjI4wb1AAE4Sx28u2R8BT.jpg
536539751b28bb07b2f5bfd0ffe82003cf2fe94f771fc79a51e1e60204d1966a,568776,Powder,2019-11-08,2019,88,Lançado,"After a ten year absence, El Chato returns to San Ignacio, his hometown, in order to retrieve a shipment of cocaine that was dropped there by a cartel pilot.",https://image.tmdb.org/t/p/w500/pH28HqCQx1WW4MRPYSGQjz5Ayaw.jpg,https://image.tmdb.org/t/p/w1280/bi7EOYCJRVNl3g88VZzPiQniru3.jpg
790a1d3a4f800ffc1a5683a60dceec209ac3ca61e0400b1b3d36a994eeb5ab93,568995,The Skin Of The Teeth,2018-10-23,2018,80,Lançado,"When Josef arrives at John's apartment for a date, their prickly energy slowly gives way to genuine chemistry. But after swallowing a pill with mind-bending effects, Josef quickly slides helplessly down a rabbit hole of temporal sleight-of-hand, plunged into a surreal interrogation of everything he is.",https://image.tmdb.org/t/p/w500/xcKGBmupL9Fra9LXH33p1kCEW5u.jpg,https://image.tmdb.org/t/p/w1280/gWKGi8501EkNQwtwttU7dxJHOA0.jpg
cb1cfb5e12b16d2413999a1282cd3713e3f95bf2003818399da034968e74590f,569373,Wwe Royal Rumble 2019,2019-01-27,2019,240,Lançado,Sem descrição,https://image.tmdb.org/t/p/w500/sscpk5GYe9tbMPykCLf2IyXNM40.jpg,https://image.tmdb.org/t/p/w1280/g7KLL2lb5THKWvwl3w8KUnezUdw.jpg
9ba4e8b01626ca01c1835fde4fb9b96fcfcad627ca02f6288ee82965ad1aec48,569547,Black Mirror: Bandersnatch,2018-12-28,2018,90,Lançado,"In 1984, a young programmer begins to question reality as he adapts a dark fantasy novel into a video game. A mind-bending tale with multiple endings.",https://image.tmdb.org/t/p/w500/fR0VZ0VE598zl1lrYf7IfBqEwQ2.jpg,https://image.tmdb.org/t/p/w1280/1qSo3zT9XAQYcbZaLBn46mTeTHZ.jpg
6cee0992a52e9057d2563e938d483a2896c1272cf737254a949dacaa90c43093,570178,Touch,2016-06-18,2016,15,Lançado,"When a single mom, facing eviction, is offered a night’s work, she unsuccessfully seeks a babysitter for her two small children. Desperate, she reaches out to the last person she wants to ask for a favour.",https://image.tmdb.org/t/p/w500/8DwYUqEp1sx2Cw1sPvYAAnx4LAQ.jpg,
19a92cf74c10e158e6879b82e67236b5392630c6d9bbff292ba34f151cf16321,570356,Auf Einmal War Es Liebe,2019-12-06,2019,0,Lançado,Sem descrição,https://image.tmdb.org/t/p/w500/d8KLf8rtgrLnQ33y9Acyd6Gr46z.jpg,https://image.tmdb.org/t/p/w1280/kpI1QPnt7QznCOPwAoqd5tM8DTB.jpg
fff593162aa6848dcfa302b3dc1b503d3b5e59052573fca0952b084d2648ab15,570627,Otlum,2018-12-25,2018,90,Lançado,A group of friends dare each other to stay in a haunted house.,https://image.tmdb.org/t/p/w500/AfwAyVMWs5SrsYM5TAxL0cO9HZS.jpg,https://image.tmdb.org/t/p/w1280/1Cb4SlGweOtcM7z5uw0EoT9mMd9.jpg
a16cba2a7351cb852f49ff99cd4bc844a9d170f360af8c3f7f25726e283c1c56,570699,Invitation,2018-03-14,2018,90,Lançado,"The narrator lives in a savior who lives in Mashhad, and his job is to steal from the pilgrims of the shrine of Imam Reza (AS), through which he has lost his life, but ultimately, those who lose this story will overcome the stories of the film...",https://image.tmdb.org/t/p/w500/sV9KnjZ4qXtoFqllMrqAOJ66Z96.jpg,
2c792f002a758cc2254086a1fdeddcb1cbec14cc37b4825823bdf959965e5ca9,571414,Rubes,2019-03-16,2019,6,Lançado,Two disgruntled teachers use a Rube Goldberg machine to exact revenge on the people who have wronged them.,https://image.tmdb.org/t/p/w500/lC4o5je7BmAVTPDasz4UaD2HfnU.jpg,https://image.tmdb.org/t/p/w1280/aqgh4AIRq4qQT3h2gjsiRZ7hDRV.jpg
d0563f8134a2ab23c36c8ba17b7da87ea642eff56979ee7f635b931c9c647cbd,572104,Chapped Lips,2018-12-13,2018,5,Lançado,"In a kitchen, a mother and a child struggle to establish dialogue.",https://image.tmdb.org/t/p/w500/3tv9GFO34eOkKdktaqvjuj2UXIS.jpg,
850acad7e0bc467572dba78f30f924cce0ed6882a0a11d26cb8de161297cf5ab,572404,Port Authority,2019-09-25,2019,94,Lançado,"Paul, a 20 year old midwesterner, arrives at the central bus station and quickly catches eyes with Wye, a 22 year old girl voguing on the sidewalk. After Paul seeks her out in secret, an intense love between them blossoms. But when Paul discovers Wye is trans, he is forced to confront his own identity and what it means to belong.",https://image.tmdb.org/t/p/w500/yOT2GI8v0Z5nJEJkiwShLH7hSxo.jpg,https://image.tmdb.org/t/p/w1280/8fodptokLS15t13AGPOEJcyepx3.jpg
2d39e5202343247ac6f709973c36864d9d103beeb4fcede227baaf8330fb4d5f,572654,Ungleichland - Wie Aus Reichtum Macht Wird,2018-05-07,2018,0,Lançado,Sem descrição,https://image.tmdb.org/t/p/w500/1Cwj3c6CfccwsoZGEY8Sll21JnB.jpg,
a9c19fdf475481e1510b7493f88858a7be17ddf2d054ae57fca97aa379b00879,572706,Notte Nuda,2018-02-15,2018,0,Lançado,Sem descrição,https://image.tmdb.org/t/p/w500/woEK2uMZ3VVhSBOHtPhiGZU5rnR.jpg,https://image.tmdb.org/t/p/w1280/sszQoCZSiCaMesjMcXo3tI0OLk7.jpg
00a00f9f6bf96200056472e8b6e8cd6c3c1ae19bcc5016797be2b962dbaf0d45,572885,A Bride's Revenge,2019-01-11,2019,83,Lançado,As Miya and her fiancé plan their dream wedding they are stalked by an eerie and dangerous veiled bride who is determined that Miya will never walk down the aisle.,https://image.tmdb.org/t/p/w500/nep76SzpokX8VXnoHSXMZDtRl1R.jpg,https://image.tmdb.org/t/p/w1280/tsNK3noP43IBagrPimR4hm9W98M.jpg
8f4db1ab0b4140331f99283c2ca3c8be014c0db196caf86e212766f8ea60eaeb,572907,Impact,2017-02-01,2017,14,Lançado,"Sigur intention is to give a surprise to his guests at his birthday party, but nothing happens as he had planned.",https://image.tmdb.org/t/p/w500/2a7PKeFRPIbdHIRayKpJFkNJnnM.jpg,
1c678e8b4a20b5bd77bf79bd7e69fab0c65ccb3fa7cbbae1a6d69b5ffc3a6bbe,573041,Goodnight Moon,2016-10-05,2016,27,Lançado,"Private Detective Marv Andrews takes on a missing person's case from a mysterious woman with ties the local mob, and gets far more than he bargained for.",https://image.tmdb.org/t/p/w500/oogMxXcAo0twG4MiuJkB4eLv7VR.jpg,https://image.tmdb.org/t/p/w1280/gD89rvrgTUNTxfgiuFzF6Fsz8Ot.jpg
bc210be589630dd2c1db766af68ea84a3838ee6e49755bede8e9a59f9359c7bf,573171,A Frozen Rooster,2022-12-14,2022,91,Lançado,"Follow the adventures of Toto and his family, who will have to travel to the South Pole to fulfill their promise to return a polar bear and some Spanish penguins to their home. In order to fulfill the promise, they will have to overcome some obstacles that will teach them how important teamwork is.",https://image.tmdb.org/t/p/w500/Qotf3QgDqUZEW6pfQl2BPxZCRn.jpg,https://image.tmdb.org/t/p/w1280/qdFrqXYH6PtyAVlegub7bpoSgro.jpg
41a1f30208ee3b61b089dcf835eb8428f6dbe154ccf309d523daec0fa40d9845,573242,Bist Du Glücklich?,2018-10-01,2018,90,Lançado,"After 13 years, Sonja and Marc have separated. The love was lost to them like other people a stick or hat. To sell their weekend home, the two embark on a final trip together. Along the way, they realize that by far not all is said and that they still feel connected to each other - despite all the injuries and blame. When the planned sale is delayed, they have to spend the night in their house. It is their last chance to find answers to all the questions that are better asked late than never.",https://image.tmdb.org/t/p/w500/dNhIHychwlxoCI8Vjykt5Kqs3bI.jpg,https://image.tmdb.org/t/p/w1280/AkyAwGsmnSOBEDwXLtqHN3EQ0ux.jpg
0a73ec837a95b889bf8cbdfb18650494d1dda468e61dc8ab28076ce80a64612a,573494,Cuentas Por Cobrar,2016-10-13,2016,75,Lançado,"After serving a sentence of 10 years, Aquiles has to choose between saving the life of his son or starting a new path of honesty.",https://image.tmdb.org/t/p/w500/tMgjBzJlYAHp1kanZghKMkAvYu1.jpg,https://image.tmdb.org/t/p/w1280/iQkPz2PH4GnGHgVsMRDiaBbxnN3.jpg
5b95d873d8dc7331d86ff082ece480e5a3231f362732d5629552fb986dcea2b8,573588,Kaye Ballard - The Show Goes On!,2019-01-06,2019,90,Lançado,"This charming documentary showcases the career of musical-comedy sensation Kaye Ballard, whose ability to sing and tell jokes was ubiquitous in the late 20th century. Delightful moments are captured in rare archival footage and interviews with Ann-Margret, Michael Feinstein and Ballard herself.",https://image.tmdb.org/t/p/w500/q8RlGIgTSCalzmK5syHYAZ2c9Xe.jpg,https://image.tmdb.org/t/p/w1280/wuiarVE9D3z8jEzB8XbxLuqp2Ro.jpg
9ccd4cd8fff3b251aca22a2167ddb2fff8b30e219a0e79c594385a97b9f05d71,573907,03.bypass,2016-05-06,2016,93,Lançado,Sem descrição,https://image.tmdb.org/t/p/w500/o3izjATKvdoO0uOHPH5gdRh4sfa.jpg,https://image.tmdb.org/t/p/w1280/lPEDLyobVJdciW3YwzQxPTVh9I8.jpg
43d82ca90dcca28e1b21e955c42dc8bc8886825fd14a13418e155eb5d1d53e9f,573965,The Suffering Bible,2018-10-24,2018,62,Lançado,"Five acts, linked by a common thread, that shape a story that digs into the deepest human emotions and themes of devoutness, told using the crudest hues of horror. Sacred and profane, merged with sin and madness, a tale that will haunt you long after you watch it.",https://image.tmdb.org/t/p/w500/91vUH62aIvvfCqryyveXZW2Twym.jpg,https://image.tmdb.org/t/p/w1280/8f5HElXhttZ1FtHocyx19cNrvZL.jpg
f16708e270a51123df2d684dd82084954b0a793825d0a0fc53470ab91da47eb3,574258,Abish Mathew: Whoop!,2018-12-14,2018,63,Lançado,"Abish Mathew is the world's greatest stand-up comedian (*citation needed) and this is the world's greatest stand-up special (*this definitely needs a citation). Every great punchline has a great set up! And in this one-hour special, we find out how Abish was set up to be a punchline his whole life.",https://image.tmdb.org/t/p/w500/a44hrLoxXGz9tW4IvoIfbWToRJo.jpg,https://image.tmdb.org/t/p/w1280/bLvASec58Ws3l7LqR6rEt8ld1M7.jpg
02aff76621ed2b80a5229b2ae1fe1e123b7c664477f3c577606df44257b123fc,574368,The Collection,2018-10-13,2018,13,Lançado,"Paris, 1942. In the middle of the Occupation, Victor Gence, an unscrupulous merchant, buys, at vastly low prices, artworks belonging to Jewish collectors. Informed by a concierge, he manages to enter the apartment of Mr. Klein who apparently has a fabulous collection.",https://image.tmdb.org/t/p/w500/3RKOfTEicgXDkH4x4lw3GNMf5Zh.jpg,
2c98246dedd025a348c40b1cdce48dd7d8e8d74374229e40bbfc155273afa49d,574866,Among Us Girls,2018-12-28,2018,0,Lançado,The latest film by the director of popular Lithuanian comedies.,https://image.tmdb.org/t/p/w500/fWt6TvVWApViEZ2c8TZj7juBQvC.jpg,
37ba00d7f4467e0c2742faf493ccaaf7da42a73f70f34be83186cc538abc75d0,575184,The Watchman,2019-10-24,2019,106,Lançado,"The protagonist Vlad is a man of about forty; he lives and works as watchman in an old sanatorium that is due to be demolished. He obviously needs this work to live the life of a hermit. One night a married couple appears at the sanatorium: Vera and Stas. They are on the run. They are pursued by former friends and business partners of Stas. Vlad decides to help them, because he too is hiding from the past. Each character is threatened with the inevitable payment for wrong choices in the past, but helping each other, they try to expiate these faults.",https://image.tmdb.org/t/p/w500/EKSAjHmJV4VBou8v2z8NWf6r0E.jpg,https://image.tmdb.org/t/p/w1280/kiekkPuAC0VtTJdYt8EXLpIsogG.jpg
eede5e08b108d09daf8a5e0a2bf6b49be8e73c2154b544b521416145bef671d8,575344,The Place!,2018-09-27,2018,60,Lançado,"On this night, no one sleeps in the area. Gray is trying to find a way out of depression. His girlfriend Julia is trying to find care and understanding. Crust's friend in love with her is trying to find a way to be with her. And Krasta's friends Vova and Kostya are trying to find 10 grams of hashish for a party. They are all very tired, but they can’t stop trying. Therefore, they smoke, sniff and drink. After all, if they stop, they have absolutely nothing left.",https://image.tmdb.org/t/p/w500/560OqykiGelweWs0gzczN6SZxuB.jpg,https://image.tmdb.org/t/p/w1280/8PojIXV9x9XShpFJicCJELS5JqV.jpg
6dd8155c3c59f425d3684d1da9686ce71c9c66e9974e8aa735155163fc31dccc,575728,Turtle Odyssey,2018-06-30,2018,45,Lançado,"Turtle Odyssey explores the unique lifecycle of an Australian green sea turtle named Bunji and her incredible journey across the open ocean. The film follows Bunji the green sea turtle from a hatchling into adulthood as she swims thousands of miles, meets incredible creatures and has some really wild encounters.",https://image.tmdb.org/t/p/w500/bcDuJorybVOEzqK8jFsP486OI4J.jpg,https://image.tmdb.org/t/p/w1280/4S2bb5FliDlBD4lHpz92K4h1qiS.jpg
9eecdeb3d55e8a9c676c557f5f0c2a5c2aaa9be6d40dde04061f94dbac28076c,575995,The Imaginary State,2020-04-21,2020,115,Lançado,A Chilean man travels to Sweden searching for the answer to a crime that involves his family.,https://image.tmdb.org/t/p/w500/71vktOai8wmHtby5qwO5Cu8qJCL.jpg,
b917ee602c4feebb314343b62b2f2b333647b582d0529d64b2259be1e84098ed,576013,South Mountain,2019-03-11,2019,82,Lançado,"When her teenagers head off to camp and her husband abruptly leaves her to begin a new family, Lila is left to her own curious and chaotic devices for a summer in her rural home in the Catskill mountains.",https://image.tmdb.org/t/p/w500/uSeXt68f3aEd1jbRnftIrbqieVK.jpg,https://image.tmdb.org/t/p/w1280/a1YUxLaCIPHLOfn0KnJw99cDwCc.jpg
8b4fa3bef38cd3f103e638269d9929e3f9e597ff91d0e120cc53918bd99cfce6,576156,The Lovebirds,2020-05-22,2020,87,Lançado,"A couple experiences a defining moment in their relationship when they are unintentionally embroiled in a murder mystery. As their journey to clear their names takes them from one extreme – and hilarious - circumstance to the next, they must figure out how they, and their relationship, can survive the night.",https://image.tmdb.org/t/p/w500/5jdLnvALCpK1NkeQU1z4YvOe2dZ.jpg,https://image.tmdb.org/t/p/w1280/dwcazDHJQmC1euuc7oVvDHMRuCv.jpg
52e18680c6c34bdd3fbee7e20d4f0ea08de603adfc828213099b12fa6b16e8db,576166,Peggy,2018-09-24,2018,12,Lançado,"Everything always seems to work out perfectly for Peggy, but her social graces are put to the test when she throws a birthday party for her eight-year-old son.",https://image.tmdb.org/t/p/w500/4BTTNesfKUgVmiodjzsrC7EgG7I.jpg,
2b77abc766eb2442e04587b5502c0e4416c0ddb56ac8c56e34d35a360c11a6ab,576389,At Two Thirty,2023-05-20,2023,0,Lançado,Company of tomb raiders in mission for Lingshan Mountains,https://image.tmdb.org/t/p/w500/pG0xAeSb5d9d1teRke4lsWoG0VE.jpg,
8f8de26e32efec6736f71e1678d53df3112559e45add3412cd33f4d7083bfedd,576597,The Lonely Halls Meeting,2018-11-09,2018,0,Lançado,"Labor Day Weekend, 1973. The Pentagon was deserted. But a dozen brilliant people were in a conference room, designing the system that--40 years later--has almost five BILLION users.",https://image.tmdb.org/t/p/w500/2830exF6eQtvtHUEV4PN264JHf2.jpg,
49b469fa422d98810638ab290475f93cc17e31f08be9ab4ebb36ce28f0db342f,576720,Aurora,2019-01-25,2019,106,Lançado,"One night at a hot-dog stand in Finnish Lapland, a commitment-phobic party animal, Aurora, meets Iranian Darian. Darian suddenly asks her to marry him. Darian needs to marry a Finnish woman to get an asylum for himself and his daughter. Aurora turns him down, as she is busy working as a nail technician and plans to move to Norway, away from her shit life. However, after meeting his sweet daughter, Aurora agrees to help him. As Aurora introduces numerous women to Darian, the two of them grow close. When the perfect wife candidate comes along, Darian and Aurora are faced with a difficult choice: pretend to be happy or to finally stop running.",https://image.tmdb.org/t/p/w500/i2487hKc5scmTsdRtaiqtQdecKL.jpg,https://image.tmdb.org/t/p/w1280/nGxeyA2K67n7Lt57r4MP3bG5L7F.jpg
4e9d91ba6f55c2afe3f8b441bffd1d5cca7b382c1fe4592aab63dc420459910c,576722,Cachada: The Opportunity,2019-03-10,2019,81,Lançado,"Five Salvadoran saleswomen want to take their cruel life stories to the stage. During the rehearsal process of their play, they’ll discover themselves as victims and victimizers in a cycle of violence that has plagued their families for generations.",https://image.tmdb.org/t/p/w500/TYSHCNRKr1ONEgOLeWLy7yhvHt.jpg,
a6efa00278a10700c01205f01cff67f899505cfbbec89f829188e1496b92ab16,576802,Shineless,2018-05-31,2018,87,Lançado,"Ten actresses, all of them eighties' icons, are summoned to star in a theater play in Buenos Aires. This documentary goes behind the scenes and portrays their lives today. Thirty years after their glory days, what is it that drives them to make their comeback?",https://image.tmdb.org/t/p/w500/9d8VAFM5RgZVg41NgGGRqQjTewi.jpg,
1c64f43cf8f9d4b11b568ad5044a2e8d6882d2e5dcee022fff23c522c9fdb541,576922,"Take A Hike, Vasya! Lost In Bali",2021-03-04,2021,90,Lançado,"Pasha again had a great opportunity to cheat on his wife with beautiful Vasya. Max had the opportunity to destroy Mitya and return Nastya. All the characters converge on the island of Bali, where they are waiting for chases, fights without rules and incredible adventures.",https://image.tmdb.org/t/p/w500/1QTv6owJJUEacJyOcmBqkiqq66g.jpg,https://image.tmdb.org/t/p/w1280/g3ocU4ikd1sGvRfMY4sZQO3Syrh.jpg
660cf4b6b4c9efbd63a359c297cc639d65edd983ae91422d4c2d792a9421c889,576968,Beyond Boobs,2018-06-14,2018,53,Lançado,A hilarious and at times provocative film about a middle-aged American single-mother living in Switzerland and her quest to find out if she'll be invisible when she's no longer the woman with the biggest breasts in the room.,https://image.tmdb.org/t/p/w500/ktfLQAOrTJAjiQWSG460uam0UfU.jpg,
c5b555c45d73d9112b0b7daa89689403e2afeab462121ec9ad96c4d3fb39df11,576994,Alerte Aux Débris Spatiaux,2019-01-12,2019,55,Lançado,Sem descrição,https://image.tmdb.org/t/p/w500/kl2DoGEEpj3Whd6uHKkiSAR2UBn.jpg,https://image.tmdb.org/t/p/w1280/s1IHQ8Iuqf9K1v3YHPAaeyeXsgV.jpg
33fcda25aa753b4cb1319162bde5e138dcc76e6a68efc0422679db51f959942d,577706,Go! Crazy Gangster,2016-07-08,2016,0,Lançado,Sem descrição,https://image.tmdb.org/t/p/w500/rM1xSNHHw6ysaTZhV3gvtqPox0j.jpg,
b437da0c76a423f1eb4a2ac4d7d47babe53c3da26550267552f2a209f1a35684,578296,Fatiya,2019-02-02,2019,19,Lançado,"Fatiya agrees to replace her cousin at a babysitting gig. When she meets the mother of the young boy she is supposed to look after, prejudice and racism cause the afternoon to take a turn.",https://image.tmdb.org/t/p/w500/5Y5NR8qqUBiekOHlZ6D0X3zzKW4.jpg,
96a11aded81d5dc2c12cad33065b2d6f29571166babd325f3f65d072b97b0a94,578399,The Last Survivors,2019-01-27,2019,89,Lançado,"Documentary compiling the testimonies of the last remaining Holocaust survivors living in Britain, all of whom were children at the time, and following them over the course of a year as they embark upon personal and profound journeys.",https://image.tmdb.org/t/p/w500/ovNFjJfSNvQ4xPFy7jmFvU42ugR.jpg,https://image.tmdb.org/t/p/w1280/9XcdXrCV2xuE8CvBaQSAFA3EVA0.jpg
ae2af765d276ea8cf68c7134bf19a2ae25a78c4e20b521ddec7342fa13e5221e,578747,For Now,2019-11-01,2019,80,Lançado,Sem descrição,https://image.tmdb.org/t/p/w500/cbZdmznDTzsW29Z5u4GH6PXy3cL.jpg,https://image.tmdb.org/t/p/w1280/eWSQruTshoSImkkxv8uw60GCgpC.jpg
5d7c6ff74d1f637a936cf28b8a05717df7c58cfed958cc3f75318a5fea2c6200,579051,Silk Road,2021-02-19,2021,116,Lançado,"Philosophical twenty-something Ross Ulbricht creates Silk Road, a dark net website that sells drugs, while DEA agent Rick Bowden goes undercover to bring him down.",https://image.tmdb.org/t/p/w500/6KxiEWyIDpz1ikmD7nv3GTX4Uoj.jpg,https://image.tmdb.org/t/p/w1280/sLK03Ed0D8EOoqLFBjrOcYSz8Tm.jpg
2459e63c405b6b4e00840672e4df131493b950df611550177cade8835354799b,579082,3 Weeks In Yerevan,2016-08-04,2016,0,Lançado,"In this heartwarming comedy, two filmmakers from Los Angeles go to Armenia to shoot a feature length movie about a third generation American Armenian who goes to Yerevan to adopt a 12 year old. Teaming up with a local impresario, the team begins the arduous task of casting for the parts, scouting locations and securing the last leg of the funding. What seems to be a perfect plan becomes a perfect storm of absurd meetings, unexpected discoveries and hysterical events, which come together to sabotage the project. The Minister of Culture, The chief of police, the director of Hyefilm Studios, the oligarch...They all offer to help, and yet all of them have their conditions - changing the plot of the script, adopting it to another period, casting a relative for a part, and ultimately a proposal to turn the simple, touching story into a biopic of an oligarch.",https://image.tmdb.org/t/p/w500/qNK3TDnCwc2qMOjyzHAJP0X666v.jpg,
ce80c713d2c3cb894801df2e155aff55f7cb3913e76d849926d2ccd1d979d6db,579426,It Came From Below,2017-10-01,2017,119,Lançado,A nameless immigrant crosses the border leaving behind him a trail of blood and death. On his trail is an aging lawman seeking justice and redemption,https://image.tmdb.org/t/p/w500/oVcAK1EBqUd8GEGVfeTwzPLtwKw.jpg,
1d8e06998f3da2031a9c8df8aa6312dd84279b00bf38224760b9cda075c8efab,579736,Lucy Worsley: Elizabeth I's Battle For God's Music,2017-10-17,2017,60,Lançado,"Historian Lucy Worsley investigates the creation and development of choral evensong, a form of religious music born out of the English Reformation and out of religious compromise.",https://image.tmdb.org/t/p/w500/jUhV2MQMtqed3NZ3WhfXxsw7TXw.jpg,
c3401608e80f37e41f5153d58f7360e7cdbb2901692c26789f548111ffc9b58a,580075,Chorar De Rir,2019-03-21,2019,0,Lançado,"Nilo Perequê is a successful comedian who stars in a TV show. When he wins the award for best comedian of the year, the comedian decides to radically change his career and devote himself totally to drama, leaving his family and businessman desperate.",https://image.tmdb.org/t/p/w500/rXiFuLi7qnz9v8ZY6wTH4qD8pXh.jpg,https://image.tmdb.org/t/p/w1280/3ybl25zgTazMw91yL9eyF5CoHOC.jpg
8ea5e69b93ca54401cbe135139f48ec3ef3e15c1a098e32b35ae2bb4a0ffa53a,580513,Garrincha,2017-01-01,2017,8,Lançado,"Andres and his friends get together for a soccer game. The afternoon, that was supposed to go as usual, is troubled by the return of Kevin, whom had disappeared for days. The game will be interrupted by the sudden arrival of young men with apparent malicious intentions.",https://image.tmdb.org/t/p/w500/nrkETOglbGWpOTIru14o8TAJmwJ.jpg,
ff80a66b1ea54626a79a64dcd6b5f09c5b8b799bc9a7c9c9f7d026ed85ad5f57,580532,Crisis,2021-02-26,2021,118,Lançado,"""Three stories about the world of opioids collide: a drug trafficker arranges a multi-cartel Fentanyl smuggling operation between Canada and the U.S., an architect recovering from an OxyContin addiction tracks down the truth behind her son's involvement with narcotics, and a university professor battles unexpected revelations about his research employer, a drug company with deep government influence bringing a new """"non-addictive"""" painkiller to market.""",https://image.tmdb.org/t/p/w500/15e2VcMTtk3pqgGlHWxisvygFAw.jpg,https://image.tmdb.org/t/p/w1280/gFDOQMQwo5UWegXE5kNEchn1eKx.jpg
ad6b78d323b75f5e4f841e5db7ef2e8b3ac53de5376cc43c98e387ba7705a7f2,580595,Sara E Marti - Il Film,2019-03-14,2019,0,Lançado,Sem descrição,https://image.tmdb.org/t/p/w500/xiTLqhzJRikgRAi2Y7WKj8Om7UV.jpg,https://image.tmdb.org/t/p/w1280/umJFUVWKFF5do8nNUYUkcTpekJu.jpg
8d8257690562aa3c0e3dbb235e5488635f010426c16421102959632ee75f03a0,580606,The Anchorite,2016-07-11,2016,92,Lançado,"After getting kicked out of his band, Aaron hits the road alone to prove a point. His life changes when he gets paired up with Chelsea, an up-and-coming singer and the two force each other to grow up.",https://image.tmdb.org/t/p/w500/qXJmU6uNntWXab5Jm8nbxheUAhl.jpg,https://image.tmdb.org/t/p/w1280/9ljdHeMppzZDwmtLxDEeouMIqVn.jpg
6116023c82a7fd2ddbde8935f503968591a2b5f498131ed91f96e746ee3af869,581222,Go Straight Take Left,2018-11-12,2018,52,Lançado,"Watch the mind-blasting comedy duo Sumukhi Suresh and Naveen Richard slip in and out of 14 outrageous characters, in 7 absurd sketches, all in 1 dangerously funny hour of live sketch comedy. One second Naveen is playing tennis and the in next, Sumukhi is playing a mosquito. Heart patients and close-minded individuals are not allowed on this ride.",https://image.tmdb.org/t/p/w500/v8QkZfu2vNkef8hP2jdLx4zh3VI.jpg,https://image.tmdb.org/t/p/w1280/r2oNAFYJquSnzBcli03qDPP9QqT.jpg
ef59de9e96ea4951cb600880ce8e583ddf5db89add55556a4d7fc0d3f54dabb9,581254,Famosi In 7 Giorni,2019-06-13,2019,0,Lançado,Sem descrição,https://image.tmdb.org/t/p/w500/5MCRiDUYuKWNTCOC7zGom6MN80B.jpg,https://image.tmdb.org/t/p/w1280/j0YRGRse5CFx1uIDBJndRrRHhKI.jpg
807c127bbfc2784e4e2ce5f34932638d4d60e5cee70314ab7d8bf4e1578d64ea,581530,Start-up,2019-12-18,2019,102,Lançado,"Taek-il recklessly leaves home, defying his mother who asks him to go to college. In the unfamiliar neighborhood, he happens to get a job as a delivery man for a Chinese restaurant. And he mingles with new people such as Geo-seok, a chef, and Kyung-ju, a boxer. Meanwhile, Sang-pil, a friend of Taek-il, enters the private loan business to make money. At first, it seems easy to make a big fortune, but soon he finds himself in pain as he faces unexpected things.",https://image.tmdb.org/t/p/w500/l4pTmfKWYCyZIVgNV158JyWlhzW.jpg,https://image.tmdb.org/t/p/w1280/rYM9OoE9STIlbYJ73lMuBWFBa7q.jpg
4438cb982246a9297365851ee9a985d47c86cde56cc19671ddc834c6c5ff8e67,581940,Bene Ma Non Benissimo,2019-04-04,2019,0,Lançado,Sem descrição,https://image.tmdb.org/t/p/w500/39OKp2by9ZMBCqqPqTDmQeOXTjC.jpg,https://image.tmdb.org/t/p/w1280/izGTlZAUPwqhmSVj21r5XVU015t.jpg
f89f3e9651d6a7b38d5e7888f0ae4c98f8ae1bdf1ef2f17814cedd33d6768422,581958,Amy Schumer: Growing,2019-03-19,2019,61,Lançado,"Amy Schumer's live stand-up set performed in Chicago where she jokes about marriage, pregnancy and personal growth.",https://image.tmdb.org/t/p/w500/zZJYPkiCI0PFv8tUc8qViyC2oKx.jpg,https://image.tmdb.org/t/p/w1280/eg2LsLTZqvmVcUsLyr2apOE39Sc.jpg
8c000e030f06a0bf5d5b82241e5dac25c70bab9353e673929763c2a5ea2ecc16,582120,Land Of The Strays,2018-06-13,2018,13,Lançado,"In the mountains of Costa Rica, Lya Battle gives a second chance to over 1,000 stray dogs at her sanctuary, and hope for those who have yet to be found.",https://image.tmdb.org/t/p/w500/uEL2vAxrdU5X0AVSBn90lMGR8CA.jpg,
70179dedc0dce29482a04d8c216add7b349225e4997977072e50976eab595090,582292,13 Fanboy,2021-10-22,2021,99,Lançado,"An obsessed fan stalks his favorite actors from the Friday the 13th films and beyond, mirroring his idol Jason Voorhees.",https://image.tmdb.org/t/p/w500/GflWfgAkbvGFl2dR06BfwbGhm2.jpg,https://image.tmdb.org/t/p/w1280/vBR1IVCsRLVrW33OwfjoeYNdk5w.jpg
738036b0c486ac1f7ed2e0290d1bf963479204e603e4e18b7526b15dffd1d881,582302,Pull,2019-02-12,2019,107,Lançado,"Charles, and Kyle are three private investigators that specialize in missing persons cases. Mickey and her team get in way over there heads when they cross a serial killer who has three very nasty pets that have a taste for human flesh. The team must do what the can to stay alive and to save the killer's next prey before its to late.",https://image.tmdb.org/t/p/w500/nGgf0pFUqfiqVbp1hezrl7uLayP.jpg,https://image.tmdb.org/t/p/w1280/bZWnyk7oa1KZLYQQZzIPQMjdKRv.jpg
61f36e936a85820a5ad1091c4f527600e3b3ce729f26d47a8b318c75c3124db1,582315,Kala Shah Kala,2019-02-14,2019,140,Lançado,Sem descrição,https://image.tmdb.org/t/p/w500/qeN6oSKUrE3pYOskulMIhvk3a9z.jpg,https://image.tmdb.org/t/p/w1280/4uJnCuZ9ML1V1XyfsithdpZ1VbB.jpg
8b336f95f130aae107c37ed24752de29748129391c9469c9a22559c15eadaa41,582415,The Routine,2017-07-20,2017,5,Lançado,"This animation is about a young man trapped in a daily routine where every single day is so very similar to the previous one. There are no happiness, satisfaction and love for a long time in his life because of such a routine days, weeks, months and even years.",https://image.tmdb.org/t/p/w500/e7w5Y9LSDUvPd01XewgwgeAucoi.jpg,https://image.tmdb.org/t/p/w1280/g29iD3mb6kSYuG5CMg0sXvi3mbX.jpg
229676e5e2895b23b7092c6758fcafbdc47e50f47ad80e2a5486f8de9c7565d6,582782,A Wolf's Mind,2016-11-18,2016,18,Lançado,"It is April 1933 and the Nazis have been in power in Germany for just two months. All liberties have been suppressed. Fritz Lang, who has just directed “The Testament of Dr. Mabuse”, is summoned to the private quarters of Joseph Goebbels. The objective of the meeting: to convince the most prominent man in German cinema to work for the Nazi regime.",https://image.tmdb.org/t/p/w500/71i6sPZCsFLYCTA2H42g3ree6eM.jpg,
46fbe7143af63e7dadb5859ec1ba816620210f6b8b2081fc1d02997caef493f4,583988,And Then They Came For Us,2017-08-01,2017,40,Lançado,"Seventy-five years ago, Executive Order 9066 paved the way to the profound violation of constitutional rights that resulted in the forced incarceration of 120,000 Japanese Americans.  Featuring George Takei and many others who were incarcerated, as well as newly rediscovered photographs of Dorothea Lange, And Then They Came for Us brings history into the present, retelling this difficult story and following Japanese American activists as they speak out against the Muslim registry and travel ban.  Knowing our history is the first step to ensuring we do not repeat it.",https://image.tmdb.org/t/p/w500/demKq0BQuXaaRjxAAsWsJZGm6ts.jpg,
13e356f03307aae6efcdabe3e6a44391dd60c4f2e4bc4f2400e08081ea39535b,584033,Gatherers Of Sea Grass,2016-04-28,2016,70,Lançado,"Every year teams of seasonal workers come to Solovki islands to harvest sea kale. They go out to sea and mow it from car-basses. As the last of the teams go back to Arkhangelsk in October, only a watchman and his dog are left to pass the winter.",https://image.tmdb.org/t/p/w500/rYUdCpVg3RrgBJ7qk05DQi2qdD4.jpg,
0a8d7cab77a876941256d6450fecf5acfd5ffd603a0599c684b3524ca3e6613f,584044,The Viking War,2019-10-15,2019,104,Lançado,"Ingrid and her siblings are on the run from the Beserkers who have begun invading the villages, taking over, savagely using the residents on a game where they vs a Beserker, and if they win, they get to survive - only, no one ever wins. The siblings are trying to escape the Beserkers after they violently murdered and took over their town. However, the Beserkers are on their trail, and want to put them in the game.",https://image.tmdb.org/t/p/w500/7BEY3dAb6ZVHzND1Ewmw2PTAl76.jpg,https://image.tmdb.org/t/p/w1280/ebaQIQ0Uj60Rb9qcXaz0wF5B77I.jpg
604f58c1b95a76d9516a0048ad028d54f39347e33471dee29a95c2baec8672b9,584451,In The Dusk,2019-11-29,2019,128,Lançado,"Lithuania, 1948. War is over, but the country is left in ruins. 19-year-old Untė is a member of the Partisan movement resisting Soviet occupation. They do not fight on equal terms, but this desperate struggle will determine the future of the whole population. At the age of discovery of life, Untė discovers violence and treachery. The lines are blurred between the burning passion of his youth and the cause for which he is fighting. He will invest himself wholeheartedly, even if it means losing his innocence…",https://image.tmdb.org/t/p/w500/rBYkOppZfUMJ6eXBNBuNXaAnWKw.jpg,https://image.tmdb.org/t/p/w1280/bXeNE8p9N4PwikXmDw7Vb5LwqVp.jpg
14bfe8e355011b988d412c756698447a404f488ecfefa6c2627c435af149e3df,584556,Stunt School,2019-01-25,2019,95,Lançado,Sem descrição,https://image.tmdb.org/t/p/w500/5o4cNKTMJdfAF0H9gvcvXVybFvw.jpg,https://image.tmdb.org/t/p/w1280/AeYdUf3gOGReHWVmPqR1VabHqQt.jpg
8484104caed624e6dc90d55916ac6f475597854deceafb446f9d894b2117d5e8,584803,Big Booom,2016-10-12,2016,4,Lançado,"The history of humanity and of our planet in four minutes. An eco-friendly statement developed in a single shot that has it all: humor, action and tragedy.",https://image.tmdb.org/t/p/w500/4DtUJyJ52XIr1su2zAGFSlrwzCq.jpg,
7004ea5f566a7c6020c13bf858296f041d7661da047b0f199af0d41ef2a626a0,585265,Hrudayantar,2017-07-07,2017,135,Lançado,An emotional drama that explores the marital crisis of a couple through turbulent times.,https://image.tmdb.org/t/p/w500/p0QLqmI3G6asrGoyrKkqHu1giB2.jpg,
d97bc7ef68297362a0e12db39d6cf313fd88d2ae96592219cb0bece424b3a463,585358,The Music Box,2018-09-15,2018,83,Lançado,"When six-year-old Sophie is tragically orphaned guardianship is assigned to her estranged aunt Annabelle. The two move into a large, eerie, Victorian house where Sophie unearths a locked wooden box with a strange symbol drawn on it. Desperate to connect with her niece Annabelle pries the lock open revealing a beautiful music box. Each time the music box is wound and replayed it's surprisingly chilling melody plays slightly longer, captivating Sophie even more. When the music box begins affecting Sophie's behavior and health Annabelle seeks the aid of a child psychologist and clairvoyant who soon discover the music box is possessed by an evil spirit who seeks to haunt Sophie and destroy Annabelle. As the haunting intensifies time begins to run out and Annabelle finds herself racing against the music box's melody to defeat the spirit before the last note plays.",https://image.tmdb.org/t/p/w500/h2SEFrLRR2zIUJF6PA8CkuFOWc4.jpg,https://image.tmdb.org/t/p/w1280/ikQTCv0EftIfU7IPhrMDZ3lUijy.jpg
d3df5ec0ed710ccce58e11fa8e8f85b40e921bd336c000a02a9be18661b6cd80,585829,Innocent Souls,2017-11-03,2017,2,Lançado,"""Four young children enter an abandoned house. They will soon realize that they are not alone. This short film is one of the five winning short films which were made for “My Annabelle Creation"""" competition as a promotion for the film Annabelle: Creation.""",https://image.tmdb.org/t/p/w500/13rxScPTqOz0kU0HfvPnhpPbMCZ.jpg,
2a311e05678ef762bd6388542d7087f1cde2bc3c8044f9f1117a0c050cd0a886,586189,Saddle Up,2016-05-13,2016,44,Lançado,"The Okee Dokee Brothers embark on a month-long horsepacking trip along The Great Divide. This movie follows their adventure with interviews, music videos, and other shenanigans set in the American West.",https://image.tmdb.org/t/p/w500/sbRBkt8xPRgKMzglzfZjobd7zbE.jpg,
c38b7573aa858600710f6150718745d8429eaf0c9656c303fb088ab3cc7ff7fc,586417,Calypso,2019-01-20,2019,82,Lançado,"When a modern Ulysses, struggling with PTSD, wakes up without memory in a post-apocalyptic desert, an alleged Calypso tries to help him uncover the truth.",https://image.tmdb.org/t/p/w500/oFccgG2JzZiLmR5X0fsRHewihOt.jpg,https://image.tmdb.org/t/p/w1280/99XokfeXsAgh9oG1xWOgzISM6Am.jpg
cca864ce9d25cb43c0aeb20e83c55cbbc0d4a75ee1d5350cfba328fcc9742f76,586802,Ishq Na Hove Rabba,2018-07-16,2018,106,Lançado,Two guys Navjeet and Youngveer find their dream women and instantly fall in love with them. The plot takes an interesting and humorous turn when the guys create a web of lies to impress the fathers and get their approval.,https://image.tmdb.org/t/p/w500/yFgctsKO5xo5f9yOSbD1faAfNMH.jpg,https://image.tmdb.org/t/p/w1280/mVJ08hKs1I68pzOCWjSMMqvr3Kp.jpg
68651a5bdbb5cda9b5c759db99bbf103158f2337aaaea5485c14334a7b570810,587332,Avenues,2019-03-12,2019,76,Lançado,"On his 25th birthday, following the death of his brother, Max and his best friend Peter wander the wintry streets of Manhattan, contemplating life, livelihood, and what it means to be adult.",https://image.tmdb.org/t/p/w500/miq2i3QPQPdAYc3kpfXVRQONzwj.jpg,https://image.tmdb.org/t/p/w1280/pAcFyuQWfXNEF4S0YAPCSIU8XIi.jpg
724e9a3b4520feec2db9ab752edc068f34592e4ccf26261fbc490889f9f2f332,587417,Inevitable,2019-03-08,2019,89,Lançado,"Daniela is a regular middle-class teen whose life changes radically when a family member abuses her sexually. To solve her problems, Daniela decides to take some very dangerous actions that will change her forever.",https://image.tmdb.org/t/p/w500/8aW60VTV7NQKGXZJgevidUMz8IM.jpg,
a52c1485b2dd7ed267b0bc14ce94332ca1ad06a0dc912dd1d6cb7c8a31f5dc11,587561,The Sea,2019-03-10,2019,14,Lançado,"On a grey day, a woman sits alone on a beach and calmly watches the birds. As she sits, she is joined by various people who make up the tapestry of her life, in a film about the fragile, fallible and human stories that compose our memories.",https://image.tmdb.org/t/p/w500/cnbwAAQRZnnW2TTQSYt19a3qSLF.jpg,
4144abcfcfe3af1afde33696ba878e7863cd0edc29392b4475db6c33012dd998,587982,Queens Of Combat Qoc 13,2016-08-06,2016,107,Lançado,"""Queens of Combat presents its 13th release in front of a wild crowd at Fanfest NWA Legends in Charlotte, North Carolina, August 6, 2016. Queens of Combat 13 Ticket Hall of Hilton Charlotte University, North Carolina, August 6, 2016 Miss Miss Lexia vs. Samantha Heights Kennady Brink vs. Rachel Elaring Roni """"Big Bang"""" Nicole vs. Arial Monroe Chokes Twister Daugthers (Jesse Belle and Isabella) Caramels (Savannah Evans and Devin Nicole) NO DQ - No Counts - Number of Falls Everywhere Malia Hosaka vs. Soo Young ThunderKitty vs. Neva vs. Solo Darling vs. Tessa Blanchard Queens Fight Championship Match Angelina Love vs. Tahler Hendricks (c).""",https://image.tmdb.org/t/p/w500/y9R3a4FDqn01wrBthUbxuW5vPNb.jpg,https://image.tmdb.org/t/p/w1280/jzBnqCJfRONtELAtp6b8IgEz2Zf.jpg
bde3ae9c86e24d43d80bece8ae105f1a99f4d5778c14ea2d47d0991cdb304864,588265,Milan Talkies,2019-03-15,2019,141,Lançado,"Anirudh aka Anu lives in Allahabad and along with his friends, he makes local movies and also runs a gang that lets students cheat in exams. His life changes completely when he meets Maithili, whose father hires Anu to help her clear her exams.",https://image.tmdb.org/t/p/w500/d0Lry8POoEY22WWqGwtyeYBugT7.jpg,https://image.tmdb.org/t/p/w1280/gzqRLRScboc5oO32rCH7a93sjeq.jpg
f6cfe8a97be2b18dd045d7051c075a1c3d78d51edcc1421aa3928d51237a18d0,588527,Our Way Back,2018-03-31,2018,26,Lançado,"Uri, a 50 year old family man, has a romantic secret relationship with Oded, a young man from their small town in the south of Israel. During a trip in the desert, the two are forced to deal with the tragic consequences of their type of relationship.",https://image.tmdb.org/t/p/w500/qSAH6oSvSYi72Fx35j7rVwmIdN2.jpg,https://image.tmdb.org/t/p/w1280/bZMtF9OAsMaME7yqlfIyPrBtVM.jpg
bd1203241f75aef2079e1395c7cb1158d7eaf22246196b99557753b67356424f,590093,In His Place,2018-06-14,2018,24,Lançado,"A complicated and nonliteral Jewish film about feelings the name for which has not yet been invented. A friend of the family in which the wife died in labour loved her more than life itself, although he will never say it out loud. He gladly agrees to babysit the child for a day and brings her home, where he is suddenly faced with resentment from his relatives. This multifigured film with beautiful unspoken truths talks about widowhood of other people and oneself, about others’ children who can be dearer than the yet unborn children of one’s own, and about love that does not follow the loved one into the grave.",https://image.tmdb.org/t/p/w500/4F8aknFZpbR6ywNxtN5pJIc9dqR.jpg,
1439b68ff77d1e76d16655917a0c593db8db082730e3133387a6e9ea2ec96f77,590153,Nowhere To Be Found,2021-09-23,2021,93,Lançado,A mother's worst nightmare comes true when her teenage daughter goes missing.,https://image.tmdb.org/t/p/w500/llnjXuqpoiMdiRmRqygsLXEqT6g.jpg,https://image.tmdb.org/t/p/w1280/rLjuyV3OJv5liZKEfxROmLswtDS.jpg
45636736e9120a74c54bc700197f4d7cf4395d9e6e47bb518f1b4f9b74609459,590872,Nate Bargatze: The Tennessee Kid,2019-03-26,2019,60,Lançado,"Comic Nate Bargatze touches on air travel, cheap weddings, college football, chocolate milk and the perils of ordering coffee in this stand-up special.",https://image.tmdb.org/t/p/w500/cGGBMp1VD2LhfKsoQbFAoz4hFmv.jpg,https://image.tmdb.org/t/p/w1280/naTD98mxfeU8piwt12huSv95koh.jpg
63c6468d02fa856694ed9eb49117d2c49dff5932257d5834005c8a9cd472dc2c,592383,Then Comes The Evening,2020-11-08,2020,28,Lançado,"Bitter poetry of everyday life in the isolated hills of Eastern Bosnia shows the care and intimacy of the grannies, both in their mutual relations and in relationship with nature.",https://image.tmdb.org/t/p/w500/agrUvtwRFqSm4S6BodVXneI3KCw.jpg,https://image.tmdb.org/t/p/w1280/4nbpxJleFgidJkCBMQM9CEHIo4m.jpg
2b28a4094bba7ccc9e1e455635f618135b63de553600bad45e06cf569eb5f386,592620,If The Dancer Dances,2019-04-26,2019,90,Lançado,"""Filmmaker Maia Wechsler follows choreographer Stephen Petronio as he prepares dancers to restage the 1968 production of """"RainForest.""""""",https://image.tmdb.org/t/p/w500/zJx7y8T73I568IvTIDpiExl0wp6.jpg,https://image.tmdb.org/t/p/w1280/yvgibKGsKdjgbFfJvftEbiH3PAW.jpg
290f3c31909a58ec22f852addf7973994146c7a76c56b875e75f93e997526a57,592746,Vinara Sodara Veera Kumara,2019-03-22,2019,145,Lançado,Ramana falls in love with Sulochana but their relationship fails to materialize due to which he decides to end his life. He then meets a soul that communicates with him to make him realize the importance of life over love.,https://image.tmdb.org/t/p/w500/pnDYLlUVaJIIAwclqPDUoBiYILt.jpg,https://image.tmdb.org/t/p/w1280/vmmxz0bJV2HvtfJLK6oOaXXKx2Q.jpg
5958f9792f193f5da413c17a5903d3dbfb0a02ea2f7556c30890e961608d3280,592938,The Way You Look Tonight,2019-03-08,2019,85,Lançado,"Peter is approaching 30 and still trying to navigate modern online dating culture. After a whimsical, romantic evening with a mysterious young woman ends with him waking up alone, Peter tries to put the night behind him by turning to a mythically effective dating site guaranteed to find his perfect match. But with each date from the site, Peter notices strange similarities between each woman and that first amazing date. As he learns the truth about their connection, he'll discover a whole new world of people and experiences that will make him question the nature of identity, attraction, and love.",https://image.tmdb.org/t/p/w500/ocRnEbAAgZcoHTHr4ImFSYxPka5.jpg,https://image.tmdb.org/t/p/w1280/9lPD5d0mNcvnl9wv1cl5XMH68WX.jpg
bd7538d765e70f3f91cb4f3588b65a446f7ade05490b006d8fa41d7b122770f2,593050,Heaven: To The Land Of Happiness,2021-10-06,2021,100,Lançado,Sem descrição,https://image.tmdb.org/t/p/w500/87K8kUSkLZ9LdkllSWWNizrAc20.jpg,https://image.tmdb.org/t/p/w1280/now78G3L8ejeiWevfkMsDtBTJV7.jpg
ed5c529489742bc703b5f8aece99eafbd9fddac8fd81d8a40c4c81e9fc75ed0a,593655,Castle Freak,2020-12-04,2020,106,Lançado,"After she’s permanently blinded in a tragic car accident, Rebecca receives some bizarre news: her long-lost mother has recently passed away, leaving her their family’s ancestral castle in rural Albania. Traveling to the estate with a group of friends, Rebecca hopes it will be an opportunity for her to reconnect with a past she never knew and a mother who seemingly left her behind. When mysterious events begin to occur and her friends begin to die, Rebecca must unravel the secrets of her family’s history before she too falls prey to the Castle Freak.",https://image.tmdb.org/t/p/w500/HJEosQRIdBzAHEdZJCUF7e5FmF.jpg,https://image.tmdb.org/t/p/w1280/1WDITmJAHz4rAnjVv1XYN4IfjKq.jpg
0c8a88669a80ee097a92fd15d4207ea6a410f68a3816926df0245132749a9143,593901,Musica Para Casarse,2018-10-08,2018,0,Lançado,Sem descrição,https://image.tmdb.org/t/p/w500/1C9jxXrvBkIcb0Q9FhOZjZ3gGHi.jpg,https://image.tmdb.org/t/p/w1280/kpB5sHmg9vX7IWv5r3Mnm8FZ2LD.jpg
0524e7394eb76df1f29574d4ba57055eac2ed1c6669e318c552693a2d0d97ae9,593945,Mujeres Infieles 5,2018-01-01,2018,89,Lançado,"The romance between a film director and an ambitious actress who wants to shine on the screens no matter the price. Everything gets complicated after a night of drugs, alcohol and a mysterious disappearance.",https://image.tmdb.org/t/p/w500/igVOAHNiHpUjbxGcjNGJa2GgXrp.jpg,https://image.tmdb.org/t/p/w1280/2sY9EHEGsh9dBklRGbOOLChasxX.jpg
95c1045033afab6cb5ac517e2f505d7da9dc4274260683eb895f993a65595264,594491,We Look Good In Death,2020-01-23,2020,77,Lançado,"The comedy melodrama in mockumentary format. Maria is seriously ill preparing for death: chooses a coffin, buys a dress, orders a place in the cemetery. Despite his wife has already reconciled to the destiny, Peter is secretly looking for money to pay for expensive treatment abroad.",https://image.tmdb.org/t/p/w500/3AmmSEmFfY90hEunbucvaqibCAh.jpg,https://image.tmdb.org/t/p/w1280/zMGdzNKoDqRv6PFPY6dLyyi257c.jpg
148c43e26e1e42820c7f994865247902e44bd7e4d2784bb1e1e866014a21ff44,595068,Blue Blood,2019-03-30,2019,11,Lançado,"Two female hikers wake up in the middle of the forest, unaware of how they got there. Faced with a masked evil they are forced to fight for their lives in a ritualistic occult hunt. Can they survive?",https://image.tmdb.org/t/p/w500/4JCAYWjSTD65jW1ddCobpqmv6jE.jpg,
5351ed6c15c1297e5c88a6d832e3de9a920be554793e3552714ecb99d11a5157,595307,Nikah Yuk!,2020-02-06,2020,94,Lançado,"Arya still maintains his relationship with his chosen girlfriend, Neyna, and rejects the coercion of his parents to marry young. However, his meeting with Lia made Arya fell in love and broke heart at the same time.",https://image.tmdb.org/t/p/w500/uCibdeGpmWqbpbuOlI3G3sX5kW0.jpg,https://image.tmdb.org/t/p/w1280/8x6D0YZEKVEZev9bZNXR25tnlfE.jpg
4e54a87437b744fa053422b28fd6e12819daebae3f5a9e413b9d8fdf32fcab13,595565,Twice The Dream,2019-04-19,2019,101,Lançado,"After years of being forced to live their mother's aspirations, Amber and Sam Bradshaw are offered an opportunity to chase their own dream of becoming musicians. Upon this quest, a family tragedy strikes. In the wake of this tragedy, they discover that it is their dreams that hold the family together.",https://image.tmdb.org/t/p/w500/rZJLs4Nah8Jzc4YKhgezrzGxElh.jpg,
f64da48dd526ce77f01c3ed06e9cc5d548e4bc8198572ecce1975ae024db983b,595735,Valiant,2019-11-17,2019,94,Lançado,"The powerful story of the Vegas Golden Knights in their very first year of existence, when they healed and unified their home city after the worst mass shooting in U.S. history and took an unprecedented run for the Stanley Cup.",https://image.tmdb.org/t/p/w500/pl9hEyWsnBovKJnlWW7hvxXRaNb.jpg,https://image.tmdb.org/t/p/w1280/8iLUkzzHB3YUmqv08Y7XHPZL7JA.jpg
fdac62d7284ed2e76d62d948fbd45208fefde87cd26553d413293b84ca15c77d,596034,Counsel,2019-04-15,2019,60,Lançado,An alpha female barrister complicates her professional and personal life when she falls for a client.,https://image.tmdb.org/t/p/w500/rdTtMi4g3CFD6yZAFAq1IqFqtj8.jpg,https://image.tmdb.org/t/p/w1280/s1OvClwGE3LoCUVzZYXD1UPr9hy.jpg
0651764346b9ac81eb83252fbbb0d7bfcd94329149abb1d68f11f1d19003f7d2,596053,Max Winslow And The House Of Secrets,2020-05-29,2020,98,Lançado,Five teenagers compete to win a mansion owned by entrepreneur and scientist Atticus Virtue. To win the teens must face-off against a super computer named HAVEN who controls the mansion.,https://image.tmdb.org/t/p/w500/AfIg2Z2jcogAx131KxP4OIIBm4s.jpg,https://image.tmdb.org/t/p/w1280/61CIP84rDAuBIDijbRfPIBUF20e.jpg
6b0d46f0b51764eabca04812090a174172c657b670231ba5771833c79aa367df,596068,Shout At Me!,2018-07-20,2018,12,Lançado,Sem descrição,https://image.tmdb.org/t/p/w500/aguVcW3w7TPJpK2OS4SdB8YdW1y.jpg,
15fe27809be42a54b224d00682babcdaa3c0cb920d6494212a1f8eb296f16af3,596306,Mano A Mano,2019-05-22,2019,23,Lançado,"Abby and Luca are circus acrobats, travelling from town to town to perform their duet. Their love relationship is falling apart. As they are driving in their small camping-car to the next theater, they have to confront their problems to regain trust in each other.",https://image.tmdb.org/t/p/w500/AfW7VmM6UUDttIBJBmc9srXc0p0.jpg,
c94998601760c32a11e3a9e69919597770748e5b99215f52a6d0434d60b9792c,597118,Je Te Tiens,2019-05-19,2019,21,Lançado,It is the road trip of a mother and her daughter through strange worlds. The daughter wants to kill herself and the mother will try to talk her out of it.,https://image.tmdb.org/t/p/w500/Q8gm6Ujw1kbyCkp0zqhAj6NBu5.jpg,https://image.tmdb.org/t/p/w1280/ps8btn1W05uUjKYD9oSnPb0v57t.jpg
002dcac67e9b5cc4f67c9422287db77b6f73d48e0824827afb67b4f9a39a9c98,597185,Killing Poe,2016-06-18,2016,99,Lançado,Killing Poe is a dark comedy about five students in a class on Edgar Allan Poe who teach their professor a lesson in true Poe style.,https://image.tmdb.org/t/p/w500/zPqo6xllwMmQJjA3Bbez0avcNqe.jpg,
f5d150fda0ef5f9b85ff18ae5c9b604ec689ffda1ff3c1caee74f1e433703e6a,597305,The Attorney,2021-10-08,2021,102,Lançado,A young man is accused of killing the daughter of Hong Kong’s richest tycoon after a drunken tryst. His poor shop owner grandmother insists he is innocent and seeks legal aid.,https://image.tmdb.org/t/p/w500/raaDODfFetQABeOofusxk43Ex5n.jpg,https://image.tmdb.org/t/p/w1280/5SVQx2fYanxlq4ZloNXUdqEfqaj.jpg
2af66db74dc4c6b2ed8b1ff7227527d3294dbe30aa31ce72e262ebd8d4601ad0,597311,Guilt By Design,2019-09-12,2019,0,Lançado,The film centers around a juror on a high-profile case who is blackmailed into fixing the verdict after his daughter is kidnapped.,https://image.tmdb.org/t/p/w500/kAfHXYFWkL2xQGM7oKIU8zMX93Z.jpg,https://image.tmdb.org/t/p/w1280/28z90W0gvkTkt77HlhzL1ccX9vX.jpg
fcbe2e9766f0fe40ff3708dd84fd32a02f0db7b01c00b04d49c5baa9307f8533,597832,The 7th Run Around The Globe,2019-06-10,2019,97,Lançado,"Mikhail is 59 years old, and for more than 30 years he works at the motor transport enterprise, where he also lives in a self-made workshop. He has a beloved pregnant daughter, a hobby to draw paintings and a favourite car of a heavenly color. Natasha, a warehouse keeper, offers him a deal: to hand over the waste metal stored at the warehouse to the scrap metal reception center and divide the money. Mikhail takes pity on Natasha and agrees. On the road to the reception center he gets stopped by the police. In order to avoid litigation, Mikhail asks the director of the company not to file a theft report. The director agrees but fires Mikhail anyway. Now he’s left homeless and unemployed…",https://image.tmdb.org/t/p/w500/qXoupbaMPzPqzr79XFspePIbtJq.jpg,https://image.tmdb.org/t/p/w1280/9VPXn9uVXHDkaupJpgIVqQ1nE2r.jpg
1ce3b4f402ac753388fb5b811871efb64c6bd2b5041f9da14e897d8f9c0d2072,598269,Konpaku,2020-11-01,2020,109,Lançado,Sem descrição,https://image.tmdb.org/t/p/w500/sT4pOAGfceaYYtzoZyFwofYabw6.jpg,
77bee727183a4c0248f0dfff2abf814bf67bb877817927d1c1b90211c581c828,598576,Humboldt Et La Redécouverte De La Nature,2019-04-27,2019,0,Lançado,Sem descrição,https://image.tmdb.org/t/p/w500/w8x68Kn2v1FzmPL7hWOCelBcfIP.jpg,https://image.tmdb.org/t/p/w1280/2kwDvDkLT1iwYSxGJWCTsHWteFr.jpg
fac228b2b758ed10acd8bc3be4992be0868baeb15ec8b236709ccf30d86351d8,598895,Wwr The Show Must Go On,2017-08-20,2017,109,Lançado,"Women's Wrestling Revolution held 'The Show Must Go On' this afternoon at The Aurora in Providence, Rhode Island. The show featured Priscilla Kelly's debut and Amazing Kong versus Deonna Purrazo in the main event. Here are the results of the show",https://image.tmdb.org/t/p/w500/2We9iXY1ugipJWG9sK7sDkjL5OG.jpg,https://image.tmdb.org/t/p/w1280/tUzVpg8ASmlJISd1sG03y0E71JL.jpg
bdddfc7f0ff6be0eac21f138ac7124ddabb55cac2e2a29317b847dab1b0c6bb7,599437,Liv Along The Way,2018-05-07,2018,22,Lançado,"Since she first summited Mont Blanc as a teen, Liv Sansoz knew she would make her life in the mountains. She was twice crowned World Champion in sport climbing, and eventually expanded her professional horizons to mixed climbing, ski mountaineering, and base jumping. In 2017, at 40 years old, Liv set out from her base in Chamonix, France to attempt to climb all 82 4000m peaks in the European Alps in a single year. As she’s learned several times throughout her life, things don’t always go as planned.",https://image.tmdb.org/t/p/w500/xEG30DWOulxwVjlJH4a5fYSb0MH.jpg,https://image.tmdb.org/t/p/w1280/j12a4TaO80jTdlNAPqAzhdMB9GE.jpg
0e128822b069642e471c6f025d619408203a9869dbadbab8152555157edfe2a9,599672,The Blue Elephant 2,2019-07-25,2019,129,Lançado,A meeting with a new inmate in the psychiatric hospital flips Dr. Yehia's life upside down. She prophecies that the death of his entire family is only three days away.,https://image.tmdb.org/t/p/w500/o5mG2rs6W4Q1lNUJ3aCn7gAkTlV.jpg,https://image.tmdb.org/t/p/w1280/2PGR3O0oB9PM8Fou6MoHc5IrGQO.jpg
91683a1d530e31e9a4ebd70e1f8c61c7a4889bd4eff750cd73cdbaab652d2c7d,599703,Dulla Vaily,2019-01-04,2019,133,Lançado,"A corrupt landowner terrorizes the local villagers, when a man decides to stand up for them all.",https://image.tmdb.org/t/p/w500/i0LtqFTIqIMtKzUBXDDPL34B2s.jpg,https://image.tmdb.org/t/p/w1280/gY1S660hirlD1dIhq2ax62Top2G.jpg
62319180405e8c1b10b1e41ff82bf1177e9d152366673f1a9f92ae6126247f20,600741,Secrets Of Blackmoor: The True History Of Dungeons & Dragons,2019-05-08,2019,128,Lançado,"How does a book of war game rules written in 1880 lead directly to the creation of Dungeons & Dragons nearly a hundred years later?  Secrets of Blackmoor is the two-hour documentary film resulting from an unprecedented exploration into the evolution of Role Playing Games (RPG's) that reveals the true origin of Dungeons & Dragons.  It's the story of the invention of Role Playing Games as told by the people who were there: the Twin Cities Gamers.  If you think D&D is the beginning of the story, then think again: D&D is actually the end of the beginning.",https://image.tmdb.org/t/p/w500/zHauLUlaLpAUpyU2UtwvCFFaV02.jpg,https://image.tmdb.org/t/p/w1280/gXrlBQvON7dC3GA17VPV3wuclV9.jpg
45ff27d766a535835887208ba05790212041c1cca9c8016e27dc78d6465cde6b,601815,Fantastic Nite,2016-12-01,2016,12,Lançado,"At night, a Rider passes through a quiet road and is halted midway by a private Policeman. The Rider is given a traffic ticket and forced to go home in the cold midnight.",https://image.tmdb.org/t/p/w500/xHuvozBd3UtaIFo2rdJUqQSidgE.jpg,https://image.tmdb.org/t/p/w1280/xMGzhQpDY41QaR1CLfvWeukSYML.jpg
7afebc54c4f29003376e8107d7f4a40ce66ae825bc65e461ac0c65c9e084d584,602009,Pipeline,2020-12-25,2020,85,Lançado,A family rents their home to unsuspecting tourists to satiate the monster that lives in its very walls.,https://image.tmdb.org/t/p/w500/vqZqO8u5IT7J9qKLf62zbS0ff3o.jpg,https://image.tmdb.org/t/p/w1280/A6Ovg3tdEfHBb1482N3J733IE8Q.jpg
06a7bcacb6a69c57df797aa8511bf9a3dbbbbebbd7467be9e7c952178f8277cd,602177,Glorious Days,2019-10-03,2019,119,Lançado,"Because of an incident when they were in high school, members of the Bebas Gang were forced to separate. 23 years later, one of them is seriously ill and hopes to meet again one last time.",https://image.tmdb.org/t/p/w500/4MyNGRvjOWZD7oU0y8Dso1NrJR5.jpg,https://image.tmdb.org/t/p/w1280/1kQjQbysLaUG2e3CGUn5h9FPd8A.jpg
f72b40dde9a3203d87bea8e518a83be3e50efaa7247443faa5ee2b2ad43c68c3,602275,Paradise Next,2019-06-06,2019,100,Lançado,"Wisecracking Makino shows up from Japan and meets Shima, a yakuza living quietly in Taipei. Makino says he knows about the incident that prompted Shima to come to Taiwan. Shima finds out that someone wants Makino dead, and they both head for Hualien, a city in eastern Taiwan.",https://image.tmdb.org/t/p/w500/yUan4rXT9cjhy5YplT7ejUOa4MI.jpg,https://image.tmdb.org/t/p/w1280/cPFcmIouKtwVHkH0GnxOIR10zgs.jpg
6beb73d2f73078141d615f8b3ba736de6c670a95c8d6732afe357af5c9f06367,603153,"Permaculture, La Voie De L'autonomie",2019-06-12,2019,68,Lançado,Sem descrição,https://image.tmdb.org/t/p/w500/o9yqIG2XQJvUASWqqoqfqq9Mqff.jpg,https://image.tmdb.org/t/p/w1280/hdnkeX6kk9wfvoNF2FCbyane6uN.jpg
d69db18183a2839afb55bf836af986662968fbd93d3a28659326c4cd0b42b6f4,603209,Wade In The Water,2019-02-16,2019,88,Lançado,"When a package is delivered to the wrong post office box, a horrifying secret is uncovered--one that will set a misanthrope on a collision course with a predator, a disillusioned daughter, and his own dark past.",https://image.tmdb.org/t/p/w500/jyFusIXCpRDD13346j1BltfCSCZ.jpg,https://image.tmdb.org/t/p/w1280/f3D9YNBTHsBQjjBFgd87Bx0i8ss.jpg
5118da1111c4be8a779c10ee95cb29ac60ec475b77ecba3cc27ced6bd9c1de2b,603447,Wedding At Graceland,2019-06-01,2019,90,Lançado,"When a spot opens up at Graceland Chapel, Laurel & Clay have only 3 weeks to plan their wedding. Their simple plans get all shook up as their very different families descend to help.",https://image.tmdb.org/t/p/w500/3NCFZjodGLEsvJ1vP3HQl3vDKKz.jpg,https://image.tmdb.org/t/p/w1280/e96DXU0CBN8cyOf7jGROatX6Njx.jpg
82e38b7f52d3cfc679cf1b1c51442e13c6b899f5c294cbb0cab9ff0e9bc066a7,603673,Laxmii,2020-11-09,2020,141,Lançado,Aasif's belief in logic and science shatters when he gets possessed by a transgender's ghost.,https://image.tmdb.org/t/p/w500/9sZ1UGVxOCs4yDd5NoACRkK0oXn.jpg,https://image.tmdb.org/t/p/w1280/hJHfqLvYPz9nMPEZamjifHiXZbr.jpg
253ebcd5838095155e900afd268e5b88292eb98770e6fae235af3c34ab103e58,604076,Red Rabbit Lodge,2019-05-22,2019,0,Lançado,"Alongside Sydney's golden beaches stands one of the city's oldest and most mysterious houses - Red Rabbit Lodge, a sanctuary for foreign students during their final college years, including Abigail Mason, trying to put her traumatic past behind her. Unbeknownst to her and the other lodgers, the house has a history of blood and mayhem - and a sadistic killer who still hides within the walls.",https://image.tmdb.org/t/p/w500/tHcmVVcIQWxt8alAbmn29Nqzv5b.jpg,
0aa5dc29512aee6424c2ae501d346e1599d4f6e83482e047d3a0e6f3be42e08a,604228,The Blackwell Ghost 3,2019-04-05,2019,75,Lançado,"A filmmaker takes a journey to discover a new haunted house and brings along his cameras to document what happens inside. The house, which is plagued by its dark history, begins to come alive in this third instalment of “The Blackwell Ghost.”",https://image.tmdb.org/t/p/w500/fq94LFd0PGK0RhGoFbNMope8psO.jpg,https://image.tmdb.org/t/p/w1280/iNXsOmnk95nzdk8EVYTlWX8SOgv.jpg
fa8928f5d0ea2bd982e758ebdbc766eebd26d7c499f1be71f55fa2d578d9c5f2,604362,Hitman: Agent Jun,2020-01-22,2020,110,Lançado,"A top secret agent fakes his death to start a new life as a comic artist. When his new career goes poorly and he's unable to provide for his family, he drunk draws a comic about his exciting past. But when it gets posted online and becomes a massive hit, trouble from that past comes looking for him.",https://image.tmdb.org/t/p/w500/dAt3nolyXLEEuXiIXZwv1iikbcA.jpg,https://image.tmdb.org/t/p/w1280/7tli6KezIGfdfnFvICxjAGJ6b4v.jpg
f29201903f9c0222f02beb9e5402539f56cc93da573235c7f44af1b6be7b3d50,604420,Life After The Oasis,2019-06-13,2019,75,Lançado,"In 2008, feature documentary, The Oasis, shocked Australia with its gritty insight into the lives of homeless teens at a notorious youth refuge in inner city Sydney. An outpouring of social and political goodwill followed, with the then Prime Minister pledging to halve homelessness by 2020. A decade later, with social inequality and homelessness worse than ever, the original participants reflect on where their lives have taken them.",https://image.tmdb.org/t/p/w500/zkwGx3rpaYPVzmOfZ3B4XmAay3g.jpg,https://image.tmdb.org/t/p/w1280/ifLwCM1v2xHqo0OabpRHwkmVdFB.jpg
29828557d7c8d9a3702f079e217227fe9370d411cefdbb63daef4ba26a46e334,604518,Little Monster,2018-11-11,2018,73,Lançado,Sem descrição,https://image.tmdb.org/t/p/w500/2NMwfxE2myTUWx2SAYVMYklkq4o.jpg,
6aa6089025e7645d0b9cbad6025f45d9a38cd3bf5ad1e6efde714bbd8f405830,605045,Am I A Serial Killer?,2019-05-10,2019,82,Lançado,A teenage girl visits her mom on death row and gets lured into a dangerous trap to take the fall for her mother's crimes.,https://image.tmdb.org/t/p/w500/zycNjyjasWMK28PEfv6giK6oH1S.jpg,https://image.tmdb.org/t/p/w1280/gXaOdvzOP1Nt1yBLOyCThEFgr7e.jpg
db58176b04fe29170cb14a5251bdc6df9100837b628e1b1f9ed4282cd197401a,605076,Queering The Script,2019-06-22,2019,90,Lançado,"Queerness on television has moved from subtext,in series such as Xena: Warrior Princess,to all-out multi season relationships between women, as seen on Buffy the Vampire Slayer, Lost Girl, and Carmilla. But things still aren’t perfect. In 2016, a record number of queer women died on fictional shows, which broke the hearts of queer fans and launched a successful fight for better,more diverse LGTBQ2S+ representation. Stars such as Ilene Chaiken, Stephanie Beatriz, Lucy Lawless and Angelica Ross join with the voices of numerous kickass fangirls in this fast-paced history of queer women’s representation of contemporary television.  Queering the Script not only charts the evolution of queerness, but also demonstrates the extraordinary impact of activism on its many diverse fans,ensuring that they see themselves accurately portrayed onscreen.",https://image.tmdb.org/t/p/w500/93xV8SVSPPT1TFQ0FKIGyu4M1MV.jpg,
250a6c3bf968726e8fd2fc84f7d4b8e897378a54b462f093aa0cd3b65f54bdbf,605133,Slaxx,2020-09-11,2020,77,Lançado,"When a possessed pair of jeans begins to kill the staff of a trendy clothing store, it is up to Libby, an idealistic young salesclerk, to stop its bloody rampage.",https://image.tmdb.org/t/p/w500/2Ef5cStkpOlOawApzzgdpIr0r8M.jpg,https://image.tmdb.org/t/p/w1280/xYQnMWHWtgF5VjwuV66v90N7K6p.jpg
75a315b13242a45b7dc23f52727f0053996550fa78e4b0ed713cf08628b3af30,605483,Jackrabbit,2019-06-15,2019,9,Lançado,An Italian backpacker stops at a remote gas station in Australia and is confronted with a strange situation.,https://image.tmdb.org/t/p/w500/b3cR6V6GLG8ch0IGrcuO1DWaJor.jpg,
f2a1eff1746cb8de240d8e6a98ac95e6bd288e07b121ea152216cf353a89d6ce,605976,La Tierra Llamando A Ana,2019-03-13,2019,20,Lançado,"One day, life detaches you from the world. Without a warning. Isolation. It´s just like being alone in Space. This is what happened to Ana. No more albums, no more tours or stages. Music remained inside her, and so did Juan, her love, her Earth. After 3 years, Ana begins to feel strong. But today hasn´t been a good day for her. Today, her light shivers.",https://image.tmdb.org/t/p/w500/4wxyfJoLbswZp8diYBUgOCpdLn.jpg,https://image.tmdb.org/t/p/w1280/l73ftxdC2wFSLoZDexGlpH12wcf.jpg
58a0f29c78331b7f6c25253bf53788285f01ea90c7b176c842e9f86b1019b6cd,606009,The Gambler,2019-05-24,2019,121,Lançado,"The film is about the struggles of Anson, who runs a start-up and is in the pursuit of making it big in life",https://image.tmdb.org/t/p/w500/p6ExfrtfYCb1KkK4K7ulR6jR6DO.jpg,https://image.tmdb.org/t/p/w1280/gBQG0eP6UlIPl7PSpUDhzythAe9.jpg
85ff43eb9d3e7cab18436b6d01dac6883c869f5dcb1a55694dc8123f9b05d959,606782,Musabbar,2019-02-28,2019,0,Lançado,Sem descrição,https://image.tmdb.org/t/p/w500/poCIvkaIcvW018n2FnzqYobGyJE.jpg,
9e3c9498a7295795f6690ad05d48d5ad00ba155682bca8bc861dbe4f44c0a131,606834,The Fortress,2019-03-08,2019,84,Lançado,"In the final days leading up to the Colombian national soccer finals, Jorge, a young man from the northeastern Colombia, travels 1,000 miles across the country with his friends to see his native Bucaramanga’s soccer team. Proving their commitment as loyal fans, they travel by illegally hopping onto tractor trailers to attend the most important game of the season — one that promises the team a chance to return to Division A of the Colombian professional soccer league after eight years in Division B.",https://image.tmdb.org/t/p/w500/9AA5zbUTwFR2MqHDTQ4LXPiQ4yW.jpg,
47729e1c2040640d7439d634cef17a7549fa01e6500fadf0a6deec0d30060fbc,607121,Keep Away From Fire,2019-06-28,2019,78,Lançado,"After a year of separation, Palo and her friends gather in a countryside house to catch up and try to regain their friendship. Far from the differences that distanced them in the past. Far from the chaos of the city. Away from the fire.",https://image.tmdb.org/t/p/w500/ipOWenMHVB6ys59m27A7FUAcECK.jpg,
d562b7e01c5e235dde8ebccd1d3c23627d2c7afc0d23b2c2c373652045fbfbed,607214,Ouroboros,2017-07-05,2017,4,Lançado,"A rude knock at the door and an unseen visitor's muffled cry for help wake up an unsuspecting man in the dead of night. He truly seems in grave danger; however, should he open it? Who knows what terrors await behind a thin piece of wood?",https://image.tmdb.org/t/p/w500/sgkw7UTdZ1pml6CCctNTQi12Erg.jpg,
47ac413daa67784237112f89795cb742720efecb1fb504d7048806f6762a6c29,607475,Film About A Father Who,2020-02-11,2020,74,Lançado,"From 1984 to 2019, Lynne Sachs shot film of her father, a bon vivant and pioneering businessman. This documentary is her attempt to understand the web that connects a child to her parent and a sister to her siblings. As the startling facts mount, Sachs as a daughter discovers more about her father than she had ever hoped to reveal.",https://image.tmdb.org/t/p/w500/psYTvMQYG4vcgI8yVZeBqjFyEBS.jpg,
09d4529f1b9fef4583a3283eb2a517379d558bd9090b73f4d8d3bd8787e30176,607603,Crackerhead,2016-01-01,2016,73,Lançado,"Marcus is divorced. He's 25 and living in his sisters basement. There has to be something, someone to make his life worthwhile. He'll try anything.",https://image.tmdb.org/t/p/w500/f1KNquHvDmmkh3YrXQ03aaHMfMV.jpg,
0409f585b393c59279a55551b84e634b67d88c5a1acc43d635a3af2dad36b3b5,607807,The Heart,2019-06-14,2019,104,Lançado,"In the last boxing match before his retirement, TAN Kai accidentally beats his teammate WANG Yao to death. WANG's heart is donated to a young girl, LI Chuan. Guilt-ridden, TAN Kai decides to meet LI Chuan and they slowly develop a friendship. Suddenly LI Chuan's body is starting to reject WANG's donated heart and a new surgery is very expensive. To pay for his sins and the surgery, TAN Kai must put his boxing gloves back on one more time.",https://image.tmdb.org/t/p/w500/nodNqhiuWMvnJAGMdG01qbOArg5.jpg,https://image.tmdb.org/t/p/w1280/nMu6rBH3eHJmTLOqw4Y48wPN4UL.jpg
b8b1553555dc57011865d9c5ef13335bc1302944691b3ae3b599bfda7bb4981a,608441,Çift'lik Bank: Tosun Firarda,2018-11-16,2018,99,Lançado,"Based on a true story, Tosun Firarda is about the biggest scam made in the history of Turkey.",https://image.tmdb.org/t/p/w500/dAR3OurhmqfBiXdiRxw5opW6frw.jpg,
a832cf65558d1a457b60e076a013a14331cc8e59a89edfebd6b86b7195de69a4,608811,Patsy & Loretta,2019-10-19,2019,83,Lançado,A story of the close friendship of country music stars Patsy Cline and Loretta Lynn.,https://image.tmdb.org/t/p/w500/bffFFG2HQ1s7Em8eoipBwuxUOtO.jpg,https://image.tmdb.org/t/p/w1280/jI2f8hmpcZieOEfS2T3WEkySXAU.jpg
cec8f530a12671931e9e6f55ad6945770d34dbd17ce6c402334aef4714e80214,608940,The Choice,2019-06-01,2019,65,Lançado,A documentary film about a Chinese family discussing and arguing about what to do with a relative in severe condition in the hospital.,https://image.tmdb.org/t/p/w500/m5XWUEqzyFxmeal5HStKLIoCNO6.jpg,
63b4a9661c2897c9470fb83b75fcb1d59f724ba8b8c95d80955464438b2b0221,609591,Alvorada,2020-03-04,2020,12,Lançado,"Vasco is exposed to his brother's extremist ideals, expressed through the National Socialist Black Metal genre. However, Vasco doesn't identify with the movement's nature and hides from his brother an essential aspect of his life, in order to avoid a fraternal break, while tracing the path of self-acceptance.",https://image.tmdb.org/t/p/w500/wvGmMqA8htmQCDWt51q64cS2odS.jpg,
c6b67f8eb8a63b3a89225182a968f084211e97c2d7718b43cb28fb996c76f19f,609726,Run For The High Country,2018-10-26,2018,84,Lançado,"A seasoned US Marshal is ambushed while tracking a murderous band of outlaws along the southern border of the United States. Left for dead, the Marshal is saved by a lost Navajo boy with whom he forms an unlikely friendship. It takes all of the Marshal's survival skills to protect them both as they take the young boy back home to Navajo country in Monument Valley.",https://image.tmdb.org/t/p/w500/uCGzBBQHotHowIiRUyZqWMbU6um.jpg,https://image.tmdb.org/t/p/w1280/Al5BGYZyBBTYFB4iSES3uUBZA8C.jpg
708fe8d8e6ac3a42d5b70e11525ac67c0fb0ffa7ba9448c98de6efe000002ad1,609877,A Knight's Tour,2019-02-09,2019,77,Lançado,"In a post-apocalyptic world, a young man, J.D., and a detached hermit, Henry, attempt to form a friendship in the midst of swirling suspicions about J.D.'s checkered past and the threat of unseen invaders from the outside world.",https://image.tmdb.org/t/p/w500/rGlme1bIMGrQJX9Cs0DRy9YExtO.jpg,
d45d11686b788e49cc3214f5248e44cb015b3f3025b048c19be1a73824e9a293,610299,Aspettando La Bardot,2018-07-10,2018,0,Lançado,Sem descrição,https://image.tmdb.org/t/p/w500/fXIR9sIr8VNXjmKO6Vpk8dYkHfk.jpg,
e8dc17171b8a8b242c5a23931ffb33ac51838d302f5f536675d4e90b17aab643,611059,Wedding Agreement,2019-08-08,2019,100,Lançado,"To appease his parents' wishes, Bian marries Tari with the condition that they divorce after a year. But budding feelings threaten their plans.",https://image.tmdb.org/t/p/w500/fJI6OR4M4DelA1cVUFZr0G0Owjm.jpg,https://image.tmdb.org/t/p/w1280/sLTUN4QOIKQNGvVIzoGXAJ5oXnA.jpg
08bb9da01ebb2d2a08fa91568dd8c421d85f2c0a93643108e9874c01f077dfdf,611109,The Unwanted: The Secret Windrush Files,2019-06-24,2019,59,Lançado,David Olusoga opens secret government files to show how the Windrush scandal and the ‘hostile environment’ for black British immigrants has been 70 years in the making.,https://image.tmdb.org/t/p/w500/pKSL7Gdt379xO4WegtNjFbo8x60.jpg,
dd99201151d56b7b1862e3a0032ce0bbd66b521b98357785cfef3f4293deca4e,611171,Highwire Live In Times Square With Nik Wallenda,2019-06-23,2019,126,Lançado,Sem descrição,https://image.tmdb.org/t/p/w500/qPX9Pdv8xNdfgFJWUpVzgyIM4u4.jpg,
7c02e643490192828f18e2fcf803f015d86d3b7f7c7efeec7d60944e670c3f9e,611186,Tales Of The Bizarre: 2019 Rain Special,2019-06-08,2019,0,Lançado,Sem descrição,https://image.tmdb.org/t/p/w500/cfUnGHW4Q8qG5VS0qBBxEj8ooe0.jpg,https://image.tmdb.org/t/p/w1280/j1EwW0s6jpGifg7W8DRVERJW8AL.jpg
19b3918571e67e65f99246a9c2d909aa47d8eaa641355fa841fb641cbc53ee2d,611196,Toxic Puzzle,2017-04-22,2017,82,Lançado,"Dying from diseases like ALS and Alzheimer's is a tormenting process. The diseases are on the increase worldwide. Aided by climate change and pollution, scientists believe a substance in the environment, produced by some of the smallest organisms on Earth is the culprit.This is a medical detective story, a hunt for the hidden killer, following scientist Paul Cox and his team on a worldwide quest to find a cure. The team believe they have found something...",https://image.tmdb.org/t/p/w500/9HMQ6Z1O42Ws6iUBJNBaaXL3THU.jpg,https://image.tmdb.org/t/p/w1280/e6A1nayRUVyU8vKwzDB9w9LZHHQ.jpg
4b1fcda3a211471910bf9facd1d88b3348d214b3982d59cc7af09a5d5394895a,611634,Blood On Her Name,2020-02-28,2020,84,Lançado,A woman's panicked decision to cover up an accidental killing spins out of control when her conscience demands she return the dead man's body to his family.,https://image.tmdb.org/t/p/w500/1VFsgJauwdnjzxU7DaTOnJVNQRE.jpg,https://image.tmdb.org/t/p/w1280/p1U4LuSHIpmubZFF9o9ZIYKuFfQ.jpg
0c19e30cf78044c4d65525955ee68b1c25a6fcf649c255fa19c92b0501c38951,611740,Danur 3: Sunyaruri,2019-09-26,2019,89,Lançado,Risa must have a normal life like other girl. Risa closes her sixth sense. She cannot see Peter and friends now but strange events starting to happen.,https://image.tmdb.org/t/p/w500/fNmBS1j1sL512fttvw8d1WSg4E3.jpg,https://image.tmdb.org/t/p/w1280/KskIUwtuENBlyxJXT1tnGnAzyx.jpg
8a1a93407bef729e22f5c23a1b6e077e627acff07a4bf989ccecc9df2da97289,611967,Sparkling Candles,2019-06-28,2019,10,Lançado,"A man hurries home to ready himself and his apartment for a “special occasion,” while listening to Céline Dion and trying to dodge calls from his mother.",https://image.tmdb.org/t/p/w500/ervlkCzTbLup1jrVO3Ne3daZIfo.jpg,https://image.tmdb.org/t/p/w1280/a78US5uX1FQslGwcw1YKmxqwzgV.jpg
58c70e1065b58080461183412aabba656c9b0f5b01e882ecb4368cb8735bdd7f,613039,Kaake Da Viyah,2019-02-01,2019,133,Lançado,"A guy's family wants him to get married but it is harder than he thought. On one hand, his grandmother wants him to get married to a girl of her choice, and on the other, his mother is eager to select a girl for him. On top of that, he is already in love with a girl. His dilemma of being stuck between three women forms the crux of the story.",https://image.tmdb.org/t/p/w500/3a6VOHuMeNLtTSVsOmpFmnVy9Ux.jpg,https://image.tmdb.org/t/p/w1280/1n1gZQgB0oPF7wwHov9j5odJzWA.jpg
685de0e3b7cbef86ac68864af66d54061640cb681df9220da28e9c2f3b02ba3f,613346,A Vossa Terra,2016-04-23,2016,59,Lançado,"Using texts and landscapes belonging to Gonçalo Ribeiro Telles and to a life of work dedicated to landscape architecture, João Mário Grilo composes this poetic documentary about the evocative power of nature and man.",https://image.tmdb.org/t/p/w500/gVOYTs5SxobJ2ygozuupAB3BZMS.jpg,
7518a427524b0a6f0da518275ed5a4d47c30fba25006217990ee84de7ea08b68,613675,Koboy Kampus,2019-07-25,2019,92,Lançado,"""During college in the 90s, Pidi and his friends, Ninu, Deni, Erwin, and Dikdik founded a country of their own called """"The United State of the Republic of The Panasdalam"""". The problems of college and love stories they experienced.""",https://image.tmdb.org/t/p/w500/6dtE8uNBZx8Ao6KaLI5k7aNlmxW.jpg,https://image.tmdb.org/t/p/w1280/ilcs6wPDfeVxyBsMDqVS8pSU0jU.jpg
5a36828eca9d64d445f84ff68ad7e9d29004aa7b17b7937fef7891a47b6b9935,614387,Tushagni,2019-06-14,2019,134,Lançado,"Sudip and Atreyee are college lovebirds. Both are highly successful in their career. Sudip became a CID officer and Atreyee accomplished herself as a notable actress. They have settled down, got married and was having a sweet and spicy life just like other happy-go-lucky couples. It was their honeymoon to a deep jungle where Atreyee gets kidnapped and leaves no traces behind. Sudip started to search for Atreyee and was highly active since the kidnappers were terrorists. While on the other side, Atreyee is listening from the kidnappers about their life story. Who are these kidnappers? What made them tagged as terrorists? Will Sudip be able to rescue Atreyi from the clutches of the goons?",https://image.tmdb.org/t/p/w500/fknZAVZ1OdTvGxxGpmnHtXuiVcC.jpg,
67fc33999aab323c22c708321c2b9216c583a95da8a504abb384b9b60caa677f,614490,Ernesto,2020-11-28,2020,76,Lançado,"Ernesto is a teenager who wanders, in search of himself, through the streets of Rome. Chapter after chapter, time passes and people just disappear but he continues to live impromptu relationships, causing pain to himself and to others. Taking refuge in his happy moments and in political ideologies, he believes he can save his soul from suffering although life will force him to grow and move forward.",https://image.tmdb.org/t/p/w500/8O8rkI8KPiYUMCi1ZA40nrcRSjV.jpg,https://image.tmdb.org/t/p/w1280/ubRnLggzDRiuqITgQp0n8ZHlO5B.jpg
1f8df9b94487089fc3daef2550a28c54edbf341ad8ff786093df318ab2c8fbce,614564,Wish Man,2019-06-07,2019,107,Lançado,"A motorcycle cop is still haunted by the traumatic separation from his father when he was a boy. After surviving a near-fatal accident and being framed for police brutality, his whole world falls apart. Unexpectedly, he finds hope in the shape of a terminally ill boy, who reunites him with his father after 28 years. To honor the boy, he creates the Make-A-Wish Foundation.",https://image.tmdb.org/t/p/w500/pJGAUwBVql7dYGfAOpYYe0EmqZ7.jpg,https://image.tmdb.org/t/p/w1280/fv1ZIqHsq2juN7l8A2htKzLpEw7.jpg
383a2b75adce73e721683178ed2828bd048897519d35776a175c39fe5602d064,614767,Them,2019-07-14,2019,0,Lançado,"A son, banished from his village for refusing to worship a false idol, bears witness to the brewing conflict beyond that may likely destroy civilisation itself.",https://image.tmdb.org/t/p/w500/oxI7cMZmkcQehmFtiqCjYUpikNr.jpg,
a45805af019f2c37819907b228cd6b9a568973f71203be218a931e25367d5ba7,615128,Black & Privileged: Volume 1,2019-07-02,2019,79,Lançado,"When low-income families move into a thriving black community in Chicago, they find themselves at odds with politicians to maintain their status.",https://image.tmdb.org/t/p/w500/5jJVqJOKh8ln9U1c1NqKsR2mLRK.jpg,https://image.tmdb.org/t/p/w1280/n6vKQB93XvIPqAK1ak0rvBxIOqB.jpg
eb609a7e169f780c6ffaf06daaca7484d9aaeae98406d24f79c473424ecd4c0c,615643,Minari,2021-02-12,2021,115,Lançado,"A Korean American family moves to an Arkansas farm in search of its own American dream. Amidst the challenges of this new life in the strange and rugged Ozarks, they discover the undeniable resilience of family and what really makes a home.",https://image.tmdb.org/t/p/w500/6mPNdmjdbVKPITv3LLCmQoKs9Zw.jpg,https://image.tmdb.org/t/p/w1280/cpDoykGqISrjXb4SG1L18OkmWAf.jpg
8f1a457f9a8cf5029d7701246a2380794df7d545492c752b2fea9467a843ebfc,615760,Sam's Dream,2019-03-20,2019,8,Lançado,A small mouse relies on his cleverness and his friends to make his crazy dream of flying with swallows come true.,https://image.tmdb.org/t/p/w500/lCOKTx4nFHUfHRsQqKsSmea6i5r.jpg,https://image.tmdb.org/t/p/w1280/3ybQdxuuWNHTxJqMOGRzQ73x2dT.jpg
445ac036ff45f180ec55480cea608901bdf66592682073fe6cc8ba8eb8659331,615790,The Cleansing,2019-08-05,2019,94,Lançado,"Set in a small isolated village in 14th century Wales, Alice is a sixteen year old girl who is accused of being a witch and causing the plague that has ravaged the village, taking the lives of many, including Alice's own father. When it is revealed that Alice has been hiding her mother's infection, she is forced to watch The Cleanser, an ominous masked figure, brutally dispatch her mother. The town preacher and de-facto leader Tom has eyes for Alice, and subjects her to five torturous trials after she spurns his advances. Escaping the night before her execution, with the help of her mother's friend Mary, she flees into the forest and discovers the secluded hut of a mysterious healer, with his own troubled past and demons to face. He nurses her back to health, and teaches her how to exact revenge upon those that persecuted her.",https://image.tmdb.org/t/p/w500/woJfpWhsEdQ2cLkpF0L45b7RBQO.jpg,https://image.tmdb.org/t/p/w1280/cnzo5jTthrAfRMPid8TpsZDG7W3.jpg
911a87e7c97e1dcf14bb56243fa89fc101f9d9bec62cae8d26c12f823e371415,616027,The Circus,2018-10-09,2018,228,Lançado,"Drawing upon a vast and richly visual archive and featuring a host of performers, historians and aficionados, this four-hour mini-series follows the rise and fall of the gigantic, traveling tented railroad circus and brings to life an era when Circus Day would shut down a town and its stars were among the most famous people in the country.",https://image.tmdb.org/t/p/w500/24MQSut6Ea6hTXmx0XtdQVudhkH.jpg,https://image.tmdb.org/t/p/w1280/l6ympa6oB1d0kgDeAqKh2UAzB6q.jpg
1bf289b0ad7912d24e20a55025f7757396a5d6aa97b819271ab0b06946f9e997,616248,Stargazing: Moon And Beyond,2019-07-16,2019,59,Lançado,"Stargazing celebrates the 50th anniversary of the moon landing mission. Professor Brian Cox and Julia Zemiro imagine future space exploration, see what it takes to become an astronaut and investigate Australia's space agency.",https://image.tmdb.org/t/p/w500/mqmmLWbersAdE2TiWCXrcWAu6sC.jpg,https://image.tmdb.org/t/p/w1280/eWWCh7eDvU9phOcLDvlRSsovQth.jpg
4d81da0bfeaa92b62a76ea12295933ffee06fda2fdbb3a69e95ac09b6879e480,616267,A Street Under,2019-08-08,2019,20,Lançado,Sem descrição,https://image.tmdb.org/t/p/w500/rWGffeLiGPVxpseTmj0ecEj4t60.jpg,
3d0568d537a8a19f8e6e6ddb547dd292c6fb56e8c58de6fc86335318ab560403,617509,Kidnap,2019-06-05,2019,128,Lançado,"After stumbling across illegal activities in a shady pub, a photojournalist finds her life in jeopardy. The only person standing between the criminal racket and her is a youngster who is a singer at the pub. Can he save her from the imminent danger?",https://image.tmdb.org/t/p/w500/dx6np0pnMzX1fddatoWawXDqYt9.jpg,https://image.tmdb.org/t/p/w1280/5e0u0evRNAVJxMihQEa6IfHKI8q.jpg
59013d0977a95c758324f850482f08ce6c989b15774a89b67c88ef5532d5eac5,617574,Gov't Mule: Bring On The Music - Live At The Capitol Theatre,2019-07-19,2019,180,Lançado,"Live concert documentary of Gov't Mule's April 27 and 28, 2018, performances at The Capitol Theatre, Port Chester, NY.",https://image.tmdb.org/t/p/w500/vpzcahCCJDqpSh4TdoFMSclg1Hj.jpg,https://image.tmdb.org/t/p/w1280/hBznKkwoFLkaUQz1ULaXAEU6Tpv.jpg
594e53e86a0af7cde0e3db3a43d4c759ded8332bb561e4063bea8ed6bdc8bca5,617708,La Llorona,2019-07-25,2019,97,Lançado,"Accused of the genocide of Mayan people, retired general Enrique is trapped in his mansion by massive protests. Abandoned by his staff, the indignant old man and his family must face the devastating truth of his actions and the growing sense that a wrathful supernatural force is targeting them for his crimes.",https://image.tmdb.org/t/p/w500/2AmTEIwxy1VkcZe32Fs34S37qJ2.jpg,https://image.tmdb.org/t/p/w1280/hXjK21t5S6WRR8HnG3apYpZ5lJW.jpg
ec33ce2c85c22dee5e9789a97e4fb732a9f0612450d9787210033d3e58f17ce0,617906,Cold Night,2019-10-27,2019,87,Lançado,"Confronted by the cultural restrict rules of his Scandinavian society, a private detective deconstructs himself through the argument of Shakespeare' s Hamlet.",https://image.tmdb.org/t/p/w500/fZNNqoWxnq525CPnK1MBbBDokJq.jpg,https://image.tmdb.org/t/p/w1280/if3Ge1oWObQx5dQGLdnbR8dHWDi.jpg
fb9bd4af012b6a78e5891910f48ceeca05dd4bf178e0f8e56a06f52b37dafca0,618246,He Can’t Live Without Cosmos,2019-08-02,2019,16,Lançado,This is a story about a mother and her only son. And also - about fate and destiny.,https://image.tmdb.org/t/p/w500/ntVaN0qteUrR7JpvJ6BK1Hpaa06.jpg,https://image.tmdb.org/t/p/w1280/7E7JdVGTN7BYoijkeY80rBdVC4H.jpg
f0e7b1e57fc9c0036c0b6f7775a5d2b171468579f694338e51cd1fdccc07815f,618383,Eight Hundred Times Lonely,2020-03-05,2020,84,Lançado,"Anna Hepp meets with renowned German director Edgar Reitz in one of Germany’s most famous cinemas: the Lichtburg in Essen. Reitz talks about his life, his view of art and his sometimes philosophical viewpoint.",https://image.tmdb.org/t/p/w500/83kPXWvIDUxrdoplIT3fZZdBcwg.jpg,
c8d763262095fb3717fe006cde7db0c09bfb74e5ffcb14708d0505f2288df633,618502,Kingdom Come,2019-08-29,2019,17,Lançado,A middle class family spends the day together purchasing items in anticipation of the arrival of a new baby. We follow them into a consumerist dreamscape that soon dissolves into something nightmarish. Things take a violent turn when the patriarch of the family is confronted by a group of masked vigilantes.,https://image.tmdb.org/t/p/w500/uhLrYVb9DaUeNFTeOe1WPEfdfDS.jpg,
446f8c66d9f548e6aede984dda32b5f7a34943ed9922df6a11a6c922530a5571,618524,Condor,2019-08-29,2019,8,Lançado,"The July 2, 2019 solar eclipse, filmed in 100% totality, over the Chilean coast, in 16mm black and white. Condor is the national bird of Chile.",https://image.tmdb.org/t/p/w500/vEn1gQxRhzDe5jLEDWsgh7FAprA.jpg,
af01be23176136386c73f7c1ad7b3b5a5d9de1cf95cb0477e1005693c318e738,619152,T.i.m. (the Invisible Me),2019-07-22,2019,4,Lançado,An insecure student must find the courage to be seen.,https://image.tmdb.org/t/p/w500/s8ihL4114zQd6i1F9LfXHejU0VB.jpg,
e9be34f637b9cc97b4e438d906efbdcd58ebf8681ad20ac0b078734bc133c7cc,619262,Wrinkles The Clown,2019-10-04,2019,75,Lançado,"In Florida, parents can hire Wrinkles the Clown to scare their misbehaving children.",https://image.tmdb.org/t/p/w500/ifH9eohqttl6TlpAPHM3BoZrgjt.jpg,https://image.tmdb.org/t/p/w1280/jqs961rtnMydKmZIk7KjYeGb18Y.jpg
9f7f330e0433b9cad2f46d748ae6329935cecf720d5ee406beeb0602567bd69a,619269,Nobadi,2019-09-06,2019,89,Lançado,"A grumpy old white man enlists the help of an Afghani migrant to bury his dead dog, and as the two dredge through prejudices to find common ground, their day takes an unexpected turn.",https://image.tmdb.org/t/p/w500/w8hdYKmFXkjsPgXi9dzPzIAL0Y1.jpg,https://image.tmdb.org/t/p/w1280/jvKQq5yLIZe2IJqTVL1Wzwaj8mM.jpg
52ad602bb3c0de199eced739c2249d807c4d72d2d32f7262a74b4e9b4ff9c5fe,619317,Wasteland,2019-08-22,2019,75,Lançado,"Brisa’s daily life alternates between the world of show business, appearances, and the stark reality presented by his son Hilario, who fell into poverty as a result of his addiction to drugs. The film portrays an intense fragment of Susana and Hilario’s story, the difficulties that arise when she tries to keep her professional commitments, the elegance with which she manages to avoid the low blows and her pain; but, fundamentally, the film reveals how this woman faces a difficult process without losing her dignity or sense of humor.",https://image.tmdb.org/t/p/w500/nNBtWqlBymb3CZZUSSBTOFWrP7J.jpg,https://image.tmdb.org/t/p/w1280/2oUVzgIECKaEmHNyJ9eh213K6wz.jpg
65859b279b80f6391a7ba668b66025332cab16307e87974c7db7fabee7e16f35,619396,Troubled Waters,2019-08-30,2019,91,Lançado,"Off the coast of Montpellier, a diver exploring a wreck uncovers a highly sought-after treasure: a golden statuette of Medusa, the monster from Greek mythology. The day after his discovery, the young man's boat is found adrift, with no one on board. Has the curse surrounding the legendary statue struck again? Or is a rival treasure hunter behind the diver's disappearance? - It's up to Police Captain Guillaume Le Guen of Montpellier's regional crime squad and his brother, Gendarmerie Captain Damien Le Guen, to solve the mystery. There's no time to waste and they'll need all their investigative skills, particularly because the victim is none other than Thibault Gagneur, Guillaume's son-in-law, whose daughter Emilie is expecting his grandchild.",https://image.tmdb.org/t/p/w500/lDHSK15MBFKqjQmVBjFggmCGYS.jpg,https://image.tmdb.org/t/p/w1280/jdkkFHawFKOJ621cFykcXEjBuWA.jpg
490bb2a1191b60cd753e5eaf7e815f646aedc96e0e6e40073f3d0b41873dd376,619401,Hermitage: The Power Of Art,2019-10-21,2019,90,Lançado,Sem descrição,https://image.tmdb.org/t/p/w500/uk4LMVIoetOgAYxzkHmEBEbs3c4.jpg,https://image.tmdb.org/t/p/w1280/kADH6OlNaXCcnb9eakMZw2fWEhh.jpg
3b10aaf37b98cde66d4a17585b92dde782464eb450a418ebbcced89e32595a8e,619624,Columbus In America,2018-09-28,2018,88,Lançado,Sem descrição,https://image.tmdb.org/t/p/w500/3d32R78JOWIkXHMCWwCcDsTOZmD.jpg,
0ed49705aa40be7a78f25f1b6d749ce5834cb6d14b66681c8a2984c396567681,619653,"My Skin, Luminous",2019-08-09,2019,40,Lançado,"Enigmatic and deceptively playful in tone, this film from Gabino Rodríguez, in collaboration with Nicolás Pereda, boldly transforms mundane, realist observations at a rural Mexican schoolhouse into fantasy and a sly comment on childhood, rituals, and race.",https://image.tmdb.org/t/p/w500/owVBHhGQSjIGInu3snPQl0Gpoqp.jpg,https://image.tmdb.org/t/p/w1280/RqUK9gQfWpcLYkcbLD2lDSMym5.jpg
0efd1be187bcb5a9901cf8945cb31cb3af3e853ecdb4c5a944d7f3a325e4c85c,619716,The Retirement,2019-09-05,2019,91,Lançado,"Rodolfo (Luis Brandoni) is a retired doctor. Since he was widowed a few years ago, he lives alone in his house. For an unexpected event, his daughter Laura (Nancy Dupláa) with whom he barely speaks, needs to move with him for a few days. The coexistence will bring old discussions to the table, wounds that did not heal and the opportunity for them to connect again.",https://image.tmdb.org/t/p/w500/3LTgQf2NKmLiDAPUaMfbZ8yOxjN.jpg,https://image.tmdb.org/t/p/w1280/oQnoQjpIB1jBc8XAoivGxuWLQy2.jpg
5130703011df2531c7f6f3880981ad3036e73d92748ff40f328ddf5512037f0e,620244,Lost In Space,2019-05-09,2019,55,Lançado,An astronaut's wife realizes he has changed after he returns from a famous space mission.,https://image.tmdb.org/t/p/w500/jZVnCuSbgZ7O6SENVPKfbN75dUH.jpg,
7e11ff701da42eb2940d42f8c4d468db11d4dd3447ecbe1404be2a46814bdfdd,620753,"Debunkers, Inc.",2019-05-01,2019,90,Lançado,High school detectives start a business to solve murder mysteries.,https://image.tmdb.org/t/p/w500/rQjaSSEG3OiKlunDc3TMigFahnB.jpg,https://image.tmdb.org/t/p/w1280/sYaX2j5OKV7g1UZunbevlEa1uCv.jpg
e5d6e492b39f9ab47fe277df1ff122a2b39077a9458cd8d845bb32d9371ae98f,621254,Dead Don't Die In Dallas,2019-07-30,2019,91,Lançado,A miracle pill intended to save the world causes unforeseen side-effects forcing the surviving gays and bible thumpers in a small Texas town to join forces or fall prey to the flesh craving mutants.,https://image.tmdb.org/t/p/w500/z6qaWpfLhDazasG8wiRhOBaynHv.jpg,https://image.tmdb.org/t/p/w1280/k9gUpE7DjJRF5fPKCgX4NO2Zwug.jpg
2d3801f09c77575be9701c674db4883310eb88a7a69aa506526ea287b48544b3,621777,Fado Tropical,2019-05-22,2019,75,Lançado,"Two brothers are reunited in Lisbon to throw their father's ashes in three places in Portugal. This journey opens up affective issues between the brothers, where the past and the present refer to each other.",https://image.tmdb.org/t/p/w500/cMwGWakREZsy6JrH7htNb2dVVHN.jpg,https://image.tmdb.org/t/p/w1280/lkc268EPzO0XWauM5iiA1Ab2m4J.jpg
11eeacad4375826cb74f6c44e4e85c5e717687212e5dcae0cec09422e3defffc,621954,Concrete Cowboy,2020-09-13,2020,111,Lançado,"Sent to live with his estranged father for the summer, a rebellious teen finds kinship in a tight-knit Philadelphia community of Black cowboys.",https://image.tmdb.org/t/p/w500/qRW2poVt06WCVlIhrolWS5af4YV.jpg,https://image.tmdb.org/t/p/w1280/9XPFB98nYhQG05btI1NDJidUg2J.jpg
10b101f7c2e89c9cb58e362a5e3a693c9a1c349a44cb5b8912a77733a0234d60,621978,A Risky Revenge,2019-11-04,2019,0,Lançado,Sem descrição,https://image.tmdb.org/t/p/w500/zo8036PNf20JTOtoSTIfbDWvlV9.jpg,
ef03298f7128d33130d86501b8962874280be2da2e029322285639aba280b825,622510,Nova: Prediction By The Numbers,2018-02-28,2018,0,Lançado,"Predictions underlie nearly every aspect of our lives, from sports, politics, and medical decisions to the morning commute. With the explosion of digital technology, the internet, and 'big data,' the science of forecasting is flourishing. But why do some predictions succeed spectacularly while others fail abysmally? And how can we find meaningful patterns amidst chaos and uncertainty? From the glitz of casinos and TV game shows to the life-and-death stakes of storm forecasts and the flaws of opinion polls that can swing an election, 'Prediction by the Numbers' explores stories of statistics in action. Yet advances in machine learning and big data models that increasingly rule our lives are also posing big, disturbing questions. How much should we trust predictions made by algorithms when we don't understand how they arrive at them? And how far ahead can we really forecast?",https://image.tmdb.org/t/p/w500/a6ppgKna2MBFN9E9UQiINlD5QTm.jpg,
535d1c7d606de946014da6364a32f90f36c6690204b804025225530f916231f1,622770,Camping,2020-05-28,2020,0,Lançado,Sem descrição,https://image.tmdb.org/t/p/w500/abBSGnKimcuDIemd1bFMRVrRp8v.jpg,https://image.tmdb.org/t/p/w1280/4UnOguzJGqSSdTd18MmoF2l2xs5.jpg
33e99ea3211eddcc2fe4e305190e411ae35440223a9c58277d4edab56306a711,623231,Jugni Yaaran Di,2019-01-17,2019,154,Lançado,"A story of friendship and romance set against the backdrop of campus life, Jugni Yaaran Di follows two close buddies whose friendship is put to test when a girl comes between them.",https://image.tmdb.org/t/p/w500/8F6iCee7bMXuciTPyyNiykXIXVt.jpg,https://image.tmdb.org/t/p/w1280/t8WzBPEbWL6SILWfGVZu1r8IFKl.jpg
5e2d7ea6844d22d35189a5d386cf52373d40c9a0be1967b3a5dce085b530dfd6,623238,County Lines,2020-12-04,2020,90,Lançado,"A powerful drama about a mother and her fourteen year old boy who is groomed into a lethal nationwide drug selling enterprise, a 'County Line', which exploits vulnerable children and traffics them across Britain.",https://image.tmdb.org/t/p/w500/AvBAOlu9QUpT20icUb60DeOQKai.jpg,https://image.tmdb.org/t/p/w1280/4ZrVc2kcyVJYGuGGbpF9oxzPnit.jpg
730c6b20e33b7d4450c5de7213b7a0e2b84e8019e9c36bb5cec14d1d28dfb2fb,623383,We Are Stronger,2017-09-01,2017,125,Lançado,"Master Sergeant Victor Raphael is nearing the end of his military career when an explosion in Afghanistan leaves him injured. Back home, he is thrust into battle once again, but he hasn't been trained for this type of warfare. With his career behind him and painful physical therapy ahead, he finds himself without a purpose and in a war with his own mind. Having spent years with an ocean between them, his wife, Michelle, is distant and their marriage seems to be held together only by her sense of duty.  From leading troops into battle to being unable to leave the house, Vic finds himself isolated in more ways than he ever thought possible, until the unexpected happens. Through the help of two kids and some unlikely heroes, Vic must face the trauma and the wounds on his soul to save his marriage and to help his fellow brother in need. To succeed he must discover the true source of strength and realize he can't do it alone if he is going to win this war and emerge STRONGER.",https://image.tmdb.org/t/p/w500/A52KJCjWfA34O7fVEoAqjWtj5UD.jpg,
bcd7cb79966a5f76e69b811f1efa4f83db023572c3196dd656e2bbe530191aad,623409,High School Fleet Movie,2020-01-18,2020,103,Lançado,Sem descrição,https://image.tmdb.org/t/p/w500/ylnIQ3Cx9srhRyQHNpv51KDSHvj.jpg,https://image.tmdb.org/t/p/w1280/muSfF6zobLEiPr3XurDSi1CpCJ.jpg
9361f717aa2e75df24bc084f600e3b621af703b105b72e8ba19271ddce9e79ca,623474,Helene Fischer Live – Die Stadion-tour,2019-08-23,2019,0,Lançado,Sem descrição,https://image.tmdb.org/t/p/w500/lVwfEgo0pBjv0Qloa8kJ5DbTqD8.jpg,https://image.tmdb.org/t/p/w1280/vHqEPUSrlZA5jE7yfNQMg4NnaoU.jpg
be74c4544be0220c1329e270b85b4114539a1b2da03302fcc6d4e8a8ae9589c7,623897,Goodbye Mother,2019-08-16,2019,100,Lançado,"Văn comes back to Saigon from the US with his boyfriend Ian to visit his mother. Being the male heir of the family, everyone expects him to take a wife soon. And to top it all, his grandmother, who has Alzheimer, mistakes Ian for her grandson.",https://image.tmdb.org/t/p/w500/9LgTrVsiXqX4r4eMsKLhtefFvJC.jpg,https://image.tmdb.org/t/p/w1280/6drFueZqbDXI573vqnn63hNogQh.jpg
0b5de68b61a24f55d8946ec62ede1cd6fcb7a068aa82370d6d489b785514f713,624621,Fiela Se Kind,2019-09-13,2019,120,Lançado,"Fiela se Kind follows the journey of a mother and son as they try to find their way back to each other and explores whether race, language, culture or genetics determine who we call family.",https://image.tmdb.org/t/p/w500/xtqAuSXUBkXgKSxpj2JnkN8wpPh.jpg,https://image.tmdb.org/t/p/w1280/vCQOYexmCl36mH3RRGgERkrH5ij.jpg
8904bd95d5a6759d7e4e43d5e6c442fef1f37e978fb4696e8382951bbae639c6,624663,Everyone's A Robot,2019-12-16,2019,10,Lançado,Two high school students are confronted with the reality that they're most likely going to lose contact with each other in the abyss of post-high school life.,https://image.tmdb.org/t/p/w500/aFf6bbHBHdONWgToHpgZmxKZeSw.jpg,
81f55b12ea511759ca63f4b6a23e7642f39e9ff5e8112c7928329f04346058bf,624825,Trapped: The Alex Cooper Story,2019-09-28,2019,88,Lançado,"When a teenager reveals that she is gay to her devout Mormon parents, they decide to send her to a conversion therapy home in Utah.",https://image.tmdb.org/t/p/w500/9Uc1MkysNBTSd9Vf4QneKFUBCz2.jpg,https://image.tmdb.org/t/p/w1280/c0SVe0mGdR780ApeWuZ9xW5cu4.jpg
b001595a185a94640bfd90d442661b1bd0a7ed92b1480ec8063205ee1ee47b52,625336,Finding The Way Home,2019-12-08,2019,64,Lançado,A look at the distressing circumstances for millions of children living in orphanages and other institutions around the world as J.K. Rowling's LUMOS foundation works to reunite them with family members or place them in foster homes.,https://image.tmdb.org/t/p/w500/sbCKNxvqS1o1WGdJv47RGg6AQ6C.jpg,https://image.tmdb.org/t/p/w1280/7Dy5wrPASsWfuJpZTGwQMzQtKa6.jpg
a48a8ced106a90c2c6ebaa1994ee7b479b7271a8ab180058f6c85624f100d0bb,625781,Alastair Campbell: Depression And Me,2019-05-21,2019,59,Lançado,Alastair Campbell candidly talks about his experience living with depression and explores if radical new treatments can make a difference.,https://image.tmdb.org/t/p/w500/wgd9m4UGJ96IAXe0T7EG27ImdmX.jpg,
d24c800715c11b318748839eabfd64676f64d2f59ffcd0e2c6ef72774cc12e35,625802,Sharabha,2018-11-22,2018,144,Lançado,"When Chandraksha releases a horde of evil spirits that soon attack various villages, Parvathamma and her son, Sharabha, try to stop them with the help of their deity, Lord Narasimha.",https://image.tmdb.org/t/p/w500/v0VE2rR5eFISHHBRZZk9aIyCLRb.jpg,https://image.tmdb.org/t/p/w1280/nIAfOuMrsyzh4c8NvuA29PuuO5x.jpg
adc441e606a7b8ae66af4376b26a29492de77cbc8a7601180729862fbdc7e52b,626018,Daughter Of Dismay,2019-08-24,2019,9,Lançado,A witch fulfills a blood ritual in the woods to revive her daughter.,https://image.tmdb.org/t/p/w500/zJsZfDnQcEx8kCWu4JM09IkbF35.jpg,https://image.tmdb.org/t/p/w1280/jgvKYwX1tLVsKvkQBVlHonBUTce.jpg
a7a63452206e817b4e44ac3401b551411ffbe72c602d6e94c46d0820f647409d,626911,Surkhi Bindi,2019-08-30,2019,128,Lançado,"Rano grew up dreaming of marrying a Prince Charming from Canada, but soon she realises she possesses no quality to attract a groom from there. She is a brilliant make-up artist and hopes that this talent would somehow get her an NRI groom. Alas, her world falls apart when she is forced to marry Sukha, who she dislikes.Fate soon leaves the young couple homeless, and they start life anew, and start a beauty salon within the one room which they have rented. Soon their world turns around, and Rano starts planning on moving to Canada. In order to earn the cash needed she enters a Beauty Contest to fulfil her dreams. SURKHI BINDI is the story of a young couple with separate dreams and how they arrive at their destinations together.",https://image.tmdb.org/t/p/w500/fAa34JQTn7DRHObeBhwoYkRyIzh.jpg,https://image.tmdb.org/t/p/w1280/iuf0q7zemPNxAlNYpO7QGkoNhMg.jpg
29bb4f5ab280f5d9205c154ed1d105d4f806393b774e318deb7cec6062779d83,626972,French Touch: Mixed Feelings,2019-04-18,2019,94,Lançado,Sem descrição,https://image.tmdb.org/t/p/w500/z7FnJhOFgOFZJvzJJKL4XByD4bA.jpg,
bd8e9c91300cfbd0cc14689358bcd8f20543c69cece36c8dcb2e3e6bb33220d6,627199,Justice Dot Net,2018-06-13,2018,86,Lançado,"Jake De Long is one of the top computer programmers in the world. Hiding in an abandoned warehouse in Luxembourg, he is working on a secret website to be launched soon. As he does, he is warned that the police have discovered his whereabouts and are about to storm in. He manages to escape and fly back to Canada, where his colleague Valérie is waiting for him to get on with their life mission: the kidnapping of four very influential personalities.",https://image.tmdb.org/t/p/w500/loFDVTVnTS4M1EqfQjHPPqBSlAg.jpg,https://image.tmdb.org/t/p/w1280/asmAuSv6yI0y7qgy6oCYs1Rawxx.jpg
3e66811a7dcddf9557ea9c46bbdada5b44ae78daa7e638e34226a536ac2dfbe1,627263,The Magnificent Bobita,2019-08-30,2019,0,Lançado,"A loser in life, Nan is infatuated with the animation series, Bobita. He later meets a girl, but he could never expect both the girl and his grandfather end up leaving him.",https://image.tmdb.org/t/p/w500/iycLeoPd2FzszjcthKOmuku9p2r.jpg,https://image.tmdb.org/t/p/w1280/qfJxaXxaxbr72baRmOuMSow8fck.jpg
26c37906ce1f4785971b9abfef7802c1c5bccc12e582242618bbb2ec1cc43bb1,627659,Paper House,2017-05-01,2017,27,Lançado,Paper House is a short film set against the backdrop of a traditional Chinese funeral and its customs. The film follows the story of a family as they descend into disharmony after the death of their patriarch. The title of the film refers to the old Chinese tradition of burning paper offerings for their deceased loved ones. This short film is a eulogy for this colourful art form that is fast disappearing in Singapore’s modern society.,https://image.tmdb.org/t/p/w500/jJS0rZDcHMrmSlDouax6zpGOEkT.jpg,https://image.tmdb.org/t/p/w1280/sA3F8KvhHgN0BTJ9iMLlT7a0k9s.jpg
ba0ef078b6e6b518a2b99fae90ca2c95a9c4ab206f8566db5225fef9ce2478b3,628468,The Utah Cabin Murders,2019-09-03,2019,85,Lançado,Two sisters fight for survival when masked intruders invade their vacation cabin.,https://image.tmdb.org/t/p/w500/jQvLQxpPjmBHZysH6e0IdN0MtB3.jpg,https://image.tmdb.org/t/p/w1280/e2bHakNE88tthoDHfh30mLFZZEc.jpg
7296b6a100cd85209d09add54c93405b84563d24a0f1bb364708d9ec30040990,628571,"Go Away, Ultramarine",2019-09-06,2019,105,Lançado,"An island in Japan is the site for the dumped and the refuse. Nanakusa and Yu who were childhood and school friends meet on this island that is called Kaiden, a scary name that only refers to things not normal or earthly. The reunited friends strike a bargain and are soon involved in cases most would not dare be involved in or become entangled in.",https://image.tmdb.org/t/p/w500/8rjqqu4INO0tiow6TqpOB4e9vZK.jpg,https://image.tmdb.org/t/p/w1280/dFGwjIlDMkLWwlsDdza1lYaRmmO.jpg
2cf1708f760cb2c8de816195d2589c87015c95296742ec5f74510117fd28753b,628742,Motherland,2019-09-06,2019,96,Lançado,"Shortly after the fall of the iron curtain, 12-year-old Kovas, travels to his mother, Viktorija’s homeland for the first time. It has been 20 years since Viktorija escaped the USSR and has now returned to reclaim her beloved family estate.",https://image.tmdb.org/t/p/w500/5pyTZkn2AAc2aqssmKuztDKyAbR.jpg,https://image.tmdb.org/t/p/w1280/s8WbrUCN8sA2pOND0bWw4SomWKf.jpg
c532c219a3a97be8e759503a40916d861aaac0ed209d8b64db0c7d44fa0f4581,628890,A Great Ride,2018-06-21,2018,33,Lançado,"""""""A Great Ride"""" is a 30-minute documentary about lesbians aging with dynamism and zest for life.""",https://image.tmdb.org/t/p/w500/eRUKmCtzn9oLn3L6KRceCqc6y3e.jpg,
7ad5e4fd6c8524913d3a6bb9925f5743561936257ec7f432d1084d8be68fa581,628894,Juug Gone Wrong,2019-01-01,2019,103,Lançado,Lack of understanding and Loyalty mixed wit family jealousy turn what would be the Perfect Juug into a Juug Gone Wrong.,https://image.tmdb.org/t/p/w500/1cg7CK6NEyBsYjtH0mGnvymJ76t.jpg,https://image.tmdb.org/t/p/w1280/M0FRlpCynIldu8D7uWUj0WpoGc.jpg
39455ddfa73d5ef3efbc13ca8b328d492596a934fd1d4002f7fed0631b73c812,628957,Tage Des Letzten Schnees,2019-08-31,2019,90,Lançado,A chief commissioner investigates the murder of a young woman and a fatal car accident. Apparently there is a connection between the two cases.,https://image.tmdb.org/t/p/w500/eX6UehaWsi9om4WWxsb5OwCqIJE.jpg,
7b0e1c4fcd89cba37f935addb8bb310440132884260b35a0d35a5b77363ba81d,628988,Wishing You The Same,2019-09-05,2019,96,Lançado,"The iconic book ”Europeana: A Brief History of the Twentieth Century” by Patrik Ouředník, first published in 2001, thanks to the imagination of the French filmmaker has transformed into an apocalyptic chronicle of the last century. A straightforward testimony of scientific rationality, which led the society to a spiritual crisis and resulted in six genocides, is accompanied with melancholic Mahlerian echoes of La Belle Époque when the world was just getting ready for the century that negated all humanity. The film raises the question whether Europe in post-history and post-humanity, sweetly anaesthetized to collective unconsciousness, will pretend as if nothing had happened.",https://image.tmdb.org/t/p/w500/if8uM4MRw6gPXRKv2F0nMMVCohe.jpg,https://image.tmdb.org/t/p/w1280/uKPWKFNCzOfsXvVkVMTcRUI4X7K.jpg
9b39b662b34e66ce3c46424613ccf5f53725a12daee979a616f3f260908e729c,629150,Mantis,2019-06-20,2019,12,Lançado,"When Helle Pii moves into Molly’s flat, all seems to work out for both parties. Molly needs a roommate; Helle Pii and her mantis need a place to call home. So what if the room is not very private; and so what if the walls are paper thin? Soon this happy solution turns into both girls’ worst nightmare. There is no turning back when Helle Pii overhears something awful through the wall.",https://image.tmdb.org/t/p/w500/oCOf31iQyob54vtgWkv3RyMJxOJ.jpg,
00140d9f291d76d6dd64d7c3b4d5adc4d8939b2a19d481e8c8081a3b648d83a9,630808,Invite Only,2019-06-24,2019,30,Lançado,"When a seductive stranger shows up at your doorstep on your last night on earth, should you let them in?",https://image.tmdb.org/t/p/w500/l8zOTQEk7Z2D1eHJmm3eTfA6Kmq.jpg,
7afa7ee2d73d5bda4c7f14780582695672a473855a44348e711bfb4ffee6f446,630935,Bless Me Father,2017-11-11,2017,16,Lançado,"In a small Irish town where secrets are rare, a local man goes to church to confess his.",https://image.tmdb.org/t/p/w500/AsoB9VTbze1LHe9jIZCIfx49ouF.jpg,https://image.tmdb.org/t/p/w1280/zPT0r26bUQMJ9blE2E3DVCUUdC4.jpg
afaaeba05e3c6817a1dc3b6cf020223fe86066f11cffd726d6f1455453c8bbec,630960,This Time Away,2019-03-30,2019,14,Lançado,The elderly Nigel is haunted by his past and the memories of his long-lost family. Then a visitor arrives and turns his world upside down..,https://image.tmdb.org/t/p/w500/n186CcpreWdwgtLcubUkVjVxxks.jpg,https://image.tmdb.org/t/p/w1280/rdM8PRXmYZA2f509vM7Q0m40dTl.jpg
9df76ef7abfeb205f9d01c58088e1b2d54c43702a21330c575784265cbef704f,631132,Goblin Slayer -goblin's Crown-,2020-02-01,2020,86,Lançado,"Goblin Slayer and his party head up to the snowy mountains in the north after receiving that request from the Sword Maiden to find any information on the Noble Fencer that disappeared after leaving to slay some goblins. A small village gets attacked, they encounter a mysterious chapel, and something about how these goblins are acting bothers the Goblin slayer.  In order to save the captured Noble Fencer, the Goblin Slayer and his party head to an ancient fortress covered in snow to face off with a powerful foe and a horde of goblins!",https://image.tmdb.org/t/p/w500/oyDaF4za9C9GxfYSyZUmj2aZGJT.jpg,https://image.tmdb.org/t/p/w1280/ySHlkHDbXztjdjRJ0pZN7FXRnaW.jpg
5890ad14c09d4727ebd3c7150338c28bf875e37f0e3818c7ef67edbdc2faa8d3,631188,Through Ernesto's Eyes,2019-10-04,2019,123,Lançado,Sem descrição,https://image.tmdb.org/t/p/w500/q2CKgdxMDeVLFBbRglTuPtGOviF.jpg,https://image.tmdb.org/t/p/w1280/fhdopX6k5KkdjQB7KTVh5qoLo1p.jpg
1487ebeac4b3444af604b61631344562c022efa921b984152c74d71ab18809dc,631526,"Moananuiakea: One Ocean, One People, One Canoe",2018-11-18,2018,148,Lançado,"From 2019 Maui Film Festival This powerful documentary celebrates the historic Malama Honua Worldwide Voyage that connected countless individuals and communities from around the globe. A voyage that also represented the fulfillment of the vision of Nainoa Thompson and his contemporaries, the passing of the mantle to the next generation of kanaka maoli who will retain the skills of their ancestors and perpetuate this tradition for generations to come so the legacy of Hokulea can last for 1,000 generations.",https://image.tmdb.org/t/p/w500/yaitmjipTAWWoaG5dFNZAZzUQuI.jpg,
2f1ed9ecac60acfd46e97b9fc917cee5239e60221f13e6624e7744e245564311,631831,Running Against The Wind,2023-07-20,2023,112,Lançado,"The film follows the fate of two boys, one of whom hopes to become an Olympic runner and the other a photographer.",https://image.tmdb.org/t/p/w500/AfV8M9SWczAnrKyOjusFt9iueOW.jpg,https://image.tmdb.org/t/p/w1280/lDTIvHU6VVtS63dPsqX5HlZU7wn.jpg
f9f553f4b81ffc7d1a45fed911ba103697a34ac31507d0394fc5e46654816fe0,631845,Toss It,2019-09-17,2019,115,Lançado,"Four funny flawed fierce females discover what they don't know: about themselves, their families and Western Civilization.",https://image.tmdb.org/t/p/w500/6xaoNNVGsI6VtIKUTQ4yVDdzBzt.jpg,
177aecdd6dbdde6342ca6b868de4d1dc96182e1eb9278361334a632dff84e346,631947,The Legend Of La Llorona,2022-01-07,2022,98,Lançado,"While vacationing in Mexico, a couple discovers their son's disappearance is tied to a supernatural curse.",https://image.tmdb.org/t/p/w500/wtgEJKEOLnyQkWemEdFa5W8Q29L.jpg,https://image.tmdb.org/t/p/w1280/9BQPM1Fa1hdXaE7hNafO5WWNv9v.jpg
e9fb8603de9206ec05d84d8d3cbd25f49cf021f45b486011d731d5162618fe9e,632542,"Roots, Reggae, Rebellion",2016-11-11,2016,60,Lançado,"British rapper and poet Akala tells the story of roots reggae, when a group of Jamaican musicians took songs of Rastafari, revolution and hope to the international stage.",https://image.tmdb.org/t/p/w500/5Q5Bd7AbTplNLqv5Z8yjRZp02wV.jpg,
d13c254a41a1c32171ecbec3b61a904fbd7adf3d1e0ab2e300050efd4b9c591d,632568,Zorn Dem Volke,2017-01-01,2017,0,Lançado,Sem descrição,https://image.tmdb.org/t/p/w500/nrQ9OF9V0yyx4Vp7ocNI1QfrmqL.jpg,
eed7717f98e4216b367525e72e6b7930f1ff55726ea591da6e2a5e40556797b6,632969,Tente Entender O Que Tento Dizer,2019-05-04,2019,79,Lançado,"Poor, black, LGBT+ people living without institutional support in the outskirts of big cities. A film about the power of collectivity and activism transforming people and realities, marked by the barriers imposed by HIV. A trans woman, two gays, a housewife, a religious woman and a youtuber, all HIV-positive, in their daily lives.",https://image.tmdb.org/t/p/w500/nW54DaS4jgz4GouPevA1KTbywIx.jpg,
bef55a21c2222e7d1abb6aa4348d9ddcfb555bde443c0a0dd721717ce9f56da8,634320,Bhinna,2019-10-08,2019,95,Lançado,"The Script of a Film, she is going to be a part of; begins to blur lines between reality and imagination, for an Aspiring Actress, obsessed about Method Acting.",https://image.tmdb.org/t/p/w500/wU8sTfaDTrhO3u4OWII3NX4lCGw.jpg,https://image.tmdb.org/t/p/w1280/3w6vrXyk9ClnX0LKBFYF5npXRWj.jpg
1e074ad606ad2b108abad94c82f9bb6fdd3ded2faa0f2b85080ad0ad6654c2fa,634336,Uncanny Annie,2019-10-04,2019,80,Lançado,"On Halloween night a group of college students get trapped in a mysterious board game that brings their darkest secrets and fears to life, where they must play to escape…and win to survive.",https://image.tmdb.org/t/p/w500/ofJTmVJb3Wz55xkkGeEcIYWQlgS.jpg,https://image.tmdb.org/t/p/w1280/akgkj8fuRuL9R9Mlw7W1JCGHwXK.jpg
4ffc6460f0a5e38b90214206180d0a89f82ea674469738a88f03f23d2ab0495d,634701,Sandpaper,2018-10-01,2018,0,Lançado,"Eager to add value to her property before selling it, newly divorced Kate Hunt hires an amiable but eccentric local carpenter named Howard to build her a new deck. Initially the perfect craftsman, Howard's behavior grows ever more peculiar as work progresses and it soon becomes clear that Howard's eccentricities mask a complex and devious personality that threatens to upturn Kate's whole life, locking the pair in a battle of wills that may cost both of them their sanity. Inspired by actual events.",https://image.tmdb.org/t/p/w500/i36sxAV62ZMeQh6YCOwdmfoMjXo.jpg,
24f2a0460d82f45593aaf7145bccb186fbf05aeff8c482ed5d17751cc83e4a99,634731,Among Mountain Crags,2020-03-10,2020,70,Lançado,Sem descrição,https://image.tmdb.org/t/p/w500/l23eWrmfGwVeOmeehQ19wLK7NCt.jpg,
641f6322778d2835efc56d2314dd31341000904c3c6512cf260587778d733eef,634785,Chaos Toad,2018-05-22,2018,8,Lançado,"Stuck living as a care giver for his distant ailing mother, Andy receives a surprise intervention from his fabulous childhood imaginary friend.",https://image.tmdb.org/t/p/w500/oDE4C5sqrFDyQohC7R3siw4lwst.jpg,https://image.tmdb.org/t/p/w1280/k8XO8FSbkgs2FyhKvDrOef1Ijue.jpg
04a38905841abca014b6443e3902aa1df33ca3da4fcf3ee030bd3cd566874457,634880,The Invisible Mother,2018-10-24,2018,106,Lançado,"When lesbian toker Marcy returns to her grandparents' home to help care for her mentally declining grandmother, she discovers they are being terrorized by a malevolent force from a Victorian postmortem photograph.",https://image.tmdb.org/t/p/w500/3Gq6Pqf7ZugnmKAizOqHJl8E14K.jpg,
6a9d68cacc8047c5c777c30c00fa4b985f874d726f3b905d756c3f29eab62436,634983,Farce,2019-07-13,2019,11,Lançado,Romance doesn’t get much more perverse or deranged than the gory mayhem that transpires throughout this absurdist mixed media animation as it unravels a riotous tale of courtly love and meat grinders.,https://image.tmdb.org/t/p/w500/rO54ohFEf6sJkjAWmG8rZYKzGi4.jpg,https://image.tmdb.org/t/p/w1280/w9FHYZuGcmRwDUOuc9XTUhcR2js.jpg
9d53b93e08e71f9ba46a84a7a21567c41134e7d3b22814e422b97a1be5373038,634995,Fuertes,2019-10-17,2019,0,Lançado,Sem descrição,https://image.tmdb.org/t/p/w500/fOwWzsVtr74lWjggZsBztOpCtAK.jpg,
993076fbd994a989eb3656c86017af58ae53b08e2dc282fcb632274bc7b82d1b,635208,Celibaat,2019-09-28,2019,71,Lançado,A documentary about the oldest continuously inhabited monastery in the Netherlands.,https://image.tmdb.org/t/p/w500/2176j9hExXXcbxBV0HugdEfly4e.jpg,
049d2d498aa7ec5d748845febdf64f79f3ed9110adfa1cfd0fa2a25b11bfdeec,635286,The Arm Wrestler,2019-09-29,2019,22,Lançado,"Panayiotis is a 30-year-old champion at arm wrestling and owner of a tavern in a remote Greek village. On the occasion of a forthcoming arm-wrestling fight in Athens and his training for it, the film builds the portrait of a young man who shifts daily between his dreams and the reality of life in the Greek countryside.",https://image.tmdb.org/t/p/w500/qFG5zM861voQ7HAAysE8887AsQ8.jpg,
10d9c3a29528c2d99952a564563c299e3876e2bf04dd98e278bbc8ff2588a5be,635526,Snorkel,2019-03-10,2019,12,Lançado,Inés and Julia are on holiday doing what they like most – snorkelling. Every night at eight o'clock the girls stand by their father and wait for their mother to call.,https://image.tmdb.org/t/p/w500/sEe3NHWIhv5jYIF4U6toLXrZt9I.jpg,https://image.tmdb.org/t/p/w1280/rWzCDvLv76yrnrko71i44YfPWB3.jpg
9f9d798fbdf8061da7f158651520bf78a10bafcf7eb65cccca71ee0c554e9160,635817,America,2019-10-19,2019,2,Lançado,"Frederik's attempts at creating the safest place possible, where he is protected by his lovely walls in a room filled with guns. A story of uNRAveling.",https://image.tmdb.org/t/p/w500/wIQxyLMbW14eptGbhdmHPQsRuYC.jpg,
87e83aa995db55c89705b18812a0526c01486e815d3b223807822f1cda547302,635837,Mære,2019-10-05,2019,10,Lançado,A sleep doctor unable to move in his bed knows the science behind sleep paralysis but the nightmare refuses to end.,https://image.tmdb.org/t/p/w500/io2ZcIYC0f2r8nRmo1IBjBNFCjZ.jpg,https://image.tmdb.org/t/p/w1280/cd1ixEamSG0BhUc4fFOiRxUtjxy.jpg
b07f4d03582c71556f0667e3885d7ed6846c1c2514633ea300c0ab1f4f521092,636097,Amatory,2020-06-07,2020,15,Lançado,Sem descrição,https://image.tmdb.org/t/p/w500/hLKkfzo1BtT9HH79O7o4ImpQZSS.jpg,
0917df312515921036628069ad728cd86f22ffd75935bbbb309b48040120cfd3,636148,Is He My Girlfriend?,2019-08-29,2019,89,Lançado,"Tony, a film producer, arrives at a hotel in Tarapoto. There he meets a famous artist from the area, 'La Fuana'.",https://image.tmdb.org/t/p/w500/dOboKSPT9PPZFKhOya3YHrY4rHn.jpg,https://image.tmdb.org/t/p/w1280/mQHw5NlGuFIPwzbZqqIYJPu5jAW.jpg
6e56b9ec1f38a79373a0409095dab0fefe5d75c4924e546e5c3cad025d843606,636191,There You Are,2019-01-19,2019,17,Lançado,A trans woman must dress like a boy to say goodbye to her dying grandmother.,https://image.tmdb.org/t/p/w500/pPRviquQv2Ov5w6642gIKyYrdgW.jpg,
47672f7f5184c34df3dd3ef6a6bbb4015e47be69ee962ab8d8a76192b6aecf50,636251,The Way You Saw Me,2018-11-14,2018,7,Lançado,"Cindy, alone, grieves the War's end. After her husband Tom returns, her only companion, Barbara, withdraws. As fantasy meets reality, Cindy slips away...the past her only reprieve.",https://image.tmdb.org/t/p/w500/ifmwMtoqrGYAWK8Ss3kdKSTHiT2.jpg,
7faf9ec36eb87278f957330ac855b56ec15380c4f1848a1f94f6a05f091a2e5d,636344,The Knight & The Princess,2019-09-19,2019,95,Lançado,Sem descrição,https://image.tmdb.org/t/p/w500/6JBDhLgvQD0eBnxsQDPqYnrt169.jpg,https://image.tmdb.org/t/p/w1280/kqX4j5mjw6lPymDdNPfPBd2nRS3.jpg
d0a29ec3ca13ba5822d0a48d3ffa9f92088911ee5e6e45cf5b0c69e58a804659,637305,Girl-hearted,2017-04-15,2017,37,Lançado,"""It's quite plain to 7 year old Nori: She is a girl, because she has a girl's heart. But her body is that of a boy ... Five years ago: Each and every day mother and son argue about what appears trivial: the colours of pants and shirts suddenly matter, soon all he agrees to wear are skirts and dresses, he likes to put barrettes in his still short hair. The neighbours start gossiping. Then one day, the boy reveals his favourite dream to his mum. A wizard will turn his penis into a vagina so he could be a """"real"""" girl""",https://image.tmdb.org/t/p/w500/daDkLR2OpKUeMfpx9hkka7pQnWI.jpg,
4b92dcd0898e0120b67bb5e8a0c5ac131065391be40c4514f838869d3cfa3e65,637338,Prodigal Son,2017-05-22,2017,9,Lançado,Sem descrição,https://image.tmdb.org/t/p/w500/eUIKrQtz0xc52pE2PCTIDJJXlDA.jpg,
0d7ae2a4bdbd3e5951467686c48b6e3dc68964720f96b5ecd1aa27d05af21db5,637422,Matchmaker Mysteries: A Killer Engagement,2019-10-06,2019,85,Lançado,"When a woman is murdered, and her fiancé is the prime suspect, successful matchmaker Angie works to prove her client's innocence, much to the dismay of Kyle, the detective working the case.",https://image.tmdb.org/t/p/w500/5ezBh4wGHpwIwQGgpvlHjEwgDAZ.jpg,https://image.tmdb.org/t/p/w1280/q34y8FO9tBYt8J7wk2Heu26dKo6.jpg
e3fc4aebeabd8112960bac68d374417b105d116d1ba375c5724474c4a83ef9be,637915,Mario Botta. The Space Beyond,2018-10-05,2018,78,Lançado,"A rare, in-depth artistic journey into the work of internationally acclaimed Swiss architect Mario Botta. The film explores Botta's ever growing curiosity and reflections on the contractions of society through his sacred spaces, a subject very dear to him. Why does globalized society feel the urge to build such spaces? The directors traveled to China, South Korea, Israel, Italy, and Switzerland to discover a passionate and tireless artist, his buildings, and part of his creative process. Botta is one of the few architects who has built places of prayer for three main monotheistic religions. After building many churches, chapels, and synagogue, he is now working on a mosque in China. Through his thoughts and his interaction with artists, colleagues, clients, and family members, the viewers have a glimpse of the man behind the Architect.",https://image.tmdb.org/t/p/w500/qihOgsaIhASxXIgx494cvq6ppqQ.jpg,
acedb98b55c2356876ecfcf6401518526f8b1b304f3be6f61a9e930551ebb3bc,638497,The Line,2019-08-29,2019,12,Lançado,"The story of Pedro and Rosa, two miniature dolls who are perfect for each other, but reluctant to break boundaries and overcome their limitations to live out their love story.",https://image.tmdb.org/t/p/w500/ps9352UXsAMHMCgKdmCXfF5KXfl.jpg,https://image.tmdb.org/t/p/w1280/r6zpV8ui3N4Xq2Gj9aFp4YBAF2n.jpg
b61e6aed0991e219a4b59f7b72abd890d52ba4b2a37ad17dd467e10110fa3301,639260,The War Riders,2016-01-10,2016,97,Lançado,cheap ass civil war movie,https://image.tmdb.org/t/p/w500/z3sKbXy0BkWpb1RKL7vfjeICFn4.jpg,
c8c3e47276904e6b3bb813efcd11feab2401f5cde90bb9021232f799e88db0a8,639393,Celeste Barber: Challenge Accepted,2019-11-01,2019,59,Lançado,"Actor, Comedian, and Social Media Superstar Celeste Barber exposes the stories behind some of her most famous Instagram celebrity parody images, her new relationships with famous people, the pitfalls of being married to someone so much hotter than her, and what it’s like to be an Anti-Influencer.",https://image.tmdb.org/t/p/w500/36Qpua8KQLV00T85iPx88LXXR0e.jpg,https://image.tmdb.org/t/p/w1280/jtg4MBAQhZOdE9oIdZJ5hJeJz1Y.jpg
e0ccf0e41c8d64ba33f5b75ff32790d0dfb43e1af6f0c6e0a993808e1def9c6f,639689,Poster Boy,2018-10-27,2018,25,Lançado,Sem descrição,https://image.tmdb.org/t/p/w500/eayVbqWhR7Q8OyEohscCw8Flb9i.jpg,https://image.tmdb.org/t/p/w1280/6pqhESQeiH3JfjGDmInOT1A8lzA.jpg
000f65a96c97d5e1723b46203d0802be76501d43476e4fbe32e46fa5bb1dbd16,639705,One Night In October,2017-10-06,2017,104,Lançado,"On a single night in October, three stories interweave as three different groups face unimaginable horror.",https://image.tmdb.org/t/p/w500/stNZyCrziIbozd1cKr3Wymx2CFR.jpg,
842f2c03b48e363e84a876b6b3c189e95066ce69edcd9c4dc7a11b4faf76a524,640303,Kaddish,2019-09-21,2019,87,Lançado,"The testament of a former concentration camp prisoner confronts and turns the lives of two young people from different worlds around, shedding light on the tragic history of their family.",https://image.tmdb.org/t/p/w500/eW7SRRHWwBBfJ5glZT6OAEIuOzQ.jpg,https://image.tmdb.org/t/p/w1280/1OyXbBnu0fS81O0JIipAD9e9pzQ.jpg
b5fe7da4cdbdb9fa1641d96beb37cd533c79fe4b9579d2f4f6b9e70e5d7c7032,640361,Cinzas,2018-01-01,2018,0,Lançado,Sem descrição,https://image.tmdb.org/t/p/w500/gpc0f8adtJ2IImB3xoUDZeMAade.jpg,
d8dd93eb1d129a176f0ba0f1e95b0554f35e59e7a60e2c8166f52d01db3d6f30,640531,The Candidate,2016-07-23,2016,7,Lançado,The Candidate goes through a rigorously impossible vetting process to determine if he is The One for someone's very specific agenda.,https://image.tmdb.org/t/p/w500/ifUKJNcxjZrZtuWcdJwNr3ObnJ7.jpg,
01d67aa40786caa7f9dae32a19ef347f659a68ca9860801810b09916785a48a4,640539,Cecil & Carl,2016-06-04,2016,15,Lançado,"We find Cecil, who is now 84 years old, alone in a giant house. Which has fallen into disrepair since Carl was admitted to a nursing home. He reads us a letter that he never got to recite to a judge, requesting guardianship of Carl and outlining hopes to bring him home, despite Carl's advanced stage of dementia.",https://image.tmdb.org/t/p/w500/sDIgAaCWSFSsYY2459u15dF2egx.jpg,
3a5730ac121d74b4f219abfa0ab5815499021c9f698b5ae0405fb0bf57f91ab2,640763,Aujourd'hui Ou Je Meurs,2019-10-09,2019,8,Lançado,"After a month of texting, Zoe has organized a perfect first date with Marc. Their expectations will be tested by reality.",https://image.tmdb.org/t/p/w500/l8DzSXUKFaa1mnYJmOkY2WGMpbH.jpg,https://image.tmdb.org/t/p/w1280/adWBHrCHvMxbs3sc18zqhJfR0PQ.jpg
35d31b56cb27f5718dd15d143cc8ef49e5f785ea805ae574c58e33462c5ccfdc,640783,Dove,2016-12-11,2016,17,Lançado,"A short film about two souls, united by chance, who struggle with the demons of their lives...",https://image.tmdb.org/t/p/w500/mGZaCxrPNHaJViOy44QRPytfPK.jpg,
3321969a869010167e06b84736c7a598e61b571d4b447393b32547644452bbe3,641261,A Trip With Mom,2019-03-03,2019,25,Lançado,"In order to take care of his old mother, who has amnesia and is disabled, Xia Changming remains unemployed at home. A family of four have been relying on the wife Xiaoling for many years. Finally, when the police brought the mother back, and his wife took his son away, Changming decided to take his mother to on a trip...",https://image.tmdb.org/t/p/w500/pCvctxISGhumRJUGLerLBQeCKe2.jpg,
12749fc0e961d4a30b334d0ad33ccc5a520682790ec736ef7cbfe9205e0be849,641520,Revolution Launderette,2019-11-26,2019,71,Lançado,"In Tokyo, a young man, Tomo, and his companion, Hiroko, have hardly any money left to their name. Convinced that their misfortune is part of a larger, unexplainable joke, they agree to throw themselves into all the encounters that come their way with the singular hope of defeating this joke before it plays out.",https://image.tmdb.org/t/p/w500/9AKlPmhSwJbB8M5Fn0Er3C0qztF.jpg,https://image.tmdb.org/t/p/w1280/uqCKMV4jhKKLC0Moc8nsienxpr8.jpg
1196577a59e58888e1b0770a28ef1b89d54e56b1c67c455e4213eaea31ff4eab,641705,The Fallen,2019-10-30,2019,95,Lançado,"After years of running away avoiding her drug kingpin father and family, she returns to assume her position in the family. A mysterious woman appears claiming she is also a sister of the family. A prodigal daughter who came back to settle a score for something that has happened two decades ago.",https://image.tmdb.org/t/p/w500/dJcj30ZDquSmV0tNGmj99zcxnVN.jpg,https://image.tmdb.org/t/p/w1280/p3zfk0OPhWOvQgjvprOhrPrW6P7.jpg
3d0986c4ed9059654b57a4a1d67b7c807c3ad2f13bfc04b661a16f6604566c27,641911,Shaka,2018-10-31,2018,77,Lançado,"Showcasing breathtaking footage of mountains and waves around the world, Shaka follows snowboarding world champion and renowned athlete Mathieu Crepel as he faces the biggest challenge of his life: to surf the legendary waves of Jaws Beach, Hawaii.",https://image.tmdb.org/t/p/w500/cGit79b079xM4FaBEFIk9PliUe7.jpg,
72dcb1e819d973d34704a8104a1fd5c2cede4ed7f51908c56f36775e76c30b6a,643179,Rock N' Roll Christmas,2019-11-10,2019,85,Lançado,"An estranged mother/daughter country music duo reunite after 10 years apart to release a Christmas single after a video of them goes viral. Now, they’re going to need a lot of forgiveness and a little Christmas magic to write a song that perfectly captures the spirit of Christmas and brings their family back together.",https://image.tmdb.org/t/p/w500/qUjE2JG2uy73QFycP0TARvgHFPr.jpg,https://image.tmdb.org/t/p/w1280/4PaRXiEhEnjLdTXef9bdAtVLsi0.jpg
f2f515e1332e78ffa1d9ef780f5df1246b0d3861085eb8ff10d4d1542031ff77,643437,Adan,2019-11-20,2019,119,Lançado,A naive provincial girl finds a way to get ahold of her independence through the help of her girl best friend. But their actions have nerve-shattering consequences.,https://image.tmdb.org/t/p/w500/qEGvF5oBQa6C7OVgqXiz61MAAuP.jpg,https://image.tmdb.org/t/p/w1280/npeujSFqSsNQnk8W681UkSsOV7x.jpg
2072f3a6709a00ceac1cb2b2063fe33a8bd7580971e1fa87083dddf12ff92271,643615,The Homegirl,2016-03-01,2016,4,Lançado,Sem descrição,https://image.tmdb.org/t/p/w500/qFyaTms9rDt1WNbYNpNrHuS7pA7.jpg,
d4f5afc434f2699fc9ec2f7357c74b8ecd212952e605793ec54e5309a3968bf3,644241,Alexander The Fool,2019-09-20,2019,65,Lançado,"Fifteen years after a psychotic event on the South China Sea flipped his life upside down, Alex, a sensitive, refined and schizophrenic man is at a crossroads. His grand-mother and confidante, who would like to die with peace of mind, insists that he tries to find a girlfriend. His encounter with a young psychotic woman gives birth to an ardently passionate relationship, making him slowly drift away from his usual emotional boundaries. While the South China Sea’s troubled waters well up in his mind, he gradually isolates himself, in danger of being swallowed by paranoia’s unfathomable abyss. An intimate odyssey, at once troubling and sublime.",https://image.tmdb.org/t/p/w500/aBERuROKY01GRfBQXwrluiqYeRr.jpg,
62b22423ae2aad6bb02627da5171e44a4f42b59dcbc37f5995e40f221a440072,644613,The Legend Of Tomiris,2019-10-01,2019,156,Lançado,"This is the story of the life of the great queen of the steppe - legendary Tomiris. She is destined to become a skillful warrior, survive the loss of close people and unite the Scythian/Saka tribes under her authority.",https://image.tmdb.org/t/p/w500/5PJqVblJsq4LfninHPoEzkp1Tuc.jpg,https://image.tmdb.org/t/p/w1280/2S0J4PWNY95uLodCAfY7rhAVKla.jpg
4949b0dae44ece55fe083f975533e8518550a49914ace75e37a3b7f9c58d21bc,644688,She Walks The Woods,2019-10-22,2019,81,Lançado,"Over 1600 people have vanished in our National Forests. Now, a team of adventurers is about to find out why.",https://image.tmdb.org/t/p/w500/wiDyeMu2Eu46UhIp2fRzLcumWOD.jpg,https://image.tmdb.org/t/p/w1280/cGFcnsh5aqoNnTeiM3JEZghMoLu.jpg
965d5a686ad2e904ff995480b7244e8cc45d321cb7ede688d20a5bd7a953b44f,645061,The Bachelor House,2019-10-30,2019,76,Lançado,"Life is no picnic, especially not for Kurdish bachelors in Istanbul. Seven seasonal workers live in an unusual flat share in a dilapidated house.",https://image.tmdb.org/t/p/w500/sLmRATnaP2EG9mk6tEnBYGkGTTV.jpg,
916d701d66bcee44c3949e5675b2460c97962270428da8bfc35b96d96c9eb850,645426,Exit,2020-01-11,2020,80,Lançado,"Events take a sinister turn one night in London, when two very different couples arrive at a double-booked apartment. Actions have consequences and not all debts are paid for with money. Leaving, it's harder than you think.",https://image.tmdb.org/t/p/w500/ciFrVinZnfFSflqLnXPTChqFwVI.jpg,https://image.tmdb.org/t/p/w1280/4oT6oUknrfEOEiHigPoejONHa88.jpg
ed14c56eafa7f8be6a1448124cde8d77b9a358498a6c540331935f2482dff6df,645562,The Last Of The Manson Girls,2018-12-07,2018,73,Lançado,"Counterculture journalist Paul Krassner embarks on an LSD tinged investigation of the last of Manson's disciples: Brenda McCann, Sandra Good, and Lynette 'Squeaky' Fromme in order to find out if the Manson Murders were a CIA conspiracy.",https://image.tmdb.org/t/p/w500/sLqgaTGJfsNt1ItpFtLr9ez2GE6.jpg,
ee00cbbc3ca599b0bc1de4025002ed09e8093d2d81f6008cfc29bab7f1d47b25,646108,Philophobia: Or The Fear Of Falling In Love,2019-11-12,2019,85,Lançado,"Mildly successful podcaster, Damien Booster, is digging his bachelor lifestyle until a frequent hookup confesses her love for him while delivering an ultimatum. If he shows up for brunch to meet her mother, she'll know he is serious. If not, things are over between them. Terrified of his true feelings, Damien accepts this breakup but his mind and inner feelings begin to spin out of control with haunting visions of commitment, just in time for his home town best friend to visit him in Los Angeles. Damien attempts to maneuver through his psychological and emotional breakdown to show his friend a good time in Hollywood but his fear of love may get the best of him.",https://image.tmdb.org/t/p/w500/AlwbjEJ9XKAvQn8W8VSYSqbNUwV.jpg,https://image.tmdb.org/t/p/w1280/2G2dtcc7mVPvsLGPINz8b7L2W8s.jpg
1536c78f4d7f50f55371d89f767d21ee6cf2656e242ef748bbd7518090bb29f8,647264,Full Moon,2019-11-30,2019,78,Lançado,"A police officer Hamza has to work that night even though his wife has gone into labour, because the police are short-staffed. To make everything worse, it seems that people showing up at the station have decided to prove the old belief about the mysterious powers of the full moon and its influence on human behaviour. In the course of that one night, representatives of all the absurdity and tragedy of life in Bosnia and Herzegovina parade through the station and somehow help Hamza get ready for a new life.",https://image.tmdb.org/t/p/w500/mIw8U0bVzvtoUztRZewZAlssb6N.jpg,https://image.tmdb.org/t/p/w1280/AaVpQFu75ymCtLPYVGZ43KUEeWI.jpg
84b49056e7972b72e387ed8c04be23b5c1f426d27062e8f57bd62ab5b2f13b54,647390,Océan,2019-11-13,2019,111,Lançado,"This film follows the director's coming-out-story as trans, the first shots of testosterone to the increasingly tense relationship with his mother. The film started as a web-serie, and we meet friends, lovers and family in this close and personal portrait, where subjects as polyamory, packing and the importance of a community and a self-chosen family is shared.",https://image.tmdb.org/t/p/w500/ku0FcoUItrb5hkigRMs4Mv1sPw8.jpg,
6fe4e8defe0348b778ecca1c32e269205c06f318910033749e7bc95b2996d8c5,647640,Criterion Collection : 1000 Spines,2019-11-12,2019,16,Lançado,"A short film, commemorating the first 1000 spines in the Criterion Collection.",https://image.tmdb.org/t/p/w500/f18SWTNmURBoPGSMzx2hOOGFG0H.jpg,https://image.tmdb.org/t/p/w1280/35vFZ1nHXbQiChgJ7PHlgqpoWgM.jpg
ee9eecb39d32711e2c49ff085749733d58ac32a520aad122accaece5c1a19b4d,647667,Take Your Partners,2016-02-17,2016,12,Lançado,"Ollie is eight years old and crazy about football and the gunslingers of the Wild West. When it comes time to get ready for the traditional Easter parade at school, Ollie categorically refuses to accept conventional gender roles. With the support of her parents, Ollie finds her own very personal way of dealing with the situation in the end.",https://image.tmdb.org/t/p/w500/ciCQ02UtygmpJ7xachUgQO6V4JM.jpg,
35083f1ce19bf8fa0780edcbef570f107b04fd162682b507b97d944ca6f4a32a,647809,On Our Watch,2021-10-25,2021,108,Lançado,"Arturo loses his tech job to an algorithm he created and ends up working as a delivery man, monitored by an unreasonably strict app. His only solace comes from Stella, a hologram-for-girlfriend whose free trial is running out. Unable to renew the subscription due to his financial uncertainty, Arturo decides to take a stand.",https://image.tmdb.org/t/p/w500/fliDojAYPtosZrKSlXmTMaQ37zN.jpg,https://image.tmdb.org/t/p/w1280/vsESiwXONOhI8XjnR7ITBaJfqbL.jpg
a2711957d970f04faba9e001ecc47f0764fe30aab543b320ee014f79857993e2,648495,Ready For My Close Up,2019-11-16,2019,30,Lançado,An ordinary day for Nurse Rose turns disastrous when she meets Nurse Becca but the horror does not stop there when Becca enters the home of fading B Movie actress Megs Topplethwaite and the real life horrors soon become apparent.,https://image.tmdb.org/t/p/w500/fFfqv48vucugwv9mM2PdXVatmCF.jpg,
9b99f7bb5fabf1101ad112f237d1add9aa8230153384e4f8910dea4ea876948d,648685,Bakit 'di Mo Sabihin?,2022-08-06,2022,120,Lançado,A deaf couple learns that it is not their inability to speak or hear that tears them apart.,https://image.tmdb.org/t/p/w500/5gQPkmgNO3lAvcVKdfKRkOvt76d.jpg,https://image.tmdb.org/t/p/w1280/xDlmVhtQRJ5r0oeYoVdJSNU3idc.jpg
35ec97841aeae5dc38c30926aeccce2ba306268e802498471b0c828467549fd3,648768,Abyssus,2019-07-16,2019,9,Lançado,A man regains consciousness as he is being buried alive. A pure nightmare fuel for the opening short-movie.,https://image.tmdb.org/t/p/w500/98LeJGPwRgT8NCCx6UQy11X50L8.jpg,
3d2d44b8985ba8fa0a361ed7efb0d1e67b7b6c7b8694d7d3ff55be6934d95942,649169,"Now, Daphne",2019-09-12,2019,21,Lançado,"Daphné, who cut off contact with her family 20 years ago, decides to come back and see her mother, Claudine. She fears the reunion and hope Claudine will put up with who she is now.",https://image.tmdb.org/t/p/w500/82wTK9Tdq6VHFpQg5PXLhdFkrl1.jpg,
f8d2915c4069fcec8eac96d6493145f620cff850c2ebd49531f9ee84b5e610f8,649394,Worth,2021-07-21,2021,118,Lançado,"Kenneth Feinberg, a powerful D.C. lawyer appointed Special Master of the 9/11 Fund, fights off the cynicism, bureaucracy, and politics associated with administering government funds and, in doing so, discovers what life is worth.",https://image.tmdb.org/t/p/w500/xMFKTgRRCxfZGmFQVxBsQYAQufo.jpg,https://image.tmdb.org/t/p/w1280/A2tQrEbK8T9gxa6kLW7Fc65EXlO.jpg
15f1a84def13830d833b5c63452f81ac3bef6678b42948349d8acd2fc1c15be0,649870,The Love Letter,2019-11-21,2019,18,Lançado,"When an unopened love letter from 1945, ends up in the hands of young couple Phoebe and Faith, they not only make it their mission to deliver it to its originally intended recipient, Belle, but also end up reuniting her with Hannah, the woman she loved.",https://image.tmdb.org/t/p/w500/uXNKTXz39eYRThgZIn4PwMj3HTM.jpg,
4ef42a0b223e1572309b2cbac11001b5c1c9a8881ac657ca2f0d9a38a36121ef,650753,Lumpinee,2018-01-01,2018,83,Lançado,"A young, rising star and a seasoned veteran share their stories as Thailand's most historic and famous Muay Thai stadium is replaced with a new and modern facility.",https://image.tmdb.org/t/p/w500/b15ri89o3XD0JHs4LrYNE4NjE7P.jpg,
f4b1cbc6223aa69a0704ac2c9c3909b57e5568a09ef9df5899ebdeeab34daf68,651674,Dinosaurs In A Mining Facility,2018-08-11,2018,75,Lançado,"Dr. Stone's mysterious mining outpost just got a new employee. Ian is finally making something of himself, but will he become a hero or dinosaur food?",https://image.tmdb.org/t/p/w500/irf6fNilIqG348LzEwL3SSVS2yK.jpg,
569dcc00da2775714ab6c5b90c8bc4181b1ed4096b99a568ca908d975bea523b,651879,Murders At The House Of Death,2019-12-13,2019,119,Lançado,"Yuzuru Hamura (Ryunosuke Kamiki) is a university student and a fan of mystery novels. Against his will, he was forced to join the school's mystery club. The club is led by Kyosuke Akechi (Tomoya Nakamura). Meanwhile, Hiruko Kenzaki (Minami Hamabe) appears in front of them. She attends the same university and she is also a private detective. These 3 people attend a summer camp and stay at Shijinso pension in the mountains. On their first day there, they must barricade themselves in the pension. The next morning, they discover a murder has taken place in the pension.",https://image.tmdb.org/t/p/w500/1YEamCg1OUHRG0gFXfp9Bz96BHW.jpg,https://image.tmdb.org/t/p/w1280/zPATOBJBItefuQ9yJgZMdZD1drP.jpg
738bc25127651b3b1fef64f2f21cc6fd723505a394ee549aa11f6993c58b6c5e,652441,Metod,2019-07-16,2019,5,Lançado,"After a stay in a mental hospital, Metod Trobec comes back home and starts a killing spree, abusing, strangling and killing random female victims and burning them in his tiled stove. The first serial killer in Yugoslavia is born.",https://image.tmdb.org/t/p/w500/4X7EQicR9cyX1SJPgK98CTRnOXQ.jpg,
c32d6655b5a133130fbf645032ee8a709386d4add457235c4b6879b6db4d86ea,652685,The Twisted Nanny,2019-12-01,2019,83,Lançado,"When single mother Julia realizes night nanny Olivia is turning her children against her, Julia must fight to prove that Olivia is not who she is before she gets custody of the kids for good.",https://image.tmdb.org/t/p/w500/eXhVvhf4KxnpmQjMaKdcyVLsQ9b.jpg,https://image.tmdb.org/t/p/w1280/gfk1bjROhXHzl04j9e1s4T4FgHn.jpg
d356415d3b428ba6d61b6cc3d596725430187214eda69e025a77ae54fb6d2299,652778,The Last Faust,2019-12-02,2019,107,Lançado,Sem descrição,https://image.tmdb.org/t/p/w500/c58GyHEC4x3s6FLJ6WvzuSRleLR.jpg,https://image.tmdb.org/t/p/w1280/4gzaiMrLAMEykU7bEJg24wxf3GC.jpg
552faa4407556e1b44acc1e0b356a665692e34fb5b302eed4e4a824f167554ee,652846,Three The Movie,2017-10-12,2017,99,Lançado,"Three stories are intertwined in a land, Friuli, in the North-East of Italy, which extends along a triple border. The stories of Irene, a Carnian, Christian girl; Pavel, Ukrainian and Jewish; Mehdi, Iranian and Muslim.  Udine. A beautiful city, but one that is perceived as cold and inhospitable by emigrants. Pavel and Mehdi are illegal immigrants, who share an apartment - and concerns about social matters - in the “ghetto” of Via Roma. In love with Pavel, Irene tries to help them, but her surge of solidarity goes perhaps too far, and she regrets it. Mehdi lives obsessed with an ancient guilt: his fragile soul is attracted to Evil. Predestination and moral choice. Two alternatives? Subjection to freedom of Good or Evil. What will the protagonists choose?",https://image.tmdb.org/t/p/w500/vpAtduJVqqFMi3crLSDcxn4o1Fn.jpg,https://image.tmdb.org/t/p/w1280/qhX1i5RCiJjMgfqh2JhsfbGVduU.jpg
cf73c9d7565a839036bc67f172f6fdf8fe76323ff8f6a2139b1b3321df4c329b,652947,Ondh Kathe Hella,2019-03-08,2019,127,Lançado,Five friends with contrasting personalities head out on a road trip from Bangalore to Sakleshpur. This movie is a horror anthology with 5 characters. The key chapter is about 5 friends planning a road trip from Banglore to Sakaleshpur. On their way 4 stories are shared among them and the sub-stories are based on true horror incidents.,https://image.tmdb.org/t/p/w500/it5EsD39Wn1WltVHmhK31RTLoLc.jpg,
656989b7ae622e20079a0dff04cec1924b77fd39c5f07484059767b32078ed7b,652994,Hello My Dear,2021-05-01,2021,58,Lançado,"The documentary is titled after Arkadaş Z. Özger’s poem “Hello My Dear” which had caused much controversy in the period it was first published. Considered to be in defiance of heteronormativity, the said poem includes references to the poet’s personality, his family, his relationship to the society, and his “unexpected” death, which came three years after its publication. Today, 50 years after it was written, the documentary follows these same lines in the poem utilising cinematic elements. The documentary also rediscovers the poetics; reaches out to the family, the comrades, the friendships, departing from the official historical accounts, cognizant of his experience of otherness, in pursuit of the “lost” portrait of Arkadaş Z. Özger.",https://image.tmdb.org/t/p/w500/hWCfoSavfPlo3HyRM8bAcOGoIXw.jpg,
44f9dbdd5b466b7ce861209488a16512902da166cb475e774cd9653178552025,653579,Welcome To Chechnya,2020-01-26,2020,107,Lançado,This searing investigative work shadows a group of activists risking unimaginable peril to confront the ongoing anti-LGBTQ program raging in the repressive and closed Russian republic. Unfettered access and a remarkable approach to protecting anonymity exposes this under-reported atrocity–and an extraordinary group of people confronting evil.,https://image.tmdb.org/t/p/w500/wR1b8w3fFPQR5wpbkekviLmo4wW.jpg,https://image.tmdb.org/t/p/w1280/csuz4zkcyckKn5dVVRkOhCmkWJs.jpg
e0b9305e46734513326c62f61e9bf53f38882daf9d342788a3267bab6b9551aa,654083,A New Christmas,2019-12-06,2019,79,Lançado,"Kabir is a lonely medical student in New York, estranged from his wife and grieving the loss of his mother. When he meets Kioni, a charming film student from Kenya, she persuades him to show her the city's Christmas decorations, thereby leading him to rediscover the magic of the holiday season and get his life back on track.",https://image.tmdb.org/t/p/w500/qAtVwGS24t6oKZCd4JjcUalqsl9.jpg,https://image.tmdb.org/t/p/w1280/j2XHcpIZzMs6NcNUHAWgrWPZtZW.jpg
f1dbf857dd33a33e31ea1ae32fa3a53eb090917f6092a6f8eafe6197c8e1fca9,654732,Stevie Wonder : Visionnaire Et Prophète,2019-11-29,2019,0,Lançado,Sem descrição,https://image.tmdb.org/t/p/w500/9HS6k6V2k9hmI3mcC1TyBYYVcE5.jpg,https://image.tmdb.org/t/p/w1280/8HPEWQWy124NuQWH0hX2Z4Slgdf.jpg
18ba806eb63819961a27e6dc9e3c1b9d4c7b082e7769c93ccd6540aea029faf5,654742,Antarctica,2020-10-15,2020,82,Lançado,Two teen girls see their long-time friendship crumble from the pressures of adulthood in their last year of high school.,https://image.tmdb.org/t/p/w500/gBWNJzNyE2chbDVcUzXqmbl8t13.jpg,https://image.tmdb.org/t/p/w1280/7hB7fKO72nTTim8nH4wi2REUsiR.jpg
f936f2121dd7a958e2c121e284a3a27cd5e82f2fc57908c784a961c67b4de4e9,655178,Lost Weekend,2019-04-27,2019,15,Lançado,"In 1984, two friends from small-town Pennsylvania win an MTV contest and the chance to party with Van Halen for 48 hours.",https://image.tmdb.org/t/p/w500/8KxW7M6NSbBuRxcT4L2wj3M8U8B.jpg,
4389f3fd97db3580a84bae48ba7ca67eca2e51f31c439f5f5f60387f1b673ee3,655908,The Land Of High Mountains,2019-06-09,2019,104,Lançado,"The Land of High Mountains is the inspiring true story of the only pediatric hospital in Haiti and the incredible people, both Haitian and foreign, who despite encountering every conceivable obstacle are working together to heal the children of the island and realize the dreams of a nation.",https://image.tmdb.org/t/p/w500/kLJ01oGK1WFJNfVMaceui7K7gwy.jpg,https://image.tmdb.org/t/p/w1280/6EZjSMapEi1GeRJX2vI80HU1duO.jpg
82080ce81065a60895b65b2f993f8d6c207d97030e764af44af427d6dbdf506d,655912,Ary Abittan : My Story,2019-12-14,2019,0,Lançado,Sem descrição,https://image.tmdb.org/t/p/w500/xWF7xRSz8bjGGh5zevuBNHXvENT.jpg,https://image.tmdb.org/t/p/w1280/yqHMSIrhjvjmUpk1cxHE9lYnaue.jpg
bdaa4f7a9269d9596a394d91aa00bbe251bb12a68ac6702197278cc5e1426410,656245,Princezna A Půl Království,2019-12-24,2019,0,Lançado,Sem descrição,https://image.tmdb.org/t/p/w500/1kjmChH1guAq0QNFDpMPqz0aYDg.jpg,https://image.tmdb.org/t/p/w1280/6JH1abl0JGi4Jjrwnkj3RXRCs3O.jpg
b64f7c671fdd4e863836675139febea5c97b90aca0ddb88980a354624e108b58,656317,Temporary Color,2016-01-22,2016,14,Lançado,A true crime concert doc about David Byrne and two escaped convicts.,https://image.tmdb.org/t/p/w500/hyRPqd39JyhnjuKXkwuEOEBwwVY.jpg,
b92295f54fc2df2de529964133512fe5df967cefb1ea62b726202867f6d46322,656320,Inès,2019-12-04,2019,5,Lançado,"Inès is facing a difficult choice. Tonight, she thinks about the decision she will make.",https://image.tmdb.org/t/p/w500/ebWsagDtMZUi9akUPF7ootCy4Bt.jpg,
9def9aafb06d94780c63d16b13a402f657a8fd6aa08ab1097dcd5d5021535fdc,656692,Lance,2020-01-27,2020,202,Lançado,A personal examination of the rise and fall of Lance Armstrong.,https://image.tmdb.org/t/p/w500/fBBUyVF3vuifh4hw7yDuw2T4Bhi.jpg,https://image.tmdb.org/t/p/w1280/f3lLgx8HTgSAVWXZQymipY6nfaA.jpg
8035193c70202833399d99f6a8e698559ba11d2fef5923e53cdeb298b0364ea9,656916,Lords Of Water,2019-12-10,2019,88,Lançado,"They call it ’blue gold.’ Around the world, demand for water is exploding. By 2050, at least one in four will live in a country suffering from water shortages - creating ideal conditions for a new market. Goldman Sachs, HSBC, UBS, Allianz, Deutsche Bank, BNP. Banks, investment funds and hedge funds are all rushing to invest billions of euros in anything related to water. A real monopoly of water has begun. From California to Australia, from New York to London via Marseille, we investigate the financialization of water. New power relations are being established and access to water is being threatened. It’s a battle taking place on many fronts: ideological, political, environmental, and of course, economic. The fate of nearly 10 billion inhabitants around the world depends on its outcome.",https://image.tmdb.org/t/p/w500/bxiJiUdJwKsoIS5qrn3j4s9cSyA.jpg,https://image.tmdb.org/t/p/w1280/8aNX6D3VzY4yrcu93r5ADz7p9u5.jpg
a6dc3de2d8e1dcef69a7e04a07b6c9b58addde0f8c5575c737831ca1a087e8d7,658027,About Bintou,2019-01-13,2019,13,Lançado,A short documentary about a young Malian student in Guangzhou who reflects on the challenges of living abroad as an African Muslim woman.,https://image.tmdb.org/t/p/w500/jfEBlFsnWytIehDqP3AEYN0y0sp.jpg,https://image.tmdb.org/t/p/w1280/1n0cCXj8mDaHMDMYIwjTYiCK97h.jpg
196649df178ddeda122747e1e109eef0234de1d272297c408b10a5801d93b130,658326,Love Story,2019-02-13,2019,110,Lançado,"Youssef, whose brother is trying to push him to marry, and during that, an accident occurs for (Youssef) who loses his sight, and coincidentally one day he clashes with the girl (Jamila), who cares for him and takes care of him later, and relates to his love, but it seems that they will face a difficult test, when he becomes over each of them To prove his love for the other.",https://image.tmdb.org/t/p/w500/5P3kJEwnmxq6clZLwwF6WbFguaQ.jpg,https://image.tmdb.org/t/p/w1280/7OvpKDeGdPT4hxago5LPqmowA5Q.jpg
a746200a64bb8cbc9a9c9bd94bf371fb6fd780e0e001508516a064e865e74112,658562,Precure Miracle Leap: A Wonderful Day With Everyone,2020-10-31,2020,70,Lançado,"The story begins when the protagonist Hikaru meets aliens Lala, Prunce, and Fuwa while watching the night sky. She learns of the “Star Palace,” where the 12 Star Princesses of the constellations kept the balance of the universe until they were attacked. Lala is searching for the legendary Precure warriors to help find the 12 scattered “Princess Star Color Pens” and revive the princesses. When Fuwa is captured by an enemy, Hikaru wishes to save Fuwa, and a Star Color Pendent and a Star Color Pen appear to allow her to transform into Cure Star. From then on she works to collect the pens and raise Fuwa, who is the key to reviving the princesses.",https://image.tmdb.org/t/p/w500/9LSfAmZLv901VW0RwsSPdM0nAsh.jpg,https://image.tmdb.org/t/p/w1280/mtnfeQFtJutSoBHaLTO20VRYsNO.jpg
faeddcbd6dec42c2c7595374e0e1ea983cb2211e67ed5e616d0d7e4deec1dbfb,658751,Rising High,2020-04-17,2020,94,Lançado,"Charting the rise and fall of three corrupt real estate agents who accumulate absurd wealth in no time but fall into a vortex of fraud, greed and drugs.",https://image.tmdb.org/t/p/w500/6r83qslpsERzHzCroFSp6X4eUse.jpg,https://image.tmdb.org/t/p/w1280/29D1fbU1bP9vzPvHiYr7aeGG17P.jpg
046b1bfe54ae8edc6715a9d9e76347c836abd7e3f074560870ce7e7946612994,659254,Broken Swords: The Last In Line,2018-11-17,2018,98,Lançado,"Twelve seasoned men and women are on the run. If anyone can survive this, they will or they will die trying. And many will indeed die before the night bleeds away into morning light.",https://image.tmdb.org/t/p/w500/lG3NmZa9XqkbC0x5D0dMKDveqJv.jpg,https://image.tmdb.org/t/p/w1280/hG63ijNO9pdcX1P6D3sw5eSmzP5.jpg
586779c3d1742ae5146b4c7a73b78eb4cf9a8f95df6d3bd776d5bf5cef6a140f,659687,Pizhai,2020-01-03,2020,111,Lançado,Three naughty kids hailing from poor families feel earning money is more important than studying. Time makes them realize the importance of education in life.,https://image.tmdb.org/t/p/w500/Imxdjajvl858sP7tbp0fxIKIXO.jpg,
761357254ab61c5bd6c955c471c3727f49de6504c53d55367b3a62dba0e2194c,660594,La Regola D'oro,2021-02-26,2021,0,Lançado,Sem descrição,https://image.tmdb.org/t/p/w500/kqgAIIyAkmQDzXuzVTkcrs0rf5X.jpg,https://image.tmdb.org/t/p/w1280/svlj25jxjTSsDw6d3SClE7QLVHb.jpg
5980881c1df9059b501a6524000a6560bc265889fc8307c4b78cf815a367cf0d,660955,Old Fashioned,2021-12-01,2021,86,Lançado,"Paul Château-Têtard, a 45-year-old bachelor from the best of Parisian nobility, has – for the first time in his life – to take the Metro, and even buy a ticket. It is with extraordinary luck that the beautiful young Ava happens to be sitting at the counter: a spark ignites and wedding bells begin ringing in the distance.",https://image.tmdb.org/t/p/w500/vIgbRvb4Q8Id1cbZuWJPWLmIpgg.jpg,https://image.tmdb.org/t/p/w1280/wTjshtgcKvIIaNVNIBakWUK9IEg.jpg
7d16bc0fe59c4ac4f76876a818b617785e52f0a916de0a81d3260999186b6cfe,662044,Gravedigger Dave’s Halfway House,2020-03-28,2020,72,Lançado,The ghost stories of northern Minnesota. What is fact? What is fiction? You decide.,https://image.tmdb.org/t/p/w500/7CXhP9Q2cLBVEgMsu4MV7jJlTvJ.jpg,
9beeea76e3e1c5c9e94b9b3d24a26b4dce0422fb2d50dde26370417340dddcd6,662104,Blood Group,2020-01-24,2020,13,Lançado,"A meadow, a football. Dried sausages and a filthy dog. And Danny, who needs to fight back his father's fists once and for all.",https://image.tmdb.org/t/p/w500/1S770XLdqYRELizyrbCFV18G039.jpg,https://image.tmdb.org/t/p/w1280/5Pk5VfO31s6S2Ozlkmk0P88MEVg.jpg
814ed60abb498369f6fbbef682177e507c5f84a00c2ff857e87f9cd86efad025,662343,Damp Season,2020-01-24,2020,109,Lançado,"A young couple grows apart, throwing themselves into the arms of others. She is an independent young woman who works in a florist's shop, he is an immature brooder working as a security guard",https://image.tmdb.org/t/p/w500/6Z9JU8JyqtHv5M4oHGtsOEmejQr.jpg,https://image.tmdb.org/t/p/w1280/dy23gV03aIfQ5mZDzxeU9zEgcA7.jpg
1ce4df66b465fa25995ef75dd9e5761aa4c80e012989d44e7f4989a702cff4a1,662541,Ellie And Abbie (and Ellie's Dead Aunt),2020-07-31,2020,83,Lançado,"School captain Ellie is seriously crushing on her rebellious classmate Abbie. Determined to ask her first love to the year 12 formal, Ellie devises a plan to go public with the invitation but before she can go through with it, her dead aunt Tara reappears from beyond the grave. Believing she's been brought back from the dead to be Ellie's fairy godmother, Tara dishes out unwanted dating advice based on her life as an out lesbian in the '80s.",https://image.tmdb.org/t/p/w500/rmNQCI7wZkQb1nY9ILvXM3n383X.jpg,https://image.tmdb.org/t/p/w1280/z5QfbSG7bZvDlikxtkPcPZGjHxe.jpg
6051c662c59258741b0ae25398148e56aceb147ea459970040648361d8daccff,662687,Furtive,2020-08-06,2020,84,Lançado,"Park Ranger Pablo Silva remakes his life in his new destination, a forgotten and troubled place that few want to go to, the Pereyra Iraola Park. Soon, under an apparent tranquility, he discovers a network of poachers, traffc and hoaxes. His old hunter instinct will arise. He can hide from everyone, except himself.",https://image.tmdb.org/t/p/w500/fGmhTbw1nk7P03a1RnwQVZwfrhB.jpg,https://image.tmdb.org/t/p/w1280/klkYIzgiiukkoyY2D6miXsCGvHH.jpg
f82e95ac44c47a68bb0a7e73045792a9ff7e15360e9a6567e7b6c496f89f72ec,663057,Cannabis Vs. Cancer,2020-01-01,2020,80,Lançado,A look at the people who use and champion the treatment of cancer with Cannabis.,https://image.tmdb.org/t/p/w500/sQDsJjndVVyyGlR6SGHsGQZDTvx.jpg,https://image.tmdb.org/t/p/w1280/vpkLa4sSRkkwWKymdxFWdRCmOJd.jpg
52f9fcc8db4be52d256fc84915829260e1e31aa95c9f5a0bfdbe1b3c3c7c5cd9,663293,Indián,2022-09-22,2022,0,Lançado,Sem descrição,https://image.tmdb.org/t/p/w500/cDFRsTtWu0rpzFE89OhVg50fy7p.jpg,https://image.tmdb.org/t/p/w1280/kaLePWkQ0QYQTosz6YdHb4w0O3J.jpg
56fe8e75985fee08ae0bbc34220642ac5166c8679fb65644b861b882a1641abb,663383,As In The Days Of Noah,2017-05-26,2017,25,Lançado,"A reporter and her team from a New York tabloid travels to Kentucky to write a hit piece on the huge full-scale reproduction of Noah's Ark. There, they meet the Ark Encounter director, Noah Zomarsh, who answers all of their skeptical questions. Noah then shows them the purpose of the park through a special holographic message from evangelist Ray Comfort (Living Waters) that encourages them to reconsider what they believe, and explains how they can be saved by receiving Jesus Christ as Savior.",https://image.tmdb.org/t/p/w500/iXdNx13Dg8DlSM1WYbjnkzq5GPn.jpg,
f0674c94a664d9d41b51a95506e9a9ee97e8658ed63aa409004c2f1c5e394361,663712,Terrifier 2,2022-10-06,2022,138,Lançado,"After being resurrected by a sinister entity, Art the Clown returns to Miles County where he must hunt down and destroy a teenage girl and her younger brother on Halloween night.  As the body count rises, the siblings fight to stay alive while uncovering the true nature of Art's evil intent.",https://image.tmdb.org/t/p/w500/8gLhu8UFPZfH2Hv11JhTZkb9CVl.jpg,https://image.tmdb.org/t/p/w1280/cRdA9xjHBbobw4LJFsQ3j1CgpVq.jpg
4b00ab5f7d776ba0e5e7115209e7f3378f0d7947546d2d43f7a4b5628048cd07,663800,The Little Grey Wolfy - The Winter Story,2016-01-01,2016,6,Lançado,"The film brings us into an imaginative world with a kind, curious and slightly naive wolf, his friends and their adventures.",https://image.tmdb.org/t/p/w500/8wyuYo2pURgrhhoaycapdntLERQ.jpg,https://image.tmdb.org/t/p/w1280/75nUiWfKU3MZxznWhFad4KEfeNN.jpg
43928f8d780cd956a8ebccbbb870c91f1d7e5608eae0caa4545cd10ab4b32250,664732,After The Rain,2018-07-26,2018,8,Lançado,"In green pastures, a dog lives happily alongside its master, an old and very unusual shepherd. The shepherd isn't merely content to shear his sheep, but transforms the wool into clouds to create rain, thereby perpetuating the life cycle. But if the shepherd isn't eternal, what will happen to the valley? The young dog must be creative and persevere in order to avoid the worst.",https://image.tmdb.org/t/p/w500/nAiYV4DsMnrhECma2ChP90Zz1Ct.jpg,https://image.tmdb.org/t/p/w1280/7ycys2ZQ7nk6hJrRX4eg64fk7lw.jpg
49ace877d874c29002f0fe123d84ea1754ee09d5ad4d111d660986d404711195,664747,Stolen By My Mother: The Kamiyah Mobley Story,2020-01-18,2020,88,Lançado,"At the age of 18, Alexis discovers she was abducted as a baby and the mother she thought was hers is really her kidnapper.",https://image.tmdb.org/t/p/w500/9o93aS1yJlIgwV3iJV3kstAmSfW.jpg,https://image.tmdb.org/t/p/w1280/mqkMTdffjrgzYOunozqebfriBsN.jpg
e81276ce9fc82770969ed0f4740037abb9af55bcbc18677d27565d53d0eaaa0c,665347,Everything Must Go,2019-11-18,2019,88,Lançado,"Footwear company Togo was a family business that thrived reaching the point of owning more than 30 stores in the wider Turin area. All that is left today is a couple of struggling stores, enormous suffocating debt, and the desperation of uncertainty as bankruptcy is looming in. Director Gianluca Mattarese has been living in Paris for the last 18 years meticulously fencing himself off from the harsh reality of a family breakdown. Like a prodigal son, he eventually returns to his roots with the task of recording a routine of malaise framed by financial collapse. A bittersweet tale of family bonds, reuniting, and atonement.",https://image.tmdb.org/t/p/w500/oq4lQAfDM9dy0D9HOGCqL8cL2S1.jpg,
e2f3251fd43db6661c770d723348fdf23f3017d08180d722c3933838e67ce8b7,665572,Father Of Man,2019-09-25,2019,28,Lançado,"When Boyd dies and finds himself in the great beyond, he learns that his estranged son is about to make the worst decision of his life--and only Boyd can stop him.",https://image.tmdb.org/t/p/w500/iXBZH4R3ozuuSNKFUypCq18o2SG.jpg,https://image.tmdb.org/t/p/w1280/ozB3I0IpdcjCTvL1K46CdpCt85A.jpg
5a742c2ad516b414d6f4f6464dc2627fa21f0186cbe7df09c32cb6a0164f5bf4,665696,Pamana Ni Lola,2019-12-25,2019,0,Lançado,A short film from Polytechnic University of the Philippines - Sta. Mesa.,https://image.tmdb.org/t/p/w500/srLuLI02sCdIfGZWicDDymgjPXg.jpg,
8ed35126ed5eb8803b667af913687b49c342362cda8ce232a6eb55468632e4a8,666453,The Grand Grandmaster,2020-01-23,2020,117,Lançado,"The grand master Fei Lung lost everything after he got defeated by Chun. To regain his reputation, Fei Lung challenges her to a final fight. Much to his surprise, he gradually falls in love with Chun. Will he be able to win both Chun’s heart and the battle at the end?",https://image.tmdb.org/t/p/w500/bqQDbVPOOwpUSbdqPfP1wELCmjB.jpg,https://image.tmdb.org/t/p/w1280/mHoRK4QDaUC7caoH7wLzYAFZPz3.jpg
eb3180bc59fa66829c4752d46c1610cd9d17f2496565d45b987f3ba00175eda2,667318,Rabbits,2020-01-25,2020,12,Lançado,"Set in late 1960's Australia, Henry and his father George are two different kinds of men, yet the pressures of an overbearing father divert both their futures.",https://image.tmdb.org/t/p/w500/j3VdbxTgDRsCbRE4UBGRvAZTHDc.jpg,https://image.tmdb.org/t/p/w1280/xMvRlbamApYh1nhZGjPDX1QrvN6.jpg
d4d4a7549ea2e86179959d81a0d64f452daf2e5bdc4977bab75de73d0efb6eee,667701,Sa Muli,2023-04-26,2023,120,Lançado,"“SA MULI” is a period romance movie featuring XIAN LIM as the lead character, Victor, and RYZA CENON, produced by Viva Films and written and directed by Fifth Solomon Pagotan. The movie tells the story of Victor, who, since his first life in the year 1900, has spent more than a century falling in love with the same girl. He makes a promise to find her in every lifetime and love her once more.",https://image.tmdb.org/t/p/w500/cfJqPnKjWTQJPWoNsMkeqpJzla4.jpg,https://image.tmdb.org/t/p/w1280/sTIHbGdsDZkOA7Cy2zJyGwicA0X.jpg
3328634de9eccb595c8e129616aabddb2c6c92ca56c22e5aeea9cadd703ea60d,667709,More Than Blue,2021-11-19,2021,112,Lançado,"K and Cream believe they're soulmates. When K finds out that he's dying, he thinks setting her free would be best for her.",https://image.tmdb.org/t/p/w500/4hdQa4AeM6Zpj0sOtB7HJNb6b4s.jpg,https://image.tmdb.org/t/p/w1280/uBJmOfk8DI0bwJlNJhAoLqnIZOn.jpg
f008b6518bdbf12821ecf2cbb9664b777f64e59050175fc3a2905d87279b49c7,668144,Same Boat,2019-03-03,2019,83,Lançado,A time-traveling assassin inadvertently falls in love with his target aboard a cruise ship.,https://image.tmdb.org/t/p/w500/zKHBHJwz3uvb2SKYZL0GpSqJg3A.jpg,
9d36dddf995cf2020475d15437993afb527879d3cee1d826809501ac518faa4c,668436,Date In Vegas,2020-03-05,2020,92,Lançado,A charismatic advertising manager Artem and his charming business rival Oksana are removed from the flight to Las Vegas after Artem tries to prank her to get rid of the competition. This turns an official journey into a romantic adventure.,https://image.tmdb.org/t/p/w500/lmsIOW6otOAaERKGeqSrfEkhEyp.jpg,
ce87b91d358fb923c8cffd62745f6171af4a6d07ba8f4b429e5d4d17271314cc,669396,Fearless Faith,2020-12-01,2020,92,Lançado,The life of a respected sheriff's deputy spirals out of control as he questions God's will after witnessing his partner gunned down by an unknown assailant... then is confronted by a staggering truth. Can faith carry him through?,https://image.tmdb.org/t/p/w500/ce0FZXoRKwKgjEmD7zplemMP63p.jpg,https://image.tmdb.org/t/p/w1280/aCwIOLAfeQJzcGNXH6qobQpFpGi.jpg
c4bd03aeb22a66020a05f299a2430b481485ae2c17909e3ce79cc665d6f21cae,670615,Altitude,2019-05-02,2019,11,Lançado,"On their way up to a mountain cabin, Sarah and Thomas run into a dense mist and seem to go astray in the dangerous altitudes. In search of the cabin they encounter increasingly strange events. Lost in those heights, eventually a life-threatening battle between reality and illusion begins...",https://image.tmdb.org/t/p/w500/kpko82O5oAR9mhGxLlK0gKAnyJO.jpg,https://image.tmdb.org/t/p/w1280/cLzRNe3zM291YxuyI4PObYCvL0t.jpg
2e52059fa1d52ba98180dd99f64303ee0c9fb0d6a0534780546d06a6b3d36ad2,671118,El Susto,2019-12-07,2019,75,Lançado,"Mexico’s Number One Killer is not cartels. It’s Type 2 Diabetes. El Susto (The Shock) tells the story of how courageous public health activists in Mexico stirred a giant, the powerful beverage industry, aka “Big Soda”, when they took action to curb sugary drink consumption, with sobering and inspiring lessons for the rest of the world.",https://image.tmdb.org/t/p/w500/rDF6kwGhzh0ZDlbXoL3ahN104SE.jpg,
8fe14122f3c27e2a23fa30414a5c5733ba8b791ef65bb850af6e72ee558aefe0,671215,Wünder Pitsa,2017-11-12,2017,5,Lançado,"Unemployed and lazy Martin, spends his days playing videogames at home. His mother, fed up with his unambitious lifestyle, forces him to get a job as a pizza delivery man for local pizza franchise; Wünder Pitsa, where things start to go awry.",https://image.tmdb.org/t/p/w500/uYmteuTa5Xd0ijGHLFKxw2B8xIs.jpg,
feeb319ff6a3cf6de08792499de67d62712fa15579f1ce2687105f8f15778419,671263,Vardøger,2016-10-22,2016,15,Lançado,"While several murders bloodying the city, a German photographer is persecuted by an unseen presence that follows him relentlessly.",https://image.tmdb.org/t/p/w500/xDiiNABPuf3KmQiE9Ass2wSN7c3.jpg,
a6877dc4b66c6a32c81e23ee9c19e385105b80081eb8683d72639021ec78e2ac,671719,El Motero,2018-01-01,2018,115,Lançado,Sem descrição,https://image.tmdb.org/t/p/w500/fOFw4nVwMFpFytUC7YdgmoWFJA3.jpg,
23c7e4bd6b5532e7fdfb4a42ed3eff6331ad758b3b6ba397a5599d2bb90a038f,671822,El Secadero De Iguanas,2018-11-11,2018,81,Lançado,"A bar in the middle of nowhere. A girl facing her demons. Her twin brother. An incestuous relationship. A mother they never met. A violent, alcoholic father. The nomads' periodic visitations.",https://image.tmdb.org/t/p/w500/ceX4CTlo0S8YjTcOKQgoHVxvUn8.jpg,https://image.tmdb.org/t/p/w1280/qGBlxzI3S5H742Rv98jffPAXq0K.jpg
5e1289ff8d64dae4ab6338307fe0ad94df1443ad458d168aa24f68c24fa8a86c,672208,A Hero,2021-12-15,2021,127,Lançado,"Rahim is in prison because of a debt he was unable to repay. During a two-day leave, he tries to convince his creditor to withdraw his complaint against the payment of part of the sum. But things don't go as planned. Is he truly a hero?",https://image.tmdb.org/t/p/w500/5VBPRWW13OJoiLA6suLofnjLKou.jpg,https://image.tmdb.org/t/p/w1280/w7z8Zs7PAIn8nuBfL1MrI1oU8WG.jpg
45207779d97d41950b125bd829414f19a819d6eba7615eba6443e33be95742bf,672647,The Map Of Tiny Perfect Things,2021-02-12,2021,99,Lançado,The story of two teenagers trapped in an endless time loop who set out to find all the tiny things that make that one day perfect.,https://image.tmdb.org/t/p/w500/6y3ev0rJFbHA1hU22UPmmfzBjrG.jpg,https://image.tmdb.org/t/p/w1280/gg9zZB9xLPWmuxOpKw0HX0QLMN6.jpg
e3233f29ad75e68fb951398e1ba3dcb3133015627b0122dd871f06c49ff8477c,672741,Till Death,2021-07-02,2021,89,Lançado,Sem descrição,https://image.tmdb.org/t/p/w500/mI7xBibGBNai6vSdycTjgxEQQOO.jpg,https://image.tmdb.org/t/p/w1280/rInMNJipAil3iIcBltPiGRkNAG7.jpg
ea93c588f6f55715fe26d0c9e5c4a9a6db63e7bd600728b40b88d88a71d171b2,672788,The Closet,2018-08-02,2018,90,Lançado,"Hiding in a closet with his life on the line, a priest reflects on his darkest secret while calling for help.",https://image.tmdb.org/t/p/w500/u3Y3R0a0h3CgQCR1164zRXy4gd9.jpg,https://image.tmdb.org/t/p/w1280/A17gsmqfnHY2e6uzthfN9iTDsUq.jpg
2e13f3848f169944864255eee116322252c47820ea87e4b2840b201891f6a9fc,674502,"Girl, Sweetvoiced",2019-06-30,2019,9,Lançado,Sappho’s poetry crosses the centuries to help two girls fall in love.,https://image.tmdb.org/t/p/w500/9SNflhIdHfg7pyq7o8tpu9xUWSo.jpg,
d7d588866f8e53f1daf66e805b66efed7f43c5f00274b9dffa7c19dc8fce2657,674668,Octopus Skin,2022-09-23,2022,99,Lançado,"Iris and Ariel are 17-year-old twins, who live with their mother and older sister in an old house in the middle of a rocky island covered with molluscs and birds. The teenagers have grown up isolated from the mainland, in a sibling relationship that surpasses the limits of normal intimacy. The abrupt absence of their mother deeply wounds the three siblings, and Iris, moved by a strong need of separating herself from her brother, decides to go alone to the city for the first time.",https://image.tmdb.org/t/p/w500/4aqTvtGaqNTEOYEAj5eufrnIVkz.jpg,https://image.tmdb.org/t/p/w1280/j8hgW6mRHhvR3Z8imZn1yN4KTkZ.jpg
7066a11f16a7482ee3ec605e5b54aad93fe8c7e0544877c57c7060d2d361057a,675038,Bigman Wahala,2020-02-17,2020,101,Lançado,"A corrupt government minister tries to escape the military in the aftermath of a coup d’etat. He enlists the help of a poor struggling taxi driver to take him to the border. Their conversations and encounters during their journey reveal much about themselves and events leading up to that point. A road movie like no other. Stars Oscar Provencal, one of Ghana’s finest actors.",https://image.tmdb.org/t/p/w500/csaW7njKbKcozuWRhRaflZqWdU.jpg,
71752b23b9b442c9437c3ad6e836fb8ebf0e493ed8385077895147ff7ad693b7,675263,Brexit Means Brexit: The Unofficial Version,2017-07-12,2017,59,Lançado,"Award-winning director Patrick Forbes goes beyond the headlines to film the bitter battle to govern Britain after 2016’s referendum vote. Filmed over one extraordinary year, it’s a story of low politics, high ambition and bitter personal animosities – at stake the biggest decision the UK has taken for decades. Can the prime minister tame the judges, the opposition and finally the public to deliver Brexit? One thing everyone involved agrees on, get this wrong and, ‘we will see another even bigger seismic change in this country’s politics’.",https://image.tmdb.org/t/p/w500/mnX8hJ117XVZy6dny8GHMLr4EdC.jpg,https://image.tmdb.org/t/p/w1280/zzBR543TtuAYjZSmDQNmmSNEIuK.jpg
41b68e9a9e5345d1a0a5760fe8e4392444acaed2b1305b2f030d703efb669965,675349,Arvand,2016-01-06,2016,80,Lançado,"Jonas (Saeed Aghakhani), a former Iranian soldier during the Iran-Iraq War, sets out to search for his fallen brother's bodies years after they were killed in action.",https://image.tmdb.org/t/p/w500/4VKNbUY4wHkrKwivPanOBHXfJ69.jpg,https://image.tmdb.org/t/p/w1280/eBJ2s3Ae7ZVp6ncF4auGmvgQeJk.jpg
813d84207c68ed900065e14d39015305ac4ebfba14406a9803efa3689a6b5e82,675380,Break,2020-02-20,2020,12,Lançado,"Zoli is about to be taken out of school by his parents to make him work for the family. The headmaster regards the issue as a simple administrative routine, but Zoli is not willing to accept that his future is decided by others.",https://image.tmdb.org/t/p/w500/kZmBP72KVGhZk2q4c9O6UAJLm4w.jpg,https://image.tmdb.org/t/p/w1280/6eRjsU6wPu90q5UNQXYIr69xb0j.jpg
646ff3795cb60ef2a6f6f341f9356b39640e97ebc3f37975af63908c048851ef,675587,Summer,2019-11-25,2019,11,Lançado,"Last days of summer at the town, Lucas, a 20 years old boy, goes to the lake to be with his friends that afternoon. There, he'll discover that maybe this is not the place where he should be.",https://image.tmdb.org/t/p/w500/4iYU64HMYNMs9qouyqEmzXhTPEI.jpg,
585324faa331a48b9cd79d663a4e15106eb8ff64d157f3e1e599509d37d4c6e1,676175,Also With You,2020-04-06,2020,21,Lançado,Sem descrição,https://image.tmdb.org/t/p/w500/zmSZ6UTHVBgJBQXgPriRu8BmJSZ.jpg,
60004762325e3353c483b579858ee36b16013f04ad1843cb9a067181772cc304,677210,Fashionably Yours,2020-04-11,2020,85,Lançado,"After years of organizing fashion in the city, Lauren decides to move home. In exchange for her organizing services, mover Rob makes it his mission to help her see the beauty of Seattle.",https://image.tmdb.org/t/p/w500/r2CJ6ncw7PYe7UqjcDsMADrLTmn.jpg,https://image.tmdb.org/t/p/w1280/gwIwoYxQctexIzQcxfly4LZbRtd.jpg
8b1691b4db798dab15cf776aa252c698d63cec7320feb76b67abb863b2f71cf2,678391,Hit: The First Case,2020-02-28,2020,126,Lançado,"Vikram Rudraraju is a 30-year-old cop working for the Telangana State Police. While Vikram is battling with his own traumatic past, the stakes get high when a girl called Preethi mysteriously disappears in Hyderabad and Vikram has to solve the case at any cost.",https://image.tmdb.org/t/p/w500/dMxentLHEJPBMQCPXHrUKluODpe.jpg,https://image.tmdb.org/t/p/w1280/A45uq2S4JHBVLGaMWrtawOLp08i.jpg
7ea6849fff8533389da80858509333e2a7aa6a0598fcdca1f3fa6198ef282d1b,679053,Raahu,2020-02-28,2020,123,Lançado,Sem descrição,https://image.tmdb.org/t/p/w500/fufWceNdIZRZLwL3WcQEeXJ7ubL.jpg,https://image.tmdb.org/t/p/w1280/8bytZBIhsMdQ2AXM0t02OamM7db.jpg
96b2a1b167b76a5bd4de0541ba6342bff1a8f1e899596275e19a409cfb2030b6,679694,Smack Dab Kakha,2020-11-12,2020,110,Lançado,"Kakha fell for the beautiful Sophia, but in order to get to her heart, he needed to overtake the brand new BMW Ruslan on his “penny” and score a friendship with Sergo. What will Kakh choose - love or friendship?",https://image.tmdb.org/t/p/w500/3HN50rKZvPkHeUmjLi2fmbjcGz2.jpg,https://image.tmdb.org/t/p/w1280/jSkOXVOcKNyh4p3gVmBYdV3g1y8.jpg
f284216b431294b129ed11c15a6017d057cfda9f7091a003afb9bb1c1df2dc56,679822,Yo Soy Una Niña,2019-07-26,2019,20,Lançado,This short film brings light to the reality of transsexuality during childhood and aims to emphasize the importance of the role of grandparents.,https://image.tmdb.org/t/p/w500/nc7MtR2HhHRa0A7CTM3aqqpShXH.jpg,
f541a83e7f6d6e6d4317b41d6e0453920450cb1b2dea68f1a40d676c905a11db,680985,Soul Reaper,2019-04-17,2019,88,Lançado,"Charlie's getting married. When he invites his friends to join him for a stag weekend in a remote British cabin, the group thinks it's a great opportunity to leave the U.S. behind and have a blow out with their old buddy - only thing is, Charlie isn't telling his friends the whole truth about the trip. Instead of celebrating, events soon take a sinister turn when the friends start to disappear one by one.",https://image.tmdb.org/t/p/w500/i4uieFzwd4Wz0HfNmByu0W6cldj.jpg,https://image.tmdb.org/t/p/w1280/uye4mJ37chSWLnirT4YFNrSpteQ.jpg
d918bdb5588b80a37b3db49ed38ee15406ff677349408585c1a159add8e2004b,681001,Junction Varanasi,2019-10-18,2019,149,Lançado,It's the story of unconditional love between two brothers Amar and Prem.,https://image.tmdb.org/t/p/w500/3WM4YU4ELi1ry7nXB2TPun9HxDa.jpg,https://image.tmdb.org/t/p/w1280/2zYcBHEtqmjqaLaAneDwmY0jrbn.jpg
64e7c4a44be32079e939c4fb01095e9015bceb5afe487b16c714eab139e78dda,681857,Second Lane,2018-12-11,2018,29,Lançado,"Second Lane is a story about drug addiction, living with it and fighting it. It is a documentary about people who use intravenous drugs and the professionals and peers working with those people. What happens when ‘Vinkki’, a social and healthcare counselling centre in Helsinki, closes its doors due to a lost contract.",https://image.tmdb.org/t/p/w500/riN3W8tKgKGfiLUF1I8wYlZWkU6.jpg,
b30a4f742aedcbec5d39e537daa7a68678615a06c1e0bee490eb9cfb90827601,682296,One Vote,2018-06-02,2018,78,Lançado,"Filmed in five locations on a single day, One Vote captures the compelling stories of diverse voters on Election Day 2016. At times funny, surprising and heart-wrenching, the film eschews partisan politics in favor of an honest portrayal.",https://image.tmdb.org/t/p/w500/kfrLCTdYemibruAbES3mEFgKWJ7.jpg,
256c675e7602d34d40942959c379b44d612fcad78a7b6042f67150f8dbd87138,682641,Blood Hunters: Rise Of The Hybrids,2019-11-09,2019,70,Lançado,"An avenging aswang killer teams up with a hybrid and a team of demon hunters to attack the lair of the most powerful underworld warlords, only to find themselves in a twisted trap and a fight to the death.",https://image.tmdb.org/t/p/w500/1wNYtbKO5lMYCZEncqI8fZMtvKp.jpg,https://image.tmdb.org/t/p/w1280/rol2ZphdTv3CFBA7YyAMNZDqAnk.jpg
60860668fa1991502e048d6019d2f9d16976025b949a506dd6162cd17949b5cc,682836,The Wind Walker,2020-04-24,2020,89,Lançado,"Twenty-five years ago, a famous author traveled into the dark woods to write his greatest tale, The Wind Walker. Now, twenty-five years later, his son embarks on an adventure to finish the story his father never did.",https://image.tmdb.org/t/p/w500/nI0b7833JqgpE69vrWQpOnLA3WG.jpg,https://image.tmdb.org/t/p/w1280/sFueKiSoUj4KdDtN3TQQwUUqRjT.jpg
e9be305536b508a784be7447da7366aea41eb2750b5326564965e062ac395532,683007,Boston2philly,2018-06-15,2018,102,Lançado,Boston2Philly is a coming-of-age drama following the life of a young Black male from Boston struggling with his identity and his ability to form real relationships after a tragic accident takes the lives of his family.,https://image.tmdb.org/t/p/w500/uPSmii0N5XbaplB4huQSZ0FOE54.jpg,
f4de931fdccacd9f1ee08306bb2a102a2923ca96c357af3d7587c33aceea2ba5,683100,Damned Rites,2019-11-26,2019,84,Lançado,"Ellie, Harvey and Hollis are struggling paranormal investigators. who expect to find nothing out of the ordinary on their final case. They soon realize how unprepared they are when evil spirits show up to torment them and their friends.  Can they stop the monsters set on destroying them or will they die trying?  DAMNED RITES is an old school throwback horror film that takes inspiration from independent horrors of the 70’s & 80’s. Using practical effects, a small budget and a ragtag cast and crew, the film makers showcase their love of movies and horror in a film that is sure to entertain from the first frame to the last!",https://image.tmdb.org/t/p/w500/pgkK8yqJNtYn6pP4JrWJgqInRIn.jpg,
4f987a78100d0577c52009628b6656769339003ada0c42372ea0aeae5440e8fb,683287,Unbreakable Kimmy Schmidt: Kimmy Vs. The Reverend,2020-05-12,2020,80,Lançado,Kimmy's a famous author and she's about to marry a prince! But first she has to foil the Reverend's evil plot. It's your move: What should Kimmy do next?,https://image.tmdb.org/t/p/w500/3lOYicrgvA6982iVUpD9860qf7X.jpg,https://image.tmdb.org/t/p/w1280/4Q9Ifxv58LePmYLfjWSVyzaf8p9.jpg
4f45371f49ed1b21b1d4f1fa09a35252632057b9be035fe168971af949703f37,683572,Far From Bashar,2020-02-28,2020,76,Lançado,"A few years ago, the al-Mahamids fled Bashar al-Assad and Syria to settle in Montreal. A nuanced portrayal of a courageous family coping with a seemingly interminable war, thousands of kilometres away, that continues to affect their lives.",https://image.tmdb.org/t/p/w500/biE9tYBIGa13HE8I7Zaj0Fn0swv.jpg,
1750b70e18c16718a2012bcd1615661c1ecf89f9debbad9c3002c960a8e2a2cc,683722,Aalto,2020-09-04,2020,103,Lançado,"Aalto is one of the greatest names in modern architecture and design, Aino and Alvar Aalto gave their signature to iconic Scandic design. The first cinematic portrait of their life love story is an enchanting journey of their creations and influence around the world.",https://image.tmdb.org/t/p/w500/sdymebZxcPeLscqYr9zCl9YrTRB.jpg,https://image.tmdb.org/t/p/w1280/4oF778gKWZrIxOPf0O6JdckHe8Q.jpg
9e1a2033bdc1cde04e484ce466ff900d762a1efe13adc44419a483de4fcec36a,683891,Hollow Scream,2018-08-31,2018,72,Lançado,A narcissistic playboy entrepreneur with a dark past plays a new virtual reality game where he gets to be a serial killer. His genius brother discovers the dangerous truth behind the game and his creators.,https://image.tmdb.org/t/p/w500/nNCu54YvKYs2aOIKisnBxquKwOM.jpg,https://image.tmdb.org/t/p/w1280/b9Cu8H1456xVztH06lxax5ik8Iu.jpg
39e7588c834b1dbb52604884c6b577a70f5f1c914eed89ad410f68bbcc4fe43b,684845,Aliko And Ambai,2017-11-18,2017,102,Lançado,"Aliko & Ambai is a feature film about two young women facing the challenges of growing up in the beautiful Eastern Highlands of Papua New Guinea. The challenges are significant: tribal conflict, poverty, bullying, domestic violence,and forced marriage. Aliko struggles to complete her education and Ambai searches to escape her abusive home and reunite with her biological father. They navigate the many obstacles in their lives and endeavour to build brighter futures for themselves, supported by the strength of friendship.",https://image.tmdb.org/t/p/w500/rjTxANadR3TzGkcWisjo1mqb50G.jpg,https://image.tmdb.org/t/p/w1280/r8GCcWPvLQiDiarfCtEYCywSsGd.jpg
9c593c1d4ef5fa45132270e7164a748e456624cf60ec1a143f60efb672b52a3b,684878,La Concessione Del Telefono,2020-03-23,2020,0,Lançado,"Although Pippo Genuardi seems to have cleared his mind by marrying Taninè Schilirò, daughter of the richest man in Vigàta, he is in fact someone who is not satisfied with his life…",https://image.tmdb.org/t/p/w500/pwncwLwFEKVUsOOZWtyG3feugtx.jpg,https://image.tmdb.org/t/p/w1280/HDL8zm5YKGUDiObxna3Fx327PN.jpg
3dc6be57514f664252acbee70fa78b4980c0f3450bcfad5eea7e7cc2e5c3f5b5,685818,Only Girls Cry,2017-03-31,2017,23,Lançado,"At a school trip in Yugoslavia in 1989, elections for Class President are held among 10-year-old pupils under the supervision of their teacher. The film explores the relationship between political and romantic power(lessness).",https://image.tmdb.org/t/p/w500/607wzRLkiPlgFXgJgVnntIGJhig.jpg,
3d6971774a49fcb8378b16d506f6b0cdbc1a4936ae0c9b0aa5b523d98b43edff,686684,Pooka Lives!,2020-04-03,2020,80,Lançado,Sem descrição,https://image.tmdb.org/t/p/w500/c8orAPNmomaXTVjikjMSYaanWh.jpg,https://image.tmdb.org/t/p/w1280/oFbDDdfrxILgzlTaVHAQQYySsWC.jpg
1ba9145b3f615c3df67e228999ed5798d3abec66a79ba0295d9a00579811dfc9,686825,Sara's Intimate Confessions,2018-08-21,2018,22,Lançado,"After being confronted with her fear of being too big, Sara, 181 centimeters tall and heavily built, begins to explore her perception of femininity, with her talkative vulva.",https://image.tmdb.org/t/p/w500/gOQGPLxrS9mLenT9FxkF8aNVEKs.jpg,https://image.tmdb.org/t/p/w1280/4cyx79m97ZO5viNwl8nPVFKGVRD.jpg
5e45c6de0fb2c67d0b06d81f925e98ff6bb2b8a254b435506e9317cece3e3a7c,687122,Liebe Verjährt Nicht,2019-09-05,2019,87,Lançado,"""Heino Ferch and Tanja Wedhorn have an entertaining exchange of blows in the romantic comedy """"Liebe verjährt nicht"""": The two popular actors play a failed dream couple who unexpectedly get a second chance after 20 years and do a lot to restore it from old injuries mess up. The fact that both of them engage in a cat-and-mouse game with the truth about their living conditions causes turbulence at their new beginning.""",https://image.tmdb.org/t/p/w500/vn59stZe9pGgmmFb1dRS68mpYmC.jpg,https://image.tmdb.org/t/p/w1280/rU3zpb2carkYxwWDucR8ow1x2IY.jpg
b6396380ad4e4eff6ac9498b4ac5b18cf090e2f312ecfc6c97d5d4b8ca1c1333,687302,Calling,2017-10-27,2017,16,Lançado,"After a violent event comes to an end, a mother struggles to keep on being a caregiver to her handi-capable son.",https://image.tmdb.org/t/p/w500/zakngLvVDqhuQbtb7lHCItNdfRb.jpg,
516db527ac9e1306806e18d60bcde8766940b0526d3291dbdfa67b6911d6e7e1,687404,Revenge For Daddy,2020-03-19,2020,83,Lançado,"When Lisa’s father is killed in a hit and run, we discover that he has a secret daughter from his first marriage. Her name is Marie and she is a convicted murderer, out on early release from prison, and driven by a single purpose–revenge. Living under a secret identity as Bethany, Marie has connived her way to living and working close to Lisa, lurking and planning her revenge as payment for the life she feels cheated out of–a life she feels their father unfairly gave to Lisa. Marie has set a deadly trap for Lisa to take back what she is owed, leaving Lisa, her mother and their friends to fight for their lives against the murderous sister she never knew.",https://image.tmdb.org/t/p/w500/uojfc1kwW3uB3UBN2dZhmGGdiOz.jpg,https://image.tmdb.org/t/p/w1280/ybewgdqXg9i1uF7EDTTBKfQcfzU.jpg
8a4e2a22c9e6810847eb023a901a22684223254b1dcf4fdef64ebb8f31ddb94e,687529,Rerun,2018-09-09,2018,91,Lançado,"On Christmas Day, with the help of his grandson, George still haunted with regret from the loss of Violet, the 'wayward girl' he loved decades ago, gets to go back through time and relive and possibly change his unresolved past.",https://image.tmdb.org/t/p/w500/b8vcVpIARYoEMG29LlsCPQciCCU.jpg,
4ac2cdc791c3f7275e279a6b3d3bae3dad4b6090dc080d6542ac3c662bdfa9ae,687725,Don Juan Going Bald,2020-03-29,2020,70,Lançado,Sem descrição,https://image.tmdb.org/t/p/w500/21WgZxynA4X7Xbl96ksHQV4HUV1.jpg,
1af2f7bafedd5ef7da7f5f0ad41e02a5636b69b5f65008b9aa8224d1708db95c,689285,The Spookies,2017-12-31,2017,88,Lançado,A group of friends sneak into an old abandoned house on Halloween night haunted by hungry ghosts.,https://image.tmdb.org/t/p/w500/9eNZJTuBfdTDM9nDN416mUf6HpB.jpg,
df80e0aa855e2de6b95f65d93856b1a52e57ccbe7e86497d4dc1d955e77723f3,689353,Alan And The Fullness Of Time,2019-01-19,2019,82,Lançado,"What does it mean to stand for what you believe in? Alan Wohlman, a boy sheltered by his mysterious parents and pursued by an ominous government agency, must grow up in a hurry. Aided by his parent's circle of believers, and the prayers of those who came before him, Alan steps into the dangerous beginning of his journey to help complete the Great Commission.",https://image.tmdb.org/t/p/w500/3o1UCP14w9nsXJrPosqmU9S1f3n.jpg,
c8b9badecea183e1f5b6dde56819aeda42a9ce61348425d4d106c7946df60112,689927,Jl Family Ranch: The Wedding Gift,2020-09-27,2020,85,Lançado,When Henry proposes it looks like Rebecca will get her fairytale ending until her daughter invites a visitor from her past to the ranch that will change the Petersons and Landsburgs forever.,https://image.tmdb.org/t/p/w500/CMUAwaNAnLEyployKEH16GBLU4.jpg,https://image.tmdb.org/t/p/w1280/sGwJjkpSMCdmaxgJazcIll6HI1o.jpg
019975c189afb6b027eeb2cf6f5b9dc8178055cee9581920fa323f628dd8d3c6,690248,My Heart Can't Beat Unless You Tell It To,2020-10-13,2020,89,Lançado,"Dwight and his sister Jessie reach a crossroads over what to do about their little brother Thomas, a sickly child with a mysterious affliction.",https://image.tmdb.org/t/p/w500/p2E9firwz4tqDLedpvtS0byyDek.jpg,https://image.tmdb.org/t/p/w1280/cCRbIwMOqBBARK06rogWPsmInxM.jpg
3c5e3c7962c9f7bfd9940e5eb34c7145c66ff255fee4c2aedbafc27ddf1cc509,690503,Super Bowl Liv Champions: Kansas City Chiefs,2020-03-10,2020,140,Lançado,"Chiefs Kingdom Rejoice For the first time in 50 years, the Kansas City Chiefs are Super Bowl Champions, capturing the franchise's second Vince Lombardi Trophy with a 31-20 victory over the San Francisco 49ers in Super Bowl LIV! All the great moments of the Chiefs' title run are now yours to own in this thrilling film — from the opening victory in Jacksonville, to winning six straight to end the regular season, to the post-season comebacks over Houston and Tennessee, to the crowning glory of their triumphant victory in Miami’s Hard Rock Stadium. With sideline sound and in-game wires that put you right in the action, award-winning cinematography, pulse-pounding music, and exciting special features, Super Bowl LIV Champions: Kansas City Chiefs is a must-have for every member of Chiefs Kingdom.",https://image.tmdb.org/t/p/w500/hJapkb5DU75EnoigRFHYVzvTQHs.jpg,
b5752f794fab8d94fd4c3046d3f753efe736512371e3ad72e3cb795d332cf028,690557,Impact Event,2018-04-07,2018,102,Lançado,A slow burn into insanity as a small band of survivors find themselves spending a post-meteoric apocalypse in a fun house converted into a bomb shelter.,https://image.tmdb.org/t/p/w500/2vjo2sCXVxMLzNXKXNrZiOfb047.jpg,https://image.tmdb.org/t/p/w1280/4xMxJDTjSc9D4QYaMl7GGOqt8ZQ.jpg
05af9c80ffa37ace9f0ee7c333a8233ac945a3400329761f968c36df7be005c5,691905,Dilruk Jayasinha: Bundle Of Joy,2020-04-24,2020,60,Lançado,"Sri Lankan-born Dilruk Jayasinha is one of the most in-demand headliners on the Australian scene. Whilst his small-screen star continues to soar thanks to his appearances in Utopia and Have You Been Paying Attention?, it is on stage that he flies, with a reputation for consistently nailing his shows – The Art of the Dil; Sri Wanka; and Cheat Days – with his positive, upbeat brand of stand-up.",https://image.tmdb.org/t/p/w500/r6YSPCnf0WhYtQMKsG7oKtRMxdT.jpg,https://image.tmdb.org/t/p/w1280/5FYzJP6whGyVXj4ZmtIal0K1Pcx.jpg
1e9ccad02733c8b4348f74418daf5713d2bc05d10b8e0fe2d3b2dc21adc344fb,693032,Paula & Jeff,2018-01-15,2018,94,Lançado,Paula is unemployed and uncertain of her future. Her best friend Jeff is heart broken and unable to move on from his most recent relationship. Together they embark on a road trip from Los Angeles to Paula's hometown of Seattle looking for answers.,https://image.tmdb.org/t/p/w500/nA502PejRxT8MY8OKtFVR74foLd.jpg,
b1f28043de9628ba2d58bca5fab65b1c0e8230667399ecefab92a19e4ecfeb32,694527,One World: Together At Home,2020-04-18,2020,359,Lançado,"A global broadcast & digital special organized by Global Citizen and the World Health Organization featuring comedians, musicians, and actors to raise funds in support of front line health workers in the global response to COVID-19.",https://image.tmdb.org/t/p/w500/tOvv28PSM04AerehwigqdeSdlmC.jpg,https://image.tmdb.org/t/p/w1280/vGYlunWBrMUsPAhjkRpy0GCnIEL.jpg
4e5583a14d17ce3ab688633b8f663ead0d70bf08e3296ead7a2426d035e85250,695214,Follow The Light,2021-08-11,2021,104,Lançado,"In a fading village in the Japanese countryside, the school is about to be closed, which weighs heavily on the students. Freshly arrived from Tokyo with his father after an acrimonious divorce, the shy Akira escapes into drawing and agrees to participate in a mural project to mark the end of the institution.",https://image.tmdb.org/t/p/w500/rQzdG1pMuQX6AYG7RfoebaCKfGI.jpg,https://image.tmdb.org/t/p/w1280/qO4dfWCTo9vl3TeRHrCAERpYtwF.jpg
35b4b33ec1b81662982bdea18c57751aebf2f2dad30e9c40d721f91fb6154889,695282,Take Back,2021-06-18,2021,90,Lançado,Zara and Brian are living the perfect small town life when a mysterious stranger from Zara's secret past kidnaps their daughter and now they must race to save her life.,https://image.tmdb.org/t/p/w500/n33F8ceJKOMPOeKK3fkFknqhQIT.jpg,https://image.tmdb.org/t/p/w1280/10NS0wKi2kKDTzMQIBV7TTMlxDP.jpg
08b3624d37ab364d672c7cda82f2f94f63927b1b14c10519ac09e5965ebb3a1d,695338,On A Clear Day You Can See The Revolution From Here,2020-04-25,2020,64,Lançado,"From the lush and green grass of the Kazakh Steppe to the glorifying architecture of its capital, from its giant open-air mines to the traces of invisible nuclear power, Kazakhstan is here captured in fragments. A fake observational film, but a genuine geographical and historical journey, through the remnants of the Soviet past and the contemporary capitalist ambitions of the country.",https://image.tmdb.org/t/p/w500/4A2tCiuP2ycg3cxUp41iiHZlJhD.jpg,https://image.tmdb.org/t/p/w1280/ha4pwc85uy2UX4i8l2BqaqteqZg.jpg
1c0a3d0c9f0d1be3796a4caaab26166f353d1487c56dc35dbd2d9227086acd86,695771,Entre-deux,2019-06-01,2019,13,Lançado,"Stuck between the life of an aspiring dancer in Paris and a dream to get her masters at Columbia University's Teachers College, Jane must make a decision on the day of the audition for the dance company, Munich Modern.",https://image.tmdb.org/t/p/w500/hRXdRXXwEZZUOJ21uJxpuijrHhO.jpg,
1cafbbc68057d43f2589ef5154d759bcf81edb85a540abf584d17a1a2939de02,695978,The Mentor,2020-04-22,2020,74,Lançado,A wanna-be filmmaker persuades a reluctant film director into giving a mentorship when suddenly they are both kidnapped by an enigmatic gang.,https://image.tmdb.org/t/p/w500/v5d9RpfTcG4jEUvPig2kBTGT0Fg.jpg,https://image.tmdb.org/t/p/w1280/dOZOylIhM3FcEQjxLGASANlrksJ.jpg
652a6d58bac7c68b6458faed6dc299fb10bac815188082cb34533e6fd297bab5,696806,The Adam Project,2022-03-11,2022,106,Lançado,"After accidentally crash-landing in 2022, time-traveling fighter pilot Adam Reed teams up with his 12-year-old self on a mission to save the future.",https://image.tmdb.org/t/p/w500/wFjboE0aFZNbVOF05fzrka9Fqyx.jpg,https://image.tmdb.org/t/p/w1280/ewUqXnwiRLhgmGhuksOdLgh49Ch.jpg
b9038a6cd327ffff839ee406ebce7ac463f125f9da97133ad17485332c6d44c6,697019,Davos,2021-06-02,2021,99,Lançado,"Beneath its reassuring façade, Davos is each year at the heart of the Western and capitalistic world. Every chief of State and everyone who is someone in the money world meets with their peers in the Swiss village. What is really at stake in Davos ? Julia Niemann and Daniel Hoesl create a fascinating observational documentary in which judgement is never handed out and where the dialectics of conflicts matter more than easy and reassuring answers. The film asks the viewer some uncomfortable questions by focusing on challenges that the new global economy poses to the world.",https://image.tmdb.org/t/p/w500/nBN16BYwQvdKIIpYletpQ1zeZEW.jpg,https://image.tmdb.org/t/p/w1280/jJOaoj53m94wFdzqZEJVV69i6wL.jpg
ad95cfa3692c2eeb871440fc8d53a17f648042ad24e02028d1599d403b60664c,697413,Money Machine,2020-04-02,2020,85,Lançado,The movie looks at the aftermath of the Las Vegas mass shooting.,https://image.tmdb.org/t/p/w500/yBAFTOGNxTKd3OdIJVsQyzBAWJK.jpg,
d021b850f448068e1c59dde0a4ed257634418de582b787f0c49815e1da996863,697629,Lockdown,2018-09-09,2018,15,Lançado,"In his own natural habitat, the infamous Brussels' neighbourhood Molenbeek that appeared in the international news several times after terrorist attacks in Europe, director Koen Van Sande tells a story about paranoia and misunderstandings.",https://image.tmdb.org/t/p/w500/4mGF6Ygju0MbnHyy1FOhQPSNRoR.jpg,
6c4d2c5e7e89209507b6c144f07d2ab256fc6c1813a8d9f1fdbf8ca39b1f82f6,698128,Dual,2022-03-18,2022,95,Lançado,"A terminally ill woman opts for a cloning procedure to ease her loss on her friends and family. When she makes a miraculous recovery, her attempts to have her clone decommissioned fail and lead to a court-mandated duel to the death.",https://image.tmdb.org/t/p/w500/wDEse2TQRiyfhdlusSXBdkDOQRj.jpg,https://image.tmdb.org/t/p/w1280/5ps2H3srzXZgmpI0yPv2xH6gc2W.jpg
9b72046efce3bc8c6db14899973aca0aec26c122a3fc72de4921377dc2b86310,698528,Budapest Heist,2020-07-30,2020,104,Lançado,Sem descrição,https://image.tmdb.org/t/p/w500/mWqBathYrRB2zPNcJGscjs0PkPu.jpg,https://image.tmdb.org/t/p/w1280/v9GHaoFI5bj4L21y9b7MTvBjShC.jpg
98796abd2e35abc7dffd8115342c91f3ce37d0d60f9768b0d0ff20dc897a4b55,698856,My Name Is Yours,2020-07-31,2020,115,Lançado,Sem descrição,https://image.tmdb.org/t/p/w500/hCiokJRbek10gl46sIgqjTqjcuC.jpg,https://image.tmdb.org/t/p/w1280/mDtai7Chc0PIbpjckN8VbjoBsnj.jpg
7a991eb747e431e9a95251e96260f3d63e01db543ce432b5cc55580ce61a85d4,698860,Mother,2020-07-03,2020,127,Lançado,Sem descrição,https://image.tmdb.org/t/p/w500/dpjTywNoMJ4VpQb9a7VYQ7Jqdkn.jpg,https://image.tmdb.org/t/p/w1280/x3JeJcqwl90v8qa6hfDHOEuOo8J.jpg
d1f203e993cd7719f93ce0980338d1fde89ae03d2be3d830e155f2f704e22e72,699145,The Undocumented Lawyer,2020-04-15,2020,18,Lançado,Lizbeth is an attorney who swore to uphold the Constitution. She's also undocumented.,https://image.tmdb.org/t/p/w500/rWf52LbIdrPKb1ZoSsQivUjwmo0.jpg,https://image.tmdb.org/t/p/w1280/sd8AawKtsJ1p57Zj5ErqKtOZNxP.jpg
4e824b5dadbb17a5ae5f9a186b438fbb979513f1a4291c8b1b404b094a4863bd,700347,The Terrible Old Man,2017-01-01,2017,15,Lançado,A crook robs the home of a mysterious old man with a terrifying secret.,https://image.tmdb.org/t/p/w500/t7wRAhiK7aVy579u85rT54wNO4Z.jpg,
287f7983e06f870aaf8342c61e8c08aa80df98ae69ad4c419ea5fb400513f57f,700446,Laura Laune - Le Diable Est Une Gentille Petite Fille,2020-05-04,2020,0,Lançado,"Laura, this young and pretty blonde with the face of such an innocent angel arrives on stage ... What does she have in store for you?  Laura Laune has no limits, she dares everything! In a stripping black humor and a total irreverence, the angelic madness of Laura Laune and her characters full of paradoxes gives you chills: is she innocent or mean? Aware of his words or just crazy to link? From a nursery rhyme that goes into a spin, characters of seemingly imperceptible madness, the show has many surprises in store for you. Sheltered under his air of a little fair-haired girl, the Belgian humorist, who caused a sensation by winning all the prizes of the humor festivals of the last two years, uncompromisingly tackles the most difficult themes: maternity, education, parenthood , abuse, homosexuality, racism, homophobia, and many others.  With Laura Laune, you will discover the monsters hiding in the closet!",https://image.tmdb.org/t/p/w500/bp5hb0RQIPi55qxvPuetU2veBdg.jpg,https://image.tmdb.org/t/p/w1280/lPVwtaQ64o5tAljCgaXsMQmdRW2.jpg
6fa660a32839ba5304966c178481b2ec3f3dda1d79020afd53cc40861038cbab,700811,Ferraille,2018-03-31,2018,0,Lançado,"Sarah works in a garage at the local junkyard. She is trying to save up enough money to continue her studies, and to fix up an old Renault 4 so that she can finally fulfill her autistic brother's dream: to go to the beach.",https://image.tmdb.org/t/p/w500/kAwz7lPb0kPW8CST0OT33v8NH9U.jpg,
512185a38007d1b4e48f67fc3d5cbd6097c81f1f20890f3c688e5a6b67b5957d,701232,Crazy Birds,2022-06-24,2022,73,Lançado,"It's springtime in Fernville, and that means it's time for the annual talent show, where the jungle animals get to show off their singing skills! Birds Marshall and Mimi are a show favorite, but local music guru, Marlon Pintop, is not pleased!",https://image.tmdb.org/t/p/w500/8J3DHTh2VU0fCWgoyUQ7zXotcxo.jpg,https://image.tmdb.org/t/p/w1280/5tk5igvBaLUhLDhkH8lSK93Fw24.jpg
e2d61354550e630e73f16f77cb3134c5d158549af7e9a4d78963812fc00d4ab9,702391,Tagged,2019-11-04,2019,3,Lançado,Think twice before taking a selfie.,https://image.tmdb.org/t/p/w500/lRilQWaYRk9ToSwDmlork9za5bw.jpg,
133135654f48174ce102b6e9daee4814e52447f098461d64fdff015d3c6fef0d,702479,Lei Mi Parla Ancora,2021-04-29,2021,100,Lançado,"Nino and Caterina have been married for 65 years. After Caterina's death, their daughter Elisabetta, trying to help her father to overcome the loss, hires an author to write a book on their love story.",https://image.tmdb.org/t/p/w500/vpR6v7Ce3sEIzSNQWrpK6K3DJS2.jpg,https://image.tmdb.org/t/p/w1280/pHXoJ10jIVqj30eBeqSR9KMlLAR.jpg
08b5643c14f610e299b1358031c62978682de203d5ef97716a10a145a2218e79,702669,Euro,2020-05-09,2020,25,Lançado,"Milan, Paris, & Barcelona.  Featuring: Dana, Kat Sy, Tris, Jennifer Demorizi, Briana King, Leo Bañuelos, Jeffrey Cheung, James Pitonyak, Jessyka Bailey, Chandler Burton, Kane Caples, Nadair Asghari, Marbie, & more.",https://image.tmdb.org/t/p/w500/zNyQNDVJd5tkCBJrFoMuRFWSuJQ.jpg,https://image.tmdb.org/t/p/w1280/bPSSr69V6oZbsUYJkaE0TRZ5xkC.jpg
5e75a078ae73e4b38f3f0b2614b20d876f089cf8db7b8f2a2002dbd314226cab,702770,The Teacher,2020-05-14,2020,66,Lançado,"Natalio is a passionate teacher. When Juani, a friend, comes to live in the town, the inhabitants confirm the rumors about his homosexuality. The parents of his students do not approve the teacher's behavior with another man and harass the principal so that Natalio does not continue to lead the classroom.",https://image.tmdb.org/t/p/w500/4ZWXjy1t58798plM4ZHQ8dYa7Db.jpg,https://image.tmdb.org/t/p/w1280/aGvDeGmn5XXN0f6XX8pfPtJFp25.jpg
da143cc5fde6b16e71cda2f1f8519af7be4ddba4bb6529667405b6b692df9bfb,703185,Impossible To Imagine,2019-03-23,2019,88,Lançado,Sem descrição,https://image.tmdb.org/t/p/w500/6cq5CFjsOU0zzKV8E3aSVIXKDLP.jpg,https://image.tmdb.org/t/p/w1280/2QiQIzQDhboJVDOzH4bXAEgJBn9.jpg
df7fa497b434b3bde1c19fdae6fae9087b8af12814b2a159ca4e37d89ba19091,704407,My Friend Karl,2020-06-19,2020,50,Lançado,"The story of an unlikely friendship told through the eyes of a teenager, with discussions of mental illness, homelessness, and advocacy.",https://image.tmdb.org/t/p/w500/e3nxKmID2vxTJYAaMEDZwaZEc7h.jpg,
603f0b39e72be591ffe5e9821558039e4852025b37eb92439ea5dca39b51eb10,704848,Avenida Almirante Reis Em 3 Andamentos,2018-10-21,2018,66,Lançado,A chronology of the Avenue Almirante Reis in Lisbon. Its past and present. A portrait of those that inhabit it.,https://image.tmdb.org/t/p/w500/e1pzYfX5JcF5HbRmPCzoeu77mWY.jpg,https://image.tmdb.org/t/p/w1280/uyEkyeTJ8J93NPlenRxic6nTLC1.jpg
e0ef2105a76f7bfd486729a238e08c492585ac9df4e10a567633090707f2eeae,705009,I Got A Monster,2023-03-10,2023,103,Lançado,"In March of 2017, Baltimore was rocked by one of the nation’s largest Police corruption scandals when seven members of the elite Gun Trace Task Force unit were federally indicted on racketeering charges. Defense attorney Ivan Bates wasn’t shocked by the news because for years he had been listening to the victims of these crimes and had been trying to bring down the corrupt sergeant. I GOT A MONSTER is the true story of a cat-and-mouse game in an upside-down world where the cops are also the robbers.",https://image.tmdb.org/t/p/w500/4sEy4OzRet5HG9nrfxdkecr8yTE.jpg,https://image.tmdb.org/t/p/w1280/3RnsUN9wwRiQL3JpKSlrGlia7r5.jpg
1a8fbfb1a17a97470f640c573ace30228cf1f6ffc15481cb8b6634d4e1eb8cda,705338,"Adeline, The Great",2019-11-08,2019,11,Lançado,"A woke boarding school student questions her commitment to activism when she finds herself with no friends, countless enemies and facing some very serious accusations that threaten to get her expelled.",https://image.tmdb.org/t/p/w500/sFX6v9NjXmFP183kQ1sMyWlwBkW.jpg,https://image.tmdb.org/t/p/w1280/w2ST6d0Od3ScwYEcTki9cPqOpfO.jpg
51c3021a5eae0bf95a862b1859a79463d878f48a0a27d3cf0d1d38e275c054f2,706179,Y1: Silence Of The Deep,2020-05-19,2020,93,Lançado,"14 September 1943: The legendary submarine Y1 “Katsonis” was sunk north of the island of Skiathos by the German submarine chaser UJ 2101. Through the book of XO Elias Tsoukalas who escaped capture and had to swim for nine hours to reach shore, secret documents, and crew members’ diaries, the documentary unfolds the human stories woven around the submarine. Seventy-five years later, with the support of the Hellenic Navy, we search for the submarine sunk at 253 metres depth and film the wreck for the very first time.",https://image.tmdb.org/t/p/w500/mCXP7kB0HN2WlavPm56LGvBrGqk.jpg,
015d4533f1aae61947d692c29dd6fcc49d75504b91d271ea073481cf2cdd9f3c,706513,Bar Giuseppe,2019-10-18,2019,0,Lançado,Sem descrição,https://image.tmdb.org/t/p/w500/hcmF1gchSHjB202Oo5slYm6vu02.jpg,https://image.tmdb.org/t/p/w1280/s1y9iCYtaj94V9lDKyvCpkdvc9U.jpg
3c89c18df3cc9469f39e3fa85c9294b9f35a9d9202d6cdbef6ac578afb37a4c9,706712,Beauty Water,2020-09-09,2020,85,Lançado,"Beauty Water looks like a common skin cosmetic. But unlike other cosmetics, people can sculpt their skin with it like molding clay and change their appearance. An ordinary girl, Yaeji, comes across the 'Beauty Water' by chance, and her endless desire to be the most beautiful woman brings her unimaginable disaster.",https://image.tmdb.org/t/p/w500/pFotlGivCvAWi3SvPycacqju6dN.jpg,https://image.tmdb.org/t/p/w1280/2jeH5eMbA7TUHYuIzwKZZgJoQ6V.jpg
7905f7c952efc5fd3f94ab0ac6f5ec95f2c69e42c43204680f9b087900671a6b,706944,Spiros And The Circle Of Death,2020-05-19,2020,56,Lançado,"Spiros, a motorcycle acrobat of the Circle of Death, lives a nomadic life together with his family, his caravan, and a few acrobats who often abandon him. His dad was a legend of the Circle of Death and so were his uncle and his grandfather – a family tradition for over 50 years! Will Spiros manage to make ends meet, and, furthermore, is this vanishing profession going to get a second wind? Are his sons willing to take the wheel? A human portrait of an old-school lover of speed in a rapidly changing world.",https://image.tmdb.org/t/p/w500/cF2zA7CRkXa5xe76Bp3SCtvnpoi.jpg,
913729d5d1ca17373e981a0e3a483bc0bf9d2fe888a2871cd452f86937f8d9d5,707101,Amine,2017-01-01,2017,21,Lançado,Father dreams of a diving champion but Amine fancies synchronised swimming.,https://image.tmdb.org/t/p/w500/vEJX7fDa1EusMPBSBgulgsDxRli.jpg,
3e59766404a55e65d2cea69450ac06bdbf902273a884c949d8af4af734ff7d49,707190,Markos,2020-05-19,2020,93,Lançado,"Α company of musicians travel to the Greek island of Syros, the birth place of legendary folk musician Markos Vamvakaris, where they are invited to perform in an homage to his work. Parallel to this journey, all sorts of composers, musicologists, and artists from around the world reveal the musician’s important legacy in the 21st century, rendering his rebetiko sounds a constant source of inspiration and a reference point of modern culture. This is a documentary about the influence of Markos on the contemporary soundscape of Europe.",https://image.tmdb.org/t/p/w500/8z0ua4ikTQ6M1XLxAYkv6h3Tslm.jpg,
afcdb99aa50d5764a59ed853d33fc7aae264f9a48a14449e6ea640ecfe17575b,707216,The Trace Of Time,2020-05-19,2020,97,Lançado,"A film about time, memory, and nostalgia. A film about the beauty of archeology and excavation, conveyed through the post-mortem portrait of archeologist Yannis Sakellarakis. A journey in search of a man who is no longer present, through the traces he left in the places he visited and the people he met. A cinematic excavation that brings to light an image through fragments and traces, just like archeology does.",https://image.tmdb.org/t/p/w500/p0cV7t7MMChqn4PdfuQgCOs4zpK.jpg,https://image.tmdb.org/t/p/w1280/xc7aYxpC2crElxyLfryAK4wphrJ.jpg
d4a95ccf17f00f70a2d4c8f64505d9815e5dfe8c5d2c2e048b2f78eed0f149d6,707321,Maria Queen Of Romania,2018-01-01,2018,72,Lançado,"Queen Maria of Romania, granddaughter of Queen Victoria, ruled the country during World War I and 1918, achieving international recognition. Despite personal struggles, she was banished from court by Carol's son.",https://image.tmdb.org/t/p/w500/scwRQq3ofeGgq5tyJ77GKLLeKCQ.jpg,
2961b5d805ab94a3110a53fad4a1be2c5ad3553ff42b502fb90d15e8f4e9d308,708186,"Trees, A Global Superpower",2020-05-14,2020,0,Lançado,"Humanity would not exist without trees. They are the backbone of the biosphere, fertilizing the earth, regulating the climate and water cycles, indispensable to our survival on earth. But just as science is starting to understand the true importance of this little-known genius, its very existence is menaced by man-made disruption. This film provides a science-based exploration into the superpowers of trees, a first-of-its-kind journey below the surface, to better understand them, and also the challenge that we face together in the struggle against global warming – a journey into a new dimension.",https://image.tmdb.org/t/p/w500/rmMdeB1egMxnU5diWqiIHYZQ0sA.jpg,https://image.tmdb.org/t/p/w1280/blONdP1oEAxkPIooG8tmESd7k14.jpg
6d9679fcaebbda64d343ace9a6542ac3c6a621e400e74951357e9aafc9f8d786,708315,10 Seconds More,2017-09-03,2017,1,Lançado,Imagine you had ten seconds more in your day. What would you change about your life?,https://image.tmdb.org/t/p/w500/tQdwL6CX9ULvhPOzFjDVcOmWO9m.jpg,https://image.tmdb.org/t/p/w1280/yozkxJ3HefFCJFUyTSmj5neu8he.jpg
881b68f4cbe2bee8be3c9fff2845f05566bb22bb1cc72ac9b4a571bf9c5ed8f3,708471,The Last Zombie,2021-12-02,2021,85,Lançado,A genetics specialist is sent to stay in a coastal inn to find the origin of an infection that has started spreading slowly.,https://image.tmdb.org/t/p/w500/yM8a1dDRsJUhq1xKxq1UNdWXpod.jpg,https://image.tmdb.org/t/p/w1280/eHRtXoPDAUUX7LWXvQfFAK2nFkG.jpg
6bc160e109d8b6978dc64480921ec50f0602152cd92fc1c0ae1191aa16f972f2,708819,The 8th,2021-05-21,2021,94,Lançado,"Following veteran campaigner Ailbhe Smyth as she navigates the complexities of convincing a historically conservative electorate to vote for women’s reproductive autonomy, The 8th tells the story of how Ireland overturned one of the world’s most restrictive laws on abortion. This documentary is a vivid exploration of the political and cultural history that charts the transformation of a country",https://image.tmdb.org/t/p/w500/f6fnQvQGA8f5g4Jb6RelO6vdzst.jpg,https://image.tmdb.org/t/p/w1280/iKHNnyvaiBuJZWlH102eV9ng7Vo.jpg
6c2f502f717f80c97853618e20911a49fddd3dfe23c65e524695e6ef5bd35725,709147,Melany Rose,2020-03-22,2020,90,Lançado,"After the tragic death of one of her patients, Dr. Sullivan takes an assignment working for the enigmatic Dr. Freeman at his secret military facility known only as 'The Garden,' housing test subjects made up of maximum-security inmates. Inspired by MKUltra, the illegal CIA mind-control experiment.",https://image.tmdb.org/t/p/w500/uR21Dw8Lmd7V1S6PEqIfGWq50zU.jpg,https://image.tmdb.org/t/p/w1280/9fvBoARgPsbAVfLVmm02cvyz8Fm.jpg
774a00e038d366910055cc9e0daf6d4ef7249ac991ffc5f3afa28cf888c52fd1,709169,Tainted,2020-06-16,2020,89,Lançado,An ex-con with ties to the Russian mob and Aryan brotherhood yearns to escape his past life of violence but ultimately decides to undertake one last assignment to escape the Russian mob and earn his freedom.,https://image.tmdb.org/t/p/w500/tQhIPRY9k7SxwslI4vwQg4TBMA2.jpg,https://image.tmdb.org/t/p/w1280/uEPougn7Th2Kcbe8wFI4nIbGU0Y.jpg
7be897e56fac7237af41a9d584e5109d88800e5e35ea0847f78b3007d8474a03,709412,Insect,2017-11-30,2017,62,Lançado,Two teen brothers discover that an enormous and evil Insect is living in their dead mother's bedroom.,https://image.tmdb.org/t/p/w500/ljmwWycM5tG2keRJ31FXjwh6dJm.jpg,
c8d7a9b9bbb7279649c6ef39967ef8625c0a25d067c78408b6ce6a5e5b690e54,709430,The Screaming Silent,2020-05-27,2020,104,Lançado,"Desperate to make the film that will crown him the next Tarantino, debut filmmaker Kurt Michael travels 8000 miles to the outback of Tasmania.",https://image.tmdb.org/t/p/w500/d49VI1sCuzmHupSHTGdbHRhDDmL.jpg,https://image.tmdb.org/t/p/w1280/oWk9ptkEHHtW8NKoAlTcF3LHQnX.jpg
bcd55a854a4e5863e26ca08a5e8672c71955623f842aa0b6b3bab6b4e7ad4c3a,710201,Alice Is A Nice Girl,2017-08-07,2017,0,Lançado,Sem descrição,https://image.tmdb.org/t/p/w500/98eB0Y4QCMX1BoXrjpMQbM4xTwC.jpg,
7e968b309ad8b4f6587e009df41e6c0c7c1f9cc967390e1fd03dac2647d330d4,710416,Snatchers,2020-05-29,2020,85,Lançado,"A rough-hewn Mennonite witnesses a meteor rip apart the skies on his farm, leaving behind a smoking crater filled with glowing corn husks. A lesbian couple unknowingly distributes the corn to un-suspecting Brooklynites through their food truck. An FDA agent with FBI dreams tries to track down a mysterious pod he’s only seen on Instagram. A woman in the midst of a late-20’s crisis is cleaning toilets when she starts noticing her co-workers changing.  Each of them has a key to the puzzle.  But can they figure out a way to stop an alien invasion before it’s too late? Or will they, too, succumb to the pods’ alluring glow? And how will they tell the difference between a Snatcher and a regular Brooklyn weirdo?",https://image.tmdb.org/t/p/w500/f5ruMOIL48dV5263Uit4QNioQ3o.jpg,
ab4cffc0b35e4ecda734e5e689ae293462154d7ce6eb608e7dcd98539e3e6693,710596,Troubles,2020-01-10,2020,128,Lançado,"Always the same violent, unbearable nightmare. Marion's been living in the USA for a few weeks but her nights are agitated. One day she meets Emma, a French underground girl who suggests a strange kind of therapy.",https://image.tmdb.org/t/p/w500/b1bNO9TjvkKgKGyLq9tmFHxKHmI.jpg,
faa8e67af939fe79a85bf5af8784f1595dc20e5569280a2cd14149e08ad83a20,710606,Si,2020-07-01,2020,10,Lançado,"After a varsity baseball game, an Asian-American boy navigates his day through seemingly innocent jokes and play.",https://image.tmdb.org/t/p/w500/iyUywvuk510r1iVXVVGm1ldCwGz.jpg,
f172080a0022c1ec791778ab9388021ca61dc7eaeafa28f10151a332dd124f72,710616,Tiger Man,2020-02-03,2020,5,Lançado,The King of Rock 'n' Roll ELVIS PRESLEY takes it upon himself to avenge the death of Martial Arts legend Bruce Lee.,https://image.tmdb.org/t/p/w500/iqVNqsGknd1fOrZpLEqMRfs8WJT.jpg,https://image.tmdb.org/t/p/w1280/zgTJOIbt7xcYCqnO3RplNBMh8f8.jpg
92a9261ddb1493d342a8e9bb28505686883e0905406120cbfb4b8d85d72ac28f,711205,Don’t Tell Me About Your Dreams,2017-08-15,2017,16,Lançado,"It's a love story that portraits a generation growing up with all possibilities to shape their lives and dreams and therefore also sometimes struggle to settle down and make final decisions. It's a short that tells the story of that great love you wish to last eternally, but maybe it can't last longer than in the moment.",https://image.tmdb.org/t/p/w500/cSbPjE7JVixTlORSBKU1CgTppWz.jpg,
c7ed12f55bd09355af2d8dabf858eefa650f0db91928b81618a50bb7cf32677a,711974,Acrylic,2020-05-01,2020,78,Lançado,A colorful neighborhood salon is threatened by a new addition. The pot is stirred by a local magazine competition and a long standing rivalry. Which salon has what it takes to win the grand prize?,https://image.tmdb.org/t/p/w500/mTbm3Bm7nh8hMWOaNdnuXftYwFM.jpg,https://image.tmdb.org/t/p/w1280/lcYpO6C3cm8WVZCSkl0BcsmpN1n.jpg
8388f719f161a066455121732d399e92e891c3b6295e8438d9814d801403bbb3,712150,The Speech,2020-09-01,2020,87,Lançado,"Meet Adrien! He's 35. He's stuck in a mid-life crisis. He's neurotic and hypochondriac. Tonight he's stuck in an endless family dinner and his girlfriend is not answering his texts. On top of that, his dumb brother-in-law asks him to prepare a speech for his wedding. Could it get even worse?",https://image.tmdb.org/t/p/w500/i2G0QrM10xCkrJmzgky53DlNjn2.jpg,https://image.tmdb.org/t/p/w1280/w3sqSIZDQLthCPpOCkcN5CkLRYM.jpg
1b2361ba0963d890bc492a8325161f54cdfab9dc4037c1263cd18c692aadc08a,712394,Miracle Fishing: Kidnapped Abroad,2020-04-15,2020,104,Lançado,The story of a father's kidnapping as told through the 1994 video diaries of his son.,https://image.tmdb.org/t/p/w500/vSG5xxan4iKhLNfZ8g2wNelgBGt.jpg,https://image.tmdb.org/t/p/w1280/at2NTc1CkhgnmSnlteZHdCHetZQ.jpg
52e9c3f7219de51f200ae2a2aaa0fd6144a477bee7e2f621e55488f948664057,712411,Pollywood,2020-05-31,2020,85,Lançado,"Pollywood is a universal and exciting story about courage and desperation, set against the background of the history of the Dream Factory and contemporary Hollywood. Paweł Ferdek overcomes successive obstacles on his way to learn its deepest secrets. He reaches producers, who reveal to him how they succeeded on their own. Ferdek takes us around the great American Dream, which is the foundation of today’s film industry. Will his dream of Hollywood also come true?",https://image.tmdb.org/t/p/w500/jrMecMHiJBnznk7tHUjPiusgRQm.jpg,https://image.tmdb.org/t/p/w1280/pukeweG95B0QBIAIc5YGbW16QmA.jpg
b58bbbdd432ba8a89c47a71f99e10cd3f37776f3a0789149e6c013296c081eac,712999,Horrid Henry's Wild Weekend,2020-01-27,2020,42,Lançado,"With his parents on a getaway, Horrid Henry is chosen for the Brainbox of the Year contest and faces off against his nemesis alongside a quirky team.",https://image.tmdb.org/t/p/w500/4CnLSol4bnExX67O7hibDfCyU2Y.jpg,https://image.tmdb.org/t/p/w1280/hmFEwH6KhaIkxMpsbH2YPjvSS75.jpg
a291a55e773c8266a2567d0b48755483eb5c1cee92859e1a8ad237c5b7753b74,713233,The Big Snore,2020-08-17,2020,9,Lançado,A light sleeper struggles one night to get some rest amid his man's loud snores.,https://image.tmdb.org/t/p/w500/qxbNQlKAi9j46kNZjCgASLcdOlo.jpg,
1625fad5abf1dce28f509efa909e3168ad2a46280996780c1080ef76102bcad3,713823,Love And Fury,2020-06-12,2020,93,Lançado,"Filmmaker Sterlin Harjo follows Native artists for a year as they navigate their careers in the US and abroad. The film explores the immense complexities each artist faces concerning their own identity as Native artists, as well as pushing further Native art into a post-colonial world.",https://image.tmdb.org/t/p/w500/ivN1SJQHuj70Ryrxmykh3FgSllc.jpg,https://image.tmdb.org/t/p/w1280/aPBj8BSvVS6vEtctEURkSCjxPR3.jpg
d962761cac228a6cb0206879a8fc2515dfb6732404601de1c2e4769d6b88984b,714401,Sisters: The Summer We Found Our Superpowers,2020-08-07,2020,77,Lançado,"When the mother of two little girls is hospitalized for exhaustion, the family's adventurous father takes them on a trip to the Norwegian forests. But while hiking, he falls into a crevice and is unable to free himself. The two girls must make their own journey through the forest to seek help. Meanwhile, they have to face their fears.",https://image.tmdb.org/t/p/w500/9HQEBXk2mxQKsMpeTsXLX4fi55S.jpg,https://image.tmdb.org/t/p/w1280/AdbCM4m5HbrmGQfaNEPevqDg34I.jpg
1ddddd4ac2270e830ea0f6a9e520f572ea03f08678284bfdae054f000f63e8fd,715226,Our Catherine,2018-07-16,2018,0,Lançado,"Set in modern day South Shields, County Durham, young English author Catherine Cookson is transported from the 1920s and returns to her hometown.",https://image.tmdb.org/t/p/w500/fDnAahZXaea8PLBSQLzSXV5aPoY.jpg,https://image.tmdb.org/t/p/w1280/dL0hwGXkZWbk6e64mx3DeRig4o9.jpg
0201e4cfae2c11d0dc6449e3da1a6a339bebf7bd58e7bf17b3ea1146c2b12bb0,715900,Bull Mountain Lookout,2018-06-22,2018,16,Lançado,A short horror film about a Girl Scout troop leader who discovers the truth about the terrifying legend of Bull Mountain.,https://image.tmdb.org/t/p/w500/yrgS4tjpYRIxgaNC4fyOkUe7Mou.jpg,
7a56bcf94e4d37ae008edd568fdfe3c15065b9664160e7b0b62e2b5c132d7914,716240,Mindfork,2016-01-01,2016,1,Lançado,"Incorporating found sound of an English language lesson, this very short animation depicts a visual descent into madness triggered by the effort to keep it all together—even when it seems damn near impossible. Produced as part of the 11th edition of the NFB’s Hothouse apprenticeship.",https://image.tmdb.org/t/p/w500/81uTUYYpWC5oPExjahodNKpuzWw.jpg,
2416199e2c7bc909c4a2301a77ff9c9fbe7b5aa34a514833b1b48a7ef7a8e056,717217,Yaadhumagi Nindraai,2020-06-19,2020,122,Lançado,"This is based on several true stories that happen in the daily lives of background dancers. This is the first film in Tamil to give an insight into the lives of the background dancers and the dreams and aspirations they cherish. The film follows the story of a young school going girl, forced to take up dancing to make the ends meet for her family. Her dreams and aspirations are simple, but the realities of life is a lot more harsh than what one can imagine. This is a story that travels over 2 decades of the life of one such dancer Thamarai and the various people she meets and travels with. This is a story of hope, it's a story of a young girl, it's a story that has to be experienced to be cherished. It's a story that stays with you for a long time.",https://image.tmdb.org/t/p/w500/eoalfRmG9ImQo0cNehUi6R81bp0.jpg,https://image.tmdb.org/t/p/w1280/br9IFnJh5zzEn07V1hSq3LzXBQY.jpg
415a4afaee153f6a51ec9d0a493a96331c71cddeae8a54e3f68074d87dd3d1d1,717549,Women Of The Sun: A Chronology Of Seeing,2020-05-10,2020,87,Lançado,"At the gateway to the Lut Desert, in the province of Kerman, Iran, the ancient caravanserai of Shafi Abad becomes the site of an unexpected video workshop. Director Hamed Zolfaghari provides a group of housewives with cameras, just as they’re starting to organize a co-operative to control every step of the fabrication and sale of their handicraft products.",https://image.tmdb.org/t/p/w500/aqxMFcUu2g5kUZrIX8GdanKQQAz.jpg,
a5fbd44ec029fb38e5aee1868d2839842e421b59bd6e350cd7320fa006aff854,718016,Cheeni,2020-12-24,2020,110,Lançado,"Cheeni, a working girl, has to suddenly take care of her mother whose lifestyle turned bizarrely eccentric post-widowhood. Putting her hectic city-life on pause, Cheeni moves back with her mother who is suffering from brain cancer in their orthodox Manicktallah neighbourhood in Kolkata where chaotic fireworks ensue as the traditionalist housewife and her rebel millennial daughter battle amidst surprising revelations and family secrets.",https://image.tmdb.org/t/p/w500/mO6PLFRYKHEwbrsvVrn1wLdJMdt.jpg,https://image.tmdb.org/t/p/w1280/mK0tB9NO6Q8KEJT3Py0CzyjqTHh.jpg
36515c4574832f948ec17dd2d16cab0f67b4b7bbbb94ea550958da36931eb664,718030,Deadlock,2020-01-02,2020,87,Lançado,Two married couples from opposite social classes are brought together in a single night following a tragic event that will change the rest of their lives.,https://image.tmdb.org/t/p/w500/al1L2t3p2fRnjn9cxguI1WW8l8K.jpg,
985e4842d08c86db7cec0c0d2dd8cc6d434df4cd205c3f98ada40c36d68be7d1,718855,From The Thunder,2019-09-13,2019,10,Lançado,"When three Canadian soldiers encounter a lone German scout, their sense of morality is weighed against their sense of duty.",https://image.tmdb.org/t/p/w500/ouD0hSgrXSKVqo5NrzhKaP55RU6.jpg,
97cdec8a0dddb69bf91eaa1f4cbee1b615b8f054695e1385904bfd0d05537c09,719013,Benji The Dove,2017-07-10,2017,88,Lançado,"A tender tale of four boys rapidly coming to terms with school, bullies, friendship and loyalty. Based on the critically acclaimed Icelandic children’s book by Fridrik Erlingsson.",https://image.tmdb.org/t/p/w500/xmEYgWWoHusRKFu713hnpLq554Q.jpg,https://image.tmdb.org/t/p/w1280/aZlTqqHgV3JOsXayMV11YIk2F0U.jpg
871a0d1bb54953e37acd305afb63efb40f29cb3830bb5a189e28003548f227de,719164,Women,2021-04-08,2021,90,Lançado,A small town detective while investigating the disappearance of a local woman comes across an unassuming Sociology professor who is hiding a secret life.,https://image.tmdb.org/t/p/w500/yTgSMm9LRXVGxfaKqmlPCcQx5RJ.jpg,https://image.tmdb.org/t/p/w1280/xdoVTf5FZaWN6L1QVYdTntyD5E9.jpg
7ba043f95e83e56973667c46c12a23a8623e803dadceda3630bfb3b961293208,719511,Invisible Evidence,2020-07-10,2020,100,Lançado,"After being injured in a car accident, Thu - a blind girl came to the police to report the incident that she believed had become a murder. But another person comes forward and reports something entirely different. Both are being watched secretly by the assassin, so he can kill the witness. Will she figure out what's going on and stop him before it's too late?",https://image.tmdb.org/t/p/w500/4DOfk18BFEBx67gtuFUtL9zLOMs.jpg,https://image.tmdb.org/t/p/w1280/dFBK1FFEesWy8ob4TSSkzP39UVu.jpg
4d17e8b9f038f08d16d2762125549d9ec209844cc709b294303c6dc0e5027288,720689,Weakness Of A Sick Mind,2018-03-07,2018,38,Lançado,"""Underground-Amateur-Splatter-Ecke, self-called """"disturbing short film"""" directed by Dominik Heit""",https://image.tmdb.org/t/p/w500/ln4W9f53QxYGeBylfLsMxiCrYhW.jpg,
f02c66feb207d9b1597afa6bcb3da339a91208c42a3da5edc966245f0df52809,720727,Befarmaeed Sham,2016-09-18,2016,225,Lançado,A man named Majid disappoints three people for four nights.,https://image.tmdb.org/t/p/w500/g2XY4Kgq206Xc9zBCWbQkAbOJn6.jpg,
a4e096b9ea7f976f97d7a00d63b9cd53ef0cb063a4eb79ecb806356b21c4cfde,720929,Deacon,2018-10-13,2018,0,Lançado,"A Catholic deacon returns to the city in which he grew up to find that evil is all around; demons, angels and human terror. He takes up a life of vigilantism, questioning his actions to God, and pondering the salvation of his own soul.",https://image.tmdb.org/t/p/w500/uliPKfNsKJMOwycwROH2ZG5dvzn.jpg,
4763470d4aa1ae4ca9548413181682c0a64896e09cf43966d3bf7b890b6747af,721094,Haircut,2019-01-03,2019,15,Lançado,A middle-aged barber has to calm the situation when a desperate teenage drug dealer holds up the barbershop at gunpoint.,https://image.tmdb.org/t/p/w500/5KrpY7jl0zLDHRTc62LmlbcJcF1.jpg,
4ce601ae503f4c1b24fb66867f972ae4ec20d0e46ea0918bb4e72a4bb73bc8bb,722248,Shiva 143,2020-02-14,2020,126,Lançado,"Shiva, a dance choreographer, is hired by the rich and arrogant Ammu for her sangeet performance. But Ammu gets in trouble when she accidentally records a murder, leaving it up to Shiva to save her life. At the same time Rubina, who had financially helped Shiva once, demands that he love her in return.",https://image.tmdb.org/t/p/w500/jJgBvzsj5G5xgbKddCCOyO54thZ.jpg,https://image.tmdb.org/t/p/w1280/iiVE39lNkYaQhtZbdodcVerdg4U.jpg
0fc726452fd9aebe0a0bb296afdd72e3728a94eac63a18db7e91bda5dc36859c,722526,Evul Twinz,2020-03-26,2020,70,Lançado,"Twin brothers, Jack and Larry, find themselves out of their medication and decide its for the better. Thus begins their reign of terror as they hunt for food to satisfy their hunger, their hunger for human flesh.",https://image.tmdb.org/t/p/w500/wHszYL5jv6pW0Z9ptZRBVzofruP.jpg,
a1740c40038d3b74cd86ea21d6c0091757c12544ae1e2f37fa951007f1d760a7,722637,Jimi,2020-09-28,2020,3,Lançado,A starry-eyed guitarist compensates for his lack of talent with some extreme self-harm.,https://image.tmdb.org/t/p/w500/qwMWlVWvujktPPYJGpkBO5nJHlD.jpg,
6a543e4d5a4d8dbc362d8cc352bf8caad9ef1fff85b92c0bcdc584b07ed872be,722642,Broken,2021-10-19,2021,77,Lançado,"What starts as just another delivery becomes the catalyst for life-shattering trouble. With Brian injured and evidence mounting against them, three friends find themselves on the run from the law. In a panic, Brian turns to his mentor and ringleader, Bear, and together they come up with a perfect scheme of betrayal and murder.",https://image.tmdb.org/t/p/w500/6ATYnT6JUG4g1xVIfDCzOaLaZpW.jpg,
dd6034f86d3587cb394f53df48e700de753875ac310da8c858c718f70a9c703f,722805,The End Of The Tiny World,2021-01-29,2021,100,Lançado,"Kida and Makoto grew up together because they have it in common that they don't have parents. And a transfer student, Yotchi, also gets along with them because she has a similar background, which is that they come from not such a good home environment. They spent their school life supporting each other. But, at the age of 20, Yotchi disappeared. Then Lisa, the daughter of a politician and a top model, appears in front of the two men. Makoto takes an unusual romantic interest in Lisa, who lives in a different world from them, and asked her out to dinner, but she does not take him up on it at all. Kida warns Makoto to give up on her because they live in different worlds, but Makoto quits his job and vanishes without a trace.",https://image.tmdb.org/t/p/w500/sdhtSyvEsuh7MjlGIBjrlIdaLkw.jpg,https://image.tmdb.org/t/p/w1280/dMiOQtwSE1T3sqDYaZFs3u0e9Ck.jpg
8818d3060fc14a661f7394dfd46c93b6fa1fdc5175785dd7dd784f1ffa7ca27a,723152,Cocktail,2020-07-10,2020,134,Lançado,A group of idol thieves find themselves in a tricky situation involving a priceless Murugan statue and a Cockatiel bird.,https://image.tmdb.org/t/p/w500/h3GyIt14dF7BczTNxJdEMggg37P.jpg,https://image.tmdb.org/t/p/w1280/4t19Rhis0WVR5RWngg3Vryw1Y7k.jpg
855930dc6cce6ebc35365b9db09921f116c672958d69262c8fff8c5d9a84e997,723403,Зүрхний Хилэн,2017-09-29,2017,0,Lançado,Sem descrição,https://image.tmdb.org/t/p/w500/8ZoI0zGx4XXFM6IGifWHqbLojry.jpg,https://image.tmdb.org/t/p/w1280/xnfZZH8lvnSTDp2D7nj36DmKB9I.jpg
7e54428abefabfd77c677a80df812d3c50bfc83ede11c728847ef196f6010a44,723446,Love Is A Piece Of Cake,2020-06-27,2020,90,Lançado,"Jessie Dale is a third generation baker who loves her cake shop more than anything in the world. When developers threaten to buy her building and force her out, she must do all she can to save her bakery, all while juggling a blossoming romance with her client's brother.",https://image.tmdb.org/t/p/w500/4I825Rsi1G9kLcb1ZFPo2td9ts4.jpg,https://image.tmdb.org/t/p/w1280/nEphg7XZGYNdMk0kQBNJ2IUSnTv.jpg
cf11514e0e8a17be30100f6642066456cd172e39cc63107c680170cac30e937e,724922,Nostradamus: Future Tense,2020-04-20,2020,70,Lançado,Sem descrição,https://image.tmdb.org/t/p/w500/nBsWVZCIR89VBu1ZYbx8NZ9eVeC.jpg,https://image.tmdb.org/t/p/w1280/oGqmcY00mPe537r68EDg48A19HD.jpg
fb98a16de0d25c7a749419c201eb33e1d68c74b1de5ee83b13e3e78f2e1820d2,726340,Minamata Mandala,2021-11-27,2021,373,Lançado,"After years of dumping industrial wastes from the factory to the ocean, Chisso Chemical Corporation contaminated the area of a small Japanese fishing village with excessive amounts of methylmercury. This highly toxic chemical bioaccumulated in fishes of the local water, which when consumed by the local populace resulted in mercury poisoning. In 1977, Minamata disease certification criteria was set by a strange method that tried not to recognize the rights of environmental disease patients. However, an Osaka court won the case for some patients because of a newly developed theory by medical doctors’ recent experiments and proofs. For decades, these patients struggled within the Japanese judicial system for their rights to receive compensation as victims of environmental disease. Those different aspects of these patients’ lives have been filmed by director Hara for the last 15 years, inspired by the late director Tsuchimoto’s documentary MINAMATA: THE VICTIMS AND THEIR WORLD (1971).",https://image.tmdb.org/t/p/w500/bFuAvwlj9TKlT2bU8phxzlbey4m.jpg,https://image.tmdb.org/t/p/w1280/5U81s6eH8NS2iRaAa86oOql3TYd.jpg
5bec24708a0062c4ee892906aace3b75f7ff642fc460bd99c8960657d480148f,727033,Gerhard Schröder - Schlage Die Trommel,2020-07-14,2020,53,Lançado,Sem descrição,https://image.tmdb.org/t/p/w500/jyKeeXbcskPfFwEIvB1UHcTgfZv.jpg,
aa994dfd4da265182ef268d8f105de19cbfea643608be6e7d5020cab63deb85e,727186,Two Ships,2021-09-16,2021,76,Lançado,"Psychologist Eliska contacts musician Martin with a request for him to perform at an event on mental disorders. Their intense relationship ends with Eliska's suicide, which will resolve long-lasting pain without cause. She flew through Martin's life like a spaceship. She left clothes, things, a farewell letter. But also memories, dreams and eternal encouragement to play. She's still with Martin. Like a memoir, as a gratitude for the experience, like a muse.",https://image.tmdb.org/t/p/w500/nYasyMlHpKvEnORsIfscCn94noi.jpg,https://image.tmdb.org/t/p/w1280/7kVD7vzwPRTkSqxqk0lWdFKtFne.jpg
ea8a38f2b549d88a3bb0cf4f1483109635b775b5a56424e6364804291c08dfff,727614,I Love Anna,2016-03-14,2016,11,Lançado,Santeri (13) looks on as older guys are driving their motor bikes and wants to be part of their world. He combs his hair and goes to meet his friend Anna (13). At Anna's home childhood's anarchy meets puberty.,https://image.tmdb.org/t/p/w500/dRk2cSwglp3Zq4gwyfNJe6HZDOF.jpg,https://image.tmdb.org/t/p/w1280/yrJmXS5NcdrYwSEXuL7SJPEtciH.jpg
b46760ee6ecd91935f10afc9b9c3b6d26d0e4dbcf47da0fb93ef6bf866d26502,727671,Moradora,2020-04-08,2020,10,Lançado,"A young woman travels through her psyche in order to find who murdered her lover, Juan.",https://image.tmdb.org/t/p/w500/3j9vffziQem8uVQpCkL9DLFgGHF.jpg,https://image.tmdb.org/t/p/w1280/snbTUBvH7sxZuknCNnNkYNptvsw.jpg
d6620ecb93eb7394a1145c5bfc1bc033f7d5f15a6d1eba79f49bc6c5de517b04,728102,The Male Gaze: Strikers & Defenders,2020-07-27,2020,95,Lançado,"Work up a sweat from the soccer field to the locker room in these drama-fueled four films from Germany, France and the UK that explore how rivalry between teams can spill over into teacher-pupil relationships, high school crushes and brotherly compassion.  The short films are: Islands [Inseln] (2018); Play It Like a Man [Un été viril] (2018); Colours (2015); Through the Fields [Passer les champs] (2015).",https://image.tmdb.org/t/p/w500/rh9xDChOHRIXS4PXltD3foBmurG.jpg,
b8a1851f402b1e12930fa16d625da0df532178f4a3cc583c6aa78505ca160c2c,728205,Victoria,2019-03-10,2019,9,Lançado,"Victoria is a transgender elderly woman, who is currently living her last years in La Libertad, which is her mother’s town. Victor began to secretly manufacture women’s clothing; his mother found out about this and interrogated him about that matter, he said it was for Victoria, another girl from the town.",https://image.tmdb.org/t/p/w500/rOwWn4JwCB5GZkABC7Wpk503rv4.jpg,
b787d10a81b3301ab405c8a0769d8a06f9b0412f7a66c9b2955735ae65d2ff82,728278,Perfect Body,2019-12-01,2019,27,Lançado,"Bayta is an influencer slowly losing followers; her body cannot handle it anymore. One day, a strange liquid starts to ooze from her pores. She's convinced it's due to Eva, the first humanoid robot influencer like her.",https://image.tmdb.org/t/p/w500/lrUL0RxHjcZJqGcPpHKTyKUEazN.jpg,
dda972878e8fd4bfeecdea2884574108cd059bccee17b01ddd036d51078f1093,728882,Under The Open Sky,2021-02-11,2021,126,Lançado,"Mikami, an ex-yakuza of middle age with most of his life in prison, gets released after serving 13 years of sentence for murder. Hoping to find his long lost mother, from whom he was separated as a child, he applies for a TV show and meets a young TV director Tsunoda. Meanwhile, he struggles to get a proper job and fit into society. His impulsive, adamant nature and ingrained beliefs cause friction in his relationship with Tsunoda and those who want to help him.",https://image.tmdb.org/t/p/w500/niXZ7He4YQywfFMVdo6uI6GeaOD.jpg,https://image.tmdb.org/t/p/w1280/k29768dIYqNGBw5yYgR8dUVxP6L.jpg
796ab1736d969fb940ebdf338c2f2886431a0e97397746fd03d5f26bee8c300d,729428,Numb,2020-06-17,2020,3,Lançado,"This is just a generalization of the feeling of isolation, not my personal feelings, I for sure haven't been enjoying quarantine, but some have it worse. We have all been going through stuff right now, especially with Black Lives Matter, my struggles are in no way comparable to some things people are going though right now. this is my own experience, some are a whole lot worse than mine. I'm just showing what I know.",https://image.tmdb.org/t/p/w500/bbW4IyZIGY5UbE0XumxzhXlXLlN.jpg,https://image.tmdb.org/t/p/w1280/xSfAG35f6AxlFza1ZWR36vn16nH.jpg
5a31c7ed55e8751415b656f70cc860a3e33bd11573b290076a77f2d750c29ba4,729981,A Phone Call From My Best Friend,2020-06-25,2020,14,Lançado,Two white friends try to talk about race.,https://image.tmdb.org/t/p/w500/pzHiPmYGEwhcd60vaTwifNVGFu2.jpg,
42fb35fb8fdcb7c9c7017b33ce3bf97adfacb59d367fb0262c35a1ab5282f69f,730030,Escaped To Arizona,2019-04-19,2019,23,Lançado,"Filmed at the junction of a video blog and the “what if” genre, a reality short film about the travel to the USA of the exuberant Moscow Art Theater star Alexander Molochnikov and actress Svetlana Khodchenkova, who starred in Godunov and Wolverine, but wants to see the Grand Canyon while Molochnikov wants Khodchenkova. Is everything happening - a real story of a relationship or is it just a script? Each viewer decides for himself.",https://image.tmdb.org/t/p/w500/xLjTuHyxh2RTSpr6Hgu7KSIwvDR.jpg,
77c615859c8957c7ac08133b5bebefddc7be9fc689b1957446f2f38fd80186b6,730957,The Whale From Lorino,2019-11-23,2019,60,Lançado,"Chukotka is a place located on the edge of Siberia, where the cold winter lasts for ten months. It's a severe land, where only the strongest are able to survive. One of the oldest Siberian tribes lives there for centuries. Its traditions, culture and life in harmony with nature were brutally destroyed by the Soviet regime. Since the collapse of the USSR, they have been trying to survive, missing the wisdom of their ancestors and hope for the future. One of the last sources of life and tradition of Chukchi is whale hunting, but the fate of this old tradition is also threatened. For the Chukchi people, the whales give hope to survive the next winter. When the land of Lorino warms up from the sun, the hunting begins. It is a battle between two worlds, and each of them is on the edge of disappearing forever.",https://image.tmdb.org/t/p/w500/gaNrIxM7wk0icNBkZE9eFyQH92g.jpg,
7a73824d3cf39c471fe8daa578d6245b9d644166761ea2dd15b803adc4250cc2,731524,Cardelinas,2020-02-11,2020,0,Lançado,"August 1936. After being separated from her family by the Falangists, Concha Monrás spends her last days in a prison cell. With her young cellmate Adela, she reconstructs her relationship with Ramón Acín and remembers his life as an artist, a pedagogue and a man.",https://image.tmdb.org/t/p/w500/oQqRSwCj9rylvUt7FaNAZwUgHnL.jpg,https://image.tmdb.org/t/p/w1280/37930qBjDZfVHYHWCgzNap1iEaI.jpg
38037a6936bda4ff52312643bdd62629d23926639bf1b74f0c5da5731d83bd10,732863,Our Place Together,2020-08-26,2020,17,Lançado,Two young husbands retreat to their favorite camping spot to hash out some life-altering news and the ramifications it will have on their marriage and their future together.,https://image.tmdb.org/t/p/w500/heJrGhHjcGcD5BFdDrPbaZw1C0o.jpg,
3ed37802ffc5f1d4d9e90b9c7ae9715295566d8907cea40de71ecdcd7cacf635,732918,Sparks,2019-06-12,2019,25,Lançado,"Set in 1994, homophobic Amit returns home; a year after the death of his twin brother, Yoni, who died of AIDS. Amit is surprised to find that his family and Yoni’s former partner are going to a drag show in Yoni's memory.",https://image.tmdb.org/t/p/w500/8k0Oxt8GLeEgibKCFp9hz4arJ0m.jpg,
d0d21733b2b4eb9251a6b09d4dd7b678bbbbb87a3e77c1894ee3401babc2461a,732931,It Seemed,2020-09-14,2020,13,Lançado,"The inhabitants of a small town are busy getting ready for the final round in the competition “Best Small City of the Country”. Only the physics teacher Alexander Aksenov does not care: in his yard unexpectedly appear huge… buttocks. In order to avoid a tragedy, Alexander Dmitrievich turns to the public via Internet. His story immediately spreads across the entire country and draws the attention of the city administration, for whom the presence of these “well-known” buttocks is absolutely inopportune, especially on the eve of the competition final. It seemed to them that there could be a solution...",https://image.tmdb.org/t/p/w500/hKgR2oaxH0ngpPqyQQQZY8SvaF4.jpg,
3d92b29ae855157a843db93dda7ff12f97e921860a766b778a41245ed52bd5e9,733080,Malicious Intent,2016-08-27,2016,85,Lançado,"Christina James takes over the James Law Firm after her father's brutal murder. When an illegitimate heir arrives seeking a piece of the family fortune, tensions start running high.",https://image.tmdb.org/t/p/w500/dUS3LKCbLUkXNqLZKJ65OUSNGJK.jpg,https://image.tmdb.org/t/p/w1280/xXpzcwR81cjX0InDc2bp7DQfQd0.jpg
b8970b93e32c72875d29f0c985691e872ad0a3d2ce4e8f895c50d11721c951da,733115,A Simple Fucking Gesture,2020-08-14,2020,8,Lançado,Sem descrição,https://image.tmdb.org/t/p/w500/jAXnbUXVBh2Y5P9M2oOrkTIq1Q1.jpg,https://image.tmdb.org/t/p/w1280/2xzsSmKXtmCuUUuYGUfBUoUGqzR.jpg
fe0b5cc3d2808af492fa9e975ca9feb9e72e18615e3d9e4e85038b0269cd05b3,733126,Behind The Frame,2020-03-12,2020,8,Lançado,A girl discovers strange photographs that alter the world around her.,https://image.tmdb.org/t/p/w500/lX80pZy6UWsWOC4i2KYZn7QOHii.jpg,https://image.tmdb.org/t/p/w1280/daq5Xi1jXPgBiIvmScs9miiJ9pN.jpg
b355d9ae4dd1ad8d93daa14b4d6679d54b8c9f4a79ae4065151f510a3578b729,733261,Little Foot,2020-05-05,2020,72,Lançado,"Little Foot is a tiny Bigfoot with an even bigger heart. And when penguin pals Zoey and Flip warn him about a sinister plan involving all the magical creatures of the galaxy, he decides to step up and step in. No one tracks down the fun quite like Little Foot!",https://image.tmdb.org/t/p/w500/nnVOCvTLRjns54Fxw2KZnASYT3N.jpg,
97d2bd349a1bf9da222ac2d94d2865527952219ad948c303868a21e7bf42155b,733331,Chapero,2018-11-16,2018,20,Lançado,"Ismael is a young gypsy who is thrown out of the house. The boy will meet Nines on the street, who introduces him to the dark world of the night, which will lead him to meet all kinds of unscrupulous characters.",https://image.tmdb.org/t/p/w500/3ZtgIfD3yuHd42RkErfINa0dpQB.jpg,
5f3b03e97f9a49554f36f79b8007daf9bcdc6f4e3f9d6becd3c3f0954513b4f9,733883,Dirty Money: Dirty Gold,2020-03-11,2020,60,Lançado,"Behind the huge quantities of gold flowing into the U.S. each year lies a tangled web of money laundering, illegal mining and environmental destruction.",https://image.tmdb.org/t/p/w500/lOzjzTPBudUOg8nJFVC4a18xa5l.jpg,
e5ac0ef48998aec14e83261d281b7562cbc9b95fe752b59211a19aa4a1cceea7,734264,Albarsty,2017-06-01,2017,99,Lançado,"""Zamir and Ainura want nothing more than to start a family, but when they adopt a quiet young boy named Ulan following a devastating miscarriage, they start experiencing strange and terrifying phenomena and are soon convinced that Ulan has been followed by the """"albarsty"""" demon of Kyrgyz folklore.""",https://image.tmdb.org/t/p/w500/cEXQVpwo5EJJJaFRiCJuykcLfqu.jpg,
8dc9e3aaf2121900e97ad9ac7bf84745dc24e9a7256282b0adfa1b447467899a,734585,Sonny Capone,2020-08-31,2020,89,Lançado,"When Sonny Capone, Dublin-born head of the Mafia in Rome, hears that his son Luke has been murdered in Dublin, he returns home to kill everyone in sight.",https://image.tmdb.org/t/p/w500/y79TR0gmW7VvcX8Xy66vxmptEIv.jpg,https://image.tmdb.org/t/p/w1280/fOFrcHsAUAnmM35UfgousMUXmPL.jpg
15f765a28ee7c8af6ffa722e2a77242e4fd726a56e3e1ba312a936af6888977d,734796,Don't Kill Me,2021-04-21,2021,90,Lançado,"After Mirta dies of a drug overdose with her lover, she resuscitates alone and discovers she's part of a violent world she never knew existed.",https://image.tmdb.org/t/p/w500/d76rZrqTzw3lRE6bQZC86tJ9W3.jpg,https://image.tmdb.org/t/p/w1280/cMGuvi3WoppST92uaXJ7a848SbR.jpg
83e0f97255fde448df471234770736403bebd86b8798c0e2b2360f41ee0727f6,735635,Family Bond,2020-01-17,2020,137,Lançado,"Shingo Kawasaki is a master carpenter with consummate skills. He looks somewhat scary but he is full of human warmth and has a weakness for women. Living happily with his wife and daughter, he is known as a hard-worker. One day he encounters an insurance saleswoman, a single mother with a withdrawn son. Shingo becomes attached to the fatherless boy and eventually he decides to build a house for him and his saleswoman mother. Understandably, his wife, daughter and his apprentice are not very happy with his behavior. He seems unable to read the air around his home and business.  While devoting himself to build the house, the boy’s father suddenly appears, wanting to come back into his child’s life.",https://image.tmdb.org/t/p/w500/m5PMP0rzh16XD05fsu4eb4DDRBO.jpg,
72892f1566fe256a1bf734bad5882ff95cbc403edd41fa3f6a32cfd95afa40ac,735781,The First Time,2017-04-16,2017,3,Lançado,The film is about a young man who tells about his first time.,https://image.tmdb.org/t/p/w500/6npwVPCkRJFFFUwbJuPoD4PyX98.jpg,
399c1404a2e5967a3fa3dcd445dd0b347f3e38d491dac3579855f6e76a931723,736599,Underplayed,2020-04-15,2020,88,Lançado,"Filmed over the summer festival season, Stacey Lee’s uplifting documentary examines gender inequality in the electronic dance music scene.",https://image.tmdb.org/t/p/w500/bUpY1Ypv4CC0VgYOS9wvcw3aacf.jpg,https://image.tmdb.org/t/p/w1280/2ShcyLRPOl3h9IwZPrFVB3acHw4.jpg
c62674c750d8ce1451c8f0d28ba17ba719975f1cd1217f4528374ee68a72c78a,736830,The Price Of Cheap Rent,2020-09-15,2020,7,Lançado,The search for affordable housing and pressures created by gentrification lead to a unique predicament for a young artist.,https://image.tmdb.org/t/p/w500/rCl7sGVj0KwS7QKi8h0kMDjSmoa.jpg,
6cccced5850f56113adc57900013c2c5f0a2839f5f055bcb789874af55599d9f,736837,Scars,2020-09-15,2020,10,Lançado,Alex Anna’s body is a canvas: her scars come to life to tell a new story of self-harming.,https://image.tmdb.org/t/p/w500/r0t4F26JT6fGZlW538irqfxN3za.jpg,https://image.tmdb.org/t/p/w1280/dGD9iWkTqalxXCUnd9mEqpPMVtm.jpg
63cd9fc1dff215feeeb43b3b3dba4b1399b5d90ff960cde254c9d352c493e756,737165,A Woman's Place,2020-08-24,2020,29,Lançado,"A Woman’s Place is a documentary short film by Ventureland, Vox Creative and KitchenAid that gives an intimate look at the culinary world through the eyes of three women: Karyn Tomlinson, Marielle Fabie and Etana Diaz. As each woman reflects on the biases and sexism that she faced at the beginning of her career, the stories seem to echo one another. Directed by Academy® Award-winner Rayka Zehtabchi, we witness glimpses of their dark pasts intertwined with the brightest moments of their careers. Each woman carved out a place for herself in the industry — not just as a woman, but as a butcher, chef and restaurateur.",https://image.tmdb.org/t/p/w500/4eXCiXdHNLMloWu4N9WVvIQyncW.jpg,
50c1eba92234a664189cfe4deb9ca874b8934cd7b601209aeb608d47234c882c,737858,Drowning Letters,2020-10-09,2020,81,Lançado,Sem descrição,https://image.tmdb.org/t/p/w500/qNU45K3Clj8bvDq146Naxm1Jcjn.jpg,
9f393680b699136a561df6681b63f135fd79269bc4cbf54ad502981436da747b,738375,Ghabe,2020-10-20,2020,100,Lançado,"""A refugee falling in love.  """"Ghabe"""" follows a Syrian refugee during the summer of the 2015 migration as he falls in love with a majestic forest in Sweden and a mysterious local woman living on its border.""",https://image.tmdb.org/t/p/w500/svEir6NH3N7zfXfVIxbc66vOO3Y.jpg,https://image.tmdb.org/t/p/w1280/1BZ05qX0xRoAFx94uTkjrQSW8mz.jpg
5b46741c9c54efbc0d0a469141bb215f0b0fd18b0acb0dad4f78ae963b59d293,739812,Atkan Chatkan,2020-09-05,2020,122,Lançado,Sem descrição,https://image.tmdb.org/t/p/w500/q8baBQYXAxdFykN7uXcgCJ0E5uP.jpg,https://image.tmdb.org/t/p/w1280/1VUhE7vkTY16yJ71yA1wNXN1oeG.jpg
e5c8cc0bd85d866136a7daa2735f7562650271b5caf1371214e969b3317b5a1b,739840,"The Nuns, The Priests, And The Bombs",2018-09-01,2018,88,Lançado,Nuclear disarmament activists challenge the security and legality of America's nuclear weapons when they break into two top-secret facilities.,https://image.tmdb.org/t/p/w500/e0fSf8xOmjCkIgbqvoKEGvaVMRq.jpg,
8004680a1fd63b4eeef8bc6ded3a4d0a58f607497ea58d2b8b87cb98237eb63c,740752,Chained,2020-09-24,2020,104,Lançado,"An abused and bullied boy discovers and befriends a criminal chained inside an abandoned warehouse, but after a violent betrayal the abused becomes the abuser, putting both their lives in peril.",https://image.tmdb.org/t/p/w500/rVwXBbPI21gNZJByGvBqXvmJt6z.jpg,https://image.tmdb.org/t/p/w1280/9DztwAjmSoVFPP1rhtaX2gKE2Rp.jpg
b31103d6e461c246409efb6d8e7a0354b045a134bb0e9ad4f5bbc03a21224f69,740842,"Utopia, Distopia",2020-09-08,2020,72,Lançado,"Jorge Bodanzky reaches to his memories of the time he studiet at the University of Brasília to show a look into the 1960s Brazilian youtuh, with its dreams, expectations, crisis and incomplete projects.",https://image.tmdb.org/t/p/w500/qQVLhGEdJTHGMv5KgJu79tWCRb2.jpg,https://image.tmdb.org/t/p/w1280/yUj8C6FyAjB4CaggGLbwBQny0ls.jpg
27eb92284ea25b6fba66cc6a6615cc9823bfc3db98f146ab0ac019d9400b8406,741246,Surge,2020-09-08,2020,90,Lançado,"A look at the record number of first-time female candidates who ran, won and upended politics in the historic 2018 midterm elections; featuring three candidates in Texas, Indiana and Illinois who each were looking to flip their red district to blue.",https://image.tmdb.org/t/p/w500/pKLSgHlvacp8ja1wfFWKb6Y9fu4.jpg,https://image.tmdb.org/t/p/w1280/9gw9pTVyAfICjsUHFDPcxxdlB2I.jpg
35be9c0eb0201713d8a0e5d6a48af85d0720abbfd7ee64a62fb20ed4aa2def24,741666,Thorns And Fishbones,2019-11-27,2019,10,Lançado,"Alone in the desert, three children decide to try and uncover their mysterious house's secret",https://image.tmdb.org/t/p/w500/rpq2N2YeNsfbfhG8yFanICiIoYX.jpg,
f611fcc2c423e2ba2cd0d131c698ffac461a600ef00c4b1442e1a374b1c668d1,742963,Fear Of The Woods,2020-10-07,2020,17,Lançado,Sem descrição,https://image.tmdb.org/t/p/w500/v0xcQbtisB2shmbhyZeH9b0fImV.jpg,
019fc7bd5cb361098d942f004ced265c4a89558927ec9781605e81f7f0307edb,743221,Attollo,2018-06-23,2018,17,Lançado,A group of people with opposing political views get trapped in an elevator together.,https://image.tmdb.org/t/p/w500/17BpYUpogCgnpBgm58JmK0wxuxg.jpg,
2a443ef8ed61ff95ab0c50c0df2a71292a6887e1fe19b4df0a6be7b06e596c9b,743679,Valerie,2019-08-07,2019,36,Lançado,A documentary of the incredible life of actress Valerie Perrine and her battle with Parkinson's.,https://image.tmdb.org/t/p/w500/40EC3bR4UTJfm58438TApmPVh8i.jpg,https://image.tmdb.org/t/p/w1280/grdfcBwIx0AdYDTFGJJ7y7FsBfk.jpg
7f75acc582452c87822cd1eec7d655e69a357c21b3ea63cbb07bdb5b1fa1c50d,743913,Momê,2020-09-26,2020,98,Lançado,"A Kurdish woman as a suspect of terrorism: the exciting political thriller deeply depicts the racist surveillance system in Turkey. The young Kurdish woman Arjin is under surveillance by the Turkish intelligence service. Her offense: She housed another Kurdish woman for one night, who then disappeared without a trace. Every step of Arjin and her friend Sidar is monitored from now on. When Ramo, a secret service worker of Kurdish origin, claims to have found evidence that Arjin and Sidar are involved in the planning of a suicide bombing in Istanbul, the ugly face of the Turkish government is uncovered.",https://image.tmdb.org/t/p/w500/lp5LCvM7S93OULsGBs9qKUoQiPR.jpg,
aa7a0419e012580752e8761a7ec9b720f1089c39f0e7d0fa97c703518e63f4b2,743920,Alien On Stage,2021-03-16,2021,86,Lançado,"This is a story about a unique crew of Dorset Bus Drivers whose amateur dramatics group decide to ditch doing another pantomime and try something different. They spent a year creating a serious adaptation of the sci-fi, horror film, Alien; finding ingenious solutions to pay homemade, homage to the original film. The show is a crushing flop but fate gives them a second chance to find their audience. Whilst still adjusting to the idea that their serious show is actually a comedy, the group find out they’re suddenly being whisked from their village hall to a London West End theatre to perform this accidental masterpiece for one night only. With wobbly sets, awkward acting and special effects requiring 'more luck than judgement’, will their West End debut be alright on the night? This bus driving crew are our space heroes. Their bus station is our space station. Dorset is outer-space and where is the Alien? It’s behind you!",https://image.tmdb.org/t/p/w500/ww5GUvwp8v3d68qed1tjSYeaOfy.jpg,https://image.tmdb.org/t/p/w1280/kpxo0ZOzGa1Nj1xCV5eGHr5efZb.jpg
f4bd9fa67d9f8e62f010ea93a93497b09cf85793ebd2659fda92bffa627c05ed,743944,The First Time I Saw Francis Taylor He Was In Slow Motion,2016-09-19,2016,7,Lançado,"She creates time lapses, he is into slow motion. Is it possible to meet in time?",https://image.tmdb.org/t/p/w500/5RzZeUZqi9GcGLFeLNzJxH5qqxm.jpg,
ad12bc842ed9f0a8f7f16718831c5e6da35a0fabaf9cbbb0ba19ce5aa6931edd,744107,Medicine Man: The Stan Brock Story,2020-10-08,2020,96,Lançado,Sem descrição,https://image.tmdb.org/t/p/w500/4NE5Dgh7jIpBEU4Qr0oFs1aDN7f.jpg,
243db9f81baec4500625a6144c8fe5e8b644ce846d7b79e2fad65028e6caddab,744140,The Mouse Story,2020-09-22,2020,15,Lançado,"The everyday life and troubles of Yorgos Armouse, a human sized mouse living among people, as he struggles to make a living, fit in, and get some cheese to eat.",https://image.tmdb.org/t/p/w500/xh5mQi37mOZNt9lz5PpFrbia3xt.jpg,
a4d814ba2f918345f8d509072ff597661c23e7b61cee0d764eb88ba4358e5890,744565,Camagroga,2020-06-26,2020,111,Lançado,Tiger nut milk is the main ingredient in the specialty drink horchata. This documentary shows the careful process of harvesting these nuts in the La Huerta area of Valencia.,https://image.tmdb.org/t/p/w500/lx25T4vILfcWIXlaZlDw82htBNy.jpg,
798b2f783d8c847e9f27eea331701e558e816088b74520fc61cb8b80140b0444,744941,Dear Christmas,2020-11-27,2020,80,Lançado,"Natalie Morgan is an author and host of a popular podcast, Holiday Love, which shares true stories of holiday romance with its listeners. While to the outside world and her listeners everywhere see Natalie is an expert on romance, she's never truly experienced a romance of her own. As Natalie prepares to embark on a promotional tour for her new book, she stops back home to spend Christmas with her family and to celebrate her parent's 50th anniversary where she unexpectedly begins to experience her own holiday romance as sparks ignite with local firefighter, Jack.",https://image.tmdb.org/t/p/w500/5Izo5eJ9aOCd6Ikf0M5sxCzZnNc.jpg,https://image.tmdb.org/t/p/w1280/sbr49JL9xSkM9u8hKXqDxvh70FY.jpg
611ff4d4a0666ef87f6c35bfa949badd0ab0ceb1491bad78a69032c09fddc037,745499,Iceland Is Best,2020-09-22,2020,89,Lançado,"The story of Sigga, a 17 year-old girl trying to leave home in Iceland, and make her way to California.",https://image.tmdb.org/t/p/w500/qHXqydQu3XJHJmU5lo2l1gIi9IC.jpg,
5d772a96b85321f66223c0b9913cfad5522fd95782e3c91abddbd9adc466fae0,745506,A New Leash On Life,2020-09-10,2020,12,Lançado,"After one too many rage-filled outbursts, a magical talking dog named Basketball must talk his owner, Frank, out of having him put down.",https://image.tmdb.org/t/p/w500/fA2rLTLTboT1AlivT2kEYH8L9gT.jpg,
b4da6f800ab5786ca30af3310c96550e9e3e9f750b5308980d7ddacebffd8467,746061,A Christmas Carousel,2020-12-19,2020,84,Lançado,"When Lila is hired by the Royal Family of Marcadia to repair a carousel, she must work with the Prince to complete it by Christmas.",https://image.tmdb.org/t/p/w500/1oqqPncrRREzk5D63YUL9CLbqVf.jpg,https://image.tmdb.org/t/p/w1280/y91SQ471zKci9vhRZqExO7NnYS5.jpg
db3ea15a87ce18b4ad8425ac181de4c3443265de109805733b37ad3e3eae4e29,746596,Freya,2020-10-01,2020,16,Lançado,A young woman attempts to regain control of her body in a future where social media and the State operate as one.,https://image.tmdb.org/t/p/w500/bgMFwqpvOLcMxqJu7Zr9qk9qym5.jpg,
9b32c701dd885bc163391870f6b5c2f0d8daf1856529dac4fde29d737a3e0f7e,748219,"Romance, X And Y",2020-10-16,2020,27,Lançado,Sem descrição,https://image.tmdb.org/t/p/w500/9qsv8WxRYRCPvOEd7crTeECB3mI.jpg,https://image.tmdb.org/t/p/w1280/9gHboMJdKFtwvHZY97gd7rRo7iU.jpg
0692f0e748da3b32b000d15cc3cd67cde7ea40a5401167fc213b6b138637c976,748772,T.k. Kirkland: Who Raised You? Comedy Special,2019-11-07,2019,53,Lançado,"""T.K. Kirkland is an underground comedic legend bringing you the laughs with his one-night-only stand-up comedy special, """"Who Raised You?"""" Kirkland uses real-life situations as his canvas and paints vivid pictures with his storytelling and jokes.""",https://image.tmdb.org/t/p/w500/nN1AOzjQEvBHdAtI25bGMgmpmqM.jpg,
2f5764c635977736ebb0d7748fbba015f104f392c7ea657b72a1e9417c187a91,748939,Itsy Bitsy Spider,2020-02-22,2020,19,Lançado,A man struggles to maintain his sanity after discovering a menacing spider in his boyfriend's apartment.,https://image.tmdb.org/t/p/w500/4xfXJMFzvynPp4Wp0ZnTns5hIMW.jpg,
743be015489437e849981127fb26419d93959985a329a26d21bc7cd09e793e9b,749087,My Father's Stories,2021-07-28,2021,105,Lançado,"Lyon, 1960s. Emile is twelve years old. His father is a hero. He says he is a judo champ, a parachutist, a soccer player and even a personal advisor to General de Gaulle. Now he wants to save French Algeria! Fascinated and proud, Emile willingly follows his father in missions of utmost danger: tailing, spying, delivering top-secret letters. Emile carries out his orders in all seriousness. He even recruits Luca, a new classmate, into his secret combat. But what if the father’s exploits were all phony, and far too dangerous for children?",https://image.tmdb.org/t/p/w500/vNddN6PgjDHnj38hkrw9wbj1GCZ.jpg,https://image.tmdb.org/t/p/w1280/uIpQJy5Jrl4wNPybAO4UWRuLbRO.jpg
467b773241d5f8fe4eb4c25c9f1eae47697273f35c5e72a6bda21af7cef11594,749532,Shtetlers,2020-08-06,2020,79,Lançado,"Surviving WWII, small tight-knit Jewish communities (known as Shtetls) in the former Soviet Union clung to the old religion, language and craft until very recently. This documentary explores what used to be and what remains of these small communities, as well as the lives of the people who have chosen to stay.",https://image.tmdb.org/t/p/w500/64EFO823IW0a9zf1d9HnPHUEAGe.jpg,https://image.tmdb.org/t/p/w1280/y4ToPH937kq11pxbjAIW6UjK6Am.jpg
e9a2d38b92ba5e87b750a32556d84fa000cf97a3a25995ac3c11587b20a432b5,749739,Life Won't Last Forever,2020-08-28,2020,23,Lançado,"Two cassettes are found in the old studio. Nothing is known about the artist. His music is played at parties and broadcast on the internet. Twenty years later, José Pinhal becomes one of the biggest myths of Portuguese popular music.",https://image.tmdb.org/t/p/w500/875pvVQIgpDH4SgrseuIatBBHV7.jpg,https://image.tmdb.org/t/p/w1280/p9aA3vOTB59UTPCObCFEfmk0Ooo.jpg
12a8d300dca37540693126864979d2c597be4693a1077ed02e1d8d4ead8224be,749847,The Last Austrians,2020-09-29,2020,85,Lançado,"In a valley in the Ukrainian Carpathian forest lies the small and forgotten town of Königsfeld. In 1775, the Habsburg Queen, Maria Theresa, sent a hundred foresters and their families here from the Austrian west of the kingdom. All that remains today of the now over two century-old timber industry are factory ruins, potholes in the valley road and an increasingly seldom heard German dialect. Only a few factories survived a flood that cut the village off from the rest of the world, and left it economically isolated. An atmosphere of farewell hangs heavy in the air.",https://image.tmdb.org/t/p/w500/2p2BkJp9pZivTrUXpw8S5W0BBpc.jpg,
79ca5d46393f316111e8bd185e36612eaae274d4b2fad11701d1c3177113a615,749915,30 Bikes: The Story Of Homestead Bicycles,2021-10-15,2021,62,Lançado,"Twenty-three years after his BMX bicycle company folded, Alden Olmsted sets out to reconnect with the people his innovative bikes impacted and possibly re-launch the brand that was born out of a teenage dream.",https://image.tmdb.org/t/p/w500/4WtIXNCZ3CRZdddiFbDHyRuUfg2.jpg,https://image.tmdb.org/t/p/w1280/xL6iYhKM4RuRxisyLoVi7AupRAL.jpg
c79d2ae26a92ec8e2ba6b882e76127ccf2509a4f3334925bb95babdd4cea724a,750732,The Haunting Of Grady Farm,2020-09-25,2020,68,Lançado,"Emily Wolf is the host of a travel show documenting supposed haunted locations around the country. The destination of her next episode happens to be in rural Florida, where her and her cinematographer's old college friends live. Wanting to mix work and pleasure, they decide to have a reunion camping trip on the allegedly haunted land. But, there is no fun to be had when the group learns that the Sluagh are more than folklore.",https://image.tmdb.org/t/p/w500/yuu15mFqlB6gNhxy4KGHTmCcI12.jpg,https://image.tmdb.org/t/p/w1280/fMRPmdKGMacAuyzryIStxVW2BB6.jpg
be9ddfe8471bae18664d0913def106183957f175b55a9d4eda88f4a8f89c04da,750759,"Mercy, Love & Grace: The Story Of Force Blue",2017-01-01,2017,80,Lançado,"Mercy Love & Grace is the story of six former combat veterans gathered together to train for their next mission: saving the oceans' coral reefs and in the process, saving themselves.",https://image.tmdb.org/t/p/w500/n2r400Sf668auZFNLThOBKhxWUd.jpg,https://image.tmdb.org/t/p/w1280/aBPOAG2s7nGgDCnHecZhXe2T4WP.jpg
9044b83efc400307ac936afc23522342a4308f560c8c7280c9a6b8564325c9b0,751214,Demi,2020-10-09,2020,26,Lançado,Sem descrição,https://image.tmdb.org/t/p/w500/h2bod5RQcBXA9R3BmyRNqOXGjcM.jpg,
011c396c80ce5a7e6d93ce28a486f182f967c5028a65add30baa7e9282dec07e,751391,Young Ip Man: Crisis Time,2023-06-23,2023,79,Lançado,"In 1917 young Ip Man first came to Hong Kong to study, but his peaceful campus life was unexpectedly broken. A shocking hostage situation occurred on the day when the school held an English speech contest. All students in the school were held hostage, and one person was killed every minute. Facing the immediate crisis, Ip Man stepped forward, but unexpectedly discovered that the kidnapper was his master, and his good brother turned out to be an accomplice of the kidnapper.",https://image.tmdb.org/t/p/w500/jWeP8CIjHY7iPpcV9mWPWJEWez9.jpg,https://image.tmdb.org/t/p/w1280/2HRXtyR5Xd2ann68k9wOCHzJs8X.jpg
6608b000bd3de899d8faa03efbf23a5b8829629be6e5c6d3707917a68a32949c,751534,Djinn,2023-01-06,2023,133,Lançado,Sem descrição,https://image.tmdb.org/t/p/w500/zzIJjOmVAGxXq6qT45gP3SV0zBQ.jpg,https://image.tmdb.org/t/p/w1280/eQFoTx1tw4Sgr2aNpWEvzUwnHst.jpg
72e138072ef5cc1c4f6a2eb5e6c271971c3bafbad613dcd6404aecfa814d763a,751899,All Her Dying Lovers,2020-10-08,2020,6,Lançado,"A nurse, a Nazi and a fish: this is the incredible tale of a young Czech woman who, in the face of Nazi occupation, trumps the invaders with her unique form of resistance.",https://image.tmdb.org/t/p/w500/o2WSXMNPcY0arkwLwsSDwrcgzY8.jpg,
1b089a412e4e85ddf539067e6bde320503e15f51b1d4634f21ff1cebf7680d37,752428,Significant Other,2021-03-16,2021,6,Lançado,A couple struggles to see eye to eye when a mysterious red orb appears in their new home.,https://image.tmdb.org/t/p/w500/ytdQTkeynBlLX1tKvaTlrRxhZsi.jpg,
f4ff08e3e20b4e418cb4e4d1ea94d9524bab6586f7eb20918671d88063c7c040,752652,#eagoraoque,2020-10-22,2020,70,Lançado,"An intellectual, his questions and contradictions. How to think and act politically these days?",https://image.tmdb.org/t/p/w500/pxLHtMGnLf22iBmmwtCvVlHdjDR.jpg,
dda8cab6082a591a6ed0d9a8e2a62177653f42a03f230770949347892fbee4bd,752779,Knockout Blonde: The Kellie Maloney Story,2023-04-15,2023,0,Lançado,"The authorized documentary of Kellie Maloney, the famous transgender British boxing manager. This unique film will explore Kellie's story of truth and denial, as she confronted uncertainty and ultimately accepted herself for who she was.",https://image.tmdb.org/t/p/w500/oY0PGl2hCEo7bZy4YNmybjKglRi.jpg,
5e58316d73d3b0f6e56955e675d515a3a2845a1da1f12ec818aead48154ffcbf,753272,Rooting For Roona,2020-10-15,2020,40,Lançado,"In rural India, a child with hydrocephalus gets a chance at life-changing surgery after her photos go viral. This documentary charts her journey.",https://image.tmdb.org/t/p/w500/gx6DUx7EugLPM3NuY8PSJMuHR7J.jpg,https://image.tmdb.org/t/p/w1280/4Ifk9L3fPcekJO61iu1YVh0z3Bw.jpg
2899e6138505825e9c3c6c5c520fe8e4a1dc86dd201f3edd1e6d879c0e028b3e,753342,Napoleon,2023-11-22,2023,157,Pós-Produção,"A personal look at the French military leader’s origins and swift, ruthless climb to emperor, viewed through the prism of Napoleon’s addictive, volatile relationship with his wife and one true love, Josephine.",https://image.tmdb.org/t/p/w500/aFdGcGLeGuv3kiKdO6hhs5hQA0E.jpg,https://image.tmdb.org/t/p/w1280/eHMh7kChaNeD4VTdMCXLJbRTzcI.jpg
8167110434a0d706c9001315b2f2c3f70222a64cd16fb7131c083b6d0a033399,753453,V/h/s/94,2021-09-26,2021,103,Lançado,A mysterious VHS tape leads a police S.W.A.T. team to the discovery of a sinister cult whose collection of pre-recorded material reveals a nightmarish conspiracy.,https://image.tmdb.org/t/p/w500/9fSogEkqDfJQTuGHsTFloQz3Tw8.jpg,https://image.tmdb.org/t/p/w1280/esyl5uvebhZPNIRcmGPUCZhRGRc.jpg
12868bb344ebb14fc48a5d7be2c9fcceb99ad19a9253ee801a75b81b170ab238,753775,Forever,2020-10-16,2020,7,Lançado,AI judgement causes a period of introspection.,https://image.tmdb.org/t/p/w500/6rp5ZK3wd7ZSu7aKZaDyTXpBtlN.jpg,https://image.tmdb.org/t/p/w1280/a33T2KmVo1SxdRQytkTb6y9MiVd.jpg
fd1e73ca1a3287e072e83e33a3b3ba9e2d9b09f28c4f41d9ce7857e5cc977a30,753847,At The Frontera,2018-01-25,2018,101,Lançado,"When an ATF agent out of Houston is tasked to team up with the Mexico City District Attorney on a human trafficking case, he uncovers family ties with a serpentine real-estate developer. Now he must work with a criminal defense attorney to stop the reign of tyranny.",https://image.tmdb.org/t/p/w500/gs10fkduEeF7c70TRwneX1gFYhZ.jpg,
d25538eb698115183572abf608f9beba3ae4d5ef71983381c17af19448020d20,754147,The Lost Lincoln,2020-10-16,2020,0,Lançado,"For the first time, one of American history’s greatest undiscovered artifacts is revealed — an 1865 image of Abraham Lincoln on his deathbed. Now, Professor Whietny Braun is on a mission to determine the authenticity of the photo.",https://image.tmdb.org/t/p/w500/6nIXht6eUPHGyr0ExJzYhISdxrG.jpg,
f46a0ce4de5265e36950223af4bef8e3cc2df30142adccb0342e46272cf8290a,755998,The Girl In The Woods,2020-10-21,2020,7,Lançado,A woman meets a terrible fate after she gets into a car accident on an isolated forest road.,https://image.tmdb.org/t/p/w500/nTYGBXWLFHcPY5RxUQWCoB26Vz1.jpg,
1a9dbd8672e36b34f3315ce8e2fe580e2766b85716e86e658a98ce13fd2aa573,756341,Miniature,2020-10-03,2020,10,Lançado,A young woman discovers the strange reality of the town where her best friend disappeared. Now they must get out before it's too late. Evil hides in small places when a hidden miniature model reveals the truth behind its tiny inhabitants.,https://image.tmdb.org/t/p/w500/rRst0b4gespTq6B2uJHryG36YjR.jpg,https://image.tmdb.org/t/p/w1280/er7rl03xzrPmEREbArEiQrPBCUN.jpg
3eb6dd6f1e6d19f1c0ed2eb9dcb91e14a99d465107242fffc2ad0185284da37a,756455,Timberline,2016-03-01,2016,9,Lançado,"In the vast wilderness of Mount Hood, four brothers are hunted by unearthly creatures.",https://image.tmdb.org/t/p/w500/8fA2TmC5oHvsq5I66S0JeNqyMBP.jpg,https://image.tmdb.org/t/p/w1280/zwE8UPEwDsoekMVrNZqRekl0XKm.jpg
4d1a3d2d3785c6370ee706ca269dd18518510bbe4479e5df7caf7fc64a76094a,756747,A Creepshow Animated Special,2020-10-29,2020,46,Lançado,"Two animated tales of terror: “Survivor Type,” a man determined to stay alive alone on a deserted island no matter what the cost. “Twittering from the Circus of the Dead,” a teen's family road trip includes a visit to the gravest show on earth.",https://image.tmdb.org/t/p/w500/5xsjQkDqdNCkpT8HNgf5fiwfiFY.jpg,https://image.tmdb.org/t/p/w1280/mbXp0tSNoygLk9zd11eWS35EFb9.jpg
3b3ad93f48fc0657bea86dfcddb626f36def6ae5ce15dbcb83fb1967d1e7e8d6,757463,2020 Hallmark Movies & Mysteries Preview Special,2020-03-21,2020,21,Lançado,A one-hour preview special offering a sneak peek at Hallmark Channel's upcoming Countdown to Christmas holiday movies. Hosted by Candace Cameron Bure.  A sneak peek at upcoming Hallmark Mystery Movie franchises. Co-hosted by Danica McKellar and Victor Webster.,https://image.tmdb.org/t/p/w500/iuaofYQO2LO9rGliphjAoWQSBo3.jpg,
715e7f58845f76061861d5ff028709ad74416a8cf4cb66f939a2ae1f01846148,757902,Losmen Bu Broto,2021-11-18,2021,109,Lançado,"The Bu Broto Inn in Yogya is managed by Pak Broto and Bu Broto and their children; Pur, Sri, and Tarjo. This successful and warm-looking lodging hides problems and conflicts. Pur, the eldest, could not escape the shadow of the sorrowful death of her future husband. Sri, dreams of becoming a band singer, which is currently hindered by the responsibilities given by Bu Broto at the Inn. Meanwhile, Tarjo is very difficult to find his college motivation. All these pent-up conflicts exploded during the scandal. Broto Family members should be able to solve this problem together according to their Inn motto: Family is Home.",https://image.tmdb.org/t/p/w500/cOVjk6jfSOIsmyc15zRtcTpkxru.jpg,https://image.tmdb.org/t/p/w1280/uZRf47fsgWWM5m7rO6xdlNj5IyK.jpg
e8789739745ebe4254329f3c3eafa36c907c9ff92e927bb21c8820c7f1e11012,758895,Bath Buddy,2020-12-11,2020,103,Lançado,"It's about a second generation rich boy whom loses his memory, and ends up in a bath parlor/spa and eventually learns the skills on how to give the best bath to customers.",https://image.tmdb.org/t/p/w500/cOwtEnxkDL5GrdLjNjD0diR3Fl9.jpg,https://image.tmdb.org/t/p/w1280/ng6m8BtP1pbMFP8PeW3epQj9Yec.jpg
9c8d9c6ffb8ca287c28538f88b8357967fec90dcd0d3e4fa6fc12e97cd966079,759376,Arboretum,2023-02-09,2023,79,Lançado,"Erik and his best friend Sebastian are two teenagers in a small town on the German border that once ran between East and West. Their parents are struggling with their own demons and they are bullied at school. Life doesn't seem to offer the two outsiders any perspective either. And so they start planning their revenge on their tormentors and do shooting exercises with the old NVA rifle of Erik's father. Driven by a voice from the swamp, Erik increasingly drifts into the darkness. Only when he meets a young punk girl his world suddenly turn upside down. And so he has to choose between what makes him happy and his dark thoughts, which seem inseparable from his friendship with Sebastian. But in a world of violence, there is inevitably an escalation that will shake the foundations of the small village on the edge of the former German-German border forever.",https://image.tmdb.org/t/p/w500/mSkoCDqezydp9ekzXKQQvLEBHTK.jpg,https://image.tmdb.org/t/p/w1280/feGqq2MYqFE6SvP4FnxAkF9gcvy.jpg
aba9455151c61220d970e7cb606ea3ab133348690430e434f3a87b086172fe16,759536,Traidores,2021-03-26,2021,0,Lançado,Sem descrição,https://image.tmdb.org/t/p/w500/iaUKbHOOYrfIKGcNojFlFpCLRIJ.jpg,https://image.tmdb.org/t/p/w1280/4tDORFND40UtmKNHGtzv9ghiIWF.jpg
37085f3ee8d14990ec612699d66df8333c7930c73f2a9c424e9f7aa50c34d713,759872,The Farmer And The Belle: Saving Santaland,2020-11-17,2020,90,Lançado,"Sparks fly between a famous model and a farmer with a young daughter when she visits her childhood home. The town is in danger of losing their beloved Santaland festival, but miracles can happen with a little love, family, and faith.",https://image.tmdb.org/t/p/w500/tOtzpBwxMz0pmX0hno123pW7qPf.jpg,https://image.tmdb.org/t/p/w1280/qEBIJ2ZjyoteV2ACAh91IrowJfK.jpg
21df6a3f563668d2ca7b9713d79b6a8aae2498cebc5beaa027ee3a183c147af4,759940,The Last Letter,2018-07-01,2018,15,Lançado,"A 70-year-old gay man living in Mumbai, trapped in a heterosexual marriage all his life starts seeing things differently after revisiting the reality which he escaped decades ago.",https://image.tmdb.org/t/p/w500/37ZXuk7ENRDxDsvhcdGMBQl0TrZ.jpg,
b467d84916e23a3756e21933abe8c2b27b30a063fea8c7e246d9b15242fea838,760035,Kosa,2020-11-02,2020,85,Lançado,"Kosa is a young boy who lives with his family in the forest heartlands of India. One day, he is picked up by the police. The charge? Kosa’s name is similar to that of a Maoist commander. Will the farcical trial that follows prove his innocence or confirm he’s a criminal?",https://image.tmdb.org/t/p/w500/9driIVk8PJNtt3aXLrZgeOFbIai.jpg,
3ed0cc467260d888945f3b7a23ef31407b92e36ce29c20ac895f8bc3a5f002bf,761316,Untitled Pizza Movie,2020-01-27,2020,113,Lançado,"How do you remember somebody in a disposable world? Untitled Pizza Movie sets out to do just that, by weaving an abandoned film about pizza (shot in NYC in the 1990s), and a stunning, filmed archive (thousands of objects), with a remarkable triple portrait, tracing the trajectory of three lives, across thirty years and three continents.",https://image.tmdb.org/t/p/w500/xqbFCiAaMsdWIzF428bu1F359o6.jpg,
0cf38fbb84dbfdc225f90ba8825d00c992d91981c75cf2fabaebd7b20c2cf36e,762324,The Killer In Cursed Water,2020-10-08,2020,15,Lançado,Cindy and Quentin are spending a romantic week-end by a lake. But a killer is prowling and he could hide a greater threat.,https://image.tmdb.org/t/p/w500/1SXbzp0QPoUYQB8ZRmNcniaQ7Q7.jpg,https://image.tmdb.org/t/p/w1280/plXkpbfJ31OuRMwLCpjlcMAxvRM.jpg
5401dc8957248f83e3dacab328b622d3d5ea8c895af113b448990eb2d818bc03,762413,Nature's Cleanup Crew,2020-01-31,2020,0,Lançado,Sem descrição,https://image.tmdb.org/t/p/w500/Ipo5xm33Gg7Zt2WWRlCsWh06f5.jpg,
004fc5f5120e240cb5bb08bb4b2e26335cf21db7fc993067e90e6eb42a1d2375,762582,By The River,2020-09-12,2020,40,Lançado,"This love story, set against the backdrop of extreme right-wing protests, reminds us that queer love and politics are never too far apart. When Kinga falls for another woman, she sets off on a journey not only to soul-searching and self-reflection, but also to social-political awareness.",https://image.tmdb.org/t/p/w500/uevXeLobzIMOwFPxQ8DXFGbFPy8.jpg,
d4a97f0394a26f3879ab52ccbccd68683f8311e5580f714d2700d07ac288080e,762901,A Colourful Dream,2020-10-07,2020,71,Lançado,"With humor our adventure story deals with the timeless theme of the conflict between unlimited power on the one hand, and the desire for freedom, courage and love on the other. A troupe of buskers lands on an island governed by a despotic ruler with strict police control. When, during their performance, a shot fired from a circus cannon goes astray, it triggers a series of unexpected events. A young man and woman, Drin and Tuvi, and Nathan the seagull have to enter into an uneven struggle with totalitarian power. A struggle which eventually changes the fates of all the island inhabitants - both human and feathered.",https://image.tmdb.org/t/p/w500/5IfavoQyki6qVC00xyktVSV8y1M.jpg,
c21f6f57955b7da323cf2953656bce4415ab29a0cf29b8a7d17ab8a2ff1edd62,763073,Trees Of Peace,2021-04-01,2021,97,Lançado,"In April of 1994, four women from different backgrounds and beliefs are trapped and hiding during the Rwandan genocide. Their fight for survival against all odds unites the women in an unbreakable sisterhood.",https://image.tmdb.org/t/p/w500/2McwkzqZ5uOZsBOGEjCDRni8Qf7.jpg,https://image.tmdb.org/t/p/w1280/pk5wCLokPgBtp3TYT7ZaVfKId37.jpg
6fd08a96de8087309dd4a8b0c7c924fa8345bb9136b88ab6c102a69a7275ed80,763845,Creature Discomforts: Life In Lockdown,2020-07-24,2020,2,Lançado,"Many animals in zoos, circuses and dolphinaria suffer in lockdown every day. They're trapped thousands of miles from their natural homes. Stripped of a life in the wild. And locked up for life. Almost all will die in captivity.",https://image.tmdb.org/t/p/w500/x2rvIpOcO7K6r6nxLC3Hti3nXOb.jpg,
e96dd2a6db0a00b1d970375f378ec8b870b9ec55c8625ccb9c7e14299f28e2a7,763885,Your Own Bullshit,2020-11-22,2020,6,Lançado,There is nothing greater than having a dinner with the family. Although it resembles a looped scenario that repeats itself endlessly. Recited with flying colors for many long years.,https://image.tmdb.org/t/p/w500/kWFPC9qqecDGY1TFtd9jNMkUQhB.jpg,https://image.tmdb.org/t/p/w1280/gH1K3DdValeiuTtid5FIoTq7Fne.jpg
805ebe4a85fad700b5732b50c8d6ac4e7a7c16a3da0f52e8bb1cb1fd649a94fa,763912,The Swan Girl,2016-10-08,2016,15,Lançado,"When an artist is mysteriously held captive in an art studio, he sculpts complex figures to atone for his past mistakes.",https://image.tmdb.org/t/p/w500/xhD5xZZk8epofDTnKn6YsGnLbBS.jpg,
77b5da65518ba442c860911190b31e63d3571c987048bfeacaef7509e86f9b8e,763965,Counter Column,2021-05-21,2021,0,Lançado,"Anthony Mendoza, an inner-city drug dealer on the run, joins the Army, only to clash with Chris Wright, a hard-headed Christian determined to share his faith despite persecution.",https://image.tmdb.org/t/p/w500/8Zlahf77fpgpEA7R3TnkETmUp8m.jpg,
bf0b2e4f0c693d98a63598491e33117341853390ac9d95b84a85090055815fcb,764316,Dashing In December,2020-12-13,2020,85,Lançado,"When Wyatt returns home for the holidays to try to convince his mom to sell their family ranch, an unexpected romance with handsome ranch hand Heath may throw off his plans.",https://image.tmdb.org/t/p/w500/dexLJ6rvku5YE9j8Wb5ljRDPNVW.jpg,https://image.tmdb.org/t/p/w1280/gigfdvfjKHn2Hw7DM1sbnvbyn0G.jpg
a07f7761d5cd2c5f55484c5c1dd5bf6930063f8cfd52c8166f43ec7ac826ed10,764676,Mothers And Others,2020-11-14,2020,58,Lançado,"What does it mean for a woman to take up the role of mother? The film follows four  Latvian women during different stages of pregnancy. An ambitious dancer has to put  her career on hold while being pregnant. A housewife expects her second child and  fears postpartum depression recurring. An urban party girl becomes pregnant, decides  to get married and move to the countryside to build a new home from scratch. A  young entrepreneur and ex-punk welcomes her first child yet is haunted by the  traumatic events from her past. All four women offer a unique insider point of view of  pregnancy, as part of the footage is shot by the protagonists themselves. They go  through a mix of emotions, highlighting that pregnancy, contrary to mainstream  representation, is not only about the child - it is about the mother, too.",https://image.tmdb.org/t/p/w500/7Z8iGS8W5LhQYRU6jw1H6USZgB3.jpg,
fe013050c7ea14c4d8674e82e8577468dfe9a8a0a9a31cf7e6ffd3166bed69c1,765174,Window,2019-10-21,2019,9,Lançado,"An elderly man sitting in his front room is disturbed by a commotion outside. Outside his window, an aggressive argument is unfolding between a young couple. Will the man help them?",https://image.tmdb.org/t/p/w500/zNJhtfQKHHdMr6k3EF3Q9PWFGgH.jpg,
8bac785b07cbed9da5ee536389a788f207b28c4dc0531ae448e183ed77d0d04d,765188,The Beginning Of Life 2: Outside,2020-11-12,2020,92,Lançado,"""Genuine connections between children and nature can revolutionize our future. But is this discovery still possible in the world's major urban centers? The new chapter of """"The Beginning of Life"""" reveals the transformative power of this concept.""",https://image.tmdb.org/t/p/w500/jFmESbCMQweG7DWpUV8prajgnpj.jpg,https://image.tmdb.org/t/p/w1280/dThB4EaUDedJYRLUGqf84cwBuTb.jpg
f22ac9b919659e0d6ee3f1910cc4f632589f78b6b1dc7f45b96b2bf2cf71d5e4,765773,Syndrome K,2019-10-14,2019,0,Lançado,"Syndrome K is the true story about a highly contagious, highly fictitious disease created by three Roman Catholic doctors during the holocaust to hide Jews in a Vatican-affiliated hospital.",https://image.tmdb.org/t/p/w500/cBCORNRTZABEjflbzujs21UMV9T.jpg,https://image.tmdb.org/t/p/w1280/3MeK4mjwBO9LDgUQTPg5WPYXLX3.jpg
ea818d1051907a0a5e8bdb414c4765090dbbd81f80b008591716e0271c95354e,766042,Lil Ceasar,2020-09-22,2020,109,Lançado,A wayward young man navigates the tough streets of Chicago and grows up to become one of the most feared and respected gangsters in the city.,https://image.tmdb.org/t/p/w500/c6kYcd8OH2bQnHfZRUU9drA4ZcV.jpg,https://image.tmdb.org/t/p/w1280/9J7LRXldwlqw4bSLMR2VQq6Fzc4.jpg
8fa424d5d8de47102efda360129941009c9cb8a489e0d729f1337aa4ea54fcb9,766062,Indie Guys,2016-12-30,2016,0,Lançado,"When raising money to make another movie falls through, Ian and Gordon continue the movie ventures with zero dollars.",https://image.tmdb.org/t/p/w500/7JnElfNltGDgBE5gTfqB3XAGwwq.jpg,
192f477115c77a54c62eed78ac9f6bfd836f91bbfa4d1b4246f68caa951e917f,766436,Struck By Lightning,2020-02-26,2020,17,Lançado,Raul and Romet are two film school students who one day wish to become world famous film directors. However this is not the reason they made this film. They had a really cool friend Brandon. He was an up-and-coming rapper and also their favourite actor. But during a summer holiday in America the brothers get a call that Brandon has killed himself. It all seemed so sudden and they couldn't even say goodbye. So the brothers attempt to understand the mysterious end of their friend by making a movie about it.,https://image.tmdb.org/t/p/w500/qn5m2GmcqdypbSGyFmtYooR0fNm.jpg,
8942523c741fae1217c95ecc3af0600a3da95ef6b05fa5f4254920c91456381e,766479,Mulut Masin,2020-11-19,2020,79,Lançado,"A ragtag group of five unruly cousins are convinced that they have been cursed by their late grandmother for losing her last will. In order to break the curse, they have to find the will before the curse tears their family apart.",https://image.tmdb.org/t/p/w500/b5bzImABsMJwXIFcft9K72nGW1u.jpg,https://image.tmdb.org/t/p/w1280/neWMzMet8XamoolFsSxuTiAjmef.jpg
90b2630391e03cb7b5aa6f9eecbd06348eceb91031c94af54ecc131f133b742d,766507,Prey,2022-08-02,2022,100,Lançado,"When danger threatens her camp, the fierce and highly skilled Comanche warrior Naru sets out to protect her people. But the prey she stalks turns out to be a highly evolved alien predator with a technically advanced arsenal.",https://image.tmdb.org/t/p/w500/ujr5pztc1oitbe7ViMUOilFaJ7s.jpg,https://image.tmdb.org/t/p/w1280/7ZO9yoEU2fAHKhmJWfAc2QIPWJg.jpg
c45dada9c5a8d30802836d87802ead5df17f2ca5af7f72eeb8a0662e59921185,766521,The Stars & Thunder,2019-05-11,2019,10,Lançado,"After a shocking diagnosis, Sam searches for fulfillment by reliving a high school dream-- singing.",https://image.tmdb.org/t/p/w500/m4pcEH9aI6vDq3wcPdbVF8uBdPr.jpg,https://image.tmdb.org/t/p/w1280/pT22FhVo7fq6SnzxQGmT4bEbFhU.jpg
74973f695e0538baa6c31d0ff353770ea361bb6cbc96ed0dcf1216c260f09788,767082,Niall Horan: Live At The Royal Albert Hall,2020-11-07,2020,60,Lançado,"Featuring songs from Niall’s two smash hit albums Flicker and Heartbreak Weather, this multi-camera event will see the former member of One Direction and his full band perform for fans around the world thanks to time-zoned live streams.  In response to the ongoing COVID-19 pandemic that has put full-capacity live events on hold, all profits from the show will be shared between Niall’s touring crew who are currently unable to work and #WeNeedCrew relief fund.",https://image.tmdb.org/t/p/w500/rUGlNEKsT5is8UqQdoAzBQHxYNg.jpg,https://image.tmdb.org/t/p/w1280/1VjabR7jy7ynOJGASyAkeXJthNv.jpg
13ac0928a1e4a96638df5c2126da7beeb589d86cfd4e04bbe27a63b18427fc8f,767214,Paranoia Tapes 9: Dvd-,2020-05-13,2020,0,Lançado,"Henry is back! Now manipulating YouTuber Kegan! Henry has sent him a dvd-r with several clips that are truly terrifying. Jack Hunter reprises his role as Henry for one last time in this sequel to the world phenomenon found footage franchise, Paranoia Tapes. With this installment we dive deeper into the mythology of Paranoia Tapes. This is a sequel for the books! You don't want to miss this one!",https://image.tmdb.org/t/p/w500/1A0f6vO5D8UbiBJzMGKHsp5u03S.jpg,https://image.tmdb.org/t/p/w1280/v5QR90qFpZXTBb5kLISxnOaRCUj.jpg
089a872e68a3c9e134495071cd57c2fe132add8af6a3b9032b821ff5fc435382,768076,Dragons: Rescue Riders: Huttsgalor Holiday,2020-11-24,2020,46,Lançado,Snowfall marks the start of Odinyule — the Viking holiday of giving! But crazy weather might cancel the tradition unless the Rescue Riders can swoop in.,https://image.tmdb.org/t/p/w500/3JZ3I9BDzVkDWRIGBl75MIig8Xg.jpg,https://image.tmdb.org/t/p/w1280/iXqWc2SoIg3mRLIPCdKdhtFSLiU.jpg
c3af7ee51930b1f50c2fef25d79bdade7328cc4c71d75909dc7b1e53c1572760,768482,Ezio Gribaudo - La Bellezza Ci Salverà,2020-11-24,2020,0,Lançado,Sem descrição,https://image.tmdb.org/t/p/w500/zfDLhyUx3FbyAbu6ofntsjpWrLj.jpg,
cd1326327d9f28c41c350d9045745bb2bdaa7302910a5429098f99f3b4dfc99b,769929,How To Stop A Recurring Dream,2021-03-09,2021,83,Lançado,"After Mum and Dad announce an imminent, split custody separation, Yakira--the oldest daughter in a broken family - kidnaps her estranged younger sister and takes to the road, in an attempt to reconnect before they part.",https://image.tmdb.org/t/p/w500/3yEYCfrkxOEBdbVr0Rcg9Aa7Ie3.jpg,
21f4f87a828f837848e9caaa75ef0609869498e2328cdca67dc7f2188a0ee165,770053,Víctor Manuel: El Abuelo Víctor,2020-07-09,2020,88,Lançado,Sem descrição,https://image.tmdb.org/t/p/w500/xptIKGYS0TCubRQ8tqhGs6VvUYR.jpg,
8364b7929aec6ddec5cb3ee6e18254f31166e0f21c235949af5905ef03847e64,770489,Trail Of Ashes,2020-12-01,2020,98,Lançado,The search for the empress's daughter reunites two long lost brothers who grew up on opposite sides of a war and now must choose between family bonds and political alliances.,https://image.tmdb.org/t/p/w500/szTRCaDGnGNfVXk7mNh03VEfVMI.jpg,https://image.tmdb.org/t/p/w1280/f8Znvsp3CkAHPkxHKY7fI2IgvNb.jpg
bad207aee6e760719bad0965b9a9257d33a3629296df139f5d9b23f03090ac31,770508,Beneath A Sea Of Lights,2020-12-01,2020,97,Lançado,"A Somali billboard repairman working in Dubai decides he wants to experience some of the products advertised on his billboards. It’s an experience that begins innocently enough, but quickly spins out of control, especially when a con man enters the picture.",https://image.tmdb.org/t/p/w500/mOapgbEHMtjPFv3D9EfwQmO394G.jpg,https://image.tmdb.org/t/p/w1280/vVPKtxuUpFN6tUemkHf8R3NjYWe.jpg
b9c4e6f788bc9fbea063f40ba5f975f165cecc4843c3208273c355127df5f8d6,770832,Float: The Rose Parade,2019-05-15,2019,100,Lançado,"For millions worldwide, the Rose Parade is an iconic New Year’s Day tradition. Members of the Burbank Tournament of Roses Association, a self-funded, all-volunteer organization, compete in the world-famous Pasadena Tournament of Roses.",https://image.tmdb.org/t/p/w500/qekTJwAq07LAJ0f5WrFUQRFhHIA.jpg,
50af7b882accdef758dbc479e3be11df39451d38c698219f385e80e833c0d12e,771136,Sea Shadow,2020-12-09,2020,10,Lançado,"Max wants to go to the sea but has to stay home and work for school. But it's hard to concentrate when a shadow man he draws, suddenly comes alive. The shadow man wants to go to the sea too. A shadow sea, formed by the shadow of a vase on... See more »",https://image.tmdb.org/t/p/w500/gOPZfmK9b8XKRA5BbywxWBEoWt2.jpg,https://image.tmdb.org/t/p/w1280/a6njV2vt8D4uwo4JBsXSQUVJyrX.jpg
6a0d90449580f1d8a6846b150f3055d51b03d6f85e5b48e57f7d0491160d08ef,772605,The Elephant In The Room,2016-12-16,2016,11,Lançado,"Frank Marshal is a conservative candidate running for Governor of Pennsylvania. When his son is outed as gay on live television, he must choose to either continue his radical campaign or risk it all and support his son.",https://image.tmdb.org/t/p/w500/oKHbSB6bsR9PWFDjcuhuisUBSYa.jpg,
19cf4d11fc5552f30552ef0f9cf5a1e1629259cf472fa12658cabd981df1ac7c,773789,"I, Adonis",2022-08-17,2022,14,Lançado,Sem descrição,https://image.tmdb.org/t/p/w500/tlxcv6wTzZggdkBQySwgQLD2IjB.jpg,https://image.tmdb.org/t/p/w1280/1YwZBM7dQxcqPHOIcmwbx7ZQ0Nl.jpg
b4768eecee6faf6e40ef4ed78d9e7440989156af8de9b55118a6237688115d31,773897,Red Water,2017-09-21,2017,21,Lançado,Jane is home alone struggling through a breakup trying to distinguish between reality and her delusions.,https://image.tmdb.org/t/p/w500/dy9fUO25FxkCtRl5euuhMsaF7iC.jpg,
d99ddb850f90a27eaa983f2f767bde72ca04726fbae5f0cb6d519107d56ce2a4,774058,The Last Earth Girl,2020-12-26,2020,97,Lançado,"Who Will You Be When the World Ends? - When it is announced that the world will end in 7 years, a young woman must decide what is truly important to her in life and what she is willing to sacrifice to reach her goals.",https://image.tmdb.org/t/p/w500/1YQWryG9BP5Kg2Ryj0nGyPxvwW0.jpg,https://image.tmdb.org/t/p/w1280/NoMXQUAiuUdKesgj80RFiGbM69.jpg
cf86825c636df84c6b2c1f46b2d18377434147cec6205f59497498cfd00f96e4,775140,The Criminals,2022-04-08,2022,24,Lançado,"Late at night in a small Turkish town, a young couple tries to find a hotel room to spend the night together. They are rejected from all hotels for not having a marriage certificate. Once they believe they’ve found a trick to use, the situation gets out of hand.",https://image.tmdb.org/t/p/w500/91u3JNPuNpZp0VRCmsSwReBRop3.jpg,https://image.tmdb.org/t/p/w1280/jOA1M7AeMCWKgUhKeMsO4p2g9Gy.jpg
ec8241c067c0867e0db6b348351039183cade3a13818c9558a198394a64e96e9,775619,A Winter Getaway,2021-01-23,2021,84,Lançado,"When an average guy is gifted a luxury trip, he is mistaken as a millionaire. But then, sparks fly with the lovely concierge. Will she feel the same way about him when she learns the truth?",https://image.tmdb.org/t/p/w500/1xmVjQkfaRn4D8M9g0PNyApuZy3.jpg,https://image.tmdb.org/t/p/w1280/aIoGa5c58ie8ATZd7aQEiEsuSgJ.jpg
330a241fa08dcb8ae0af8eaf03c690513ed66fda56e42e7711459bdbe12d6528,776511,Jockey,2021-12-29,2021,94,Lançado,"An aging jockey is determined to win one last championship, but his dream is complicated when a young rookie shows up claiming to be his son.",https://image.tmdb.org/t/p/w500/eMgskfX9BfG6i872hawQC17dPzr.jpg,https://image.tmdb.org/t/p/w1280/c5FumXxPjfohJyZdP4kfIghbm4r.jpg
b5d46c15b32523aa7643559358d894f172d71b84bfbe63178ef350b8938decf5,777836,Overcast,2020-08-15,2020,25,Lançado,"This short psychological-drama follows a 13-year-old boy whose mother mysteriously disappears, forcing him to question his father and his own memory to uncover the truth.",https://image.tmdb.org/t/p/w500/wCbCHZpHEtUITf7UytA2PwJ1iVJ.jpg,https://image.tmdb.org/t/p/w1280/bgKxSe0fRRdTIZYddedXhPAbNtT.jpg
e9f97e14d66fcfd4f9dd32015f11662678801c1e938d71cb649a418a0fb0a6f0,777944,Fox In A Hole,2020-10-09,2020,103,Lançado,"When Fuchs starts his new job as a teacher in a prison school, replacing the old and unconventional teacher Berger against her will, he is forced to confront his biggest fear, triggered by the mysterious, withdrawn inmate Samira.",https://image.tmdb.org/t/p/w500/rUcCpOXPk4YuXC92KUhbcosFRE3.jpg,https://image.tmdb.org/t/p/w1280/h25y8CBdonFrdsNtTxvKFtRYXBP.jpg
94fadc5bfe2a89d1339694d010769601f23f686d8d0976b73f593f6376a61778,778049,Buzzer,2018-05-07,2018,9,Lançado,A fly can't seem to catch a break from the buzz of apartment life in his bug filled city.,https://image.tmdb.org/t/p/w500/6wCqI1ZI9Lun04gKIhVCmho2skV.jpg,https://image.tmdb.org/t/p/w1280/5uEvL4Lub76fukEAJTQbfMP7yvq.jpg
6d2e94d085ff49bb0dddafd2e44cf6e0d3a488a0763310d28e470e93c3880d5e,778251,Super Typhoon,2020-09-25,2020,75,Lançado,Sem descrição,https://image.tmdb.org/t/p/w500/ukWa0jMhdnogXXccsU28a6axLOu.jpg,
6be6b818f5013bd1b60cdb16398c38479ad932d4ec98613e56c82d61afdb5acf,778363,Truyền Thuyết Về Quán Tiên,2019-11-12,2019,0,Lançado,Sem descrição,https://image.tmdb.org/t/p/w500/xBfSyVNA1HRDdVneogIAA5GyEXm.jpg,https://image.tmdb.org/t/p/w1280/nJddNBvHgF5oJOg4IbIebpa5M7j.jpg
85d1020c64dd7ae2e11207eee6d982851c80340f94e6bdc72ad645ce2506512e,778640,Feast,2021-02-03,2021,75,Lançado,"In FEAST, perpetrators, victims and their spectators become involved in a dramatic reconstruction of the Groningen HIV case. The film tells a story about power and surrender, the reversibility of truth and the desire to come home somewhere.",https://image.tmdb.org/t/p/w500/9xO97UMeF1RSR2kdylHGWHKjbVV.jpg,https://image.tmdb.org/t/p/w1280/4Kyd8sLnmSqSdH0NvIDDuyERKsk.jpg
c0bed3d0f1d23395ea3ad287246eca491fd7c61f33f5a12cf4db04c6052f3296,778819,Checkered Ninja 2,2021-08-19,2021,86,Lançado,"After Phillip Eppermint manages to evade a prison sentence in Thailand, Checkered Ninja comes alive and seeks out Alex. Together, with Alex and his entire family, they now have to go to Thailand to bust Eppermint.",https://image.tmdb.org/t/p/w500/fjWiVF2vFwd3mhs1dNoS0SOHxqt.jpg,https://image.tmdb.org/t/p/w1280/7i6F8CiBDHrZ1THxlsjF9EiSkXd.jpg
a96f0a726e6ce0499cc4e5883dc672193d8fe063d882349aefa290ea5607b203,779179,Apollo 11: Quarantine,2021-01-29,2021,24,Lançado,Summer 1969. The astronauts of Apollo 11 successfully land and walk on the moon. The crew will now quarantine for 21 days following contact with lunar material.,https://image.tmdb.org/t/p/w500/qdT1utLfeYcVegN3p2PMqriGkTw.jpg,
c87f3322dc638ae3193ec5548af1823d07864aac09c342622cac98b8fcbb9575,781884,Paraíso,2020-08-21,2020,20,Lançado,Sem descrição,https://image.tmdb.org/t/p/w500/hqYpoZlpuu3ZkER1lA1wVbqaal1.jpg,
c1c687125c8df183ef51219995ba4054ab1a8d952101354c38e93d916ac4a498,783268,Roué Verveer: Heppie De Peppie,2020-12-25,2020,0,Lançado,Sem descrição,https://image.tmdb.org/t/p/w500/bwRii0M7DOxkm8ANIKNpMLZVoP5.jpg,https://image.tmdb.org/t/p/w1280/j63bW2LHa4LKb6klBgRolKc5fjL.jpg
5d8aa269ce30a2ca5c466ef198a393c23fe8be798db7bd4f3ce66368afe00364,783603,Ratones Paranoicos: The Band That Rocked Argentina,2019-11-14,2019,76,Lançado,"The irrepressible Ratones Paranoicos, Argentina's most enduring rock band, are featured in vintage concert and backstage footage as their story's told.",https://image.tmdb.org/t/p/w500/6FVw0cevupijiIdtxIHSZT1wn0t.jpg,https://image.tmdb.org/t/p/w1280/wjcssjikT5lAwSKvDsITUzPIHa0.jpg
e9c28f5ff6f59f80967bf568b451df2e4514a8d0dec83d8955ce27c5b341d75d,784159,The Visit,2020-07-22,2020,20,Lançado,"The film follows Stefan, a student in Berlin. One weekend visit from his parents will change his life and disrupt his entire world.",https://image.tmdb.org/t/p/w500/tVmYOZvBEw9BFS9unguhAYLHrbh.jpg,
42b652ef65f892332a6ff54626f8ce3ed7a71cc4ea80a373ce7a4f47879e6f2f,784364,Goodwill,2017-12-24,2017,3,Lançado,A young gay man struggles with what family means at Christmas time.,https://image.tmdb.org/t/p/w500/eDECatmMQf7HzF2N61Iu8ERGWqQ.jpg,https://image.tmdb.org/t/p/w1280/elQIsSNEafmk6rzqS805j3CEBIh.jpg
ea669e0e980812146bf5c34059743244275ac3763046b86f11953c759cc1d81f,784548,High Score,2018-07-04,2018,4,Lançado,"In a post-apocalyptic world, a man takes refuge in an arcade. (DUST)",https://image.tmdb.org/t/p/w500/8M2IxkAETlYWhJTN8gBA5Z1I9zy.jpg,
d56b85fb169f73239aabaa79112f0a97326d72fbdd0c09929fab928dafb5bfd5,785698,Ben And Big,2017-09-22,2017,19,Lançado,"Madame Fetid is a supremely vain, horribly wicked witch. To retain her youth, magic requires that she eat living things - plants, insects - people. Ah, people, very good - powerful youth potion. And children, oh the very best of all, those wonderful, succulent life-giving little creatures.",https://image.tmdb.org/t/p/w500/nNI1uYN4DApdaOUTuSmoqFhkiX7.jpg,https://image.tmdb.org/t/p/w1280/xRsS3An3OIMl3QEdASBu2Viq1rr.jpg
e100f075daccc290f4f0eef524c455dec61e59447dfd807810caca026cf10502,785777,Das Boot Revisited: An Underwater Success Story,2021-01-10,2021,54,Lançado,"In 1981, a film about the misadventures of a German U-boat crew in 1941 becomes a worldwide hit almost four decades after the end of the World War II. Millions of viewers worldwide make Das Boot the most internationally successful German film of all time. But due to disputes over the script, accidents on the set, and voices accusing the makers of glorifying the war, the project was many times on the verge of being cancelled.",https://image.tmdb.org/t/p/w500/us3p0qDIfd6Vb4XHILzFVFhKvtR.jpg,https://image.tmdb.org/t/p/w1280/i9iyREMakwfwau4sdLldGIOUgqv.jpg
e2509910cfc01ebe8243251c649b042363174619d6ced83ff9dfd9794efae981,786050,Depraved,2019-11-09,2019,87,Lançado,"Thriller about a villain who specializes in home invasions. He breaks in, drugs the liquids in the fridge, and waits for his victims to lose consciousness. Then his fun begins.",https://image.tmdb.org/t/p/w500/gY606GEACZncuH5xGF4o8sWma1I.jpg,https://image.tmdb.org/t/p/w1280/j1fzebqTyQPSD059Ab4SgS7jBPg.jpg
eaf7d178ce4a8bade402a349c92de2d2d92aa59e6cbd8793a35a81124d3ca958,786300,Tentacles,2021-02-12,2021,84,Lançado,"A young Los Angeles couple Tara and Sam fall head over heels into a new romance, entwining their lives—until their intimacy transforms into something terrifying.",https://image.tmdb.org/t/p/w500/rRfcH0jg9X8czKJhXCnny45NSWt.jpg,https://image.tmdb.org/t/p/w1280/iID0at69rWzZOIarUIFrfDOFJA.jpg
c67331bb07ab428cab12793b760a1794032f3b592ff15ba44c0e16973be44748,786408,Eyes Wide Open,2021-01-25,2021,6,Lançado,"During a very hot summer, Emma (15) is doomed to boredom at her grandparents's house. She's dying for something to happen. At the edge of a pond, she hides to observe The Young Man. She develops a brief but intense obsession for this fantasized stranger.",https://image.tmdb.org/t/p/w500/f18WBdJcZJMQUSz8WEZS5J3UBQx.jpg,https://image.tmdb.org/t/p/w1280/q4stZycPomHO70TROEMO1BVdVru.jpg
cb781186492d634cf461efd2853bf9850d26541650f312b06548f79bfb87f1a7,786798,Alpha Rift,2021-11-19,2021,94,Lançado,"When a magic helmet thrusts Nolan Parthmore into a world of modern-day knights fighting supernatural evil, he's forced to become the hero he was destined to be.",https://image.tmdb.org/t/p/w500/cz3TmNx3S8zLVqWaMtdlckys8yF.jpg,https://image.tmdb.org/t/p/w1280/aPtmEOZt3NGsuOuG3NrEWpVL0d1.jpg
ef1ba5173231e9755d7dd0d646baeefdd712bba218773e440d76d5292d9c0384,787644,Average Joe,2021-01-08,2021,87,Lançado,"When Lord Menace returns from the dead to terrorize San Antonio, the old gang must reassemble to fight evil once more. Unfortunately since their last adventure the gang has become complacent, they have families, lives, weight gain, so how can they fight an otherworldly evil when they must first get into shape?",https://image.tmdb.org/t/p/w500/3F5qxOsRB5sb358Xhf3aXeXFrf4.jpg,https://image.tmdb.org/t/p/w1280/jDEgSTVeqqrgiyx1QoHrl95ibS9.jpg
197caf0e6611c8e9ae1cc46a5968aeb40609619160101aeef575e3b79f9eb695,788348,India Lockdown,2022-12-02,2022,113,Lançado,The Indian government announces a country-wide lockdown for 21 days due to the pandemic. India Lockdown encapsulates the story of four out of lakhs of individuals whose lives came to a standstill.,https://image.tmdb.org/t/p/w500/rR8lTcL81n5oHtxmGHMWxag0XOc.jpg,https://image.tmdb.org/t/p/w1280/5UK0y96yY3UERw2OHy14qnB2HuA.jpg
80d514ac67e22fab68cd2b3c0b2af0ac8eb76da5a4e4edb61c4202677143ad71,789658,Sector Vip,2021-02-04,2021,109,Lançado,"A girl comes to town to work as a dancer, an entrepreneur of the night becomes his manager. A journalist in decline, looking for the news that catapults him. All three converge in the VIP Sector, where human trafficking, fake news and transgressions of power coexist.",https://image.tmdb.org/t/p/w500/rueNvAXcAwg0QykOBJcwPHny1RW.jpg,https://image.tmdb.org/t/p/w1280/bOI9F6kPubyGkSIsy3rW5GcYLvi.jpg
1135eecaed8dfa6f6b1a91c0895a8a6fc68e2e8b857a4820417855970ac70ea8,789826,The Short Life Of Brian Jones,2020-05-27,2020,52,Lançado,"He was the first (blond) fallen angel of rock. By disappearing at the age of 27, drowned in his swimming pool on July 3, 1969, Brian Jones inaugurated the macabre list of rock’s shooting stars: Jimi Hendrix, Janis Joplin, Jim Morrison, Kurt Cobain, Amy Winehouse, all decimated at the same age by a too toxic lifestyle.",https://image.tmdb.org/t/p/w500/inoJWHHNvhMjIIJLVjX2uvh8Kiu.jpg,https://image.tmdb.org/t/p/w1280/icPPpoNr4MrfPrSpzCaR5ivm8T5.jpg
9058c9ac5ba0677ed74f1891a8feb72c8c03f1c461537eef925091162a356ea0,789910,Pina,2019-09-03,2019,15,Lançado,"How would Nature feel if she was a woman, living in Rome? An asocial, weird woman Pina hates rubbish and loves nature. One day she bumps into a blind man and feels some connection with him. Pina invites him for a walk to The Magic Forest, which really exist only in her imagination. They become closer as they they walk and she describes fantastic creatures that live in the Forest around them. Can they get over the distance and fear that separates each of them from each other and the rest of the world? And in the end, did she really exist? Or was it all in his imagination?",https://image.tmdb.org/t/p/w500/lAnjPCNAKJkk76JbKl2FuXGC7nz.jpg,
7267c76d0a733a17c69860a5748999c681c761e191b502ae500c4f6418a1e739,789946,On The Front Line,2020-07-20,2020,85,Lançado,"""The front line told through the lens of fourteen photojournalists, who with their shots showed the hell, the horrors, the suffering and the indelible scars of war. The voices, photographs and memories of men and women become the stages of a physical and emotional journey between past and present. Because the front line is not only where bombs are shot and dropped, but everywhere you """"fight"""" daily for survival.""",https://image.tmdb.org/t/p/w500/hvIo7tnomlsxuiRjphoaQk0mtjV.jpg,https://image.tmdb.org/t/p/w1280/nQrmZgJJTwixtolQROoo2yY6Ie8.jpg
c117e610f0a606988e429bcd9fd9d0e9960cb76c58345d484277e63a96446651,790119,Revolution Rent,2019-11-08,2019,100,Lançado,"A Cuban-American director travels to his exiled parents' homeland to mount a stage production of the musical, RENT, where he discovers an inspiring artistic family and embarks on a personal journey to reclaim his complicated heritage.",https://image.tmdb.org/t/p/w500/fuuxg6rfd2KOISI7sKQpsBCOHHb.jpg,https://image.tmdb.org/t/p/w1280/ldE5t270Zmik9zKWKT0NGo7xbhj.jpg
e7342526113a5bbd5cf1a189964ab224d111ce7c796f05fb8d936a6ec1374b07,790811,Barbie: Happy Birthday To You!,2017-09-14,2017,1,Lançado,"Get ready to make a wish—and have the most amazing birthday ever, with a little help from Barbie and a very special guest!",https://image.tmdb.org/t/p/w500/2UMVQRAglSOsFaBo4HE9Sivaj3w.jpg,https://image.tmdb.org/t/p/w1280/tkEP7Eux8EKWgCjz9AgPWkqRqh7.jpg
395886ede25b9cdb4a8c0a2c16008fd2cc945ac183484c40d3ea6ec128c45080,790963,Love On Trend,2021-07-01,2021,85,Lançado,"When Allie Ederling left her small town to move to New York to pursue her dream of becoming a fashion designer, little did she imagine that the city had big plans for her… and for her heart!",https://image.tmdb.org/t/p/w500/6fkBIvOh2StAQi22NNSK5mYGrVC.jpg,https://image.tmdb.org/t/p/w1280/8pLl6fTgLrd2BtWuVL2jfDljtvd.jpg
b38e467bc87d99d883253d9edc13c1e069af002f502fad92a7d0bd04c8e92929,791582,Acceptance,2020-10-06,2020,7,Lançado,"When a young boy comes out as gay to his parents, he soon learns the true meaning of family.",https://image.tmdb.org/t/p/w500/fReY2p26gfkzFsp5LHyuCuT08OI.jpg,
c83c9243368568535cfe73fddd433e72f65dff1028ad6fb892093b0d80a88084,791910,Rise Of The Mummy,2021-04-03,2021,90,Lançado,"A group of archaeology students awaken an ancient mummy. After being trapped in a time loop, the only way they can escape, is to defeat the mummy. As the body count rises, it seems the Mummy has to collect the souls of those who woke him to be able to walk the earth - for good.",https://image.tmdb.org/t/p/w500/tmghT8HaddVIS9hEXIOI9GuDchi.jpg,https://image.tmdb.org/t/p/w1280/vi3Du0bcj8qzWrEKcwP93GEVDVR.jpg
283ffcd1e0b4cfbfd6aee4d0ec651972ceb16898eb574c94b73315b2ceb37462,792080,Don't Give Up,2021-01-02,2021,56,Lançado,"Amy was suffering from debilitating depression, until God healed her and helped her reshape her life into something amazing. In DON'T GIVE UP she tells the story of her meeting with Jesus and how it opened her eyes to the gifts around her.",https://image.tmdb.org/t/p/w500/gGKVeTYV1xuiR0x4CKdwm4NxEmk.jpg,
cd805ca289addfb1df9e2f16a0fc0be184023f7e7e55bc5fcc2850d1330b90d0,792415,Crazy Wedding 3,2021-02-25,2021,96,Lançado,"Four years have passed since the latest Crazy wedding, and the youngest from Seredyuk family, Zakhar, is now planning to tie the knot. Traditionally for Vasyl’s children, to start a family he chose an exotic match – gypsy baron’s daughter, beautiful Rada. Though his father has sworn not to spoil the wedding this time and does like his future daughter-in-law, a regular celebration would go against Seredyuk tradition. We’re in for a Crazy wedding yet again!",https://image.tmdb.org/t/p/w500/n6ToCRz67ajE8zL6Lj9tA8DqsiU.jpg,https://image.tmdb.org/t/p/w1280/9cYhoNelbJEB2VUQXfDMgT3KYAm.jpg
ea58307974ec2ff9d7c152b51c521abbc350c788c43c80bbc890aa9e16e36837,792845,Maskeler De Düşer,2020-08-28,2020,0,Lançado,Sem descrição,https://image.tmdb.org/t/p/w500/v9PwHoA495rsExRjz6Yt1loGq4O.jpg,
951eaff42967a63a979bd781d3574c1d5ff0a219ae490e58a8243cd2403898d4,793153,Girlfriends,2021-09-03,2021,90,Lançado,"After losing her job at a cutting-edge fashion magazine, Marta finds herself forced to abandon the cool, modern world she had always dreamed of being a part of and return to the old-fashioned neighborhood where she grew up.",https://image.tmdb.org/t/p/w500/hWPAqhKezuQH7YeU4WJsrLcUdEs.jpg,https://image.tmdb.org/t/p/w1280/bXeZOpDx1Htje4N00t3t4kgniM.jpg
4196ca4a6cd502114826a02d1523da1637443179ae3e905bef0b419ddb5b9102,793436,Don't Go Breaking My Heart,2021-03-27,2021,84,Lançado,"Miranda runs a boot camp for the recently broken hearted. She begins to form a connection with new client Ben who is also a reporter, investigating whether her boot camp is a fad or a phenomenon.",https://image.tmdb.org/t/p/w500/gUf9RT7QPSbOFEupPzBxpv5knz6.jpg,https://image.tmdb.org/t/p/w1280/kVRL80QbvvTUVfU6IN0oymgkWwm.jpg
089f052e973c2aa7a3ca89e14c38b04b0726ae0e299ccdd1b93466236f56d83d,793799,Vaanku,2021-01-21,2021,108,Lançado,"An interesting thought instilled in the minds of Raziya and her classmates by a teacher urges Raziya to reveal her biggest wish – to recite the azaan. And all hell breaks loose, predictably.",https://image.tmdb.org/t/p/w500/4WVg07u0AhnfNQnwJJw3rB9YI4m.jpg,
3a21ee6e5aa932c406cce849d2817a7b6d39acb772d92d2eda9ce9c9941eab4c,793835,The Leprechaun's Game,2020-11-02,2020,80,Lançado,Sem descrição,https://image.tmdb.org/t/p/w500/iOFl3YCSsrh9VIqEgsqyYsk4zYF.jpg,
a3233928fea9663986f824ea52a12a23663517d30a261d6cbc120b24d00ff96e,794776,Leseurdmin,2017-04-08,2017,80,Lançado,"A man becomes an unwitting superhero after a drunken night leads him on a quest to save his love, his life, and his species from a murderous barbecue enthusiast.",https://image.tmdb.org/t/p/w500/9maePWPG06K10AmifMeY7OHpRMy.jpg,https://image.tmdb.org/t/p/w1280/i1JfRIxp7fC1AWdocQPREAbX55L.jpg
123f0f6cf243c440bff7133dd504e1c541bb6e52e1e66b771377b65998e3cf3f,794783,The Heiress,2021-03-15,2021,83,Lançado,"Claire and Anna are cousins who share a mysterious connection to a dark family secret. Following the death of Clare’s grandmother, ancient spirits are unleashed and the women must do battle with ‘Lilith’, a malevolent female spirit who has returned to claim possession of Anna’s unborn child.",https://image.tmdb.org/t/p/w500/ssAFPlqms8ofF2ExnWH1qF4pVXb.jpg,https://image.tmdb.org/t/p/w1280/60lM0vQZdalDSvDdZnaplJGZy6v.jpg
5d4f37b7a6413401aa13f3d279f20f461f705bd4d6df131d5d306349f304e9ce,794923,Hal King,2021-02-08,2021,0,Lançado,"Hal King is part of the 1950s beatnik jazz scene; running with drug addicts and fast women. But after being drafted for the Korean War, he may be forced to chose between carrying his father's political legacy, and the woman he loves.",https://image.tmdb.org/t/p/w500/A88WyVtKCIy35P7Jzu5vc5s2ju1.jpg,
dc355cab28b4634879be8f45bd91c5dbecf3a2804d955b37e90dbc617ffdc16e,795564,Crayon Shin-chan: Shrouded In Mystery! The Flowers Of Tenkazu Academy,2021-04-23,2021,104,Lançado,When the five visit a private academy Kazama is attacked. He is left with reduced intelligence and strange bite marks.,https://image.tmdb.org/t/p/w500/qZRIPTTjZWftO3jc0nfElLMnG56.jpg,https://image.tmdb.org/t/p/w1280/jQdD4cCoOFimwgeCYWh8jY7xBVb.jpg
752024a475b12e7980ecaf49c087c9bc3dc00c9700621abb4adeacf98be3fbd3,795591,Bachiranu,2021-09-21,2021,61,Lançado,"On Yonaguni Island, the westernmost island of Japan, there is a language in danger of disappearing. How far can we take the language, culture and history that are being quietly forgotten at the edge of Japan? A semi-documentary fantasy full of life force.",https://image.tmdb.org/t/p/w500/b6KPDU0bIsl9VJVMHSNqwTJg8Ee.jpg,
01f6a2ff698f1849ec7e63ff0cd911798fa6978a4433f7a513a36e1abc35bf21,795780,The Last Forest,2021-04-18,2021,74,Lançado,"In powerful images, alternating between documentary observation and staged sequences, and dense soundscapes, Luiz Bolognesi documents the Indigenous community of the Yanomami and depicts their threatened natural environment in the Amazon rainforest.",https://image.tmdb.org/t/p/w500/wi2TElUd5OI5uhcHlurPFWpoY26.jpg,https://image.tmdb.org/t/p/w1280/xEHyvcblM7vY6A1I8Ky2IXOIYNi.jpg
f24bc51ec4211d408127a487109b85fadaa77d86432b834e23a9ac8a48d384f2,795880,Jesus Egon Christ,2021-02-01,2021,51,Lançado,"Somewhere on the outskirts of Berlin, a self-proclaimed priest is preaching to a group of people with addiction and mental-health problems in a run-down building that houses a psychosocial support group. A recent arrival at the facility, which aims to be both a home and a religious community for its residents, is Egon, who is struggling with a psychotic disorder. He cannot sleep, refuses to help on the farm, won’t wash, and has trouble following the priest’s instructions. More than once, the pastor crosses a line and humiliates his charges. For most people here, turning to religion is something of a last chance, affording them some kind of support. Egon, however, claims to have conversations with Jesus in which the latter condones his defiant behaviour. His attempt to take the Messiah at his word and understand his miracles eventually propels Egon deeper and deeper into his psychosis.",https://image.tmdb.org/t/p/w500/fShZMUSgGHlaA1J5G4QDYj1c7JF.jpg,
4a0701bc3c618027b6100b465caddd6060b87ab932a44267cbd64ae56cb77b71,795891,When A Farm Goes Aflame,2021-03-05,2021,111,Lançado,A tale about my mother and brothers from other mothers.,https://image.tmdb.org/t/p/w500/rsoSwlwmVfpxPCAwzPk6BN4rWws.jpg,https://image.tmdb.org/t/p/w1280/yhzaaPT1cuO8th2DEEMuMMFmb07.jpg
731ab082894d4e457ff7cad41e4f1d591dfc1fe0a03cd6b99fca945a73e041a7,796529,Yoxdu Belə Söhbət,2018-01-10,2018,68,Lançado,"The film tells the story of two amateur musicians, Kamran and Majnun, whose roads cross with Tamilla and Sara, a grandmother and her granddaughter and the events following this acquaintance. As a result of an unexpected event, a well-known sports commentator is forced to spend New Year's Eve with a rock musician who has not found himself, and a grandmother suffering from Alzheimer's disease with a graffiti lover.",https://image.tmdb.org/t/p/w500/34D5EWM3n3Utzm95rPDJbWCiydD.jpg,
564e1a09c46b25d2459b2bb26b63283ecf6bd6aa322c1ffca0390142a20da728,797186,Thankam,2023-01-26,2023,145,Lançado,"Muthu and Kannan are Gold Agents from Thrissur, the Gold Capital of India. The movie portrays their travel to Mumbai to distribute gold and the following mishaps they face on their journey.",https://image.tmdb.org/t/p/w500/lB4VhlVcJGxBTHtSgFaCJdFrmxL.jpg,https://image.tmdb.org/t/p/w1280/oc8f5Edg2V3n3G9g0bhs45yuaD4.jpg
1d2ef222b157320672eccb95d1a18f462eea055ff11aa9d443ef6300c7670615,797304,Il Ritratto Incompiuto,2019-11-02,2019,0,Lançado,Sem descrição,https://image.tmdb.org/t/p/w500/q31EITtc7EQxQZYuKzixIYiNAWc.jpg,
eceb48ea560638cf35caacde44653bfa355a2d067462e576ca40759acdb499f5,797377,Bellydance Vogue,2020-05-23,2020,5,Lançado,"My birthday was on the 3rd of April 2020 and for the first time, I celebrated it by myself. That’s why I wanted to send you a film « Bellydance Vogue » that I did in the confinement filmed while quarantine using VHS app and combining it with archive films that I have from the 80-90s.",https://image.tmdb.org/t/p/w500/eumfIJMVa8puUMLHvIWsVMNwSa5.jpg,
227cfa334f593011a40df281cfe3b1ae7703d32791983912fcf1f7b11ababc4b,797423,Voice Of Freedom,2021-02-15,2021,120,Lançado,"On Easter Sunday, 1939, contralto Marian Anderson stepped up to a microphone in front of the Lincoln Memorial. Inscribed on the walls of the monument behind her were the words “all men are created equal.” Barred from performing in Constitution Hall because of her race, Anderson would sing for the American people in the open air. Hailed as a voice that “comes around once in a hundred years” by maestros in Europe and widely celebrated by both white and black audiences at home, her fame hadn’t been enough to spare her from the indignities and outright violence of racism and segregation.",https://image.tmdb.org/t/p/w500/ipOwAxhVa9tLQaENS4ARmH8nKAF.jpg,https://image.tmdb.org/t/p/w1280/jw8rG7S1lsDtXaEiRCIopo6MGfh.jpg
1dfcfcaf2e12fbc61e03f570939bb0b1a26caa266c7adcee59d8239dd431a02f,798215,Cheppina Evaru Nammaru,2021-01-29,2021,107,Lançado,Three friends who can't face their small problems in their lives will go in search of new lives.From there situations take turns and gets involved in many crimes.How will they prove their innocence is there mining story.,https://image.tmdb.org/t/p/w500/f6hZ8yFecnQ5AgnNAZIlo1v6wKj.jpg,https://image.tmdb.org/t/p/w1280/2GoAUdauB8mpPII9eMxp1k6T9uB.jpg
6591d2e8e9e9738d66a33fbc064c7b4c86f606ad6317d63c25e8b551c4def9ff,799546,Luckiest Girl Alive,2022-09-30,2022,113,Lançado,A successful woman in New York City finds her life upended when she is forced to confront a dark truth that threatens to unravel her meticulously crafted life.,https://image.tmdb.org/t/p/w500/e0vrbTmTf2ZcW5CIS9qJ8FDbsU9.jpg,https://image.tmdb.org/t/p/w1280/iHc14vucwUMl6WuvQa4iPfoEdy9.jpg
76224d66cc3593a73125b2eb3e3e4aa28baa7d35c65c6bdf62a1d2131ad2b20e,799555,Operation Varsity Blues: The College Admissions Scandal,2021-03-17,2021,100,Lançado,"An examination that goes beyond the celebrity-driven headlines and dives into the methods used by Rick Singer, the man at the center of the shocking 2019 college admissions scandal, to persuade his wealthy clients to cheat an educational system already designed to benefit the privileged.",https://image.tmdb.org/t/p/w500/qZJuctnatinO0OpnruGOWaT4Bga.jpg,https://image.tmdb.org/t/p/w1280/5iVIEGalV8LJQIcqzJITlwx5YIn.jpg
0447053c971c21735740651fe0c0f81752ee0a5aac1ba4b2e3a2071ec04d96f5,799625,Eva Voudrait,2020-09-20,2020,59,Lançado,"Éva, thirty-nine, lives alone. She would like to have a child. She may not have much time left. A gynecologist has just told her that her ovarian reserve is deplorable. The countdown begins. But she's instinctive, a bit messy and her battle plan lacks precision.",https://image.tmdb.org/t/p/w500/3f1iDfNqgjYa8vhY4w54rWI6dqi.jpg,
87026dc7b3c40b662a11e46b196a7ae42fec574a8ee56959dc8b2e1a782125f2,799655,Chromophobia,2020-07-20,2020,12,Lançado,"In a blasted, post-apocalyptic wasteland two women try to survive a future where the very colours which surround them have become corrupted by something alien, infectious...and deadly. (ALTER)",https://image.tmdb.org/t/p/w500/w0E7E0IZpyrHpKIl9jPccYk56Iv.jpg,
ed3c2d4d65abe25d5620971f58e5646cf3845df18249983241c1a50a564ade78,800343,Power Play,2021-03-05,2021,130,Lançado,Vijay has everything going for him – he lands a plush job and is about to marry his love. But what happens when he finds himself in the centre of a conspiracy?,https://image.tmdb.org/t/p/w500/e0Kbi1NUre8cQSZiaJzWyY1MGmE.jpg,https://image.tmdb.org/t/p/w1280/28HoOgwrzC3tYqq4SI4MKuzcZ82.jpg
4ca6d8ea8c8f2723546aaccac1643d6a231461c3a3775614ad36d70ffd30856a,800394,The Last Cruise,2021-03-16,2021,40,Lançado,"Using intimate footage recorded by passengers and crew, The Last Cruise is a first-person account of the nightmare that transpired aboard the ill-fated Diamond Princess cruise ship, which set sail from Japan on the earliest days of the COVID-19 pandemic.",https://image.tmdb.org/t/p/w500/1sN3mSwzLqjAWHyNdJy1v5gaX5M.jpg,https://image.tmdb.org/t/p/w1280/c8hv3JMVj2F62ISokQWbtM9GZYN.jpg
0f192966b076d53498ce0716477cb18cb2a04fddced28b06c1496e0d2ac3e476,800762,Sensation,2021-12-31,2021,90,Lançado,Sem descrição,https://image.tmdb.org/t/p/w500/pRYvHo5VuBiUOueZT3nJOIlpWHB.jpg,https://image.tmdb.org/t/p/w1280/2mnTP90bGvHlqPhbuOWbPgl2CkU.jpg
7e04e3e653874ba561565f812f4b2b8e6ebdb71a6843346532e58d8a15e169b2,801071,The Jack In The Box: Awakening,2022-02-24,2022,89,Lançado,"When a vintage Jack-in-the-box is opened by a dying woman, she enters into a deal with the demon within that would see her illness cured in return for helping it claim six innocent victims.",https://image.tmdb.org/t/p/w500/3Ib8vlWTrAKRrTWUrTrZPOMW4jp.jpg,https://image.tmdb.org/t/p/w1280/xHRabofjmMGoIV3mb6xgy4nwOcS.jpg
bb80013a534f9e9fab3bc52d2cfb4e939457015742c8ad4355df352641986dd1,801176,Marco Polo - Un Anno Tra I Banchi Di Scuola,2019-10-26,2019,0,Lançado,Sem descrição,https://image.tmdb.org/t/p/w500/zoTBZZR2GHxZiTpJvUjBsBgNkrk.jpg,
1098a1ccf340502c388b85a1e38d870f98678eee91be4cf63dc7d12a9fb6acc8,801335,Girl In The Basement,2021-02-27,2021,88,Lançado,"Sara is a teen girl who is looking forward to her 18th birthday to move away from her controlling father Don. But before she could even blow out the candles, Don imprisons her in the basement of their home.",https://image.tmdb.org/t/p/w500/qmddUxRwbsxHa7oEXm4PWh1KZe8.jpg,https://image.tmdb.org/t/p/w1280/fvUmnxS9xaUUl0eWygvcA1hPdTV.jpg
d79d443870188e868419214660a0f9a93e9c754067ece8150eb1e100b6c479ac,801968,Risks + Side Effects,2021-07-09,2021,93,Lançado,"A routine check-up reveals that the Pilates trainer Kathrin is suffering from kidney disease and needs a transplant. Her husband Arnold is a successful architect in the middle of a large project and is afraid of donating one of his kidneys. Götz, a friend of the couple's, would undergo the operation immediately if it means saving Kathrin's life - even though this causes problems with his partner Diana. Confronted by issues of life and death, the fragility of the relationships within and between the couples is laid bare. Eventually, the question can no longer be avoided: what is true love?",https://image.tmdb.org/t/p/w500/ojIbP5UPgUCJ7bUO0sjjP81WayO.jpg,
1f24702150c4eaddb44f090ff763d0ae7e9cb2f7d3ed64f52c4fe8865d907398,803626,Puzhu,2022-05-13,2022,122,Lançado,"Kuttan, an annoyingly disciplined and a bigoted upper-caste retired police officer, is living with his son Kichu. After Bharati, Kuttan’s younger sister, falls in love with lower caste Kuttappan and elopes with him against her family’s wish, the attempts on Kuttan's life increases and his paranoia make the lives around him miserable.",https://image.tmdb.org/t/p/w500/l0UhlFCS5NiQuToUk8DocmokWAz.jpg,https://image.tmdb.org/t/p/w1280/mGQokr8TSKW6WyUBSgm4p7hjyaU.jpg
a4a556a8cc0aeea956666a335d429f0a5b8b9035f3a60c5d1234e6a37a67bfe6,804477,A Long Day,2016-12-11,2016,87,Lançado,"Having returned to Iran after years, along with his brother, Shaheen pays a short visit to his hometown, and unwittingly becomes involved with one of his brother's business adventures...",https://image.tmdb.org/t/p/w500/gGNljgZnUiw6q6qemb0oglbKjfY.jpg,
69a40b83d55a4aad2d1c637fdc37b306e83ba1324d03aba0ffa00726c6114fa5,804528,Perfect Business,2020-12-31,2020,90,Lançado,A low-budget comedy.,https://image.tmdb.org/t/p/w500/5OoldpLOaCWL5gEej54QOtno5Ru.jpg,
b1855c98891a001a838078bc3207dde2af08d07795504b4c808a9268aa16f939,805016,Meine Mutter Und Plötzlich Auch Mein Vater,2021-03-12,2021,0,Lançado,Sem descrição,https://image.tmdb.org/t/p/w500/aNfPMxGu9wU9xBnQRbIVSg1Zi0R.jpg,https://image.tmdb.org/t/p/w1280/7tKxyYYYKvezg8fVuWifmzKrvR1.jpg
ff07c34398648cd06e1f99f4f268acf71fbd02b6a4bac5cc28b54bf0d8ff8971,805195,The Girl Who Believes In Miracles,2021-04-02,2021,100,Lançado,"When Sara hears a preacher say faith can move mountains, she starts praying. Suddenly people in her town are mysteriously healed! But fame soon takes its toll – can Sara’s family save her before it’s too late?",https://image.tmdb.org/t/p/w500/t9uazedYSngVACrlAZZtVMIW9kw.jpg,https://image.tmdb.org/t/p/w1280/wwKTCPDgaq5nWs76Oitq9flUYvN.jpg
90282026da8bff419181c5ccc96586c99764d604f4279f2f679c613cd4dd0d11,806361,Waiting For The Sun,2016-04-06,2016,9,Lançado,"After being discharged from the military, Jeremy Andrews, a US Army Ranger suffering from post-war PTSD returns home for the first time in years. While visiting a therapist for the first time, questions come up about his adjustments to home life, as well as readjusting to civilian life. What he can't seem to admit out loud, continuously plays in his mind.",https://image.tmdb.org/t/p/w500/pxALOYt6Jh7fOA4MkKCLOl5k6Hm.jpg,
a9f3b158c0ea702f581ff3ab5a812cb6f139f9c302127b97c86c4e47abe24adc,806841,The Black Cat,2021-12-14,2021,112,Lançado,"Vahid has nothing to lose and tries to achieve wealth, fame, and better social status by any means.",https://image.tmdb.org/t/p/w500/c5k1R43Mqdhx2WCyARWqy54KBQx.jpg,https://image.tmdb.org/t/p/w1280/7XDo1jyj3QIQhJZ844L1fHC24wL.jpg
d7f0f05c599085c6ae30fe7325af936ea4bf5ce68c8474c8a5aafa3f5d0f4aa3,807604,Who's The Boss,2020-02-28,2020,106,Lançado,Sem descrição,https://image.tmdb.org/t/p/w500/sco0bfo45D5rAJ39nGmF0PzigGF.jpg,https://image.tmdb.org/t/p/w1280/hTQ99AjT1OG1iExHTXkIIMyRXDl.jpg
af532c18cc70115e42d84d0f6bc2d32ed983ef339d518740863cd398419b7140,808552,A Little Italian Vacation,2021-03-20,2021,78,Lançado,A group of high school Seniors juggle between old loves and new flings on the shores of a beautiful Italian town.,https://image.tmdb.org/t/p/w500/58pdlAmNNy9UfUc0PZecdWMT1Ja.jpg,https://image.tmdb.org/t/p/w1280/bpqBBmwMdhAgUhctKMGSObMlsgU.jpg
c2f02046ea22dc7c7bf8a618888f95baf1336ea2943bfd66906aafcb9721ac6b,808703,Lfg,2021-06-17,2021,105,Lançado,"Three months before the 2019 World Cup, the U.S. Women’s National Soccer Team filed a gender discrimination lawsuit against the United States Soccer Federation. At the center of this no-holds-barred account are the players themselves–Megan Rapinoe, Jessica McDonald, Becky Sauerbrunn, Kelley O'Hara and others–who share their stories of courage and resiliency as they take on the biggest fight for women's rights since Title IX.",https://image.tmdb.org/t/p/w500/l6PyY6PPZ06bRE5Y54AjXTqUN0j.jpg,https://image.tmdb.org/t/p/w1280/bBRuT99UPVoQKPUO9FWvWYuluQT.jpg
710b5a47ce7cd49782bf66e717b6f51895911a5c790eba4ebb3ab30286ffca63,808795,Wwe: The Best Of Stone Cold Steve Austin,2021-01-01,2021,0,Lançado,"A look at the best moments of the rattlesnake, Stone Cold Steve Austin",https://image.tmdb.org/t/p/w500/aSuPgyBoCI7sAOCV46USbcrcgSh.jpg,
14ddb3ebed6afbc242c18f5a3790e9b988ade28208f8e2cf18db78a22cb82b81,809726,Bootstrapped,2021-02-13,2021,8,Lançado,"A physicist travels back in time to try to save her relationship – and in turn, the world.",https://image.tmdb.org/t/p/w500/pO3zDPa5IFw79r61E790sPiFNBG.jpg,
42b0b6de0bd742827bb3520a826ceff8260fff9588a5d9f17579806bdc8bcecd,810134,Wavelengths,2021-04-09,2021,11,Lançado,"Across the Bay Area, illuminated windows reveal volunteers for Exhale, a hotline for women seeking help in processing their abortion experiences. In the still of night, these volunteers lend an ear to those who need it.",https://image.tmdb.org/t/p/w500/IWKD1LpJOIkRwbQKRAcJrONa4w.jpg,https://image.tmdb.org/t/p/w1280/sHcIGftY2zVjVFJFdEu6H3textl.jpg
e19a614d36720ad36dbdd9ec25c7032d9e803cdc0f30f64ff24a5eeea8fdcb5e,810271,The Resort,2021-04-30,2021,75,Lançado,Sem descrição,https://image.tmdb.org/t/p/w500/maJs2KmP4R0AmkAjSk1iadCL1De.jpg,https://image.tmdb.org/t/p/w1280/t7nUJ8aLDkGejeLiqrGCN3OGmnD.jpg
c07224b27601e440869c1c9a0568aedf636ff78e2ad547cbed5fc9fbc4045533,811114,Resurrection,2021-03-27,2021,95,Lançado,"In Resurrection, Jesus’ followers are hunted, leaderless and desperately searching for understanding, but when Jesus rises from the dead, they realize that hope didn’t die on the cross. It lives on in them. One man changed the world and brought hope in a time of despair.",https://image.tmdb.org/t/p/w500/f2ZkDH1ajAdgcMtsVXBeyS7twSf.jpg,https://image.tmdb.org/t/p/w1280/qTyhVapQpobNMS7eDJzwK3ZpVHN.jpg
464f27223d7dbf556fe86888be534c3a0cfe1fdcb777e4ed8b1d49db43a825ca,811367,22 Vs. Earth,2021-04-30,2021,9,Lançado,"Set before the events of ‘Soul’, 22 refuses to go to Earth, enlisting a gang of 5 new souls in attempt of rebellion. However, 22’s subversive plot leads to a surprising revelation about the meaning of life.",https://image.tmdb.org/t/p/w500/32vLDKSzcCMh55zqqaSqqUA8naz.jpg,https://image.tmdb.org/t/p/w1280/szY15QJKhed0nhUz1NONTz1vez5.jpg
1fbaee14d0f5a7ea510006d12df4a88062d3093cd3e5cdb74aa76320a522f052,812261,Casefile 293610,2016-07-06,2016,12,Lançado,"After the discovery of a violent crime scene, two detectives interrogate a femme fatale.",https://image.tmdb.org/t/p/w500/5oDQNHtZnXJU9vjR6bb9BT4czHa.jpg,
1c0bf2cc6a54e654e2998054de32880ba1d5aa013b033c56f22afd9ee08597e5,812350,The Burning Field,2018-01-01,2018,75,Lançado,"The Burning Field is a unique portrait of life in an environmental wasteland, through the eyes of four young Ghanians who live and work in Agbogbloshie, one of the largest E-waste dumps on earth.",https://image.tmdb.org/t/p/w500/57FRDu7RmOr6U4FPp9AzOZu8MbP.jpg,
6abfad26e9e50f7671b6b97f8d3e5c5311c3d6271e051e555a447e6047112040,812621,The Gloom,2021-04-01,2021,14,Lançado,"Laura's studies consume all of her waking hours. No time for her husband's hypochondria, nor for her children's fights. But when everything goes dark, time is all she will have.",https://image.tmdb.org/t/p/w500/94InjnZrWpeAlWgUEM6c1REA1pf.jpg,
d8a14afff13d99f706383c1f2fca87ac5cb84b95359401dd42ad183b39987019,812914,Uss Din,2020-10-16,2020,12,Lançado,"Two neighboring kids strive to keep their game of bat and ball alive, while their hostile families prepare to destroy each other.",https://image.tmdb.org/t/p/w500/aoPmhMu1UD7yPKoB8oPQ8B7kSQw.jpg,
e4d00dfd7635238eaa9630c1cbbdb16d4cac255bc257b65bfdab53a2e304ab56,813630,Best Of Luck Laalu,2017-10-27,2017,131,Lançado,"Story of a boy named Laalu, a student of tenth standard, and how he deals with exam stress among other things that bother a teenager.",https://image.tmdb.org/t/p/w500/rECPjLdLvokP4MNjKrrVMRy7bTQ.jpg,
7c2501de83f0cc139c3c99179033cb4cc7c364da992f852e7297ea20200dce1a,814424,Hamsterhjulet,2021-03-22,2021,35,Lançado,"Ella seeks out her ex-boyfriend Ernst, who works as a private in a small military base. She wants him home. But Ernst faces a seemingly significant task. Ella quickly turns the systematics that prevail at the military base upside down.",https://image.tmdb.org/t/p/w500/kV4zZexbYlnuWUsHN7WeiT32xJb.jpg,https://image.tmdb.org/t/p/w1280/x6IBzMhqvOUqI72uKsx3iemSn1A.jpg
e935ac367c6275cf0d92492c7c54ad7c1ce3b7f07e743f90dcf22e3a82555e03,814511,Miss Fortunate,2021-03-27,2021,15,Lançado,"If luck is a lady, grief is a bitch. A young woman loses her mother and finds herself.",https://image.tmdb.org/t/p/w500/jdl1PT6IBRluUhCLXEObDVf30wj.jpg,
8f6ea9e01579e3e83af3f3571ea151334b50bbad61978c77752649617f1a28e4,814548,Way Beyond,2021-04-18,2021,60,Lançado,"The Future Circular Collider is the machine of the future. Thanks to it, we will finally be able to go back in time to the origin of our universe. But which way do we go to set up the largest scientific instrument of all time? Between metaphysics and underground tunnels, a story of the preparations or how men are ready to move mountains for more knowledge.",https://image.tmdb.org/t/p/w500/cywbWgN6zhMIgxN3y7DL2ujLiRf.jpg,https://image.tmdb.org/t/p/w1280/mNrgmA23ivwGIHaw408ntouvhRQ.jpg
d5e34fa2ad4c54eb5ed5010d80d7cbdd463d06332c176d24a50078465c71c541,814853,Hostage House,2021-07-27,2021,90,Lançado,A realtor and her daughter are taken hostage by armed robbers.,https://image.tmdb.org/t/p/w500/1y0efqbvfJOlkgkHJTtF3PpSbS.jpg,https://image.tmdb.org/t/p/w1280/gEOWBfe5l5TLLXubAW3WR7OG82w.jpg
e687cc6418a641c7c83a8e11486db9ff9e45fbe8a6823f2c57e1cff42d62c8cd,815758,¡qué Buena Está Mi Ahijada! 2,2019-01-01,2019,85,Lançado,"Adrián, a playboy who has known how to take advantage since he can remember. He meets Lucia, who is a climber in all respects and the goddaughter of a rich man.",https://image.tmdb.org/t/p/w500/iYp9G51BI3LuLjHdiN9mUgo0xqE.jpg,https://image.tmdb.org/t/p/w1280/5ZnOffuEYUlynxQOIN4YxaZ0lFV.jpg
904ab92a8cc3c3dfd58bc81301405449bee801d876f0b8bba3a3d0d15b26641e,815765,Pervertidas,2017-12-31,2017,0,Lançado,Sem descrição,https://image.tmdb.org/t/p/w500/zq49A2vqoiwgN15szJdtWd9ifOC.jpg,
b005c6e6950babb92b175b7a644108b88b91559f50b33c21769d97f017e25e55,815845,Today,2021-05-29,2021,21,Lançado,Is tomorrow beyond the void?,https://image.tmdb.org/t/p/w500/spSuYlh3GaqhKImBnDtPyZjjFsM.jpg,https://image.tmdb.org/t/p/w1280/yV8E0BQiiyYFyvx3kGrazEukeuX.jpg
189ced0436f9dea5270d9e55d80427aa35cd560bceb5dfd86b983ca30559ceb2,816282,Tearing,2021-04-05,2021,46,Lançado,"In this TV drama, seventeen-year-old Maja helps her older brother Bokan to solve a debt that he cannot pay because he is in prison. Wanting to prove herself, Maja insists on doing the job on her own without nobody's help. This decision will take her into a world of violence for which she is not ready.",https://image.tmdb.org/t/p/w500/2N6wVd7EMSsk5Iw598pNXQ0PEw8.jpg,
ecf27c0a136431b0d219722599382f7a5bb1bcc6864a41100777e8d9a8b0257f,816344,512 Hours,2021-04-22,2021,92,Lançado,"In the summer of 2014, tens of thousands of guests flocked to the Serpentine Gallery in London to experience Marina Abramović’s exhibition ‘512 Hours’. But when it opened, it dawned on everyone that the audience itself was the actual work in the iconic performance artist’s landmark exhibition. The audience members were also active participants and co-creators of the social experiment, which - set against the minimalist background of the gallery’s empty space - developed continuously into new, unpredictable directions during the three weeks (or 512 hours) in which the exhibition took place, while Abramović herself took part in the performative ritual.",https://image.tmdb.org/t/p/w500/nETqzCu0t7tH6tSurN4hV4HRGbs.jpg,https://image.tmdb.org/t/p/w1280/oJtIxCJIUMOKLLKpRMMCBmxr1gt.jpg
2aec350d7d31d34d15d8ee640e8cf9a44a9a61aeb846e54c3fef2f0422524fc9,817064,Prince Philip: An Extraordinary Life,2021-04-09,2021,50,Lançado,"Born in Corfu in 1921, Prince Philip has lived on the national stage through Britain’s move from Empire to Commonwealth amid all the extraordinary political and social changes that have taken place since he married Princess Elizabeth in 1947.",https://image.tmdb.org/t/p/w500/eQrB6czsYT1WKvq3Xyf5UQDJhQr.jpg,https://image.tmdb.org/t/p/w1280/3mo5nEo1nlT7734sAmfOV4r4DdF.jpg
3efdb60fdf5fd937110d2cfb2ee9fb6c8b9145982f7d1166cdf407719c4e0cd4,818427,My Dad Is Not A Gift,2021-12-23,2021,105,Lançado,"Max had never looked forward to the New Year like that in his life. Cosplay festival for gamers! Best Player Prize! But suddenly a daring girl Venus and her stern police mother appear on his way. However, Max cannot be stopped. He will do everything to be on the Cosplay. Win the Super Drone Race. Disarms a mysterious villain. Will turn a robbery and save his father from bankruptcy. And none of this would have happened if not for the invention of his dad - a fantastic and fantastically smart drone with the habits of a cute animal.",https://image.tmdb.org/t/p/w500/frVm9IKp7U3LULrXSztUhbc92lv.jpg,https://image.tmdb.org/t/p/w1280/wqdxxLZX3PVgPYGt5fSjShTqzxt.jpg
4e6cf275b7f3c84aac52bf8dc1602651ccbae0aafdba9f6f9770145d700fd5b6,818752,Luccas Neto Em: 2 Babás Muito Esquisitas,2021-04-16,2021,0,Lançado,Sem descrição,https://image.tmdb.org/t/p/w500/1qR5zAj6d0r7qoB9ONEV52l8EoY.jpg,https://image.tmdb.org/t/p/w1280/l34D9YYINxi9U9XTZlTdp41nKGs.jpg
73c123b6ab7c8e3713ff33cb72bde95a770c42074c96c12c870dfcf8b8fe335a,819500,Found,2021-10-13,2021,97,Lançado,Follows the story of three American teenage girls—each adopted from China—who discover they are blood-related cousins on 23andMe. Their online meeting inspires the young women to confront the burning questions they have about their lost history.,https://image.tmdb.org/t/p/w500/9yUFnLw5KkcinnWUzGx8Fll28BN.jpg,https://image.tmdb.org/t/p/w1280/pOF3uaktOkymva8HF1WDKfG3W39.jpg
dfec2d104d2b622116d33c34ee1e2657dddcda8026a3a3655c46fa1355377803,819544,Mothers,2020-11-24,2020,63,Lançado,"In Morocco, unmarried women who become pregnant risk a prison sentence. They often don’t even dare to tell their families, for fear of exclusion and rejection.  The Oum El Banine association in Agadir is there to support them, under the inspiring leadership of 62-year-old feminist Mahjouba Edbouche. She takes the girls and women under her wing, providing shelter, education, and legal assistance. To try and secure them a safe home, she also seeks ways for the young mothers to mend the relationships with their parents.",https://image.tmdb.org/t/p/w500/8t4OgWkkSlKYFmFji7LniDMv6u5.jpg,
5c658b7495f2e6d24c241db6c956050a6875e2ad175631a7ee8924bb3b5aba09,820179,Forcefury,2019-12-10,2019,80,Lançado,"Brick Forcefury's life as a Border Security Agent takes a turn for the worse when his life-long partner is killed during a simple routine patrol of The Wall. While dealing with his grief, Brick struggles to adapt to a normal life, blaming his problems on The Liberal Agenda. When he finally returns to the force, he is partnered with a new, half-alien partner, which he resents. Forced to work together, he eventually learns to respect that what he once feared, and together they team up to save the nation from an alien menace.",https://image.tmdb.org/t/p/w500/2huxD6uIF0buBlR3pEgVfXM5qK0.jpg,
3595a4ed0d978f6cbfaf413c3e85e017d11e5c139bca5bc4a823cd1a91fe22aa,820301,Wet,2021-04-18,2021,9,Lançado,"In the public swimming pool of a Parisian suburbs, everyone appears equal: Ambroise, an impatient businessman, and Yannis a regular. Both are the same age, wear the same swimsuit, but come from different neighborhoods. At the pool, where measures of class are less visible based on what one wears, a potential friendship between the two develop. As Ambroise tackles his aqua-phobia, the comic fable unravels representing the absurd reality of class struggle.",https://image.tmdb.org/t/p/w500/axEFoD7DsyT0V6oGa786IXtyM3j.jpg,https://image.tmdb.org/t/p/w1280/5uF9q7pfd8MmTHHsXBzYBGQsuKI.jpg
5bd4662e0e479e26ec8903df4f90bc43f2dc03138f73b1ba51eb7128de169d37,820832,The Graveyard Gang,2018-10-01,2018,105,Lançado,"While working the graveyard shift at a newspaper factory with his three best friends, Dalen Gus has plans to write the next big screenplay for Hollywood. But when Dalen meets Ellie, the new and eccentric girl at work, he's immediately veered off course from his ambitious path. Ellie lures Dalen down a dark, twisted road that takes him completely out of his comfort zone.",https://image.tmdb.org/t/p/w500/t0U6VyN9eV4D3D6nEjfCNV9NVbY.jpg,
fae9bf7a8ca8a578c8c251eb0ae3d6d7a5c869e6f43dab30f1bb3d408f6e380b,821493,India Sweets And Spices,2021-11-19,2021,101,Lançado,A college freshman confronts her parents’ values in order to understand her own evolving identity.,https://image.tmdb.org/t/p/w500/2cUczTzLq1F99Pgiw6BWFsKnD7J.jpg,https://image.tmdb.org/t/p/w1280/hMvRbT6HOqERhh3K8kXbaLz9LlZ.jpg
1fbf953f92bd9741c55956220e315450d59d82eb86dc00ff34f6f36a07cd6cff,822175,Detours,2021-09-04,2021,73,Lançado,"A sprawling meditation on the choreography of bodies in Moscow's urban landscape, Detours depicts a new way of dealing illicit drugs via the Darknet, the layering of the physical and the virtual realities, as well as a poetics, and politics, of space. Taking place in sleepy neighbourhoods, among the concrete walls of high-rises, behind garages and amidst abandoned railroads, the film alternately follows and loses track of Denis, the treasureman who hides stashes of drugs all over the city.",https://image.tmdb.org/t/p/w500/mx1OVYuyFlKwJNussV1BZf73opP.jpg,https://image.tmdb.org/t/p/w1280/y8jgTR5e3vpaAILbEALkNUiJRlw.jpg
dc29c35f6bede633edc3e22e5b940dcaa1cbc065454ce735fd4e39bda62b157f,822509,Enjoy,2021-06-15,2021,18,Lançado,"As Michael seeks novel ways to halt his spiralling depression, a moment of hope arrives via an unexpected source.",https://image.tmdb.org/t/p/w500/o96gUaeGTrpMdJ0SUn4mdbaaN6h.jpg,https://image.tmdb.org/t/p/w1280/78e0yiwbs5Q7EOuquVNQnHC6j2Q.jpg
61b9085f7da7e8c3cf12405e7ac64b9f6eb665ce8a567ad667dda72806949a4e,822954,Desert Paradise,2021-04-29,2021,87,Lançado,"The Namibian desert town Oranjemund was until recently run by the Namdeb Diamond Corporation. Only employees were allowed to live there and Namdeb provided housing, free water and electricity. Now that Namdeb is about to close its mines and leave town altogether, the people of Oranjemund are left with uncertainty. Many are planning to depart.",https://image.tmdb.org/t/p/w500/ntgLko86iQscC8blY3b4TWpkbQx.jpg,https://image.tmdb.org/t/p/w1280/3Hn4cXZIwglFhgYHiuIGzNlS5w9.jpg
92d419a6968a962e793e88672b674dbd4bfb60c776b00488bc3639a26dd858fc,823379,Blue Box,2021-04-29,2021,79,Lançado,"The Jewish National Fund's Blue Boxes were a global fundraiser to purchase land in Israel. Weaving a co-founder's diary entries with his descendants' memories, Blue Box investigates the myths that constructed a national icon.",https://image.tmdb.org/t/p/w500/zbMVxrdjGuQSJhbFqRMocIkvIKj.jpg,https://image.tmdb.org/t/p/w1280/40LVJuMtShjAiEWGWJIh4JPXCZp.jpg
41bc220bc7bc1a328f2e1ab9d7ab9288a46f278ea5d9938f8ffab38bfe6af570,823417,Free! The Final Stroke The Second Volume,2022-04-22,2022,106,Lançado,Sem descrição,https://image.tmdb.org/t/p/w500/pc7jJx56VhljG6qk3ihQWWkCWSu.jpg,
50bae8a1793f3627b67d56c9383c4a6ab5e7a20d599e1511b39804f3e9a7a769,823999,Diabolik - Ginko Attacks,2022-11-17,2022,111,Lançado,"Diabolik nearly gets caught in Inspector Ginko's latest trap, leaving his partner in crime Eva Kant behind in the escape. Furious, Eva offers Ginko her help in capturing the King of Terror, but the former has to face the return of an old flame of his.",https://image.tmdb.org/t/p/w500/8QVbWBv94BAT9u1q9uJccwOxMzt.jpg,https://image.tmdb.org/t/p/w1280/xnAi4BRoO3ZQ3wwxGn6UNoxQzDq.jpg
02a1a954c251e43ed7cbd3c0ee587a2d258c4bf93636138d348ce3ec42e8fed6,824115,The Auctioneers: Profiting From The Holocaust,2018-10-29,2018,45,Lançado,"From 1938-1939, the systematic anti-Semitism of Adolph Hitler and the Nazis led to violence and despotism towards Jewish citizens, along with the exploitation of Jewish property. Tax inspectors, bailiffs, pawnbrokers, and auctioneers were among the major profiteers of the Holocaust. This documentary goes on a hunt for relics of the past and those who've profited most from the injustices of WWII.",https://image.tmdb.org/t/p/w500/19CruS7jAtZmkxawUOikO3s4nHd.jpg,
a16162e228e28444954a170011a77e4d01ff7dbe0039f6b618228bf0ecc1a4a2,824816,Augmented,2020-10-09,2020,81,Lançado,"The personal journey of Hugh Herr, a double amputee and MIT scientist who creates brain-controlled robotic limbs. At 17, Hugh survived a near-death experience while climbing Mount Washington. Stunned by the prosthetic he was given, and realizing there was untapped potential for such devices, Hugh set out to improve the field of prosthetics. His innovative success leads to a major scientific breakthrough, a radical new way of performing amputations, and more.",https://image.tmdb.org/t/p/w500/pHLOsuCrTmDsbnHM5hi9wF4yeFc.jpg,
3cf3d9c7c2d36feba00dc2af89f39e1385b9408055884770c5430144bf233770,826587,Der Kroatien-krimi: Jagd Auf Einen Toten,2021-04-22,2021,0,Lançado,Sem descrição,https://image.tmdb.org/t/p/w500/dxvpUlQ5ZZuAPR0dHQaAr1UUjzx.jpg,https://image.tmdb.org/t/p/w1280/uWUewCYh8SyKfu34NLMvITQjWPm.jpg
079ada55f58e980a667980fe7859a6da49cd9e125546d1384052eb6678342647,826920,The Hotel,2022-09-08,2022,113,Lançado,"The first days of 2020's lockdown seem to drag forever for a group of tourists trapped in a Thai hotel. In strict confinement and as the big day of an unexpected event approaches, emotional entanglements, tensions and long kept secrets rise to the surface.",https://image.tmdb.org/t/p/w500/psuZHSdbv4Zmo3WoJCz1liHQ2rd.jpg,https://image.tmdb.org/t/p/w1280/gZsrKoGRYrL0jWTwf7Sg2jCv3oR.jpg
08175ac34f94e5bfe16ff79363fadca50274b137ab1f84a3cb382670e9edcbe9,826931,Mvp,2018-06-19,2018,0,Lançado,Sem descrição,https://image.tmdb.org/t/p/w500/JjUtsujSfrfbSYOUWb3VFJcZkj.jpg,
e35cfb3aa0b649d89fa711e51a013c5049e39c74c495391915aff7082a0a084d,828914,Bahtsız Bedri,2019-06-21,2019,107,Lançado,Sem descrição,https://image.tmdb.org/t/p/w500/rBevnIBoDy5GD0MGaTm0XsQO0yU.jpg,
0074daf92d2e3ae706256db3357acb8e7d4b1b46fc7b0b7a58f9bf0f0c6f03a5,828960,About The Forest,2023-06-02,2023,96,Lançado,Sem descrição,https://image.tmdb.org/t/p/w500/r3Cqu9oIqPb9eiAgnWbmpAIZ8hs.jpg,https://image.tmdb.org/t/p/w1280/ee3HDGcuR4GPlEenOCNB6Bqwdq3.jpg
3439bfce680ade7470749855b66a01298e1546c9cd3f26507b6111225ca4573c,829058,The Portrait Of A Nightmare,2022-11-27,2022,84,Lançado,"Hujan, a deeply traumatized young woman, crosses paths with a mysterious street artist Bayu, both their destinies intertwined as they are haunted by the same nightmare that is connected to each of their pasts.",https://image.tmdb.org/t/p/w500/aZOfo3O0EUEBDES0aHPnduMgVFW.jpg,
349f8392346f8625a20efd39b367aedb4562d671ecdc66c5e58ab477448572f4,831017,Beyond The Wall Of Fear,2016-05-27,2016,87,Lançado,Strange experiments...Mysterious monsters...Lovecraftian horror...Telekinetic Bloodletting...Ravenous Insanity...These are merely a sampling of what lies...BEYOND THE WALL OF FEAR.,https://image.tmdb.org/t/p/w500/x9AlGgRdU1QaHTRkbhD120mncmb.jpg,
98bcb417c2abb4f8d41259e57ca1022d7cd2bfffe7c998ffa877873c32511faa,831339,Fellini – Io Sono Un Clown,2020-12-03,2020,52,Lançado,"At the heart of Fellini's I am a Clown is the strange and wonderful story of Peter Goldfarb, the very young American producer who in 1967 convinced Federico Fellini, the greatest Italian director, to work for the first time for American television. A story that has remained little known for half a century and which today - for the first time - brings the man who convinced Fellini to make a sort of mockumentary Federico Fellini’s Notebook, perhaps the first in the history of Italian cinema , using a scheme that the great author born in Rimini would have later reused with other films such as Intervista, Prova d'Orchestra and Roma.  A human and artistic journey that would then be repeated immediately after with The Clowns, destined to make Fellini a forerunner of modern television.",https://image.tmdb.org/t/p/w500/4QYXWKuzh3XqXUO0waXhiwHhDln.jpg,
cbc5dce0bdabaaf6e4bfbeedcc72b2ddf2f0df61c5e02f96492da494cff2adc9,831710,Insidiae Nemoris,2017-05-20,2017,0,Lançado,Sem descrição,https://image.tmdb.org/t/p/w500/wvtnNYO8Ucuk5cvc2LfjAS34ivQ.jpg,https://image.tmdb.org/t/p/w1280/ajWuzpWcOvjZv0xHt01uhtzZej.jpg
ef35ecb6d1a71b7ad5693fc7f53118c878797843398815305ba3ab65357e6c18,831785,Find The Light,2022-03-12,2022,12,Lançado,"A young victimized boy decides to confront his inner demons by drowning himself, and during the process finds purpose and meaning in his life.",https://image.tmdb.org/t/p/w500/dKxwl82v0ZO32qtrDjWlbMXRCy9.jpg,
82574487b0bc45edc59d0e1db06b4f7ff29906a2e2da3e1362ac19900bbb4c54,831849,The Station In-between,2021-08-14,2021,19,Lançado,"Theo and Louis, two gay gentlemen, embark on a train journey to Paxmal. They are carrying an urn - it is the last journey for a friend. On their way deep into the Swiss Alps the two men, struggling with their fate, meet various people. While some of these people remind Theo and Louis again of the beautiful things in life, others confront them with ghosts from the past.",https://image.tmdb.org/t/p/w500/yeWv0AxeAfvgLhtVv87XkqH66hZ.jpg,https://image.tmdb.org/t/p/w1280/fdtwLh4jYfUPQdQwVb5DLkjtrri.jpg
3554fb92b826fb5ab54b70942fd574e4a34e9524c7ca35b418477a3c3fd26584,832088,Coppelia,2022-03-03,2022,82,Lançado,"When everyone in town falls under the spell of charismatic cosmetic surgeon Doctor Coppelius, feisty Swan must act to save her sweetheart Franz, before his heart is used to spark life into Coppelia – the ‘perfect’ robot-woman the Doctor has created.",https://image.tmdb.org/t/p/w500/w8Anvy7U1CkKcOhINAxLW9G1c67.jpg,https://image.tmdb.org/t/p/w1280/vIRGmQFoeIxqOU7OiZX4iC9t8jX.jpg
40e7f9359dea38dc2df0527d7276afe2867c7514548154c10d62ad21fdcdfd54,832544,Stealing Raden Saleh,2022-08-25,2022,154,Lançado,"To save his father, a master forger sets out to steal an invaluable painting with the help of a motley crew of specialists.",https://image.tmdb.org/t/p/w500/66yOibmlqxASFoNyEZIORELJqBC.jpg,https://image.tmdb.org/t/p/w1280/wOjkbUL4tPioHwAIzDZaJsWkO8V.jpg
8a44659967e2d2a2f32a7df749bb2320fbfa98f7ec388d6dddfa7dac9bf7171c,832565,"Monaco, Le Grand Prix À Tout Prix",2021-05-22,2021,92,Lançado,Sem descrição,https://image.tmdb.org/t/p/w500/iK38vNPbGiN32Vr92IUlJmMaVw3.jpg,https://image.tmdb.org/t/p/w1280/eYoBb9ile4ujAnr1IS7LgHFZ6Ly.jpg
748ffc708db3613c31ee5b475855a8ae2da62857be7c481d0116b1cb9829301f,832658,Singapore Vignettes,2021-03-16,2021,67,Lançado,"The Singapore Vignettes tells distinct stories of the new Indian expats in Singapore, along with the story of a corporate fraud that delivers befitting justice to a group of disgruntled older workers in a factory.",https://image.tmdb.org/t/p/w500/rBi849qH3XEvcCZ8UP2nHD2Jkq4.jpg,
a611f9ebe403e3e26d97e2698c73a27a36f9e73443cbab462d2caaa1c8ffa1cb,833593,2037,2022-06-08,2022,126,Lançado,"""19-year-old Yoon Young lives alone with her mother and prepares for the civil service exam while working part-time. Regardless of good heart and sincere will, unexpected incidents turn Yoon Young from a victim to the killer, driving her to prison and being called inmate """"2037"""" instead of """"Yoon Young."""" In a hopeless situation her co-inmates in Cell No. 12 with their own stories offer a hand of hope to protect Yoon Young...""",https://image.tmdb.org/t/p/w500/oNeJclBPZSStWECxE8yVUyWbkvX.jpg,https://image.tmdb.org/t/p/w1280/jgSrXBqLTqCoW2NX0mtAZggiqkY.jpg
909de89051f9af4e4cbcd543bc1b2e0298b2ec3982e549aed350663bb180a767,833654,The Slow Hustle,2021-06-22,2021,90,Lançado,"After Baltimore Police Detective Sean Suiter is shot and found dead while on duty, the tragedy soon becomes enmeshed in a widening corruption scandal that threatens to unravel the public’s already strained relationship with law enforcement.",https://image.tmdb.org/t/p/w500/7kw352u64pqyMELC2k7kAxCok1H.jpg,https://image.tmdb.org/t/p/w1280/hQwnDMUjHPVuUPeo5tAvhjsIm5Q.jpg
c588a318687db2ffc0e543a7d3caab074eb15e77982b4466f21e3482601ca31c,834143,Wicked,2021-05-27,2021,114,Lançado,"Ivy Morgan, a college student in New Orleans, falls for Ren Owens, the last person she expected to enter her rigidly controlled life.",https://image.tmdb.org/t/p/w500/ztUCTI8a6cl547LvaGoVRoyR3o3.jpg,https://image.tmdb.org/t/p/w1280/irMy4NnEVR9nNB0wN17OMKo2Gnj.jpg
fade9ff0153639fddbb7c6d62eeffbb38581349b2c991f147ac939589f3cccc2,834923,Demon House: The Lost Footage,2019-01-01,2019,42,Lançado,Sem descrição,https://image.tmdb.org/t/p/w500/efCpFZgfeQltJPecwUcicqFIxkc.jpg,https://image.tmdb.org/t/p/w1280/tu99Fvdq6qzoB1IE1U3oqCo3GPD.jpg
e560536c888712cea0c39c5154c171ea484f43d1e31a26656ee5e442e101063c,835049,Al Maht,2021-05-16,2021,62,Lançado,"Based on the successful social series, “Al Maht” revolves around a struggling high school graduate in choosing his destiny.",https://image.tmdb.org/t/p/w500/gSInUMgFvXpKE8Tg3mkTWdegajh.jpg,https://image.tmdb.org/t/p/w1280/75tfQ2fd3lqTNKggMPizdUFpg6Z.jpg
eb4d0680652cbdb7917b862dc14916c760333ffacd393f424e48c2d1461602c1,835083,Doctors Assemble,2020-05-23,2020,15,Lançado,"Planet Earth is in terrible danger. Trapped inside the TARDIS, the Doctor calls upon some familiar faces to help save the day...",https://image.tmdb.org/t/p/w500/gQydjOhzpyqQjRwjVoaxw92XGA0.jpg,https://image.tmdb.org/t/p/w1280/ycMBloj82KYHBdhAfMufdHSDccV.jpg
4de8b002200aa71ba7ee0a6349d421d52352f7498b0e45c33ca69be5dd47762a,835268,Suro,2022-12-02,2022,116,Lançado,"Elena and Ivan are getting ready to enter into a new phase in their life. They are leaving the metropolis of Barcelona to settle in the Catalan countryside, where they are taking over a cork oak plantation. Not only will the business pay for their living, but they also want to exploit the plantation equitably and sustainably. But despite their ideals, Elena and Ivan soon find themselves in a crisis which will endanger not only their project, but also their relationship.",https://image.tmdb.org/t/p/w500/x07JZ2i90FGqYXRfbOmNKN8CuFN.jpg,https://image.tmdb.org/t/p/w1280/8PptFDUYJdJLblwgsSnknr3G9Eu.jpg
e7864e7d663d7c4145dacfe639a35bdd029b97e89d3393b4ad68d240c38f5077,835504,Lullaby,2022-05-17,2022,104,Lançado,"Amaia, who has just become a mother, decides to return to her parents' house along the Basque coast for guidance while her partner is temporarily away.",https://image.tmdb.org/t/p/w500/mTSRf06tNe10OjAKwUvAiRa0Yy5.jpg,https://image.tmdb.org/t/p/w1280/ikr6ujf5hPDyLKFdxnHQR6KpvJ8.jpg
c0c1982a85c62bc9377dda12e1a52cbf390511e2d512a3c6a160cf301d0b482f,836954,Hamlet/horatio,2021-06-01,2021,97,Lançado,"Hamlet/Horatio begins on an empty sound stage with the death of Hamlet. The action transpires in his last moment of awareness as the hero of Shakespeare's most famous play watches his life flash before him while his soul transcends all earthly conflict. Hamlet/Horatio is told from the perspective of Hamlet's closest friend and confidante, Horatio, who takes on the role of film director in order to fulfill his promise to dying Hamlet of telling the story of Hamlet's life so that the world will know of Hamlet's tragic sacrifice.",https://image.tmdb.org/t/p/w500/sX3tHnk4T652utouD0yKvvLefB1.jpg,
7a78ccdb340c8d6212a000c72308d2720ba09b69cd4e2c9c24d46ea4734785bf,837751,Inherent,2021-07-15,2021,16,Lançado,"There’s a sinister presence living in the attic, and a young girl is torn by her desire for a local boy and her ties to something evil at home.",https://image.tmdb.org/t/p/w500/g56vB9N5GbZNj5qSSQKi6RZXeuc.jpg,https://image.tmdb.org/t/p/w1280/610VHm5kaESiS0fG67MsZ2PmNje.jpg
d6c5931fc9df4bc834f80fcad80dc9d941df8a8d9d014d6987a6cdf18dc8875d,837953,"Hair, Love And Racism",2020-11-26,2020,87,Lançado,"Karen grew up heavily influenced by her right-wing family. Her whole life she thought people were treated equally regardless of race. Her new home, city, and boyfriend show her a different reality.",https://image.tmdb.org/t/p/w500/hQcMylNY18N2z5iB2jsdJK4cSV5.jpg,https://image.tmdb.org/t/p/w1280/bEIXX1kygfGfDTTpV10YMtVjIwN.jpg
876db10efe697c2f6dd0fdb3a849abc0cd89494242147c1ab6dea4c254d22be3,839455,Flesh,2019-05-03,2019,17,Lançado,Sem descrição,https://image.tmdb.org/t/p/w500/abFAY7TooZpIbz7mer2RGmLltpG.jpg,
db98b62680562acacb462690ea009a2cfe97a713430306d2fed5488e3c94bff7,840783,The Rickety Man,2021-11-05,2021,15,Lançado,"A father discovers his children are grieving their mother's death in their own terrifying way, after having met a mysterious entity in the woods.",https://image.tmdb.org/t/p/w500/hJjn0czZAelZSnuo89Mmu4bYtOG.jpg,https://image.tmdb.org/t/p/w1280/81TfR3zy7enyyxHj44OqZbDMTNk.jpg
26a42ef86aeb5fa4bc2d10b6ff39daa0363b549a98d91eaa68eb19008d9a079d,841046,For Sofia,2016-04-03,2016,89,Lançado,"After witnessing the murder of her mother 20 years ago, Alexa returns to Los Angeles seeking revenge on the man who killed her. She finds that her best way to reach this man is trough his son, who turn out to be nothing like his father.",https://image.tmdb.org/t/p/w500/uYxn8gjaJQtlXx2REn1UYvnzEda.jpg,https://image.tmdb.org/t/p/w1280/gGvUBnZjJAyP9IlgQXktNNb5VXR.jpg
f5c4f234cd3d059d02f3509239f9869f416b29b344f3dd03ccbd6fabc94d0f40,841594,Gluta,2021-07-02,2021,86,Lançado,An Aeta dreams of winning the Miss University pageant but faces discrimination from people - including her own uncle who does not believe that people like them are beautiful.,https://image.tmdb.org/t/p/w500/qSPV1cAEdH0sbPafpYNPmxYtHh.jpg,https://image.tmdb.org/t/p/w1280/qnW6BVohaBT0Ajcj69gAOevtYRr.jpg
29cda9f6029eb697c5cba377c8c7311f8d95d67770b0257c22d1698ad517e82a,841680,The Croc That Ate Jaws,2021-07-16,2021,44,Lançado,Discover what happens when two of the deadliest predators face each other.,https://image.tmdb.org/t/p/w500/gjR4MSFiyQtTdbqeEPLVQhIxl4w.jpg,https://image.tmdb.org/t/p/w1280/xMyodC7raJC319jhZGAxsBWpohO.jpg
9331e3eb36980d1fcffd4f5c198d6611ea78f51e160d392b407454381c30a962,841743,Why Am I Doing This? (a Film About Touring),2021-04-18,2021,126,Lançado,This is a film about touring musicians who don't care about making it in the music business and all of the hardships they face without the fame.,https://image.tmdb.org/t/p/w500/zfJ7KgyE48qJhcvVtdFUEKIYv53.jpg,
53912ddd702378d988cdbdd9920172cb8a861c3983625e1f2ecba922b923ffde,842043,The Korean From Seoul,2021-04-01,2021,88,Lançado,"An Australian trading company hires an inept, drunk Korean as their head of security, but their new employee is not exactly what he appears to be.",https://image.tmdb.org/t/p/w500/tBco0WmLm2yYiL72gYUDpgUVPkM.jpg,https://image.tmdb.org/t/p/w1280/9twL2BcHXOuIu9rCX2LUA5wPyKG.jpg
6790bd53b75b6cc060ad5eb443fe116cc482f157f006dfde719d046073b30c00,842356,The Velvet Queen,2021-12-15,2021,92,Lançado,"High up on the Tibetan plateau. Amongst unexplored and inaccessible valleys lies one of the last sanctuaries of the wild world, where rare and undiscovered fauna lives.  Vincent Munier, one of the world’s most renowned wildlife photographers takes the adventurer and novelist Sylvain Tesson (In the Forest of Siberia) with him on his latest mission. For several weeks, they’ll explore these valleys searching for unique animals and try to spot the snow leopard, one of the rarest and most difficult big cats to approach.",https://image.tmdb.org/t/p/w500/sWGaJQDoJFbkshYdABhctrAtx7N.jpg,https://image.tmdb.org/t/p/w1280/jZG1udsoYteoew9dlYg2XXmMjci.jpg
ac9c33f501763c986036190ccfe6caf0d8b1f1602d8acd7586af5af2ae02825e,842510,Warrior Spirit,2021-11-12,2021,95,Lançado,Warrior Spirit is about the first Native American UFC champion Nicco Montano and her first title defense and her failed weight cut. Warrior Spirit is the remarkable true story about the dangers of extreme weight cutting in combat sports and how the UFC makes millions of dollars exploiting it's fighters.,https://image.tmdb.org/t/p/w500/v3wtqOflRwEZ8YLK6JaZ51TVQdV.jpg,https://image.tmdb.org/t/p/w1280/GbUdgpyuyRzoQrA21o0D4wvVFQ.jpg
b01c611e21cef445b83ee854c2affd4c29026d7de7adb97d7836a81facd1b4f3,842814,Ben,2017-04-10,2017,12,Lançado,A journey inside the mind of a troubled child.,https://image.tmdb.org/t/p/w500/wHIID0oMTifX85jXvkKa0kUexgG.jpg,https://image.tmdb.org/t/p/w1280/77X5JT9k65pYjyQikDSoGhNyvE4.jpg
db8610d746f51f5217bdfdcac18658f14891778e1b4418521d189adf3ddd4666,842992,Raja Vikramarka,2021-11-12,2021,139,Lançado,"Vikram is a newly recruit N.I.A. Officer who is getting accustomed with the nuances of his new job, has to handle his first major case due to ironic circumstances, during the course of which his life takes a drastic turn in all aspects.",https://image.tmdb.org/t/p/w500/t715SsMHG6tF3Jd25xLyBIZgswd.jpg,https://image.tmdb.org/t/p/w1280/j2HXL4dlIUYxtwRndmUqry295Xt.jpg
1b07dd3072d6693c7ce0fdde6541ba7a59bc164a06a7584f70baf835b1c52f6b,843008,In The Soil,2021-07-06,2021,15,Lançado,"Karoline’s life is turned upside down when her father, Kjeld, manically starts digging a pit in their backyard. The following days turn into a living nightmare as the pit becomes a grave and the land, which has been in the family for generations, pulls Kjeld further and further down into the deep.",https://image.tmdb.org/t/p/w500/6bHQ2vEk24aXLXOp2Bimz5UXwVq.jpg,
578b5ab26ba0dac147e811afeddbd64406002f5f729a015b5a348fe1ff53bf71,843486,Between Us,2021-06-25,2021,97,Lançado,"This film tells the story of two very different but equally confused young musicians, Shanny, a harmonica singer who has been working hard for years, but whose career has not taken off and who has been hit hard by life, and Dong Dong, an ex-rock musician who is seriously ill and waiting for death to come. Their lives are changed by the presence of each other.",https://image.tmdb.org/t/p/w500/1n2X6gCBshGwSln5tGUe3xmDXlJ.jpg,
a071648367230ef5e9dbea949295befb463684ee14423074f495b497841d9ca3,844011,Beyond The Wasteland,2022-02-05,2022,93,Lançado,"Shot in Australia, USA, Italy, France, Germany, and Japan, Beyond the Wasteland follows the fans from around the world who go to extraordinary lengths in the name of Mad Max. Transporting us into the world of Mad Max, we explore the eccentric world of the fans, their costumes, and their machines as these oddball fans find their place amongst the Mad Max community.  The documentary also follows original cast member, Bertrand Cadart as he continues his fight against stage IV leukemia and travels from his home on the Sunshine Coast to the “Wasteland,” the desert location of Mad Max 2 in Silverton, for the last time. Beyond the Wasteland not only celebrates life but the ability to change oneself through passion.",https://image.tmdb.org/t/p/w500/wE1A9fQFP9BhTXbP4lsPfDUR1tt.jpg,https://image.tmdb.org/t/p/w1280/lIiBX2XCZyidq7QdQwIcohmCUJV.jpg
f1176fe7e39ab8f3698171536b7bb79efb54e091c0d54dd22d5732cdf3431a9d,844530,The Judgement,2021-09-02,2021,130,Lançado,"A Dutch TV journalist finds himself challenging the police, courts and media as he attempts to uncover the truth about the controversial 1999 Deventer murder case.",https://image.tmdb.org/t/p/w500/bmajnbYU1uRqokxo04p13CuPhX2.jpg,https://image.tmdb.org/t/p/w1280/9IuANz6AFiRApEIUqFjmItIypb7.jpg
9a754cb8fbc53ebe0a59e3a177702d52c248782388d90d93ee74321690a51bbd,844943,Foi Um Tempo De Poesia,2021-06-24,2021,13,Lançado,Sem descrição,https://image.tmdb.org/t/p/w500/e3gchHw6G1Ddd0tRmWklPA7k3tb.jpg,https://image.tmdb.org/t/p/w1280/sts4DomlbIu9610aj6TZiMyEH4w.jpg
0bbe417162d5afc5fc223e35a9089d8331eceba9210db51a4aee024b6c234c88,845322,Duck The Halls: A Mickey Mouse Christmas Special,2016-12-09,2016,21,Lançado,"Donald decides to stay home for the holidays instead of migrating somewhere warmer. To celebrate this special time, Mickey hopes to make Donald’s first Christmas the greatest ever!",https://image.tmdb.org/t/p/w500/x545Qnw4veGh9IIK3e3qP4yean.jpg,https://image.tmdb.org/t/p/w1280/k8yCG6Z19n0yjcgcBLtxmjjqeNV.jpg
4ada8bd3abb86097762037d45d2226366115567d9462eb2a89e5587fbcddbc7d,845493,Perfect As You Are,2021-08-19,2021,0,Lançado,"The film, set in today's Budapest, is a romantic dramedy about the lies of relationships and creation, in which the world of advertising, book publishing and social media collide with the accidental meeting of the two protagonists. As the burnt-out advertiser and the esoteric success author come into ever closer contact with each other, they become entangled in a web of their own emotions and well-constructed lies.",https://image.tmdb.org/t/p/w500/uF48kfHY0uQbAsJGyu1WOdTJZrZ.jpg,https://image.tmdb.org/t/p/w1280/2BlNdAYmFdLtekS0LPwfavTXNmO.jpg
6aac106b8d90d063185bc8a602d2268b55d38f8d7df346c6443a7ad981279fe5,846064,Reclaiming The Negative,2020-02-08,2020,12,Lançado,"In 2018, photographer Tim Franco began shooting a series of large format portraits of North Korean defectors using an unusual technique for a book detailing some of their experiences.",https://image.tmdb.org/t/p/w500/nbYNfyChoQMqOTJ0mUUU4FfaN1B.jpg,
7897761c28b08de9a0b008b24bc8851333ec1b84df016a95165d4810607792ac,846219,North Wind: Broken Time,2020-09-17,2020,0,Lançado,"China’s booming animation industry has reached us. The film in question is Shuo Feng — Po Zhen Zi, an action epic directed by Zheng Wu and based on an internet novel by A Nu.  From what we understand, the film is set in the eighth century, during China’s Tang dynasty. The story draws inspiration from real historical battles, which pitted Chinese forces against the Islamic Abbasid Caliphate and Tibetan Empire in Central Asia. Watch the hyper-kinetic, elaborately composited trailer below:",https://image.tmdb.org/t/p/w500/m2Io7ygz7ItdXMmCid8CdKcZiGE.jpg,
8a11883f47ea282edc0ab7ab924a648c0d02bf02f9050beee11acccae9532869,847343,Close Ties To Home Country,2021-04-06,2021,15,Lançado,A millennial immigrant dogwalker finds home in the hearts of the rich people's dogs she dogsits.,https://image.tmdb.org/t/p/w500/e19K7Jabzf2OLioyPn5yuazKvkb.jpg,
762e2443fa1921ad2d32e6105586f56e99b1f5bd857dedcf3d33c7189fb1f437,847803,Breakfast : The Three Siblings,2018-11-18,2018,5,Lançado,"Joselito, sets a breakfast meeting with his siblings Amor and Isko, to talk about their inheritance.",https://image.tmdb.org/t/p/w500/83RyGr7i37lmZJq47fBZHmrjcGp.jpg,
57c8fcf0e3a35591827ddebba72e5584368b776e8654e9c86cba8093b3bd3f19,847839,Wetherspoons: How Do They Do It?!,2021-07-05,2021,45,Lançado,"A behind-the-scenes look at the inner workings of one of the UK's most popular pub chains, shining a light on the secrets of the brand's success. The programme explores how Wetherspoons has gained ground on its rivals by being cheaper, quicker or more responsive to customer demands, and reveals some of the tactics used to keep their customers coming back, from cheap deals on food and drink to opening their doors morning, noon and night.",https://image.tmdb.org/t/p/w500/jDXunyuNBSI7WI7ItpTAAqB41nh.jpg,
5bf6d5303df0c340d092ab86196b245a6f3edd5ca3c03c648b58d06a001c4cef,848391,Hillwalkers,2022-03-08,2022,80,Lançado,"When hikers trespass onto private land, an altercation with the landowner descends into violence.",https://image.tmdb.org/t/p/w500/mCiK6PJ9D8ThGUEW6q9zQP6GPMS.jpg,https://image.tmdb.org/t/p/w1280/6M7Ksv74wRSWbTbKVFEXZGG2NT.jpg
107dad237e326691a250715fbb216b6190f78d068988cfe92f1a16706708bcbb,848772,Dragonfly Boy,2021-07-08,2021,90,Lançado,"Dragonfly Boy is an LGBTQ+ Feature-Length Film about transformation and acceptance. Freshly 21-year-old Graham is currently in a battle over who he is and who he loves. In a world full of opinions and self-hatred, we watch as Graham endures this struggle and how he grows with himself and the amazing people in his life around him.",https://image.tmdb.org/t/p/w500/A6XHZS0kQQzESsp2jbq13Fwqhf6.jpg,
1d7887fae6b9814c3bd576121855f9191625867443e19d93c8f0b95cab86fe83,849069,Plagues And Pestilence: How Pandemics Changed The World,2020-10-01,2020,56,Lançado,"COVID-19 is far from the first pandemic to wreak havoc in the world. A long line of infectious diseases have devastated and in some cases destroyed entire societies. This documentary examines the causes of epidemics. It also sheds a light on the impact infectious diseases have had on politics and societal change. Today, the world is facing COVID-19. Measures such as quarantine and lockdowns are being rolled out in an effort to control the spread of the virus; and some are questioning how effective they are. Over the centuries, scientists managed to develop treatments and medicines to help control or even eradicate infectious diseases. Virologists are facing that task again with the coronavirus, as the world frantically searches for ways to overcome a pandemic which threatens our modern way of life.",https://image.tmdb.org/t/p/w500/t8Tbr6Gn5HUylAhRoGpTFk9tJIs.jpg,
b7040ff0038a98379df049102ee690452a1ab35ed9007a2fb31bd767129d836e,849469,Bob Gomel: Eyewitness,2020-07-11,2020,67,Lançado,"When history was made, Bob Gomel was there. This documentary examines the stories behind the stories of some of the most significant events in the 20th century. Hear and see the history unfold from the perspective of a legendary LIFE Magazine photographer.",https://image.tmdb.org/t/p/w500/jnNAvNbVgGbrvTOLk8vZOnjIOFc.jpg,
86aeef67fc162b085705007b1b1e95b129b897e09516c7b538345a4ebef37bab,850007,Things Unsaid,2022-11-20,2022,95,Lançado,A troubled teenager disturbs the fragile balance of a married couple when she moves in to stay with them for couple of days.,https://image.tmdb.org/t/p/w500/9z55Vf1m8UVnTGI1PgO8iovy2Mh.jpg,
09067be27b3eead090165f444c0b47a44c64f64c145326973751d530c08c4af8,850132,L.o.l. Surprise! Winter Disco,2019-10-11,2019,42,Lançado,"Tahani and Mykal-Michelle are snowed in with no lights or internet! Tahani takes us into the world of L.O.L. Surprise!, where everyone is preparing for the coolest party ever: The Winter Disco! When Midnight is the only B.B. not invited to perform at The Chalet, she embarks on a journey that will change the Winter Disco FOREVER!",https://image.tmdb.org/t/p/w500/xP5nMZ6yuljdXrgXuBvUfLIQ5sa.jpg,
7dd9b4571da7075b6ce7c6bee818a8efc21c3a00e226e0eb0fac7f690205eb3c,850144,Tech Billionaires: Bill Gates,2021-06-22,2021,50,Lançado,"Bill Gates, the extraordinarily successful American business leader and philanthropist. One of the best-known entrepreneurs, who started a business out of a tiny space and grew it into one of the most powerful companies in the world, Microsoft. The tech billionaire legend has estimated net worth of over $100 billion. After spending 13 years as world’s richest man, he now spends his time and energy on tackling global poverty, and dedicates his efforts in philanthropic endeavours such as climate change, global health and development, and education. Talented, driven, a bold achiever with a long term vision, determined to make a significant positive impact in the world by helping the poorest countries. In this show, follow the journey of one of the world’s greatest leaders, from his early days as a quiet computer programmer, to the multibillionaire philanthropist he has become today.",https://image.tmdb.org/t/p/w500/aEo4ESO2sm1FQMGvslwGt4vgehy.jpg,https://image.tmdb.org/t/p/w1280/usYBYo09XG9PTckKlLY56RDQvU2.jpg
07bc084a09f8d4bc761669b985d6ce6647c9283421e3172b7708a04ed9ed269b,851307,The Blood Thins,2019-09-15,2019,72,Lançado,"Polly Duggin, a young wife and mother, who abruptly loses her husband and young daughter by weird and unusual circumstances and is forced to begin a quest to discover the true cause of the tragedy. The plot twists and turns as Polly confronts strange visions and disembodied voices.",https://image.tmdb.org/t/p/w500/4xKSYKY3sIilehnBApTaWunHKvc.jpg,
42929523e2920f7f05338349943b27480a3c34a22858a8144f498faea0f3881a,852052,Banger.,2022-09-22,2022,105,Lançado,"One night and a wad of cash he suddenly has to come up with quick. So he and his friend Láďa have to set out on a wild Friday odyssey full of cocaine and rap. The pursuit of fame and respect in the music scene slowly transforms into a desperate and dangerous attempt not to miss out on the chance of a lifetime. In their adrenaline-fueled ride through the nighttime streets of Prague the pair of friends are caught in a time crunch, teetering between a rap career and a moral choice which threatens the lives of dozens of young people.",https://image.tmdb.org/t/p/w500/yC2KRI4cWkcWwWIpXMZpyHAOyNz.jpg,https://image.tmdb.org/t/p/w1280/yPqXH5bRJEwh38dSOAXTGR1aWJp.jpg
a80ae117c3fa744958f717cc2de5c90692f660de9b57e7890ac5f83d34785a7b,852084,Intense Battles Reloaded,2021-07-01,2021,101,Lançado,"""The ultimate revamp of the original """"Intense Battles"""" from Ryanium Films. A young boy Elia grows up devastated and in desperate search for the reason behind his father's disappearance. One day he discovers a dark secret past which his father had tried so hard to lock away - but there is no stopping Elia for what he will do next.""",https://image.tmdb.org/t/p/w500/kuOevZS6qEpB3180iHV1Z34LFrK.jpg,
bb24b3fd7215b30cca72336c7f932f2dc2552b59eb0da0f3163698805ea419ab,853563,The Crooked Mind,2016-12-12,2016,120,Lançado,"Kyle Carson is diagnosed with multiple personality disorder, also known as DID. He despises his community after doing a background search on everyone who he believes has committed a crime without punishment. When one of his multiple personalities, Jonah, comes forth; he trains Kyle to kill and not be seen. Detective Amon Barracks leads the charge",https://image.tmdb.org/t/p/w500/vRRyJ60PdUFIJgL140mLH5S8i6W.jpg,
4566baff60c25e6dda28a0563af3273822de5e049762c3bb0a7b3b6bfe7035eb,854648,Robot Apocalypse,2021-07-26,2021,87,Lançado,"An expert hacker is targeted by a sentient AI after she realizes the threat it poses, and she must try to stay off its radar long enough to stop it.",https://image.tmdb.org/t/p/w500/hULzHYoJRyLmQgMXHh2AwFM83uY.jpg,https://image.tmdb.org/t/p/w1280/ixhr0YVs0Du0fPIYQSYYOIf3j0R.jpg
524d75c4530f9f6d004677dfe9564f59d8e08793e476f33f77c2912c1c66f430,855618,From The Balcony,2021-10-14,2021,12,Lançado,"A little story from a blue-collar neighborhood. Lina, a middle-aged lady who never leaves the balcony of her house, intervenes in everything that happens within her visual field. People passing by in front of her building, neighbors from the apartments across the street, everyone realize that whatever they do, Lina is watching day and night and intervenes: From throwing a bandage from her balcony when an accident takes place to giving parking advice or notifying the police for a burglary. Some are surprised by her attitude, but most are annoyed by her constant gaze on them. Until Lina loses her son in a car accident and does not go out to her balcony ever since. The neighborhood is not the same anymore.",https://image.tmdb.org/t/p/w500/xNW9Zd41DMI9uggRgQw389aEG3x.jpg,https://image.tmdb.org/t/p/w1280/f7JNIBVMgA0m8XrUZqgAMeWGccp.jpg
f1f9b1b0c42ae3209752cc102aa2fd703e7452da9f8d71c99b04caa50754ae5e,856410,Princesa,2021-09-09,2021,49,Lançado,"Princesa is a young Nigerian woman who arrived in Sardinia as a victim of human trafficking. There is a syncretism on the island, between the beliefs of a primitive animism, traditional Christianity and the more recent faith of the Nigerian Evangelical church. Princesa's face reflects an inner world dominated by fear, the break with her own land, and the desire to make good in a new one. Footage shot during a Nigerian funeral rite and a sequence from a Nollywood drama both contain biographical traces of the lead character. Princesa has made a choice, but she is not yet free.",https://image.tmdb.org/t/p/w500/jwc0SLAf147WuXHU36VX5we7dVs.jpg,
096c7a851725496e881b7a1e8cd94359fb8224f82add914f9e7e25fdab96db40,858064,Night Of The Animated Dead,2021-09-21,2021,70,Lançado,"An animated retelling of ‘Night of the Living Dead’, in which a group of people in a rural farmhouse struggle to survive the threat of bloodthirsty zombies.",https://image.tmdb.org/t/p/w500/mluarGbxZjgvhe5bteR7P24HHAw.jpg,https://image.tmdb.org/t/p/w1280/aJBpwcfIdurKgiCTYYiqtXkRwUR.jpg
006f7a263bb17d77eaffbb8672d837ee3fb708269daa45fa817a0101fb89e543,858068,Rick And Morty: Summer Meets God (rick Meets Evil),2021-08-02,2021,15,Lançado,"Summer's new boyfriend is not human; Jerry is in big trouble, as usual; and Rick is well… just being Rick.",https://image.tmdb.org/t/p/w500/rB1DINCs5d4LjBUJr4reXZVjM3v.jpg,https://image.tmdb.org/t/p/w1280/4Y66T9lELJqlpozIQlvBRKlk1aM.jpg
7b86c7443f09b59f84da05e3e02e5214760ef8f530317babedde37e13ece2805,858218,Higher Methods,2022-12-01,2022,90,Lançado,"Matt is an actor whose sister goes missing years prior. His search for her leads to fanatical theatre group, whose leader employs horrifying methods in sharing the art of performance. What follows for Matt is a descent down the rabbit hole until he cannot determine what is real and what is fiction.",https://image.tmdb.org/t/p/w500/3nQsQT12gUNZ4BxPJH6vxGocWWI.jpg,https://image.tmdb.org/t/p/w1280/h0bzMjv5KetxUcZF2dGhNiqtdci.jpg
704908b5824c49b0a760b734256a3aca6d2a400e923cbb313b2cbd025fbe7459,858381,Eating Our Way To Extinction,2021-09-16,2021,81,Lançado,"With searing insight that shines light in dark corners, EATING OUR WAY TO EXTINCTION is a compelling feature documentary that opens the lid on the elephant in the room no one wants to talk about. Confronting and entertaining, this documentary allows audiences to question their everyday choices, industry leaders and governments. Featuring a wealth of world-renowned contributors including Sir Richard Branson and Tony Robbins, it has a message of hope that will empower audiences.",https://image.tmdb.org/t/p/w500/aclMin8gNrGyMlnyqkafBGidyLz.jpg,https://image.tmdb.org/t/p/w1280/hOHTDxD2C6vGZDbxTtZBb3p70kP.jpg
aa7016431555e48b0b27de51f195ea80687b99985cd17b2d1c1251d9917988d8,860433,Günter Falls In Love,2021-09-10,2021,0,Lançado,"One Christmas day, Günter, a pudgy family pug falls madly in love with an inanimate object.",https://image.tmdb.org/t/p/w500/cgcaMII6PHHDm7Rrsqjafb1m8v7.jpg,
908fecd994b12a3eabb488d0613a78f266eab11603241d469eebb3bc4611cb3a,860542,Unfamiliar Cosmos,2020-04-17,2020,31,Lançado,"To travel an infinite universe is to find the unexpected. Ares (Phelan Davis), a soldier of a distant and bittersweet future, finds himself thrown into The Void: a dimension used by humanity as a shortcut through space, thought to contain nothing but emptiness. This theory is proven wrong, as we discover the vast footprint of an ancient and ethereal alien history. Early in our journey Ares stumbles onto John (Joe Finley), a troubled young man from the recent past, also thought to be trapped in a part of The Void. As the two must part ways, they find themselves on similar paths, surreal and uncertain, each step taking them further down the inter-dimensional rabbit hole.",https://image.tmdb.org/t/p/w500/eeCzvfi83boyPxpAEvNK5Ag7i9P.jpg,
57b74b1a3c02908f794b553e0966915e1d23c9ea2e9438598e62b6de38c6bd08,860987,The Zone Post Atomic Journey,2022-09-06,2022,0,Lançado,Sem descrição,https://image.tmdb.org/t/p/w500/muUPCR3obOL2binKMlwKZAPL68N.jpg,
8b25bdd16473373aa4a3c95105f9d5a0ff4241a112c76424d1f8f839b74ca6ac,861366,Inner Outer Space,2021-09-11,2021,16,Lançado,"Lertxundi’s first film since relocating to Spain from California in 2019 is a triptych composed of three independent and yet interrelated pieces – Teatrillo, Inner Outer Space and Under the Nothing Night. A new setting for the filmmaker but the same sun-drenched blue sky and sea. Like all of Lertxundi’s work, Inner Outer Space is a film about relationships – between characters, between characters and landscape, between image and sound – but also, and ultimately, a deconstruction of the production process that highlights materiality and artifice. Just like the blindfolded woman in the film who attempts to orientate herself in a new geography, Lertxundi is learning – through the making of a film – to reacquaint herself with the landscape of her native Basque Country. The concluding chapter – in which two young women perform a mysterious choreography to the projected images of waves – is an outburst of pure feeling.",https://image.tmdb.org/t/p/w500/dl1Ud1t8hRn9e9mZoCeBy5Ukf87.jpg,
e6e980047c7da7a5cced38c2073a7003d5160ea917490a8cf1f2c8997cfc7e9d,862280,Nneka The Pretty Serpent,2020-12-18,2020,141,Lançado,"Years after the mysterious murder of her parents, a traumatized woman gains supernatural powers that aid in her quest for revenge against the killers.",https://image.tmdb.org/t/p/w500/7vvyxeDdYn7vp3oAdVf1NX3KAq3.jpg,https://image.tmdb.org/t/p/w1280/3xky8F5bmIoeyCsCZWIQL4J0sLz.jpg
cb72d5ec85a0931637190a49b0df4f12c38ed5821ffbd8c2b14423a6dd701755,862364,Buko,2022-09-29,2022,0,Lançado,Sem descrição,https://image.tmdb.org/t/p/w500/5WL2B2B8dNhnoRCDSyBcsCK0nIF.jpg,
ccc6b911dc86253e87bedb86ca42e5872e4592f3d367b03d12ccd1cf53d9aca7,863794,The Summer Holidays,2021-07-21,2021,26,Lançado,Sem descrição,https://image.tmdb.org/t/p/w500/2WQnVhq3wDzOPricFcinPT6l6S3.jpg,
7377609d2a9f01699abd915c44de55986188786a39c184b5936b6eb4baafccbe,863924,The Syndrome,2022-02-17,2022,96,Lançado,"While Saint Petersburg is shocked by the series of mysterious suicides, Egor is about to move to Moscow to leave the past behind and start over. His plans change when he meets Karina who believes something supernatural is happening. Together they will try to reveal the secret of the reoccuring deaths. The secret that will lead them to the sinister Man in White.",https://image.tmdb.org/t/p/w500/nRyLwM16bEMIoGKv3F4g28D29ZP.jpg,https://image.tmdb.org/t/p/w1280/1KnS7wlr6Flqfuim2nBhzNG2sKy.jpg
0d67cd4413ac56a286072c3d3caa049cfcb60f0da3904cfb9df1f750e75f57df,865203,Cab Stories,2021-05-28,2021,90,Lançado,It's a relationship journey of 4 DIFFERENT PEOPLE travelling in a cab and multiple twists and turns happen on their way to their destination,https://image.tmdb.org/t/p/w500/c2jBKVFZoGGfr33kRT4AwFFsGGv.jpg,https://image.tmdb.org/t/p/w1280/nHya4eOinAentWSSb0dgxMSIUKg.jpg
9d8f7dd93b9c7202fb8af11e0fcf7918bf888310e5d4f8fba89aad4692886348,865346,Butta American,2021-09-25,2021,90,Lançado,Punjabi Romantic Comedy,https://image.tmdb.org/t/p/w500/cRHwpz4XdiNubku44ba1Jtivb1T.jpg,
a2faca423047e8c1c31c1c5db5e895659b51e845144af5f36204f5ff3b8d8fde,865368,Carmen,2022-09-23,2022,87,Lançado,"In a small Mediterranean village, Carmen has looked after her brother, the local priest, for her entire life. When the Church abandons Carmen, she is mistaken for the new priest. Carmen begins to see the world, and herself, in a new light.",https://image.tmdb.org/t/p/w500/8fjHguUMC8KTeIIPln9KogrYLgO.jpg,https://image.tmdb.org/t/p/w1280/5WK1CFoRIVE0tXcq3PHaoKXA2sr.jpg
b4f7469e3ab7f3dac60b79a4d5da2de9e793710d7c4fe831bcdd279e6fa349b8,865385,Bilindar,2016-04-22,2016,114,Lançado,"A bold young man is faced with several difficult circumstances since childhood, and as a consequence, he adopts a life of violence and crime. Given the right incentive and opportunity, can he reform himself and become a productive and law abiding member of society?",https://image.tmdb.org/t/p/w500/bE7C156ALoNbeVa5smmMz9MW9IF.jpg,
d841468ad796107c872c522eacc09bb8319e4a7f08c6457e7d795f3081b86d7c,865400,Mikado,2022-06-02,2022,96,Lançado,"One day, teenager Magda offers her expensive necklace to a sick child in the hospital she volunteers for- her father is certain she is lying again. When she proves her innocence, he is ashamed and guilty but also incapable of admitting he was wrong. Relationships are now broken and in chaos, and past decisions have an irreversible outcome.",https://image.tmdb.org/t/p/w500/hulyYvR1CvdIl6enZtU6HAcZVRe.jpg,https://image.tmdb.org/t/p/w1280/1F7WWHoMBVxGn6Yl8oq5JVetE1h.jpg
64d39cd0578ad3fc3be16e64b86a0fb3511ea29a878d348705d9742acbc99ccd,865627,The Body Of Levi,2020-10-04,2020,16,Lançado,"A young boy named Jeremiah is brought to a faith healing ceremony for his best friend Levi who is gravely ill. There, a priest named Gabriel performs a ritual that ends in tragedy and traumatizes Jeremiah for life.",https://image.tmdb.org/t/p/w500/eUcFNKSyfzsk0lAZgyQqKbChv5V.jpg,
f279ec73bc44f3146f4349b8aaf74259d6c43656cbc21c13a0e73a4ec1260bfd,866254,The Last Victim,2022-05-13,2022,103,Lançado,"Set in the American Southwest, Sheriff Hickey tries to solve the worst case he has seen in his small town, likely caused by a violent local gang led by a fearsome criminal.",https://image.tmdb.org/t/p/w500/lkMotc2mM4VuJmMPWUkZ8niEFbP.jpg,https://image.tmdb.org/t/p/w1280/hpze04ypaOpiErQaCOLqSzbaarv.jpg
b0380863182fe61522ea04c955ad6e43635c6702b13bff26e76e7cae5526c4b2,866737,Trans Mission: What's The Rush To Reassign Gender?,2021-06-17,2021,52,Lançado,"Trans Mission: What's the Rush to Reassign Gender? is a documentary film featuring experts, activists, parents, and educators discussing the medical and surgical transitioning of children.",https://image.tmdb.org/t/p/w500/KuBFmYmBMN1C4JaqLVsEl3iGL4.jpg,
bc8f5eba6d350fca8d38771e054f52477af797a729fa0c920cfd168f02672a55,869512,Koşar Adim,2020-01-01,2020,10,Lançado,"Omar is a young man who started out as a taxi driver. To get rid of his financial problems, he returns to the place he once went to gamble. He gambles away money that doesn't belong to him, and his way out of this situation takes him to a darker spot.",https://image.tmdb.org/t/p/w500/okZdVBoBATl8mq982FttOpiDiub.jpg,
7a5b13f551f1707f66947cd7573f31baff12430085efd7c3918572404015f587,869600,Ablagh,2021-02-01,2021,115,Lançado,"The film tells the story of a woman on the outskirts of the city who lives with her husband and child, but the story of their lives changes.",https://image.tmdb.org/t/p/w500/ze8BcYkaG2fKUM11otESkYDNtvU.jpg,https://image.tmdb.org/t/p/w1280/lbkjJtB6ilt4RTbmIAyJ5qjSu7q.jpg
038c4be49db8402a00bc77fb60cb3acfd686bd97954a1bd725c3b10c34eab650,869874,Matriarch,2021-01-07,2021,71,Lançado,This coming-of-age film tells the story of a single mother’s journey to overcome major depression as well as the economic pressures of post-2008 America.,https://image.tmdb.org/t/p/w500/mzuPqySDRvpbZELGl4CteAnqPMH.jpg,
9963a8353eaa1cdb9d384fb8f62aeb2b6f9fabfd49cfb83ad416fe50e44b481a,870354,Elon Musk: Aiming For The Stars,2021-01-10,2021,49,Lançado,Sem descrição,https://image.tmdb.org/t/p/w500/tP9Hjm7dQFSFBeCRLS58Q4PGMGa.jpg,
e11d7dfbe3e51ed1b254ac3929cb32e0221463bd2f44c764f166fab3f948e660,870619,Flesh,2021-09-05,2021,70,Lançado,"After a young woman is forced to take part in a strange ritual, her body begins to change.",https://image.tmdb.org/t/p/w500/z2MAB5JOYDblas6Y6kgFEOGTBF6.jpg,https://image.tmdb.org/t/p/w1280/AkcGQIe8nzLHyvYcLysKaP4HZA3.jpg
5c40fabf3c16ad4e27a8ee1d1323dfa59d65b52dc6b4b22befb34f2a6b8cd29b,871190,Where The Land Meets The Sky,2021-09-06,2021,85,Lançado,"After eight months of separation, Eric Rodgers must deal with the sudden death of his wife and the emotional process of reconnecting with his young daughter, Rachel.",https://image.tmdb.org/t/p/w500/79WKGyYn58b50CgkQdRImOc4Zb9.jpg,https://image.tmdb.org/t/p/w1280/uxTheB0MN5vtxvFBWoePaRSrGcD.jpg
168ece52b832f7b6e3c62fc089e99dac77e71dfd51a2aba692b8cf120faa8fe5,872605,The Grey Area,2021-09-24,2021,36,Lançado,"""Our western culture has very specific expectations of the genders, particularly women in how they should look and act. What happens when a woman who is socially considered """"masculine"""" pushes against society's standards? The Grey Area shines a light on the unobserved effects of gender stereotyping.""",https://image.tmdb.org/t/p/w500/lRo9gEawB4Q4HDT4pX0gD1oXugn.jpg,
4e312c92ee479ba407cc8f008f62e91d99de3fe1f47dc673fbdeb79f9db6eb38,872776,Diseased And Disorderly,2021-10-06,2021,13,Lançado,"Neuro-diverse artist Eden Kötting’s remarkable drawings, paintings and collages create an illusory, animated world where the rules change and everything is possible.",https://image.tmdb.org/t/p/w500/395MqP52EGh4vAkWK6dDy1plV0Y.jpg,
8caa7cb25929bb6eb38e8af31396326fd27dba88143cd05a08a8b416900f9bc3,872783,Stiletto,2021-10-05,2021,18,Lançado,"Hasan is a taxi driver working the night shift. On the early-morning drive home, he sees a woman passing in high heels. Fascinated by her appearance, he does something that leads to disaster in a world where the boundaries of masculinity are clearly drawn.",https://image.tmdb.org/t/p/w500/9WicQeSPqR0jNTg36P4iQ1suoOa.jpg,https://image.tmdb.org/t/p/w1280/p8zuDY3DFUfMCLNgMG90fJoVN5H.jpg
e3409872a1eda8de57af50693fb64997ff77f5864ca960b098dbf1bb0cfed28a,872946,Vinny Mancuso's Rules For Good Business,2020-10-02,2020,6,Lançado,"Vinny Mancuso, a young mafioso, tries to shoot an infomercial to promote his new book, but things don't exactly run smoothly on set.",https://image.tmdb.org/t/p/w500/2UYU2vlZgQRG1vNs36zdAqGiytV.jpg,https://image.tmdb.org/t/p/w1280/rSo9c9uDFVKiQcMExbJVxoYWv97.jpg
0fab9e448b93219de0a43322fa2cbbe75f4e3b9bf4d74f1dbd99e921d6aa463a,873037,Honest Days,2021-09-18,2021,80,Lançado,"When she is fired from her only job in a series of infomercials, Amanda, an actress with little talent and whose film career is forgotten, decides to resume her career in the midst of an economic crisis that leads her to a questionnaire about her vocation, but also, that the shore to rethink its responsibility as the mother of Nicolás, a 7-year-old boy to whom she had not paid much attention until then.",https://image.tmdb.org/t/p/w500/vSvnCEIz6rw67JHj5gLGHF6f2t8.jpg,
b5b6d4f53544128acda4a86bbe71c76c67508359239966e470c8ef2640dc3e11,873891,Verdwenen Dagen,2021-09-27,2021,45,Lançado,"In a virtual reality simu­la­tion that allows people to relive precious moments, a young woman is unin­ten­tion­ally confronted with deeply suppressed memo­ries of her first true but lost love.",https://image.tmdb.org/t/p/w500/akHimeo3SehUyCRVIWOZGXSL6yf.jpg,https://image.tmdb.org/t/p/w1280/edPzzlAMS34hL3mFzjKWxNUviLP.jpg
85894875f0f6765bb15c2e7b08961b28fc53b2f252aac19bb6afd688bb6cdbf3,874645,Getting Away With Murder(s),2021-10-01,2021,175,Lançado,"Almost 1 million people in 22 countries carried out the unprovoked murder of 11 million innocent men, women and children. The Allies knew where a great many of the murderers could be found - Germany, Austria, Italy, the UK, the USA, Canada, Australia, and numerous countries in South America. The Allies unanimously agreed to prosecute those responsible when they drew up The London Agreement in August 1945, but, after the late 1940s, these very same Allies did almost nothing. Why were so many were actively permitted to get away with their crimes?",https://image.tmdb.org/t/p/w500/cutmaC0wbH1x1OEgLSfJPN5TzGg.jpg,https://image.tmdb.org/t/p/w1280/vwyVQQOJzZwJZptdEq3XCoOPz4t.jpg
c6bb38fe3debae78f813f40110dc59e61392adcbc12a9180905af38940b68aeb,874743,To Every You I've Loved Before,2022-10-07,2022,102,Lançado,"While struggling to make friends after his parents’ divorce, Koyomi Takasaki meets Kazune Takigawa, but apparently, they already have. Kazune reveals that she’s from World Line 85, an alternate universe in which she and Koyomi are lovers. But in a reality where moving between dimensions is natural, could Koyomi be the one from another world?",https://image.tmdb.org/t/p/w500/yl4WOrXTVFihtd6wcxpwkKD7xoP.jpg,https://image.tmdb.org/t/p/w1280/dqTOcdf1ILtakesKUhBOutaIee3.jpg
c1c594c488ffe995887e453420aec8c5bf2570a3db8a0e5cb0343314a36b4b84,874773,Love Is Better Than Life,2022-01-19,2022,115,Lançado,"Upon their release from prison twen­ty years ear­li­er, Gérard, Ary and Philippe asked them­selves if hon­esty was not the best rack­et of them all. Today, they are insep­a­ra­ble and scrupu­lous­ly above board. But Gérard learns he is ter­mi­nal­ly ill. Their friend’s days being num­bered, Ary and Philippe want to offer him one last love sto­ry… because, as Gérard likes to say : love is bet­ter than life.",https://image.tmdb.org/t/p/w500/rGXJ5noVrm8RPGQDMyTO5iYSzMQ.jpg,https://image.tmdb.org/t/p/w1280/vcd37bEZ9jxef89rPksYJ3u6KqC.jpg
22128432edf2bd4c0aeabc159bc930dfa9d2a1f1fba673eab0fd248c3bd96b5d,875256,The Giraffe,2021-03-03,2021,17,Lançado,M is a woman Who lives alone. She suffers from insomnia and she needs someone to sleep with her. The process is the following: she finds different people to sleep with each time. She wants the touch of another body in her bed.,https://image.tmdb.org/t/p/w500/fBWzPIz9zxwOmiaH0egxsPFi3AT.jpg,
2f51d357da99f3b5b2fe2f8517086329083584c25e1c7a64dc578202c1a2267c,875306,We'll Be Fine,2022-03-25,2022,89,Lançado,Sem descrição,https://image.tmdb.org/t/p/w500/xuZvLwNFGmxfw0c4ZBJa7licVM.jpg,
0ae01eef9bfbdf6617b7b7054d2b6a77776efbf33e9be790c925ee827e3ad940,875407,The Longest Night Of The Summer,2021-06-10,2021,0,Lançado,Sem descrição,https://image.tmdb.org/t/p/w500/czZ4AWR7f2q8VE0lQ0cdf45C8yj.jpg,https://image.tmdb.org/t/p/w1280/1D6T687JS3g4Y11C49w3MjlQ0Xg.jpg
ca1f7c095a91ef864d18608d0cc496c72d53539bcbd79a9fa5fe720cf8284f3f,875881,Einstein And Hawking: Unlocking The Universe,2019-03-10,2019,0,Lançado,"Exploring two of the greatest thinkers of humanity, and their contributions to our understanding of the universe.",https://image.tmdb.org/t/p/w500/ieRnhN4Ko7xQD0qMikt6DBuWb3t.jpg,
9cea5e5540dd848a75cdda93e67166f17985757d2116f86ed105a7785e53379a,876201,Memento Mori,2021-07-23,2021,9,Lançado,"A post-mortem photographer's certainties are shaken by his latest subject, a recently deceased young woman.",https://image.tmdb.org/t/p/w500/qQfCAH1p1LkwU1VBbSp5H9S9qUl.jpg,
955f2aed8327924221eea37418ad3d7001142dcc10f47edbbf23fa88b79a63cd,876254,At The Mountains Of Madness,2021-07-27,2021,69,Lançado,A group of scientists studying climate change discover untold horrors on a disastrous expedition to the Antarctic in September 1992. Inspired by the H.P. Lovecraft short story. The second film in the 'Sekurig trilogy'.,https://image.tmdb.org/t/p/w500/yCW9FPVEZounMRirtA6AZmKaO4z.jpg,
1719ccce90779ee6fc9c2b7937df2da61fe1fce978b11655b9c7d17cd1816ffb,876802,Saint Drogo,2023-04-11,2023,78,Lançado,"A gay couple, whose relationship has grown a bit strained, take an impromptu trip to Provincetown, Cape Cod in the off-season. Caleb, one half of the couple, has been plagued by nightmares of his ex, who had been working in Provincetown for the summer. When they arrive to town, it appears Caleb's ex has gone missing. As disturbing hallucinations continue to haunt Caleb, he becomes more determined in finding him. But the closer he gets, the sooner he nears the sinister secret the town is hiding.",https://image.tmdb.org/t/p/w500/lJqebAq9ajd0MfJu8k82lgggLvc.jpg,
9e173c5b917883b8f8ca3316c3d404a366aa05e6e94207d4989a4998c842fa66,877491,Death By Handshake,2020-08-12,2020,9,Lançado,A teenage New Yorker faces a global pandemic in a love letter to New York City's resilience.,https://image.tmdb.org/t/p/w500/oXrxf3WyGxTsiAfcItXqSUez0Vr.jpg,https://image.tmdb.org/t/p/w1280/5gmvm1MgNjxkNHdDZRwLpExwRf3.jpg
eb1597037bb55dac9f2048f8203463da0f56a81beee7f7edbde0fd21c5321146,877907,Bug Bites!,2021-10-20,2021,8,Lançado,Some house guests are a real pain in the ass.,https://image.tmdb.org/t/p/w500/dTZn9LafXx6LwcV6FmI7IDGKjc8.jpg,https://image.tmdb.org/t/p/w1280/ipHkuZ6yviDtDAsCSiTf667V1Xi.jpg
6cd6c83510c30a5a9d3178cf4ba855c58d210fdbc928fd5ac2dd0858590cd26a,878111,A Christmas Number One,2021-12-10,2021,112,Lançado,Sem descrição,https://image.tmdb.org/t/p/w500/1qkUG6UcUXwkrobQOtWfjcPQr76.jpg,https://image.tmdb.org/t/p/w1280/h0QfGN4PjovosbfsvEn3Tujf56z.jpg
cd0bb7545e2de283b51dca04d4a4d9f7c4f46f6326904fc495893b3ec1b3ad6d,878127,Welcome To Hell,2021-10-07,2021,90,Lançado,"To escape the leader of a satanic metal band and the father of her unborn child, Lucia moves to a remote cabin with her grandmother. Though safe in her surroundings, she is haunted by his memory and knows he will stop at nothing to track her down.",https://image.tmdb.org/t/p/w500/nbfVzGNPyPUHpR2lSvAoChxIP0A.jpg,https://image.tmdb.org/t/p/w1280/jYbDqQQXVqXHk1wGoOJ0mSh7wHc.jpg
af897c4962ed1bb51dc7729d1f01d2b085ad2aa4778e84af0e78c88c219f98bc,879475,Love At Sky Gardens,2021-10-10,2021,84,Lançado,"When Deirdre accidentally spills coffee on regular customer and event planner, Deirdre offers to help him get back on track by lending her rooftop garden design services for his boss's next big event.",https://image.tmdb.org/t/p/w500/i2Xye19Pyg0UdyrO2yL4NuzJWru.jpg,https://image.tmdb.org/t/p/w1280/p9dFepzfNrKdXEUqhFAAdYCo9Dt.jpg
cadc117619b052fcf6c2aaa6a73d68d3da6857b1e5eefecffade551d4fe5a6a0,879514,Toxic: Britney Spears' Battle For Freedom,2021-09-26,2021,42,Lançado,"Alisyn Camerota and Chloe Melas explore pop icon Britney Spears' battle to end her legal conservatorship through critical conversations around tabloid culture, mental health, and the treatment of women in the public eye.",https://image.tmdb.org/t/p/w500/kd0k4hcAMkmQLfZpKRz2uVUTbDU.jpg,
2c558e588705487055d26e26c856239e993934cfa9e7c6bc0557f49bfe1ad7d3,879540,Dave Chappelle: The Closer,2021-10-05,2021,72,Lançado,"As he closes out his slate of comedy specials, Dave takes the stage to try and set the record straight — and get a few things off his chest.",https://image.tmdb.org/t/p/w500/lSK4iExkkVnrA8iPxZwbs8IfnUy.jpg,https://image.tmdb.org/t/p/w1280/vhAWkiH6l6sK7xtyn2daHgzPEhZ.jpg
22929e155f32ffc2e3c6d7fa80b3f6041a82d344a71d97ec97b0b6488372690e,880756,A Film About Couples,2021-09-27,2021,89,Lançado,Sem descrição,https://image.tmdb.org/t/p/w500/iDcAI3SXM1f4RPW5I9VOsvSHSh7.jpg,
39d407edcdb72ed0b280b7fe0dcb053c76086194c70570fd661421b0a7bb2526,880774,Shc: Freak Accident,2022-03-19,2022,2,Lançado,"A mysterious phenomena occurs during a video call, leading to a Texas resident's death.",https://image.tmdb.org/t/p/w500/fWoF5a2h28ZqheKuzgAFsJWVKBc.jpg,https://image.tmdb.org/t/p/w1280/wFs24aE7FRSveKGbOsU7cq6vkiV.jpg
1a05b7f22ba37c25e7c70303a5e4425cc777cd86234effa5501ef9375331bede,881138,Dr. Prim,2021-10-29,2021,89,Lançado,"A group of individuals come together during the virus lock down. They tell their stories of love, hate, greed and death.",https://image.tmdb.org/t/p/w500/eJCufcdhzX3mOrwyPjj6unGmlRc.jpg,
1448c603ad658883d4ed6a3770f03a5c2e1fe8b42fd17a5862a267ec2ac2e9d1,882027,Handbook,2021-10-25,2021,29,Lançado,Sem descrição,https://image.tmdb.org/t/p/w500/4yq6yypClzhRN1q2ejDgtKAdE4j.jpg,
6b1a93d3616cb37ae073699638bb97f2689cd0614c9f3113f2af66594c71db5e,882052,Bad Ben: The Mandela Effect,2018-06-18,2018,67,Lançado,"In 2016 the horror Tom Riley experienced in a home he bought at a Sheriff's Sale was captured on 21 Security Cameras in the home. What if he was experiencing this over and over again in parallel universes? Bad Ben - The Mandela Effect, gathers footage together that shows the Paranormal Experiences Tom had, seem to keep occurring.",https://image.tmdb.org/t/p/w500/rFTwNa4juX1zwO7jdnIRNmYuLT3.jpg,https://image.tmdb.org/t/p/w1280/gEgjr1UiA7zw0JKpymNwlTTd0X1.jpg
6b33f73f4bea06362d0e25d3c02377001f254671e397c028ca6f2f13831ee65e,882826,An Action Hero,2022-12-02,2022,128,Lançado,"At the age of just 30, Maanav at the peak of his acting career gets caught up in a murder accusation, which turns his own life into an eccentric action thriller as he flees the country, with a vengeful politician hot on his heels.",https://image.tmdb.org/t/p/w500/mxaWpWRrUzl4gOmX02ctdp8VdQE.jpg,https://image.tmdb.org/t/p/w1280/gmnX4h9BQrBZOVjzfr2c3eBRmx3.jpg
c65e3156dbd3c7b137939bfda9bd427aa5e3fcdc76d7f3a139b0695e8d7bfe47,882955,Two On The Edge,2021-10-22,2021,91,Lançado,"Otose ages out of her orphanage and tries to find a way to become independent just as her mother, Yoko, along with inescapable childhood memories, return to spoil a fresh start, forcing Otose to relive the past and confront long-repressed traumas.",https://image.tmdb.org/t/p/w500/sHykEKgyYTddKqNgOlFIaE7E5Io.jpg,
2024a82d1f33e1f1e1688d629b1604850a487f02573427ba83dc143510a7296d,883244,Land Of Warm Waters,2021-10-05,2021,82,Lançado,"The Buharovs, as the harbingers of a supra-human world, blend their instinctive cosmos with a kind of quiet poetry to lead the viewer into the Land of Warm Waters and onwards to new dimensions of storytelling.",https://image.tmdb.org/t/p/w500/v22n3V26RgmPZDJXIAjpo2L6s3u.jpg,
d4af9b1e9f523278d1bfcca65343ed2c493cb382ccbb2322fb500a9771408707,883764,Travesti Odyssey,2021-10-11,2021,93,Lançado,"The last performance of the Travesía Travesti cabaret coincides with the Social Outbreak of October 18, 2019, in Chile. In the middle of the revolt, Anastasia tries to reunite the ex-members of a fractured cast, but Maraca, her best friend, does not want to continue with the work.",https://image.tmdb.org/t/p/w500/7Pj1hLF75TgTo2eJXRbLNmukBhh.jpg,
7303dc19bb3cbc2995eb965d129fee7a1af6402bd7874639046a6d0b12909497,884546,Christmas On The Carousel,2021-10-09,2021,71,Lançado,Four lifelong friends convene over winter break for their last Christmas at home together.,https://image.tmdb.org/t/p/w500/oyapiEHXRDFMAlJVdLjxWjVWsA7.jpg,https://image.tmdb.org/t/p/w1280/c5S7EQ7t1Sps2RB6mjiWZze2pY4.jpg
c167de389afa48edca2ccefb920b1dfb39b8dd1f48b25b0e34f6c2006774c403,884836,Anne Edmonds & Lloyd Langford: Business With Pleasure,2021-10-07,2021,60,Lançado,"After spending a large part of 2020 in a Melbourne lockdown together, Anne & Lloyd have decided now is the time to go on a national tour. Come and witness these two comedians live. There’ll be jokes, stories, gossip and quite possibly the thrilling spectacle of the onstage breakdown of their relationship.  Anne Edmonds is uncompromising, fearless and hilarious. She is a regular guest on Have You Been Paying Attention? and The Project while her alter-ego characters shine in Get Krack!n and At Home Alone Together. Her stand-up special released earlier this year on Amazon Prime has been making audiences cry with laughter.  Lloyd Langford is a stand-up comedian, writer and actor from Wales, who is fast making his mark here in Australia. Since first coming to our shores in 2015 as part of the Melbourne Comedy Festival, Lloyd has toured the country extensively and become a fan favourite and regular on hit show Have You Been Paying Attention?",https://image.tmdb.org/t/p/w500/8SADhkXD0R8nPrv536cMJuTj2Gt.jpg,https://image.tmdb.org/t/p/w1280/3APYEHQ8IbxS3OINzq2TjZJAZEP.jpg
657fcc15f7f1bfd6ffbfd1cb20e004a266204bcfcf73b59e56dae1d47fb19987,885804,Moles,2023-02-09,2023,115,Lançado,"Titi, Carlitos, Betún, Jhon & Pinky, are a group of street children who keep on the move, escaping from a system that is setting their sewer homes on fire. After arriving at John's grandma's town which has also been set on fire, they are reduced to ashes, their hearts broken. Titi fights with John and leaves his friends. He will start a new path with La Ratona. La Ratona is looking for paradise and will convince Titi to come along. Tragedy and fantasy are intertwined tightly in this third world city urban tale.",https://image.tmdb.org/t/p/w500/aEJuZ9jWSqfK0sAxv6nkvFmTiDf.jpg,
37e70662642f278e4d31945ccb6c1330be6b9bde2bc695959ab2df412fb661f0,886678,Heroin,2017-10-23,2017,17,Lançado,For an artist free will is an illusion.,https://image.tmdb.org/t/p/w500/3XlazXd890G1OiFTHMcj2PtsLRn.jpg,
ec762bd47c54ab524cf1aed78e7b3c2d2966204010656555a0c744ad62bbbba5,886953,Placés,2022-01-12,2022,107,Lançado,Sem descrição,https://image.tmdb.org/t/p/w500/epKakliobTsoCDMqGSKGpy3RGbx.jpg,https://image.tmdb.org/t/p/w1280/w0uM3bqQzJpKC2RUQ2a8APMws7m.jpg
b62d781188e983af96175ac6b4d65986ec55208c04b34134d59652722266c67a,887208,Angels Landing,2019-05-09,2019,5,Lançado,Sem descrição,https://image.tmdb.org/t/p/w500/5yN7QfyveTt33fqxMa206bh50p5.jpg,
455b8771f9b3d612c0ba0a043ef33f0c0b1c44d5ca4950b6e0b6f8abeeb73e67,888409,Trevor Mcdonald And The Killer Nurse,2018-10-24,2018,60,Lançado,"25 years after he first reported on it, Sir Trevor re-visits the case of Beverley Allitt, one of Britain's most prolific serial killers.",https://image.tmdb.org/t/p/w500/wYoOOdcjZjFibLDx8CpgAeekl9R.jpg,
66fcf5366ed98290bf683852e88fb67ad6934a151716b42cad44446892b05e62,888616,Ascalapha,2021-06-18,2021,0,Lançado,Sem descrição,https://image.tmdb.org/t/p/w500/3tFG5RuWfPP8AmdArXUe7CAu3O0.jpg,
009d5b0c923954e219e479f2dc51f6e3aefbabd990c2b11365d963a9378f84d1,888910,Camp Confidential: America's Secret Nazis,2021-09-24,2021,34,Lançado,"Camp Confidential: America's Secret Nazis, is a documentary short featuring animation that  focuses on the story of a top secret POW camp that was classified for over 5 decades. In the midst of WWII, a group of young Jewish refugees are assigned to guard a top secret POW camp near Washington D.C. The Jewish soldiers soon discover that their prisoners are no other than Hitler's top scientists - What starts out as an intelligence mission to gather information from the Nazis, soon gets a shocking twist when the Jewish soldiers are tasked with a very different mission altogether. A mission that would question their moral values - exposing a dark secret from America's past.",https://image.tmdb.org/t/p/w500/eOwaUeFNsQt5ALBfZNPye33vBrS.jpg,https://image.tmdb.org/t/p/w1280/x3kWhf5FrXQKyRnIzCnSqQvGsP7.jpg
a8045d9ea16e2cf63730e5cedb8fa5d5c1e2b4894734902dbc210dc1531a2f4d,889485,Frank,2021-10-24,2021,101,Lançado,"In a moment of desperation, Ruby Chase makes a vow of servitude to a monster (Frank). She breaks her vow by committing suicide, setting Frank on a course of bloody revenge against the people she loved the most.",https://image.tmdb.org/t/p/w500/shqFRP7izTG7vjAA75W3oIfy0Su.jpg,https://image.tmdb.org/t/p/w1280/dryTVGnQytSM8aYB7wIgbMNzHZu.jpg
8f68f89ad995038a5349402dfa660f687d5bbe24a4580cff7268305dee992e00,890336,Matched,2021-10-26,2021,99,Lançado,"A provocative character driven story that explores the obsessions, betrayals and psychosis of online dating. This movie is a modern day comedy-thriller that exposes our deepest desires, fears and vulnerabilities through online dating.",https://image.tmdb.org/t/p/w500/qWurB6iyT1dH9gsZ6nZOiZw3ikF.jpg,https://image.tmdb.org/t/p/w1280/c8gu9rkToxjpVaqSTr7IVZl0gF9.jpg
4c53a77e0090ef2a8b5c6b4ee3ab38cdbd9b0edfe74307685babdc093f541d3c,890836,Dean Martin: King Of Cool,2021-11-14,2021,100,Lançado,"Dean Martin had a laid-back charm that made him successful in everything from big-screen comedies to television variety shows to live acts in Las Vegas. Filmmaker Tom Donahue explores Martin’s varied career, including his complicated relationships with Jerry Lewis, Frank Sinatra, Sammy Davis Jr, and others. We hear from admirers such as critic Gerald Early, actor Jon Hamm, and Hip-Hop artist RZA who testify to Martin’s enduring mystique.",https://image.tmdb.org/t/p/w500/nis7mAsTjvIQxi0qVxxzFaej6wY.jpg,https://image.tmdb.org/t/p/w1280/1J8QpXjUyZgudmryYc4gVSkn0aw.jpg
93794ea5c626368da6cc42093012600d04942e4586e85d3c6a54aa52638a9c66,891702,Hosticide,2022-01-14,2022,95,Lançado,Disillusioned sales manager David Pettigrew is haunted by his unrequited feelings for a married employee. He seeks distraction elsewhere and sets off down a destructive path that can only end badly - for everyone.,https://image.tmdb.org/t/p/w500/teypsvL3g7LyUJqhVlkS2ebtCP1.jpg,
117d85a2445fec730925ce474c18f49fd78a1b9564f2d359ca98bc05db20c7b9,892306,Bara El Manhag,2021-12-09,2021,101,Lançado,"Nour is a 13-year-old orphan living in the countryside in the early 1980s. He is smart, but is also a compulsive liar with vision problems and wears eyeglasses that don't quite remedy his weakened eyesight. To gain the respect of his fellow classmates, he ventures inside a haunted house right in front of the school, one that all the kids are afraid to enter. Inside, he finds a solitary old man who's hiding from the world. A friendship and apprenticeship are born between the boy and the old man, initiating a journey of self-discovery that lies at the very heart of this light-hearted drama.",https://image.tmdb.org/t/p/w500/mN5VNo60k47Ap2DrdjhMYBXEjho.jpg,https://image.tmdb.org/t/p/w1280/cAjf1lh5roaig8WzgzgkgtOALIr.jpg
632e831a529677c9c24d508bef58420896bd1eb6d58c4829ee70cbe6f3a80502,892504,Beating Sun,2023-02-08,2023,85,Lançado,"Max is preparing an architecture and landscape competition for the city of Marseille. He is confident, his project is daring but pioneering. The oral is going well. The garden on this square is finally emerging and with it radical changes for the inhabitants as well as for Max whose career is stalling dangerously.",https://image.tmdb.org/t/p/w500/et6LbIzn6XPKO84BHlhjzQ6yhPc.jpg,https://image.tmdb.org/t/p/w1280/74WE3Gcj8Y7Fhb2iTGcM6KptXdE.jpg
e7640fedd72d83bed160cb1d3f9f4ae0eba7ebc56115c587f3090f6172b66662,892538,Monsta X: The Dreaming,2021-11-09,2021,88,Lançado,"Best known for their powerful, iconic, and superb performances, K-pop band MONSTA X is loved by - and devoted to - their countless fans around the world. As a gift to their fandom, this brand-new film gives an intimate look at their rigorous journey over the past six years including exclusive one-on-one interviews with each individual member, personal stories from their time in America, and a special concert clip exclusively for MONBEBE. This unmissable cinema event also includes high-energy musical performances of their chart-topping hits along with an exclusive first-look at their upcoming album. Challenge, evolve, and dream. Celebrate the magnificent achievements and the stunning tomorrow of MONSTA X.",https://image.tmdb.org/t/p/w500/cPOV8M4TM8Eg5G6sL8pgiK00Haq.jpg,
b08c42fe0a63ebfbf49b864c6c540d4f4f50c80ec17d17d9aaea241410a18125,892865,Ultraviolette And The Blood-spitters Gang,2021-11-17,2021,74,Lançado,"After the death of his grandmother Emma, Robin Hunzinger and his mother Claudie find a carefully preserved collection of letters which Emma received from a girl called Marcelle. In the 1920s, Emma and Marcelle met at school in Dijon. Secretly, love blossomed between the two teenage girls, but after two years they parted ways. Marcelle developed tuberculosis and was admitted to a sanatorium. Complementing the sparse photographs of the women, Hunzinger combines archive footage, avant-garde films, and music to create a sensuous, poetic atmosphere.",https://image.tmdb.org/t/p/w500/5BWRBOBMQ4S1SbWhnfqnotP8COS.jpg,
2a067a2b6e1196f0dde9a21bf074c176fd669ba48b005e308a6fad94d684a551,893297,American Sicario,2021-12-10,2021,90,Lançado,"The story of the rise and fall of the first American-born drug lord in Mexico, this tale of power, money, greed and betrayal amongst rival members of the drug cartels finds American gangster Erik Vasquez scheming to become the top dog in the Mexican underworld, only to find himself making enemies out of both the powerful cartels and his own allies.",https://image.tmdb.org/t/p/w500/nQRPSUmHGLrFRPK6v3BI1frAM1O.jpg,https://image.tmdb.org/t/p/w1280/l83VzRBverTuAFyh9N9dMYsPr4m.jpg
edc98b28d394db249e03cea0feaa68cccf3195f2a38b26cf04e2b4dcbb66f08b,894724,The Moths Will Eat Them Up,2021-10-28,2021,14,Lançado,What should have been a simple train ride home at night for a woman turns into a terrifying game of cat and mouse until an unforeseen force is summoned.,https://image.tmdb.org/t/p/w500/2I9oVW5ERDkpmuqHGzWNxv4UQ9n.jpg,
210a740c90d316a9ed3d1c5536e0edefaff7e8f559f3f2f087da63d4f2290f2d,895001,The Whole Truth,2021-12-02,2021,125,Lançado,"When two siblings stumble on a strange hole in the wall of their grandparents' house, horrifying incidents reveal sinister secrets about their family.",https://image.tmdb.org/t/p/w500/6xo2OFHncAymOQtzHwPFF0nyHPl.jpg,https://image.tmdb.org/t/p/w1280/5WnfgU7myfqgkbl3CSj7LQeHU0e.jpg
013ececaca675f51734f4bd77e7dce8cfe6e3c2562a052ab3727affc90c26f09,895990,Late Night Ride,2021-10-28,2021,80,Lançado,"A group of social media influencers, led by Nat, decides to explore a haunted road and nearby cycling park, in an attempt to gain more viewers for their channel. Nat purposely breaks some taboo in the hopes of capturing paranormal activities and ends up being haunted. What will happen to her?  Jie lost his wife in a car accident and his son, Josh, has not spoken since. The father and son end up on a late-night bus ride where all dark secrets will be unveiled.  Min is a private hire driver who works day and night to earn money for her father's medical bills. Sinister happenings started to occur when she is on the roads and she needs to figure out why before the situation gets out of control.",https://image.tmdb.org/t/p/w500/7uP4Eu3fx6drfDGIKLwD7AblSTG.jpg,https://image.tmdb.org/t/p/w1280/kumEmfe87LtEtnryGEOZ3omNBJ3.jpg
fa74c0d3a785e3028f913468d5ff4b953bc6dbf9fb6e4c07fdee494e1ffccea8,896209,All The Presidents Aliens,2021-11-09,2021,70,Lançado,Sem descrição,https://image.tmdb.org/t/p/w500/d5BNkjjMG612Ks4VvgEjdEEqN8U.jpg,
a6f39aadbb4c2b48e3284814593eaeadaa0c1d62747282713cdcb3507460de52,896913,The Waltons' Homecoming,2021-11-28,2021,90,Lançado,"The Walton family is excited to learn that John Sr. will be coming home for Christmas during the winter of 1933. However, when a storm threatens his arrival and he's nowhere to be found, John Boy embarks on a life-changing journey to find him.",https://image.tmdb.org/t/p/w500/khABNCl8afSrrcmEXrQFY0gsuWM.jpg,
ff94373dc3b67566fc42b16b973db15c03b7c4230c44942a40da8da7632390d2,896983,Kommando Selbstzerstörung - Der Untergang Der Kaiserlichen Flotte,2020-09-24,2020,0,Lançado,Sem descrição,https://image.tmdb.org/t/p/w500/kkojGbRG6IZpfP6IXdT60fNZWKV.jpg,
684344ccc0d0f745f3edbfa32d1e9c28b4b3c792f03401872909e989fe5f39b4,897044,Un Cielo Impasible,2021-11-24,2021,80,Lançado,"Part of the historical revision of the battle of Brunete, part of the chronicle of the fieldwork carried out by a group of students next to the director, David Varela! signs a polyhedral portrait composed from different sources (current testimonies, written memoirs of the combatants, photos, maps, comments by scholars) that overlap the contemporary landscape of forests, groves, crops, bunkers and ruined buildings. Remains of shipwrecks that link a journey of more than 80 years through which, through the experience of young people, they become aware of the gap opened in our historical memory. FICX 2021",https://image.tmdb.org/t/p/w500/khr7wu7blVwILwHmRk9zjnH2Q8K.jpg,https://image.tmdb.org/t/p/w1280/hW3RnZLA6CHPNs64kuxKWVvN0MG.jpg
54dbe2c13b8f100f64d6db146f54a603bb21502a84ff226a473863e47fe7a935,897480,August,2019-08-08,2019,14,Lançado,"Tucked away in the mountains of North Carolina, a boy decides to run.",https://image.tmdb.org/t/p/w500/eGCWTsXwyrUaMczaHFi8HjJfDnl.jpg,https://image.tmdb.org/t/p/w1280/oi2DANGo10LPxfRTfCGrBjTqcGv.jpg
a8fbca1fe3179ec0a120f69b99b4c4f50a514c3218b574ccdf20d8e33a9f27fd,898278,The Middle Ages,2022-02-10,2022,90,Lançado,"A comedy during confinement? Probably so. A portrait of a little girl and her family during confinement? Apparently so. An absurd, Beckettian musical shot during confinement? Exactly, yes.",https://image.tmdb.org/t/p/w500/2kc9WCGlklB6HxLyfNom8B2XzH8.jpg,https://image.tmdb.org/t/p/w1280/354aVSz2gt0z2PlqrvcZLzy043m.jpg
bab98fc00a654c0841fad357c34d4ac2527ff26b8621a9feaa8b89c8bfe9948f,899198,Chronicles Of The Nine Heavens,2019-04-05,2019,0,Lançado,"Intellectual integrity is discovered in a thousand-year-old tomb, and the secret keys to immortality are revealed.",https://image.tmdb.org/t/p/w500/8H7RTjX8CFPfs13xVumk9ts8DWc.jpg,
4f9b036d7a6b73dc3b34c4e06bb1cff5dd9fbaf3803b01e257bf15d6f22aeeaa,899708,"Die Luft, Die Wir Atmen",2021-07-07,2021,90,Lançado,"On a freezing cold winter day, several guests visit their relatives in an old people's home in the Frankfurt area. When the weather changes shortly afterwards and black ice falls over the area, the guests unexpectedly get stuck.",https://image.tmdb.org/t/p/w500/yXdC4HDOT5uAk4hUus6Bi720ibZ.jpg,https://image.tmdb.org/t/p/w1280/517a4Y3BPsYLvAeFXipQjQU31Z1.jpg
a5e0ebb8c02270c734acc85318128a55318c6419251178120207d6d1e906891d,904191,Fine Wine,2021-02-12,2021,130,Lançado,"After falling for a woman much younger than him, a wealthy, lonely man must confront the social stigma around age gap romances.",https://image.tmdb.org/t/p/w500/1EPUDNOEcfi4WcvPb6HZ61ec4za.jpg,https://image.tmdb.org/t/p/w1280/teM8818c2wGuDCmIFJJxCRmnDY3.jpg
7b8476d8ae397d5ddc5e672f857696d6f09a23512ad521a85f0cd14e527ad85c,904718,Nenjuku Needhi,2022-05-20,2022,140,Lançado,"An upright city-bred IPS officer investigates a mysterious case of three missing Dalit girls in a rural part of Tamil Nadu. While two are found dead, one is missing without any trace. Can he crack the case and get hold of the culprits?",https://image.tmdb.org/t/p/w500/tNZx007RjEdZlYs63vqMZKpECdp.jpg,https://image.tmdb.org/t/p/w1280/6tEiJ2oGIq1qIxOfcd2OjbKdL6O.jpg
3ce729ddbd3d134c0c095b57779580334289450b38f4d7cdcd705a086545f1c8,904896,Bro,2016-02-14,2016,21,Lançado,Best friends Aaron and Harris deal with a dynamic change in their friendship when romantic feelings surface. How will they continue being best bros?,https://image.tmdb.org/t/p/w500/tf4r0yXGU9YJz8A9oDaryx9opPn.jpg,https://image.tmdb.org/t/p/w1280/qLGJjhuth7l4TFIq4Xe9hqqmi07.jpg
4f6dac480abf56682381f312d483288d2275d5a2085eef6cceb71a7968ad5ed9,906226,2021,2018-05-16,2018,78,Lançado,A lonely character in a deserted world watches as it goes up silently in flames.,https://image.tmdb.org/t/p/w500/mAxuZr74ymEwMt8AJGGFUu8f1Bq.jpg,https://image.tmdb.org/t/p/w1280/iYATM65LXAdHQTNfxLqI4mmK63o.jpg
582127ac168d877440b65336a80afef309ac39e50a4cf8c9a0c260057048434c,910676,Who Is Baul,2021-03-19,2021,54,Lançado,"An epic documentary film on the mystic music traditions of Bauls. The Bauls of Bengal have kept their philosophies alive for over 1000 years, but modern demands threaten their simple, enlightened lifestyles.",https://image.tmdb.org/t/p/w500/4hr94zAF8PonMhJD2KkB03o8AxY.jpg,
975432bb0f7623ceb75d1c41acff320897a684cbab41d4449a9f3c6dd206dd96,910853,Dark Fears,2021-12-02,2021,0,Lançado,"Some kidnappers kidnap a wealthy young woman and the one who should pay the ransom has mysteriously disappeared. While they look for it, inexplicable events begin to occur that will force them to fight against their worst fears to survive.",https://image.tmdb.org/t/p/w500/WIvB3L9mfmXPI6bJnOOwe2zbhO.jpg,https://image.tmdb.org/t/p/w1280/fdGwImwqmwcZbPEufc3W4DdoL6l.jpg
b1a49f9fe524f9e51a786f1c69b8334635624df4dcba7c5383b2c9a26fbff3e0,911241,Fast & Serious,2021-09-04,2021,70,Lançado,"""A group of Hollywood writers try to create a screenplay for the next """"Fast & Furious"""" sequel.""",https://image.tmdb.org/t/p/w500/2d3WfvlmxhqYzFoG0o1V0yM2Bzu.jpg,https://image.tmdb.org/t/p/w1280/6ZCa7lPD4nCPY76gkLSUHhUwA58.jpg
f61568eec49aaf34eeeabb6f4b8a95d2e175d037b3f8f64440781ccfe40c5197,911504,ドラマsp　松本清張「鬼畜」,2017-12-24,2017,0,Lançado,Sem descrição,https://image.tmdb.org/t/p/w500/cG7iZ2QgEq5Zc0Sgv4eIrxY8zaj.jpg,
a5b64b63e781ce063fdd16ed05594621fa83fcedf62899ef919856108315d1e4,912504,Planning On Forever,2022-06-08,2022,85,Lançado,"Emma is a hyper efficient corporate events planner who doesn’t have time for love – until her sister Miranda reveals that the wedding of her dreams is in six weeks and she has last minute travel plans for work. Emma agrees to step in and plan it herself with the help of Brett’s Best Man Liam, who Emma had a disastrous blind date with years ago. Finding common ground is definitely a challenge, but as they stand-in on behalf of their friends’ love, they discover they might be making room for their own.",https://image.tmdb.org/t/p/w500/kheHJMKjqYx6sAq33DFWZ1VtYQa.jpg,https://image.tmdb.org/t/p/w1280/cwgWcKCMcOLJcBMtVOKrh34qDbl.jpg
33360c156dc9bee451b9f547a3560da16990b1440f2c13894e438747b92bd334,912810,Afraid,2019-11-01,2019,4,Lançado,A coffee shop manager closes up for the night and heads to her car in a nearby parking garage. Will she make it? Or will her worst fears become reality?,https://image.tmdb.org/t/p/w500/4z4KrtL9x494qa4ebIdVYc83Zac.jpg,https://image.tmdb.org/t/p/w1280/ggQFjJDsxeI1T5Q1Usrd0R2onII.jpg
a24db52c148bceed6b8e35042495e91fa3dc0d1c064e04d1c54226723ead3dd5,913401,Bardo,2021-10-22,2021,4,Lançado,"It's a normal night, right? Skylar goes downstairs to get a cup of water. She never would have thought that this would get her into a life or death situation.",https://image.tmdb.org/t/p/w500/jDkDY5BwI539BzEiPHr3QIz3JVj.jpg,
af9cedda69741d46418198ee4db7d7a014fd6943aac79a8f9ac043eae01b289c,914203,Tori And Lokita,2022-10-05,2022,88,Lançado,"In Belgium today, a young boy and an adolescent girl who have travelled alone from Africa pit their invincible friendship against the difficult conditions of their exile.",https://image.tmdb.org/t/p/w500/aJCedM9kp6k491Gb4cCj7R5n1il.jpg,https://image.tmdb.org/t/p/w1280/7NMVF3Af9wGvH3ceKaDUWuWUAt4.jpg
40bfca98ad159060afd4e2722a0694274b93d7038642d0ce8852c751e6e77d85,914240,F^¢k ’€m R!ght B@¢k,2022-01-20,2022,13,Lançado,"A queer, Black, aspiring Baltimore rapper must outwit his vengeful day-job boss in order to avoid getting fired after accidentally eating an edible.",https://image.tmdb.org/t/p/w500/uqDHdV7hXZb8AACgYrnA1mO6nra.jpg,
d71a5e65408290042b67e581e000819a344d0d9aa0896c5416e9b21462212870,914277,Reckless,2021-06-30,2021,10,Lançado,"Stockholm, 2121: an underwater city is blasted into the bedrock. In a society on the verge of being crushed by mounting water pressure, Nikki’s highest wish is to get back together with her ex-boyfriend.",https://image.tmdb.org/t/p/w500/yq3tsYYv4jFXqpc56uHxB13oQgD.jpg,https://image.tmdb.org/t/p/w1280/E49aUWDh5YMjBMrDQ1EPDn7Q2O.jpg
86c4a4c39bfedc164c7b263323c6b1d0945fd56200e786c15acbc60acf6de565,916429,Myanmar Diaries,2022-05-12,2022,70,Lançado,"How does it feel to be forgotten by the world? A powerful collective cry denouncing the crimes of the military dictatorship installed in Myanmar after the coup perpetrated on February 1, 2021: cinema and imagination against horror and in defense of freedom.",https://image.tmdb.org/t/p/w500/mMhzKhN0yO3htkpliFS904XzpCl.jpg,https://image.tmdb.org/t/p/w1280/DcS4uFZCwqy1aXlt2Q0I4qscpI.jpg
ebeaba7c1865bf0a398f2510082ad1a46c9f8ddef3aafa2b0a19e51ef03252a7,916821,Gasoline Alley,2022-02-25,2022,97,Lançado,"A man implicated in the triple homicide of three Hollywood starlets begins his own investigation. Needing assistance, he enlists the two detectives on his tail in order to expose a conspiracy more explosive than any of them imagined.",https://image.tmdb.org/t/p/w500/ews3l3v7JYLtBS5ansZrXsXLMzl.jpg,https://image.tmdb.org/t/p/w1280/3RQccmgJDybIdLivf4aNCJj5fVO.jpg
0f8cba653af5168d740a6608ff1868f199a98f051579d7785020d34ce49ed5e3,916836,The Partisan,2020-02-14,2020,64,Lançado,"The film is based on a previously untold story of Juozas Paliūnas-Rytas, the leader of the so-called ‘Revival District’ and his dramatic battle.",https://image.tmdb.org/t/p/w500/iFA6V9lKZTLdEq2OheRlbpd1bly.jpg,
9c28ead347d3d9ee723ca77d6979024ab5b2027b2cdbd79a7ff227b5d46c06df,916964,Targeted,2022-04-28,2022,85,Lançado,"Axel is an employee of a call center who is used to complaints from his clients and an unbearable boss. Axel has a natural talent for dealing with people and their problems. But one day everything changes, when he receives a call from Figueroa Mont, a frustrated client who wants to unsubscribe. Fed up with the bureaucracy of the companies, Figueroa warns Axel that he is watching him through a telescopic sight attached to a high-precision rifle and that if he does not solve the problem, he will blow his head off.",https://image.tmdb.org/t/p/w500/cEWR4xyXgag2iNVGc7tNkGq12k9.jpg,https://image.tmdb.org/t/p/w1280/huPgI5MI4YrWC2cC0ClhV5SzTgf.jpg
c132c89fddf4c437735443b89d053555508b6acd69c8450a31298d6862e5a984,917300,The Surprise Visit,2022-01-14,2022,86,Lançado,"When a young couple makes a surprise visit to Mom, they get an even bigger surprise themselves from an old family friend who plans to steal Mom’s valuable jewelry while she is out of town. But when the “easy peasy” robbery goes wrong, resulting in the accidental death of the daughter’s husband, it forces the two young drug addicts to make a difficult decision: to abandon ship, or do the unthinkable.",https://image.tmdb.org/t/p/w500/a3J0t376OE1Vk3jKN67viY31s5.jpg,https://image.tmdb.org/t/p/w1280/bN8IsRxmRbltneliMi7UuYAdHk.jpg
6809e739cdfa8c42ad501145ccadb8472f13c84dada82b72bdaa2fecf6f4b37b,918042,Frantic,2021-11-12,2021,111,Lançado,A group of actors take the audience hostage during a theatre play. Based on Shugo Fujii's stage play and partly on a real-life incident which he was involved with.,https://image.tmdb.org/t/p/w500/guHlLu3PnNUUhEjVWu9XkKSSccg.jpg,
0d6a0e28d993520a387f2af257145ad72862be2d1ae34cc36fe9b95aa42b59dd,919873,Arctic Void,2022-01-14,2022,85,Lançado,"When the power mysteriously fails, and almost everyone vanishes from a small tourist vessel in the Arctic, fear becomes the master for the three who remain. Forced ashore, the men deteriorate in body and mind until a dark truth emerges that compels them to ally or perish.",https://image.tmdb.org/t/p/w500/2OkdcVn1wIgRA4zo8tTbn7NNDUT.jpg,https://image.tmdb.org/t/p/w1280/ujL5e6S2PSkPE3FNSNrPGlB2haF.jpg
c97703809d935bd659e0f356be3d850af99042f5ecd5fde61f4b4ea20e59f8ea,920081,Megaboa,2021-11-26,2021,100,Lançado,"On a trip to Colombia, a group of college students encounter a fifty-foot boa constrictor, hungry for blood.",https://image.tmdb.org/t/p/w500/sAnAMv3eyQiGI1z2k8NsvH0Y6r5.jpg,https://image.tmdb.org/t/p/w1280/gvNmnvu13TPAewP54hvCyuHwNwR.jpg
60e8ac5b0f33b8e9fe1390344eb65700d9c1edfd5d086a001cae79622929b9da,921597,Joshua And The Promised Land: Reanimated,2021-12-19,2021,31,Lançado,"Faced with a tough home life, Joshua Carter and his guardian angel, Christopher Andrew Eugene Bozioni, adventure into the heart of the Old Testament. Reliving the life of the real Joshua - crossing the Red Sea to enter the Promised Land. This remake of the 2004 film was completed in 15 months and features the work of nearly 400 animators.",https://image.tmdb.org/t/p/w500/6560hMrzRVJ7iPfwMvrrgH2jwt.jpg,https://image.tmdb.org/t/p/w1280/gcRdtDp2soc8Q9IqwYswi4YwGoa.jpg
0417f30b46b861e07a3d0460ed0f90c0e6e8f407c5c0a8d7df1ba7650bb7cd9f,921890,Betty White: A Celebration,2022-01-17,2022,100,Lançado,A documentary focusing on the life of actress and comedian Betty White.,https://image.tmdb.org/t/p/w500/eVkeP8Cc2p6afVBTw2y1ETiQjqx.jpg,
90d6409bc9970e27bc896df473049cfba3ea388942a96115df7b9dd0aecb383d,924323,Exorcist Vengeance,2022-05-30,2022,87,Lançado,"When a prominent family is terrorized by a demonic force, a priest that the Vatican calls upon to do their dirty work has to root out the evil, soon realizing that the solution to this mystery is tied to his own past.",https://image.tmdb.org/t/p/w500/kwEUYNwsRzZMLvgcC7978GhDlUE.jpg,https://image.tmdb.org/t/p/w1280/lM6C2S073XFzAqYKHCJ3IJghcHg.jpg
4e384ad8da9a9a90fd148bed377d1af79464f22371ded0ca8bb6732f7c6593b2,925210,Kina,2019-10-17,2019,32,Lançado,Sem descrição,https://image.tmdb.org/t/p/w500/tInTIHbvoZhzTvQb37WalwYUByZ.jpg,https://image.tmdb.org/t/p/w1280/gHTBeXNnzuWwXpRK88Zwcahl5ox.jpg
f25782127c0674583c7a85b6798d1b44ff9b3bab2d78fcd0982892388bd3d2ec,925323,5 Miljoner Steg,2021-03-04,2021,0,Lançado,Sem descrição,https://image.tmdb.org/t/p/w500/6LNNMgTpnFlHo38dlTHQqufMwpm.jpg,
db18329faad1f9bb7513b219e0fde1f90f48e110f3861637af53169ba396c530,925386,The Maddock Manifesto,2022-01-28,2022,82,Lançado,Sem descrição,https://image.tmdb.org/t/p/w500/9KFwM5BhLHeNp8HklD98aDongGP.jpg,https://image.tmdb.org/t/p/w1280/87kjIdsXx02oK6RGLLGCVTOrwYV.jpg
ff9780fa7d1c3d5af545fcd1298a19a91bd87793af53fcc18bb77db4aa6b118b,925781,Hanging On To Love,2022-01-11,2022,75,Lançado,"Serial dater Jewel cannot seem to find love, until she starts to fall for the owner of her dry cleaners.",https://image.tmdb.org/t/p/w500/9geAVcfsMku0bvfrTCna7srm9LN.jpg,https://image.tmdb.org/t/p/w1280/6YetPutvzCrclFTUjEUPhVdBdPC.jpg
4a01925492da73328c5d98876d6d4b36f5bfe8f0c87bcc5692dc2ec2613afea2,926095,"Zanskar, Les Promesses De L'hiver",2021-12-16,2021,53,Lançado,"A documentary that follows the harsh daily life of the nuns of a Buddhist monastery in this ancient kingdom of northern India, made of destitution and joyful complicity.",https://image.tmdb.org/t/p/w500/dZ90unDVxASRkIcHKqn8FKi1pBl.jpg,https://image.tmdb.org/t/p/w1280/pBXfjPSAqkTOwZgug7t9Eg6j6ky.jpg
12deb317cebf2f15dc49927f53ad9343d82a3a61bad754782ffa8e66bdaeb55c,927268,Marjaney,2021-12-10,2021,140,Lançado,Film is a story of Gagandeep Singh and his friends. Local drug dealers put them into a dangerous web which results into unreturned ways to their homes.,https://image.tmdb.org/t/p/w500/2qE6wHHi8AxdwwRJ1uoOm8Lut0L.jpg,https://image.tmdb.org/t/p/w1280/sagv7GMCHuF3m8tCA2EPQiR8KHa.jpg
4cf727e511945644472c3fe41c331822bf7a051febad28d0d8b3ddf3ca2c9f08,928200,Sons Of Ramses,2023-03-01,2023,98,Lançado,"Thirty-four year old Ramsès has established himself as a clairvoyant in La Goutte d’Or, Paris. A shrewd manipulator and something of a poet, he built a sound business consoling people. Elusive and dangerous youths, freshly arrived from the streets of Tangier, disrupt his business and the whole neighbourhood. Until the day Ramses has an actual vision.",https://image.tmdb.org/t/p/w500/RTk5Qccbr4r9MyJNe68jFcsA7E.jpg,https://image.tmdb.org/t/p/w1280/pa9lkYBeGakSJQc5XTi76ihGZvh.jpg
3e5f58e06c03a943654d0318b1846dedd7a2404cfdd40eb3aca071fe109b52f3,929800,"Delphine, My Story",2022-01-12,2022,0,Lançado,"Delphine de Saxe-Cobourg tells her own unique life story for the first time. A story of lies, cover-ups, upheaval, falling down and getting up again.",https://image.tmdb.org/t/p/w500/7NkcYKXxzLTQYBCxea0DlsYyyUT.jpg,
be7c5641db9242729a75ecec05382e37937da986b1c4a6e0c8e8f7b17d06dba0,930314,Abduction 2: Revenge Of The Hive Queen,2018-10-01,2018,0,Lançado,The Hive Queen returns with a new plan for creating cross-bred human/aliens.,https://image.tmdb.org/t/p/w500/iJT3SMV0bfvOtfsik4dt8hsNvAR.jpg,
3f843825f993dd6fad0f6f179b282410b616ac66f1905831f6769a15f8e9ca33,931885,Summer,2022-03-25,2022,114,Lançado,"The story is set in a small southern town at the beginning of the century, where people believed that innocence and hope would lead to a better tomorrow.",https://image.tmdb.org/t/p/w500/sNLfV83SGcQBBkaAJYIh0NwVuxx.jpg,https://image.tmdb.org/t/p/w1280/ahUD8psrBIY4LZwBabJqRhZCpQd.jpg
23c0d0f333d4e7a53f7182f7340d11cbb70581abe8484e2271dbb12282f8ea69,932481,Summoned,2016-03-01,2016,6,Lançado,"In order to stop her abuse at home, Amanda decides to summon a demon for help. What she gets is not what she wanted, but it is exactly what she asked for.",https://image.tmdb.org/t/p/w500/5k9uZTj71K9bCW7STPVejzD6Cje.jpg,
2a7890f24c346e744f67a4d46a5e5f3af32d87df61eebe9fa5fbf1e6deb99a16,934326,So Long Marianne,2020-10-18,2020,105,Lançado,"Poet and novelist Leonard Cohen travels to Hydra to rewrite his novel. After some time on the island he finds the love of his life Marianne, with her encouragement he sings his poetry - becoming the singer the world knows today.",https://image.tmdb.org/t/p/w500/jkIJ5m8Qh6fQ0YH8fFe1JX7fS43.jpg,https://image.tmdb.org/t/p/w1280/bIUZUk6eFI3oVrSP21xfzEkR0DP.jpg
0119613a0646be3cdfd3bb2deca150558f585bef66f86e3f4cc34406d2d5b266,936015,Aakashee Pullover,2018-08-13,2018,88,Lançado,"Subha Mitra, aged 70, eccentric, insomniac retired seamstress lady with a an independent and career oriented mind set. Her only hobby is knitting continuously and furiously reminiscent of the turmoil within her. In the twilight of her life she spends a lonely existence abandoned by her husband envious of anyone's relationship even if it was her own maid, thereby creating a wall around her that prevented any socializing. This wall is abruptly breached by an unexpected visitor ....of whom she looks upon.",https://image.tmdb.org/t/p/w500/eypyyCwpjmLB5i1oqS2unIhsrEL.jpg,
2e0b065c5b7ddb59138691f6d8432b76580508dbd4b5666ee61cf83eaa376614,936360,Anti-squat,2023-09-06,2023,0,Lançado,"Paris, today.  38 y.o. Ines, mother of teenage Jules whom she is raising alone, is threatened with eviction. She absolutely must get a stable job to find them a place to live. She is taken on 2 months trial at “Anti-Squat”, a start-up company offering temporary housing in empty suburbs office buildings. But the rules are very strict and the tenants have no rights.  As a manager, Ines must live and sleep in the building to monitor the residents. But children are forbidden... She has two months to go, two months to complete her trial period, two months to start a new life at the risk of losing her most cherished values.",https://image.tmdb.org/t/p/w500/1U9VEhLuxp4SiqfkK3aHYXE5zSY.jpg,https://image.tmdb.org/t/p/w1280/bJpeg1YOTUyTwgSQOxItdQw6k3p.jpg
679e488bedf0a2277022f1694b944cba319a5ab21a843d14033ddd03a302dedd,936376,The Properties Of Metals,2023-02-16,2023,93,Lançado,"In an Italian village, where the idyllic beauty of the landscape belies the toughness of life, word has it young Pietro has psychokinetic powers. A tender portrait of a young boy, and an allegory of the science of invisible forces.",https://image.tmdb.org/t/p/w500/mI7gdm38I6yj5221pbLBGOk4r2r.jpg,https://image.tmdb.org/t/p/w1280/3WF3rhdg2SagWyCTduW5OVL75Z5.jpg
3c35c85d3a3e66d544b86eff09b2c937166ab39ee9bf4137f77202b279e28dd8,937738,Animalia,2023-08-09,2023,91,Lançado,"Itto, a young woman from a modest rural background, is slowly adapting to the Moroccan privileged codes of her husband’s family. But when supernatural events put the country in a state of emergency, Itto finds herself separated from her husband and new family. Alone, pregnant and looking for her way back, she finds emancipation.",https://image.tmdb.org/t/p/w500/pVMuDVZZjlwIoREehkcop3C57qA.jpg,https://image.tmdb.org/t/p/w1280/2Bb8NinZxCUU1E0uNHzfaQa5HVB.jpg
7aa70420c8ea41e33d1b8d4f0e814a8c92142c4d2affd373a9ae8229b9088484,937976,Altimir,2016-11-16,2016,17,Lançado,"Since the collapse of the communist regime in 1989, Bulgaria has experienced the most extreme population decline in the world. Low birth rates, high death rates, and two large waves of emigration have pushed many villages to the verge of extinction. Altimir explores life in one of Bulgaria's disappearing villages, haunted by the promises of communism and capitalism. Yordan Dimitrov is our guide to the life that remains.",https://image.tmdb.org/t/p/w500/zBP2sR2x9xbZtgjg2o3ubN5gDli.jpg,
2544ebc5a747fcf12c73e4e29f5ea8bf03e340e042137fd01e4f13be7d7cb156,939995,"Bios, Vidas Que Marcaron La Tuya: Aterciopelados",2022-03-18,2022,90,Lançado,Sem descrição,https://image.tmdb.org/t/p/w500/mZ1WzyfxIL46kZl5aR7qKeXcUyQ.jpg,https://image.tmdb.org/t/p/w1280/pAIt06CgrDIBrUpctcRAVBT08ye.jpg
fd0a0b5eead5b1fc498015d1be3eb06736ac24b51a775eb7eceddb79275e6369,940332,11m: Terror In Madrid,2022-02-23,2022,92,Lançado,Sem descrição,https://image.tmdb.org/t/p/w500/vuhSpdStKgnB0biWBctOYFgLeF3.jpg,https://image.tmdb.org/t/p/w1280/p7VXdUBdSfjxHgO03819FAdod3S.jpg
f67efdc96612a282f771072ad6acf075ad889311d266562bd7c87ed08ade5c15,940551,Migration,2023-12-06,2023,0,Pós-Produção,"After a migrating duck family alights on their pond with thrilling tales of far-flung places, the Mallard family embarks on a family road trip, via New York City, to tropical Jamaica.",https://image.tmdb.org/t/p/w500/apQL85BMRgkBWQq6pBXKOLfCyaV.jpg,https://image.tmdb.org/t/p/w1280/gzTeoMMNEGeuRio1rLCzgvjzMO3.jpg
350e184c90319341481cb6de7c7725aa5d3ed487a7d956fd065a03c244ea2c51,941004,Bon Voyage,2022-03-11,2022,3,Lançado,"Leave behind the dark and dreary November and embark on the holiday of your dreams! Turquoise lagoons and luxurious villas will make you forget about your mundane worries. A romantic getaway is waiting to maximize your relaxation. Soak up the sun on a sandy beach with a cocktail or spend a sporty holiday of your choice. The hotel’s restaurant world, spa and gym provide a wonderful setting for a memorable holiday.  Direct flights and airport transportations included.",https://image.tmdb.org/t/p/w500/hjeRVtmYfMC4qVzkXpEwG4uYmIJ.jpg,
6288b42757c33a1dbf3ed911dee62c23a2abd29fcc1fb922212a700bbb7191d0,941723,Night Trap,2018-07-06,2018,48,Lançado,"For the first time ever, the cult classic game Night Trap is available as a 48-minute motion picture on videocassette. Experience the terror like never before. You better be good, you better beware...",https://image.tmdb.org/t/p/w500/jaGXGKcqyjMRJJXIS8ilkZqVqqR.jpg,https://image.tmdb.org/t/p/w1280/c2yy1SYprPRIbgc7Cuj6bRF8ugm.jpg
8edfcac77ff5f89f7b2ebbfd3443ddc6226679f1a53c1492aa6d4fde161148aa,942217,Flag,2021-02-23,2021,13,Lançado,"The Flag is a fictional short film that tells the story of a misunderstanding of Eylem, who lives alone in a conservative district of Istanbul. Film based on a true story and narrated with black comedy elements.",https://image.tmdb.org/t/p/w500/nxxkBvSNsRdGnFx3aCNPjgCe7vo.jpg,
03d98fc970734c6fde9bc2b2de30002ff15508099761370be37ccfcdfaad35b9,942895,Sextortion: The Hidden Pandemic,2022-09-30,2022,84,Lançado,"An exposé into the world of online grooming and sextortion that is a present-day reality for one in seven children online. By unsealing the Homeland Security Investigations case of a Navy pilot with hundreds of victims, and in interviewing survivors and their parents, this true-crime piece reveals how and why this cybercrime against children is becoming pandemic.",https://image.tmdb.org/t/p/w500/cYrZwpKFcWhuiziu8iNifWlhxwa.jpg,
4ce5a2f3b28b91d41580ab5435aae202076b65001514e16ec82383720c434038,943837,A Squirrel's Guide To Success,2018-11-14,2018,53,Lançado,"A look at the extraordinary abilities of squirrels, from the brainy fox squirrel to the acrobatic gray squirrel to the problem-solving ground squirrel.",https://image.tmdb.org/t/p/w500/eaW1BllyA1rahzSSsTWK11HQ9Nx.jpg,
10a2c5e3b9565e9e8332bb443d992b08acd5fb2c8d5bfac3a43dc2f3d2ea702e,946025,Kathal,2023-05-19,2023,115,Lançado,"When two prized jackfruits disappear from a politician's garden, a spirited cop's investigation takes an unexpected turn as she digs for the truth.",https://image.tmdb.org/t/p/w500/vO4jAxMFrUAEOR3b1EFKFCbboFw.jpg,https://image.tmdb.org/t/p/w1280/ysChlwbKSeTrvqPZhbFYvN28pcy.jpg
d119a17c2b0b0b50e6e0136fef1840f4c423a1e0b12050c5cdf72a15df6f4f24,946491,Creation Between Two Surfaces,2019-08-17,2019,95,Lançado,"CREATION BETWEEN TWO SURFACES A Film By Hossein Rajabian Statement I've tried my best to make a film about wisdom, rather than insanity. I firmly believe that we may not believe in wisdom and that's why we continue to live in madness. We have to admit that almost all of us are - one way or another - the inheritors of our predecessors' insanity. To get rid of madness, we have taken a big gamble - i.e. thinking - in our lives. Hossein Rajabian",https://image.tmdb.org/t/p/w500/gpO9tfKdOmxFHD3uqqODO9ghWgH.jpg,
b0caff459c8ddaaf11ebf470b75583d43a0f7cc57fd5f6c29fcbdaf1b0186192,946802,Off The Rails,2022-05-03,2022,91,Lançado,"Rikke Brewer and Aiden Knox struggle with the death of their best friend Nye Newman, and subsequent mental health issues, in very different ways, that threaten to tear them apart. In pursuit of 15million clicks of fame and money, and a career as a youtuber, outgoing Rikke seeks the dangerous thrill of UrbEx stunts as a way to numb his loss and pain. Aiden, more introverted, seeks solace in Parkour, while working menial jobs to pay for his increasing reliance on alcohol. As they process Nye's tragic death, deeper scars from difficult childhoods emerge. Exclusive rights to 10 years of their self-shot archive reveal a rich story of their formative years. As we watch the stunts with sweaty palms and open mouths, we ultimately engage with the warmth and humanity of these two extraordinary young men.",https://image.tmdb.org/t/p/w500/zR15so9CISZlbIRLJCghvZ9lET5.jpg,https://image.tmdb.org/t/p/w1280/3TlwYs5TgPhjskhyA420YfoXNSy.jpg
ee05beb793a5893be5fdae45d55a00956b6ae569e5a2a8baeb442eaf7579e4b7,947514,Slr,2022-04-21,2022,113,Lançado,A photography major assigned to take pictures with a mysterious camera causes catastrophic consequences to the subjects captured by its lens.,https://image.tmdb.org/t/p/w500/mHQDLK9DZ5lULet8GhXYumd85p7.jpg,https://image.tmdb.org/t/p/w1280/rUBScppfTCURtGKKxZLviqnJfJ5.jpg
6ec375ed9c84264f03ab9eaa11865a884592c5ef8a3262e88e617eea178e43d1,948713,The Last Kingdom: Seven Kings Must Die,2023-04-14,2023,111,Lançado,"In the wake of King Edward's death, Uhtred of Bebbanburg and his comrades adventure across a fractured kingdom in the hopes of uniting England at last.",https://image.tmdb.org/t/p/w500/qcNDxDzd5OW9wE3c8nWxCBQoBrM.jpg,https://image.tmdb.org/t/p/w1280/xwA90BwZXTh8ke3CVsQlj8EOkFr.jpg
6894051a175ec19877d688bef802663414f5afc085a671bdc3be8a9885b396af,948795,Iota Period Omega,2022-03-12,2022,0,Lançado,"I.O is a girl from a future society who works for the air force. As she waits to be teleported to a distant planet, through her visual diary she converses with our present time in an attempt to safeguard her senses.",https://image.tmdb.org/t/p/w500/AnZKFl6MoMVqxAzvPdak4v2qIVv.jpg,https://image.tmdb.org/t/p/w1280/o8y4Pm6p5t7MUPXAQzuzA9CKz2e.jpg
392d16ea10e06b74e52521152ee89cbb42c9376d4478d12a5049100ade8aeb7e,950238,From The Hood To The Holler,2022-09-16,2022,102,Lançado,"Charles Booker rode to the brink of one of the biggest upsets in political history. The documentary follows his campaign across Kentucky from the most urban to the most rural settings. Booker and his team rewrite the campaign playbook. They lean into the charge that average Kentuckians have common bonds, a unifying day-to-day struggle. That struggle is color blind. Booker fights to represent Kentuckians that feel invisible. His message is simple whether you are from the city “Hood,” or the Appalachian “Holler,” you are not invisible.",https://image.tmdb.org/t/p/w500/mti2Z1fJw2VCTv7UlX6d5wKfAHC.jpg,
2dffa80ceb7049e2c1770f560eab8e8c36d6f249ad21b0d68ba39b711be516c7,950657,Otro Sol,2023-03-30,2023,86,Lançado,"Otro Sol is a group of real and invented characters trapped in a film. It is also a purgatory of retired thieves that takes place on the coast of the Atacama Desert. The film is circular and seeks to invent and verify the myth of Alberto Cándia, a Chilean international thief who stole the Cathedral of Cadiz in Andalucia in the late 1980s.",https://image.tmdb.org/t/p/w500/ie8qaGGfvHhKS3VBEzBINMKRRDx.jpg,
da2b6142bfe39d0a60073970c5aeca41721660fa44ade7105755d1916595de60,950809,Stain,2022-06-13,2022,4,Lançado,"A woman is stuck in a world full of stains, spots, and repetitive thoughts.",https://image.tmdb.org/t/p/w500/1Nn9M7hhJksQN2K7DQ1tbbqj7bW.jpg,https://image.tmdb.org/t/p/w1280/efhvHYJSrXo2p0HDVGhNUbUl5Pq.jpg
982a5f1dcfcb1a4b3ade8f3459911778d2a9cd86c170e9472e3184874d55fc58,951179,Rojek,2022-04-15,2022,128,Lançado,"After the impressive Gulistan, Land of Roses (VdR 2016), the Kurdish filmmaker Zaynê Akyol returns with these conversations with imprisoned members of the Islamic State, alternating their words with aerial views of the countryside. An unexpected look at a far-reaching current political issue and a film whose subject matter and rhythm create an impressive cinematic object.",https://image.tmdb.org/t/p/w500/5ogwiK0MHNJ2wflXrLUyIsRxg4Q.jpg,https://image.tmdb.org/t/p/w1280/5NRz4myFAUNQ7WtJ4OKyOL6Bw7X.jpg
7062cd829c976c41a999e91821dddc1130d40b62614f1e291ebdbf2ffca8fc46,951188,Herbaria,2022-12-01,2022,83,Lançado,"In his second feature film, Leandro Listorti establishes a parallel between two worlds he seems to know well: that of plants and that of cinema. This delicate cinematographic work, full of beautiful images—both archival and current—gives an account of the immense work of classification and preservation, and generously invites us to think about forms of representation and memory.",https://image.tmdb.org/t/p/w500/6Te6HJKyal7aWqmJqQQTzWhdee8.jpg,https://image.tmdb.org/t/p/w1280/3JCNeZSwf44sLZ3pwA5LDJAJGZh.jpg
e663e4f44bbcbbdea26186163222a89669169d96dfb9c23cefaa1d23fc883ad8,951237,A Steady Job,2022-04-15,2022,75,Lançado,"Every month, hundreds of unemployed nurses travel from the south to the north of Italy in search of work. Two of them organise the trips by overnight buses; a long journey of hope that often leads to nothing at all. Shot as a road movie, the two filmmakers paint a pitiless portrait of modern Italy before, during and after the health crisis.",https://image.tmdb.org/t/p/w500/p1dTjmDg9rVwyyc08mcDAiEUG1B.jpg,
3d147049b8e59f05dbee1ffde1fe2a7705ed42df2d32a2b7b4ae28dfdd5274c4,951731,Easy Tiger,2022-02-23,2022,60,Lançado,"An unexpected moment in a session with a client confronts a psychologist with his own inner world. Alienated by the isolation of his seemingly perfect city life, the psychologist encounters an extreme inability to understand and embrace his own human nature. His inescapable desires for his male client force the psychologist to look at who he does not want to be. It is the only way that he can find out who he really is.",https://image.tmdb.org/t/p/w500/a76UXMl8LQKFpxK5dMQVQ6juBcd.jpg,
77f22793a5924392e0278093fdc46d021d5163a4d93218f9e4078a5500c1e31e,953079,Green Ghost And The Masters Of The Stone,2022-04-29,2022,81,Lançado,"In a Texas border town, car salesman Charlie moonlights as a masked Lucha libre wrestler going by the name “Green Ghost.” When unknown assailants arrive seeking an otherworldly emerald, Charlie discovers that he has super powers. As he learns to fight from the unconventional Master Gin, Charlie is told that he’s part of a secret warrior “triad of light” with his childhood friend Marco and Marco’s sister Karina led by La Nana. Together, they’ve been chosen to protect humanity from Drake, the embodiment of the Mayan apocalypse.",https://image.tmdb.org/t/p/w500/7tR9znYDcMiQccktBsl1sWap5W.jpg,https://image.tmdb.org/t/p/w1280/wxIfs2CP2aqpr6vn4ZhPCko00Rt.jpg
fac7be1fe3a57618c9328a21d6e6367087f76f6e4bd56432800321af528ee3f3,954038,Aversion,2021-03-14,2021,9,Lançado,8 People with different phobias are locked away. They have to try and overcome them to survive.,https://image.tmdb.org/t/p/w500/7a3W7l3QKvV7Z55VEx4Bx8rGstI.jpg,
11ba0986b75639496bc5c58dad366a16b4c803d4391eea209f1e9b41e0c0c8a7,954061,Without Ward,2022-03-24,2022,103,Lançado,"The Sci-Fi Romantic Independent film WITHOUT WARD takes place in the future where a one-world government; Contractualism, controls everything. A notable inventor, Ward (Martin Landau), creates a drug which allows people to literally live in their wildest dreams. Over the next 20 years, 50% of the world's population ends up on the drug, while the Union of United Esquires, lawyers with guns that act as the worlds police force by fulfilling and enforcing contracts, take care of them.",https://image.tmdb.org/t/p/w500/miGhnyLMxOrBosSberL0XChkqTe.jpg,https://image.tmdb.org/t/p/w1280/qNp3DBvuZVkw6QbFrY6iHAlQCZW.jpg
a786208c254dba5a0ef146411c8b999e3f4a7ef493d4764079c6a1ddbb9d142e,954439,Fat Fleshy Fingers,2023-01-12,2023,85,Lançado,An anthology film that tells the tales of eight hapless souls infected with a monstrous sexually transmitted parasite that holds eldritch powers over its host’s mind.,https://image.tmdb.org/t/p/w500/t7jnqNMbR6f2xiSeN9gtcluRQie.jpg,
9de99580037118f3cb00730db29405f7603db526be2bcd2ee3b094825b62aea6,955600,23rd Century Giants: The Story Of Renaldo & The Loaf,2021-06-25,2021,82,Lançado,A decades-long friendship drives an architect and a bio-medical scientist to make the weirdest music you’ve ever heard in your life.,https://image.tmdb.org/t/p/w500/hLwg46Dnr83aSFbt3wKZRN0OViH.jpg,
cd2141556b70cb7f2cfcd245a143192c35c4d6d3b810aabd80418f8b39ea00ca,955971,Honeymoon With My Mother,2022-04-29,2022,110,Lançado,"A young man is stood up at the altar. His overprotective mother decides to join him is what would have been his honeymoon, so as not to waste the trip. He ails while his mum enjoys the trip of her life.",https://image.tmdb.org/t/p/w500/zmXaK4ajfTUOeb8K13uQ4fNfE8L.jpg,https://image.tmdb.org/t/p/w1280/s90hYiKk8vwCXKCDewFrrfzAdV6.jpg
17fafa400b51c761b1829e5c28b77708b920a0d367a54c896e68109bd0b3a3f1,956294,Ezra,2022-04-10,2022,8,Lançado,A chronically ill dancer finds tranquility in nature while on a camping trip with their boyfriend.,https://image.tmdb.org/t/p/w500/vrcgFqncwtbFfpqZXV9fI6Z8iKz.jpg,
be24fb67aeb8525cf6c46257c88215c256b6031f6ddd8446bd7ae55d75bd6892,956442,Delikado,2022-04-29,2022,94,Lançado,"In the majestic tropical island of Palawan, three environmental crusaders confront murder, betrayal and political corruption in this thrilling documentary about land defenders battling to save and preserve paradise in the Philippines.",https://image.tmdb.org/t/p/w500/ykFjQbXGY2V5yXx7SdOOgQioXKs.jpg,https://image.tmdb.org/t/p/w1280/eOMYPEgSN94IkP5noVWTbJ6yOn.jpg
d5f7a0e49675792916f3c88790012baa8055fbcbdfb425f30623dcd9d7e72728,956448,Sam Now,2022-05-01,2022,87,Lançado,Sem descrição,https://image.tmdb.org/t/p/w500/hYn4dAUXcgOt61g3ivVc58xziU5.jpg,https://image.tmdb.org/t/p/w1280/wmbgNz442z6Kojj8PCyJGQnqiwk.jpg
4f5881a3dbb5a8872a1a9014d38485cdb1d07c7544a2267f1de8e818a727b116,956493,The Final Sacrifice: Director's Cut,2022-03-24,2022,0,Lançado,"The Final Sacrifice is a three-sided story about German, Italian, and American soldiers, set in Northern Italy during the final weeks of the World War II.",https://image.tmdb.org/t/p/w500/936gvpIsnw4V7qIuIGhdKwvp2d8.jpg,
2e121f2e8ecf599032537b7b9bb093c0f329d808cd9cbf9d2701f99904139cd9,956616,The Ballad Of Piargy,2022-09-22,2022,100,Lançado,"It's spring 1939. The bishop in Banska Bystrica finds out that in the village of Piargy, that was buried by an avalanche a few days ago, the Antichrist was born. The bishop calls on priest Balaz and asks him to investigate the statements of Johanka, the only survivor of the catastrophe. Balaz wants to know what exactly happened in Piargy.",https://image.tmdb.org/t/p/w500/EdjNwfKFN7SLx6GndoSL32ECJv.jpg,https://image.tmdb.org/t/p/w1280/yRyaGzJIsHlAgjjae87ILBhiou3.jpg
5879a260d75f1bba0d2e96c7be4b14f1bd9673bdac52dadef64acef17d0b2124,956956,Plot To Overturn The Election,2022-03-29,2022,54,Lançado,An examination of the hidden origins of disinformation about the 2020 election and those responsible for some of the core narratives of election fraud.,https://image.tmdb.org/t/p/w500/eDAKgzD3aSpkuNhXaGHXHOhJTMi.jpg,
67593ccf6be18a025cd3ce1cfa4d16443a16535257d32e195fb6559b101842ff,957042,The Protector,2022-07-28,2022,92,Lançado,"After being released from a correctional facility and moving to a small town, Evelyn’s life is interrupted by the arrival of a mysterious book about a powerful god who brings peace where ever he goes.",https://image.tmdb.org/t/p/w500/vlpJXIFYF0m0TFdtYXb8YmNMBhV.jpg,https://image.tmdb.org/t/p/w1280/cMUEluXTCoK4LO0kiwcNmOTnl8P.jpg
dc0f783f61c83f88ead609745cb4774c88cc36dfa1af60bff8e82576d030cd60,957461,Chile '76,2022-10-20,2022,96,Lançado,"Chile, 1976. Carmen heads off to her beach house. When the family priest asks her to take care of a young man he is sheltering in secret, Carmen steps onto unexplored territories, away from the quiet life she is used to.",https://image.tmdb.org/t/p/w500/e8cO013usqWgawu520n1OdmX3jp.jpg,https://image.tmdb.org/t/p/w1280/zHyw4M8a7jWmQsnsmDTlY2ydSsr.jpg
75c7e03720ef47504754f629a657578b910a46d9c9c6b85df70369874ccaa3eb,958031,Laissons Les Morts Engloutir Les Morts,2022-05-04,2022,96,Lançado,"France, 1431 The trial and final days of Joan of Ark imprisoned in Rouen by the English Crown and tried by a tribunal of French judges and clerics.",https://image.tmdb.org/t/p/w500/oydkC7zMLuUELjf2HNJzotfTNh7.jpg,
e620ebe65c8f122acd77f84f0b2914f055e7bf9185291672838d8f339e904fab,958219,For My Country,2023-02-08,2023,113,Lançado,"Aissa, a young officer of Algerian origin, tragically loses his life during a fresher initiation ritual at the prestigious French military academy of Saint-Cyr. As the death tears through his family, controversy arises over Aissa’s funeral plans when the Army refuses to take responsibility. Ismael, his older, rebellious brother, tries to keep the family united as they fight to win justice for Aissa.",https://image.tmdb.org/t/p/w500/qvmCPv4Zqu7BAdEOGEFeJWBOt3l.jpg,https://image.tmdb.org/t/p/w1280/8WTJUov9GsANj2xgWjqXgbDN83A.jpg
27f183d550e49d48fddbd25b922ef481303428ce598b8ade8a66877a11f1e92e,960066,Tell Me Something I Don't Know,2022-04-29,2022,15,Lançado,"A twitchy comedy-thriller about a meddling twink who brings his friends to the desert for his 25th birthday, where a reckoning ensues.",https://image.tmdb.org/t/p/w500/dkByjJob4xNAZfpj6rHVvTmhGt9.jpg,https://image.tmdb.org/t/p/w1280/xiU24eCUt9JVTURQiD8Bzbtdhr5.jpg
6c4b18b77c81961850640ce998ba395e44c9ce2f404d544121d50764f77b4c2f,960475,The Forbidden Call,2022-04-07,2022,8,Lançado,Change in the Catholic Church is long overdue. One woman is set on reforming it - by becoming a priest.,https://image.tmdb.org/t/p/w500/zNdBETAeuZ3reNwg9DeUosDqkxI.jpg,
1ee932b40e3359999e5ea462f3e3160c73c407d5106c49247a299f7ce574c6d7,960481,Princess Khutulun,2021-12-03,2021,108,Lançado,"Princess Khotulun is the daughter of Haidu Khan of the Ugudei dynasty. The film tells the story of Princess Khotulun, the son of Kublai Khan, known in Western and Eastern history as a wrestling princess, and her struggle to reclaim her Golden Sutra.",https://image.tmdb.org/t/p/w500/dhD4QNmZwfh88y4Dm5XsX7dWFVf.jpg,https://image.tmdb.org/t/p/w1280/awWppR6CmJ6gqM6UjMz5DJ4zZaP.jpg
20b6604c5ebcca3d5694b4b6fe6fffc15b0e7640b66cc40aba1c1fdc7f972f4c,961137,Pumpkinhole,2022-09-27,2022,83,Lançado,A washed-up baseball star hallucinates pumpkins a year after running over a trick-or-treater on Halloween.,https://image.tmdb.org/t/p/w500/kFJ9rjKPjqwJI4BQvJowzgkJQfH.jpg,https://image.tmdb.org/t/p/w1280/ad7u685qmcqclhHwNhOet9NjdJO.jpg
276ef5462c1bf524e1ad81c35fb924832eeb81d78874cba6e7fd871cb56dfe53,961602,Archir Gallery,2023-03-10,2023,0,Lançado,Is love in 2022 different to that of 1990s?,https://image.tmdb.org/t/p/w500/pbJbeZ4DDtVXD3yYdBobvcz3ZVi.jpg,https://image.tmdb.org/t/p/w1280/vhnzLASScztEWmQcne2E75PsTuX.jpg
e0092cc7d9a0a5a386a80b28f7aa136308115d5cba72d452f15f79683ab9a877,961876,Nikki Grahame: Who Is She?,2022-04-07,2022,47,Lançado,"A tribute to the much-loved reality icon - from her triumphs in the Big Brother house to a lifelong battle with anorexia, which led to her untimely death in 2021",https://image.tmdb.org/t/p/w500/ccG1dBtWT4PObnSkOa416fnfo0U.jpg,
9d3b540ae2b2502210c0e3281769f384e50907be79bccb1a5760f977e4101282,961962,Free To A Bad Home,2023-02-17,2023,80,Lançado,"In this terrifying horror anthology, the lives of three strangers - a widow, a thief, and an addict - are changed by cursed objects and those that spread them.",https://image.tmdb.org/t/p/w500/cGXFTNh5n1DU2isljSDEPoRuk6u.jpg,
bb104d13eaaf83c63633d9655270aa57c6fe16afdbba40f293626e7145133b46,962211,Meta,2022-04-22,2022,4,Lançado,"META is an animated film that takes up topics such as change, transience, cycles, connection, and interaction in a playful and experimental way.",https://image.tmdb.org/t/p/w500/a3B0eegC0sFg5WizacYHYgNQvGs.jpg,
4aa8ffb609424c5e654ad28200e380cd00fb3922d6daab1f989dafa17f08f7c2,962543,The Worst Ones,2022-12-07,2022,96,Lançado,The story centres on a group of teenagers street cast in their neighbourhood and selected to play in a feature film during the summer. The film tells the story of this film shoot and of the connections that will be formed during it.,https://image.tmdb.org/t/p/w500/3ZfrtEUknglIvbwHOQV8tKLKqE4.jpg,https://image.tmdb.org/t/p/w1280/5TYO3nLlHn5XC3Q19sQ0f06HpeL.jpg
c58e57bac3981918ce5435cbd4c222fc4091533b00b031642b62ab5e01d96ab0,962568,Butterfly Vision,2022-10-12,2022,107,Lançado,"After spending months as a prisoner in Donbass, Ukrainian aerial reconnaissance expert Lilia returns home to her family. But the trauma of captivity continues to torment her and surface in dreamlike ways. Something growing deep within Lilia will not allow her to forget, yet she refuses to identify as a victim and will fight to liberate herself.",https://image.tmdb.org/t/p/w500/mOdquBhp69l0GVFNfZOW5ZeicWI.jpg,https://image.tmdb.org/t/p/w1280/atRKIqytb8k8H0KvngKk8inPGq4.jpg
6f7a465b31bebc8f11c23b2441441ea874b2b59a926dc473a107113621160f03,963930,The Curious Case Of Dolphin Bay,2022-09-22,2022,83,Lançado,"It follows 15-year old Quinn Perkins, who will be spending the summer working as an intern with her best friend Daniela. Mysterious events start to occur, and they assume that they are being haunted by local legend Everly Fallow.",https://image.tmdb.org/t/p/w500/xWTr0cr5FctbYatTPSBe4d83GCy.jpg,https://image.tmdb.org/t/p/w1280/8iiG8RvBtzKuxHKCckLbTuMG5a9.jpg
2d2214d89f3cf2efced13733b0175d9306a28ac8f117a624d25871805a1ae7b5,964037,Beyond Tingri,2022-06-10,2022,90,Lançado,"Swedish adventurer Robin Trygg’s journey to climb Mount Everest, that was covered by media during in 2015-2016. Together with his close friend Chirring dorje Sherpa, Trygg headed out to Himalaya, but they found themselves caught in the middle of a dreadful earthquake changing their lives forever.",https://image.tmdb.org/t/p/w500/aIbo2KnobBMMxv2lVBhaoK3LEZy.jpg,https://image.tmdb.org/t/p/w1280/kw2ddIMp1LlesNdUJiBgdemZBIS.jpg
1b59d7fc633a2c5a5511bb55117c0196b390877d9fdccaef2e45722f57b15cb5,964278,Kalev,2022-09-23,2022,91,Lançado,The Soviet Union teeters on the verge of collapse in 1990 and tiny Baltic nations struggle to take back their independence. A rising tide of public opinion opposes the Estonian national team's participation in the USSR's basketball championship. The team makes the unpopular choice to participate.,https://image.tmdb.org/t/p/w500/15ZKGhGEFZea24SlamNLi1vfhzv.jpg,https://image.tmdb.org/t/p/w1280/a4avMIkephXqHavbKWRxiEosbGY.jpg
6f659b2cf3d04e8a9b6dead0b30f7737f0727951a3ea624cc9c2a6c80424afff,964341,Sun Of The Soil,2022-04-15,2022,26,Lançado,"In 14th-century Mali, an ambitious young royal named Mansa Musa ascended the throne of the richest kingdom in human history. This follows Malian artist Abdou Ouologuem on a journey to discover the truth behind the legendary African king.",https://image.tmdb.org/t/p/w500/ukcBO5KExn4y8KMfOAKOI7cpwQN.jpg,https://image.tmdb.org/t/p/w1280/kBYQ9qPcSsVvAagxiI4pLizRURk.jpg
a18bfcb865aa5c007b19ff4dc0fbc1d185e1f155cc7d7fbede64aaaeea773d00,964392,A Really Bad Place,2022-07-13,2022,1,Lançado,A one-shot horror thriller about a kidnapped man who has ended up in a bad place in many ways.,https://image.tmdb.org/t/p/w500/9MEgnDm45Wf7BNdqBsNqINzk5ev.jpg,https://image.tmdb.org/t/p/w1280/ypLqdqBIOwaE3Rx34mlKKemTOYD.jpg
e6840865bb2232ee1dcaffb460a39ded889daf16b8427375537ad0b669e51c11,965049,Ñaños,2022-06-08,2022,16,Lançado,"In the heart of Corona, Queens, two Ecuadorian siblings are placed at odds with each other when one reveals a sudden urge to leave their home.",https://image.tmdb.org/t/p/w500/lL4zvqRLnWqxf4hFzovhdw334Ev.jpg,
0e3cbbeab873b931987b8a2b4b89b70c504f320e227293b5a7901af8d16487c6,965055,Sparring Partner,2022-06-08,2022,19,Lançado,"When a long flirtation between two co-workers comes to a head during a revealing lunch break in the park, who gets to walk away with their head held high?",https://image.tmdb.org/t/p/w500/na8etHvXBOxBF8JRMLErv9wIDnW.jpg,
00bb8fd0584557d1cda8274bd5880be856e5b06e0d6867c38a21bc81d016e15c,965489,Kushi,2023-08-31,2023,163,Lançado,"Raised in an atheist household, a young man falls in love with the daughter of his father's arch-rival, a devout Hindu leader.",https://image.tmdb.org/t/p/w500/t62pmGjImf4rg4VXsbIImKJgVan.jpg,https://image.tmdb.org/t/p/w1280/iPTB7IFqxC1qG1rU5hQDxbzLQAr.jpg
c9e7b598d294616ca314f27facc64b6491a23ec78cf8d07dec7a3e36d209026e,965807,The Vagabonds,2022-05-25,2022,100,Lançado,"A middle-aged woman with a preference for younger partners, mainly men in their 20s, searches for a genuine human connection while faced with societal double standards, prejudice and toxic masculinity.",https://image.tmdb.org/t/p/w500/sae6ZqcYVxFTQI6TjK4daRRZqpW.jpg,
24528832d17fb118c0ac7eb4ff7340d748d04f050b4459b6d9ac59a5766ac84c,967528,David Letterman: The Kennedy Center Mark Twain Prize,2017-10-22,2017,85,Lançado,"Emmy Award-winning comic and talk show host David Letterman accepts the 2017 Mark Twain Prize for American Humor. An outstanding lineup of entertainers gathers in the Kennedy Center Concert Hall to salute David Letterman, recipient of the 20th annual Mark Twain Prize for American Humor.",https://image.tmdb.org/t/p/w500/3m9Xk9QE1COzGBTH2fqGhAstdx8.jpg,https://image.tmdb.org/t/p/w1280/A70LAODyJNALLjyugJ5eD8AdjHP.jpg
98d9c02eab806107192414097a959339039457c5f0a3d96690e05238a5fcf788,968035,"Get A Life, Alright!",2022-05-19,2022,75,Lançado,"A young struggling actor gets a lucky break after delivering flowers on set and falls for the leading actress and becomes a target for jealousy, all thanks to fame.",https://image.tmdb.org/t/p/w500/e3IyRRQJnZ5CKs2eUTnsxRxhEOL.jpg,
f5447704418d6815680db009c4377b78c627c2ea132078e60d0d3c7de70e99a9,968119,Specter Of Weeping Hill,2021-08-13,2021,7,Lançado,A young woman returns to an abandoned cemetery that has haunted her since childhood to confront the recent loss of her sister.,https://image.tmdb.org/t/p/w500/te8dT9aLs7OgVWG1A7JFUfPZHhl.jpg,
6654c7af187912487fe29ecf774f6e9daca76877475b3fcb7619938fb22de56f,968263,Tremor,2022-05-26,2022,16,Lançado,"During water therapy for his chronic spasms, Leon is involved in an incident that gradually disrupts all aspects of his life.",https://image.tmdb.org/t/p/w500/7CbAu5L1q5hgGL7F9yhh8LumJZh.jpg,
ad90f93dd59ed7e19b17345c94b354c7effd72dcd9639027d9b52cadf6fbbaaf,969725,The Creeping,2022-05-01,2022,93,Lançado,A concerned young woman moves home to look after her ailing grandmother and soon finds herself fighting a malevolent presence with a dark secret.,https://image.tmdb.org/t/p/w500/dFcvY2tVKz9hfsopbZhTxvDbjkh.jpg,https://image.tmdb.org/t/p/w1280/hL9WT6hIPI2BJkimcffejGpj915.jpg
d42bb38e710c034eb93c10877e6705b60709b173b4bd0d30f4bdad549b4d17a0,970209,Star Syndrome,2023-06-08,2023,113,Lançado,Former singer wants to come back but the music industry has changed.,https://image.tmdb.org/t/p/w500/a8PC2CQESbrwhTGImI3atw7kMx4.jpg,https://image.tmdb.org/t/p/w1280/ammBxGSh3zouf0zRjmO9r5cY4Cg.jpg
034ce02a55dac39dad6af57fcf3aa818fb0f46e609510e845311398f59d4a20c,970282,Hired Gun,2020-07-19,2020,10,Lançado,"Arthur's 'old man persona' is just a disguise. He's really a trained hitman, one of the best. He's given a new target however there's a complication in the assassination, there's another hitman after the same target.",https://image.tmdb.org/t/p/w500/tOJlsVd6uff9Sej9ai2a8qGklhu.jpg,
97b04954ac78188ca6e15af4a27f5edaea3cc480931d2c4efdf64fcbd50714e7,970535,Wonderlust,2020-09-22,2020,74,Lançado,Filmmaker Gabriel Miller examines a small group of people's proud isolation as they live off the grid next to a military bomb site to avoid mass society.,https://image.tmdb.org/t/p/w500/9Zw1EfRCg53FH9OFUPvWdQrmj5L.jpg,https://image.tmdb.org/t/p/w1280/cI2MlKrLephw98w3PxACUCm8U52.jpg
8ee4c935452f2623e3650963f026bb9a20ae6e846bf93e289924ed36e8cf7f57,970654,New Five Golden Flowers,2022-02-25,2022,106,Lançado,Sem descrição,https://image.tmdb.org/t/p/w500/fCJE9KcyZKGfRDjew2YXWYvVqFP.jpg,https://image.tmdb.org/t/p/w1280/fcD60nbfDn1FOmlvT9TqaUPUtD.jpg
8579ecc275998b4d6bee6d209d39b3ccc09e303c794405732c3ec5147aa2a1d5,971989,Separation Of East Pakistan - The Untold Story,2021-12-16,2021,112,Lançado,"Bringing out relevant facts and realities about events that led to the Indo-Pak war and the Separation of East Pakistan in 1971, that have been excluded from the conventional narrative projected during the past 50 years.",https://image.tmdb.org/t/p/w500/cAyYDpkIrlDp2NKwiMFpNXaSTAO.jpg,
aac207b120b2e830d92cf4b4b2aa15c7ec8bde13a3af3f8c34730ddd2b77c715,972712,As I Promised You,2023-04-21,2023,12,Lançado,"A young artist is diagnosed with a medical condition that will leave him blind for the rest of his life. As a result, he loses all his motivation to continue, but only until he finds the support he needs from his husband.",https://image.tmdb.org/t/p/w500/1OYkDTf184eVEWRJ11NhTpxeRnx.jpg,
8938db6a37619c35fbeb1205bc356abb4c9ba48e010dd9dd896a2e8e1686727e,974498,El Comensal,2022-05-26,2022,100,Lançado,Icíar and Fernando are young. They are both going through the most traumatic experience of their short lives: the loss of a parent. But Fernando and Icíar can neither share the pain nor the strategies for dealing with it. They live in different times. Fernando in 1977 in Bilbao faces the kidnapping of his father by ETA. Icíar in 2011 in Navarra faces her mother's fulminating cancer.,https://image.tmdb.org/t/p/w500/qkmpLVwIBQBEWal4lEC0vJNtZ8N.jpg,https://image.tmdb.org/t/p/w1280/aEcHgHwbNWk7UOpU8wdJHLKmjVI.jpg
4ac46bea29eb1f12cddf27a7cf8ea68b59d50cfff9cb046aeef3b6525bcf0edc,975047,A Message From Brianna,2021-11-03,2021,120,Lançado,"When a African-American couple move into their new home, their 2 year-old daughter becomes a terrifying messenger from the other side",https://image.tmdb.org/t/p/w500/sOW8ohyVe6WwUp9jtpp3Y6oLuF0.jpg,https://image.tmdb.org/t/p/w1280/dL7Rik1vcjZD1NTvAeU7AP4KfIO.jpg
61be8724c3bf03d5947cabd0eebb29c3e72f9865614253b98d11031ee0283a52,975302,Tales To Tell In The Dark,2020-04-05,2020,76,Lançado,"The bishop narrates three creepy stories: a pregnant woman and her man try to survive in a living-dead world, a tourist comes across strange phenomena in a motel, a thief is tormented by a curse.",https://image.tmdb.org/t/p/w500/wTzdQcmJuL5mCW7K0WGKdtciz1o.jpg,
f0cec13fd54d2ea9aab8f921b73600439e61139a93631cbc5fed55621c54cccf,975714,Collision,2022-06-16,2022,99,Lançado,"Over the course of one fateful day, a corrupt businessman and his socialite wife race to save their daughter from a notorious crime lord.",https://image.tmdb.org/t/p/w500/4zsihgkxMZ7MrflNCjkD3ySFJtc.jpg,https://image.tmdb.org/t/p/w1280/qBu6blwnOA75Hz61QHrNe8unUNw.jpg
24856d6e6f8b78bc72a66dbeb0cd61fe1771b8a4b34a4c1a03e7dd1e736ea514,977337,A Cat's Life,2023-04-05,2023,83,Lançado,The story of a lively and curious kitten who is bored in his life as a domestic cat in Paris. His fate changes when ten-year-old Clémence takes him to her country house at the heart of the Vosges. Thus begins an extraordinary adventure through the wilderness for Clémence and Rroû...,https://image.tmdb.org/t/p/w500/n0Um1wr9qGCghSIX0wvsmZoW40u.jpg,https://image.tmdb.org/t/p/w1280/sZlczcTX9jtjsnXysaiwtBSRWf9.jpg
185e6376479a50ea8c867167aa3e23bef7b4e6a310afa4f65d20a7814beeb958,978397,The Staying Kind,2018-10-13,2018,21,Lançado,Sem descrição,https://image.tmdb.org/t/p/w500/aH2aqpUKpp0GWk34vDR4Ebhmpr7.jpg,
b0cf04350f6cacb777303ac602c5cb5e5b608e9ba475fc7c690c1031c4e3c0b4,979343,Inside The Beauty Bubble,2021-09-01,2021,32,Lançado,"Enter a pastel dreamland of 3,000 vintage beauty artifacts in the desert community of Joshua Tree, California and meet “America's hairstorian” Jeff Hafler as he struggles to keep his roadside attraction afloat during a remarkable year that changes his life and the lives of his husband and son.",https://image.tmdb.org/t/p/w500/sstoTeBQ7eLzuQGcOMIeCsfwU7S.jpg,
14088e5c16cd891a291b2025f1bc61b875fb261147f6e2737e93a9b5e9f010e8,979889,Liebe Angst,2022-06-25,2022,81,Lançado,Sem descrição,https://image.tmdb.org/t/p/w500/nw22CfPtzVTQchfJt6yTFVt6eWn.jpg,
7d8c9b6227fab257b925439232cb71e48d788ada97bb4c52f42ee20c6b5eb9b5,980856,Amy Schumer Presents: Parental Advisory,2022-06-11,2022,57,Lançado,"Amy Schumer welcomes her favorite comedians to the stage in this special about family life, from the pressures of parenting to the joys of remarriage.",https://image.tmdb.org/t/p/w500/cDwZI6SbCO92tTBDCYueO4vpMAu.jpg,https://image.tmdb.org/t/p/w1280/oEMFCM2SJRABOD0ZqEcaNKHwDrH.jpg
abcbab0459773df75cce79e0989c8f1b110520a0dac564f885ce7d1b1051c857,981978,Kakerlak,2021-01-01,2021,0,Lançado,Sem descrição,https://image.tmdb.org/t/p/w500/jzj3aoFCfNsktsenSY6XqsOLMGb.jpg,
53593161635d16fb7a2048e22c166b9c6ef7313be355250ce735bc32fed97391,982437,Nàdia,2022-03-19,2022,0,Lançado,Sem descrição,https://image.tmdb.org/t/p/w500/4ZP1f1GZIKGhbhglTUMneXLCQkI.jpg,https://image.tmdb.org/t/p/w1280/gmauXpfPmq4jG5rr44WwPCibpp2.jpg
a14c98aeed0a6c684a498838a2d887e0cbc1f630ae21651e753aad3780e877b4,983690,We Cry Together,2022-06-04,2022,6,Lançado,"Live recorded on March 15th, 2020",https://image.tmdb.org/t/p/w500/9xCTaPFhQWMI1NQdzkyZ2UNsE1E.jpg,https://image.tmdb.org/t/p/w1280/cRspv0t3flgGd1EOzErUpyncViE.jpg
08f1cade2f28b03eaa8e1641ff2d59eb2c3365e587304961c1c2a92316e28db6,985083,Embrace Kids,2022-09-01,2022,79,Lançado,"Explores the world of  body image through the eyes of children and covers topics including diversity, social media, photoshopping, the influence of media and positive role models.",https://image.tmdb.org/t/p/w500/vcHiCmfsFkmFMtAukRMKtw4qJ3U.jpg,
adcc822477d8f4e38b189a956256e63fd387de2f36f5a36ecf3585617ac08499,985314,Pete Davidson Presents: The Best Friends,2022-06-13,2022,58,Lançado,"Pete Davidson jokes about rumors, free plane rides and his very weird year as he invites his friends onstage for a night of stand-up comedy and music.",https://image.tmdb.org/t/p/w500/qGDYnu6cqF5T9Hgh5WoOtofE2tj.jpg,https://image.tmdb.org/t/p/w1280/eFGwzSLVTAbkSFu510zonxbv7pi.jpg
273e3fd60a7adf3458facc025dfccb4d012990de7a2c394e23490c11910f3a1f,985988,Burning,2022-06-18,2022,86,Lançado,"Lam, a doctor, puts his family in mortal danger from a one-night stand.",https://image.tmdb.org/t/p/w500/pCQnSRCgpukG5YZXNQyja6xx5IY.jpg,
7a36e5f5391e7c25f241ac0eaef8c4c2824db28c1b436e6a1b92dcf836ec65a7,986280,Fallen Leaves,2023-08-17,2023,81,Lançado,Sem descrição,https://image.tmdb.org/t/p/w500/9Kfru1emzVlU8mJa5duAP77oWDe.jpg,https://image.tmdb.org/t/p/w1280/oQMcTqUkz1LIQceyjyiA4UO9UgM.jpg
fa3296dc55874280b8e2f17b2598a97dcfa3ec651c52473f094b6ff93828e7aa,986640,Unstill,2018-09-13,2018,78,Lançado,"David, a young man in his early 20s, escapes the mundanity in search of something bigger. His goal is to sail around the world in a stolen boat.",https://image.tmdb.org/t/p/w500/8j8EDipjNXhS9u4cwJLV7ds6ggy.jpg,
57b21145dcdd8d9ff6b47c4ffa002ef03f10468e45f4fcc5834cd0f437442f14,989396,Upside Down Revolution,2017-10-11,2017,18,Lançado,"A man condemned to crawl on the ground of a vast desert finds himself face to face with a peculiar vertical mast, planted in the dirt. He approaches it and tries to cling to it. Rising slowly, he understands that this mast is perhaps his only escape.",https://image.tmdb.org/t/p/w500/usyvcTLOjJsQBEh26aaOTmhNjVt.jpg,
10a27cbc0040f25037c3605ba165cb699c0b655e8f72884fb67a46a52d96c720,989739,"Mutter, Kutter, Kind",2022-09-29,2022,0,Lançado,Sem descrição,https://image.tmdb.org/t/p/w500/hQ5J15NLoR11qIhGaohM7WKhETG.jpg,https://image.tmdb.org/t/p/w1280/b2CEFeDVyMJKA09zosRON9aqGEr.jpg
84c85402e8c6288f97af6a4df33bbff853e6ae32c3e51223ab792b98460e9f23,989750,Monster Im Kopf,2023-11-09,2023,94,Lançado,"Sandra, a young mother-to-be, fights to have her child stay with her after birth while she serves a prison sentence for aggravated assault.",https://image.tmdb.org/t/p/w500/4sQBZ7dLCn5ssvsoIiprh0em66K.jpg,
9b1a48a4a2db871112efc2928aad42382b2dd2f5eb2449c2f2af1a8d15b56494,990338,Body God,2022-04-01,2022,113,Lançado,"Vasu, a middle class man leading a complicated life is appointed to look after Puttanna, a paralyzed and arrogant old man. When Puttanna mysteriously dies, Vasu covers the death and convinces everyone that Puttanna is alive. How long will it work?",https://image.tmdb.org/t/p/w500/6CuBpqi98NAEzExCuirUbBoTvjC.jpg,
df302ef73e34b1c483f27f8d76fc06b1726a475054c67424dd4a7e1a8cba7cf5,990891,Hebgb Tv,2022-07-16,2022,78,Lançado,"multidimensional cable box installs itself into a neighborhood and slowly, the world. Two siblings (Van and Willow Reiner) discover a mysterious package on their porch and are taken on a wild channel-surfing journey through a world of television mayhem. Welcomed by their new friend, The Purple Guy (Knucklehead), this brother and sister find themselves standing up to the box’s algorithm to protect their minds.  DIY to its core, HeBGB TV is a spooky, sci-fi story that takes you through the horrors and laughs of cable television. This film is a cacophony of comical commercials, perverse puppets, and monstrous music with a naughty dose of 90s nostalgia. HeBGB TV is indie horror comedy at its queerest. Don’t touch that dial!",https://image.tmdb.org/t/p/w500/jtSplIpgPtsINTGyUFHGb7ssCYu.jpg,https://image.tmdb.org/t/p/w1280/8Gx2K6iIDDx4OFfdNTKYme20Jtb.jpg
427b431b3a874287d7864a109b61a6017fd4e33ce420bf51b045e3970c7616c5,990916,How Not To Be A Junkie,2022-07-16,2022,20,Lançado,22-year-old Lex thinks she has mastered the art of shooting up and getting just high enough not to wake up dead. But today —  things didn’t go as planned.,https://image.tmdb.org/t/p/w500/zQKJfPi2Z4uisGV4FU9ZqnCRQk3.jpg,
0de86ed1baf2264790451ca726d498ffa03350ffe7856ee2c9e1d571503bdb36,990993,Lane 0,2017-01-01,2017,70,Lançado,A feature length documentary about the struggle of a group of swimmers from developing nations trying to qualify for the Olympic Games for the first time. A story about pursuing your dreams and overcoming adversity.,https://image.tmdb.org/t/p/w500/rPmjB9A4nfJebEo4uGve0DlnAnE.jpg,https://image.tmdb.org/t/p/w1280/eSkfQEu8WRZmwyHHa2e0yGMieiH.jpg
02adbb16d2172b3b8542dea648dee09beeba5d694b9f9bdca8048b6084181e95,992784,Bingwit,2022-08-08,2022,96,Lançado,"Salem is an ambitious woman who uses her body to attract three men - her politician husband Domingo, the hunk servant Medel/Arnel, and her boy toy Aldon - until Medel/Arnel and Aldon fall in love with each other!",https://image.tmdb.org/t/p/w500/40mwVoQw2ERm5AAhUZ34aII37b7.jpg,https://image.tmdb.org/t/p/w1280/sxBgygr0NgfHEd4PizPKPuI1gcp.jpg
d3edfd4be3a61b78d950a2bc669ca0c7675cf646eb024d608a80ca3aeec4bd8f,993282,Another Spring,2022-07-04,2022,90,Lançado,"In 1972 Yugoslavia became the site of Europe’s last smallpox epidemic. This gripping archival documentary, aptly described by its creators as a medical thriller, reconstructs the dramatic events of those spring months, and viewers will find it difficult not to draw comparisons with the worldwide events of the past two years.",https://image.tmdb.org/t/p/w500/gs3mFzAanizF5krKpUdFJRgiPnM.jpg,
c63fa6f5f4ae49377eb827e72e7bcc5232dad333b6060499896b99f4d235dfe9,993494,The Agreement,2022-04-29,2022,71,Lançado,Sem descrição,https://image.tmdb.org/t/p/w500/w9JBVtzOzqRc9QqbzipGkeMDaPS.jpg,https://image.tmdb.org/t/p/w1280/uECFfuy7jYhAvBju6Z3Cgv3bOar.jpg
8f5d67aff17443ce6e64c2623c31f70a4986798c74f5d4bfd35ecf814058fd83,993689,1001 Nights Apart,2022-07-21,2022,0,Lançado,Dancing is forbidden in Iran - yet some young people in Tehran try to teach themselves secretly. They know little about the history of Iranian dance before the revolution. Sarvnaz Alambeigi discovered rare film footage of the National Ballet of that time - how can the old and the new generation of dancers be brought together? and the new generation of dance dance together?,https://image.tmdb.org/t/p/w500/zQcka9Mm5grTGzHZvngpiHaDNXj.jpg,https://image.tmdb.org/t/p/w1280/wg66sXHL343uww2j9BCcnnglpTK.jpg
7d931f5a985e2a0885f06cc3f854c829cd82b7e6d1388c62a591cc283dd54470,995319,Children Of Las Brisas,2022-06-26,2022,84,Lançado,"In Venezuela, amidst a backdrop of poverty, murder, and corruption, the El Sistema youth orchestra offers children hope and the opportunity to pursue a life of art in spite of the harshness of the society around them. Yet the country’s spiraling collapse and political repression threatens the musicians’ dreams of a better life.",https://image.tmdb.org/t/p/w500/z1pBLDwRcsJP7VeT6Bc7FLbBAKY.jpg,
bf7e0628dba954dfee8d8f37a27470a79e54fa1dfa49d66a5781b33a4d83a11b,995746,Rosalie,2024-01-24,2024,115,Lançado,"France, 1870s. Rosalie is a young woman unlike any other. She hides a secret: she was born with a face and body covered in hair. She’s concealed her peculiarity all her life to stay safe, shaving to fit in. Until Abel, an indebted bar owner unaware of her secret, marries Rosalie for her dowry. Will Abel be able to love Rosalie and see her as the woman she is, once he finds out the truth?",https://image.tmdb.org/t/p/w500/gAaNdxUZzT3XXTmmn5eC5QHc9nh.jpg,https://image.tmdb.org/t/p/w1280/pd6aTrQFHI66ZEu1ntE2IeFWdxl.jpg
f5cf3408e6307f04ce1b748725f3f644eb84de5f4999ba4856ad9985c490820a,996764,Garden Sandbox,2022-07-06,2022,70,Lançado,"After some misunderstanding, Sakaguchi is hired to make a tourist guide video on Tobako (a fictitious name for Kawaguchi) in the outskirts of Tokyo.",https://image.tmdb.org/t/p/w500/yAZDWYLVoekpzfPuak22gNs3LWb.jpg,
491baf13a261b8d8e60649835eab755a1bd1eacdc18617bda8e01f994bb7c623,998795,O Rio De Janeiro De Ho Chi Minh,2022-07-14,2022,0,Lançado,Sem descrição,https://image.tmdb.org/t/p/w500/yN33lIxcGz6nZdE3RAuhpvPZdw1.jpg,https://image.tmdb.org/t/p/w1280/aj4q2s2Dq64vmPs3PFZB5E3ocAk.jpg
fbfc67d8a0e0d89028218a483503c22ad452b5f717b808d201da24ae6e99115b,999457,To Kill The Mother,2022-07-30,2022,20,Lançado,"In Madrid, Spain, during a rainy day, Dorita, an elegant and magnetic mature woman, meets Noa, an attractive young man.",https://image.tmdb.org/t/p/w500/y2PdNP7pC8JdXw49f9QfCYo5SIE.jpg,https://image.tmdb.org/t/p/w1280/1CKdhmqN6pRUbe0SvYwgxn4KiUk.jpg
deb87a1a67540813df4510ae153c68319b1b9ac7074db387ac97ecdf7f5ef923,1000938,The Price Of Family,2022-12-19,2022,90,Lançado,"Heartbroken that their children no longer want to spend time with them, two parents fake an inheritance to bring the family together for Christmas.",https://image.tmdb.org/t/p/w500/rXDkYdshRGF3jwjxoDpzc4RPa18.jpg,https://image.tmdb.org/t/p/w1280/nLRKNsG9GpeIs5mSS0Lq0r82i1o.jpg
875dcd1d06fc1b0af4c89abd846da1b15225fd724a2f3f2f8856d2f29411e5cd,1001193,The Sisters Kardos,2022-07-16,2022,133,Lançado,"The Kardos family is thrown into disarray when Covid-19 hits New York and the parents are quarantined in Italy. The four sisters, two of whom have different mothers, must figure out adulthood.",https://image.tmdb.org/t/p/w500/seNKlUBAYRtyiKzHL0eYvIp3E43.jpg,https://image.tmdb.org/t/p/w1280/uuhDi8Wn5dJaTXjqlWCSTnr23ke.jpg
2b94cf52bef18b91cf1c976ad9a8af1460a1f0f05ddb54a93c7bf81f460f3254,1001507,Them,2021-11-01,2021,84,Lançado,"Humans live in a comfortable dream that repeats itself. They control the dream. They were humans once too. Some humans wake up, most don't. Daniel wakes to be told that things could be different. Daniel believes it. For a while at least.",https://image.tmdb.org/t/p/w500/zCWpFxj70YVQ1vfjra9J4Ma16lJ.jpg,https://image.tmdb.org/t/p/w1280/inGQMzW8TaARys2bkiFHYMrZMYo.jpg
7421f80d9cc2bc88313d39ccdf7fa5090819c728f087b95b773b05b4f8632caf,1003716,From.beyond,2022-07-19,2022,14,Lançado,"A kaleidoscopic vision portraying mankind’s first meeting with alien life, told through faux archival footage combined with practical FX, miniatures and old school in-camera trickery.",https://image.tmdb.org/t/p/w500/bMNRDeYv4iAIKaCMSwGMNS8tAIN.jpg,https://image.tmdb.org/t/p/w1280/bxjpNz17NBdjyMhDbt7fhY0uXPO.jpg
ad257ca85303ab315ab3da1247d5aeb8c3d21277779dbc7fc325ab92a9d81a91,1004275,Twixxx,2022-05-07,2022,10,Lançado,Sem descrição,https://image.tmdb.org/t/p/w500/26w0GaikmHChoeDtRTYsJ3GVrIk.jpg,
b818efe09fe8bab858461a4e10ac1dcde8b7e029adcad086641da3417876839c,1004575,Malleable,2022-06-15,2022,13,Lançado,"In a desperate attempt to make ends meet, a father takes on a lucrative full-time job that emasculates him.",https://image.tmdb.org/t/p/w500/7cgbJjbz4lGa0xLfEDmMHaVjfNl.jpg,
d6a69e6e88db512f5a9e1cba35dd4672ec90e6488f7ee434c46fe8eb65f008aa,1004672,The Matchmaker,2022-08-31,2022,90,Lançado,"A unique interview with Tooba Gondal, the woman who groomed and lured scores of Western women to join ISIS. Using social media, she became a deadly matchmaker, recruiting a number of high-profile “jihadi brides” for ISIS militants in Syria: she allegedly helped organise the transporting of three British schoolgirls, including Shamima Begum, to Syria.",https://image.tmdb.org/t/p/w500/be0NjE6pI8WmZXJRsX4Ss81HJue.jpg,https://image.tmdb.org/t/p/w1280/jp6oexoNopoHS2kG05MB7qusUAc.jpg
5816d6c2ca8999d935ac47f68ba6543a894af394006a9428518f28c5bc93a099,1004683,Bobi Wine: The People’s President,2023-07-28,2023,113,Lançado,"Uganda has one the youngest populations in the world and one of its most flagrantly anti-democratic governments. These are ingredients for revolution, and Bobi Wine and his wife Barbie Kyagulanyi are stirring the pot. When the charismatic Bobi, a musician and member of parliament, announces his campaign for president, Uganda’s youth are ecstatic, filling parks and streets for every speech, and singing Bobi’s anthems of peace and freedom. But then comes the crackdown, orchestrated by Yoweri Museveni, a brutal dictator who has ruled Uganda for 36 years. Bobi and his crew survive arrests, beatings, torture, riots and raids.",https://image.tmdb.org/t/p/w500/j0CxiYRhjDn1jwL6OTzdrLUPLBM.jpg,https://image.tmdb.org/t/p/w1280/eBWByfYdAY4Gcch07TIJ0WjpTbB.jpg
c127fb81cc969ee0d3cbad66214883ff5236156de7dc8d88f04de144bc2d9179,1004884,A Drifting Up,2022-12-14,2022,10,Lançado,It takes 6 weeks to come off anti-depressants. I tried to dance my way through it.,https://image.tmdb.org/t/p/w500/lOmmNNdcp6WgYwttl9GNUEaFNmV.jpg,
3445cafa926339e616a5c275a1775b325f6f7668c7bb9cf76132482c9de07082,1005106,Father Of The Flying Car,2022-06-22,2022,94,Lançado,"Dr. Paul Moller, an esteemed inventor, fights against the odds to complete his life's work, a flying car.",https://image.tmdb.org/t/p/w500/6SzoQ4jK9nYzxb8KrJcqlpJ6pup.jpg,https://image.tmdb.org/t/p/w1280/cbxGpgpKsuqBICaZOi8dkez0P7w.jpg
4ecdd6572c2dfc2ddc5807ac11ceea2c0ea8693ff96736824dea097d3b0bffc9,1005728,Kacchey Limbu,2022-09-11,2022,109,Lançado,"In Mumbai, a pair of siblings find themselves on competing cricket teams as they struggle to balance familial loyalty with the pursuit of their passions.",https://image.tmdb.org/t/p/w500/qB5GJW26kzHN5k4omfTeB9t1R90.jpg,https://image.tmdb.org/t/p/w1280/31CMKfxhHnWC09lC48ae2MfPYkd.jpg
be22ef28bcdce2c8ba1fa781cfb1d647304f6d145e6608c7b269d717afd8c1b5,1006966,Princess Cut 3: Beauty From Ashes,2022-02-10,2022,104,Lançado,A down-on-her-luck waitress witnesses a domestic disturbance and develops an unexpected relationship with the policeman investigating the case.,https://image.tmdb.org/t/p/w500/tEV6RkaHcMfq372sRaVZWbMuWxb.jpg,https://image.tmdb.org/t/p/w1280/1pZYbeQgl9rfGipjBiNjKVxlElw.jpg
f19d4ba18e645b5b1938c34d6225106b6ec7f1cb8564b2989244db9aef09b248,1007240,Antarjal,2023-09-22,2023,147,Lançado,Few of the country's major cyber networks are under attack by a ruthless group of International cyber criminals. Three young minds come forward and join the country's cyber security division to fight the attack. But they get indulged in bigger trouble as they now have to face more evil forces from both the country and abroad.,https://image.tmdb.org/t/p/w500/pjwg9XkL22GZ2XQdfMvcAofLE1O.jpg,https://image.tmdb.org/t/p/w1280/c4ntH1BMZJKiZpgRpeutxINzTDJ.jpg
65b7c77cc6a36271f7332d5edefaecd812b8702a2334fe542bff11c15e1d53b6,1007620,Runner,2023-02-02,2023,76,Lançado,"Haas is an 18-year-old girl who was raised by her father in the rural Midwest. When her father suddenly dies, she must carry out his wish to be buried in the town where he was born. There, she meets a young man named Will, a lonely, creative soul who is working to support his family back home. The two of them form a friendship that challenges both of their understandings of love and loss.",https://image.tmdb.org/t/p/w500/9RQSZDI98BZpIldoudNT8jIxj4I.jpg,https://image.tmdb.org/t/p/w1280/q1gLnRgsikRzcKsGx05uyycA71e.jpg
abf213f544813abbb93dbfc3d270b900d8261aaa18ec23cad3c7f597754ad6d2,1008523,Until Branches Bend,2022-09-10,2022,98,Lançado,"In writer-director Sophie Jarvis’ compelling debut, set in the seemingly peaceful Okanagan, a distraught cannery worker discovers an invasive insect that could threaten the livelihood of her entire town.",https://image.tmdb.org/t/p/w500/5ZB2aGdfXl7s0rHrN0HN2ExznaO.jpg,https://image.tmdb.org/t/p/w1280/wGhqheuSdGNASZIhTWP6aaqbPlx.jpg
2559848c05d2cde023917812c51c24ba68c18d9559d10d6423dcc7576d283877,1009669,The 12 Tasks Of Imelda,2022-09-28,2022,93,Lançado,"Imelda, a larger-than-life character inspired by the director's grandmother, sets herself on a quest to settle old scores before celebrating her 100th birthday.",https://image.tmdb.org/t/p/w500/r4FB2l24fXYgpamkN1N8JdKUilC.jpg,https://image.tmdb.org/t/p/w1280/ptRvPFIDJFbLZUIJemrZBUsk8qz.jpg
be2fd515d18e9110491b77ae3ba8e7e8761d8cf82b2fd413c57ca57c1c0b5ded,1010428,A Similar Man,2022-11-03,2022,72,Lançado,"Sasha Ivanov is an ordinary man who committed suicide: on a gloomy day he fell out of the window of a high–rise building. Our nameless protagonist is an ordinary detective who is investigating this case. when he reveals the circumstances of Sasha's death, he has to interrogate neighbors, coworkers, ex-girlfriend and other people who knew him. to his surprise, the detective discovers that each witness describes Sasha as a completely different person…",https://image.tmdb.org/t/p/w500/5S2bnh43r09artrxvHsymJW80hG.jpg,https://image.tmdb.org/t/p/w1280/iX8AhtW2qT4Sf0ye0A3K0bfyHpU.jpg
7cc63e5434bcacd9ad9ea2164cee2a1db1edbebbb41e3251fadd0fb84a12aae2,1010562,Cizre'92 - Terörün Anatomisi,2022-05-20,2022,0,Lançado,Sem descrição,https://image.tmdb.org/t/p/w500/vpLDfn3osZaK5xszabv5jsVuM9W.jpg,
d5b16e36adb19abff76b91872534e8cd0118e25a289d29c1195504c909be9075,1010819,The Little Guy,2022-08-10,2022,6,Lançado,Groot discovers a miniature civilization that believes the seemingly enormous tree toddler is the hero they’ve been waiting for.,https://image.tmdb.org/t/p/w500/lPzcizL8PdS2U1q0rfhlVn00b9l.jpg,https://image.tmdb.org/t/p/w1280/tTrZap8lEJsdpnab5yIR3d9bedg.jpg
26fc85d1526691e15e80642dd49aa9c68b4fa0be2ef1fac2604145e9ec7fd077,1010826,Killer Book Club,2023-08-25,2023,89,Lançado,"Eight horror-loving friends fight for their lives when a killer clown who seems to know the grim secret they share begins to pick them off, one by one.",https://image.tmdb.org/t/p/w500/zZH0sAUV0nfEEDBUdWBMLjs2XnN.jpg,https://image.tmdb.org/t/p/w1280/lEMO9pVODhiWLgJzuCaYlfJkdNz.jpg
d326b615873518cd0c83c1d3c88cf7cd01906ca93c6fa1479925c78aecd315f0,1011098,Saint Michael: Meet The Angel,2022-09-29,2022,90,Lançado,"An inspiring documentary about the role of Saint Michael in Scripture and in our lives. Various religious experts from different parts of the world, discuss Saint Michael from a religious, historical, and cultural angle and present the most sacred Churches and sanctuaries associated with Saint Michael. Audiences will experience powerful testimonies of faith, riveting Church history, and beautiful architecture and art in Christian culture that will bring everyone closer to the extraordinary figure of Archangel Michael, a friend, and warrior for today.",https://image.tmdb.org/t/p/w500/2h3o5rtcFtkROrCuUGikyW8YYnh.jpg,https://image.tmdb.org/t/p/w1280/jqgJbiRLxhjx0PZxxSrdW5YNTdO.jpg
0a5a04596b28eabd9cb7ecfd9f6a5b588e3c73c565d3afb82e07922bb15f0354,1014453,Fakt Mahilao Maate,2022-08-19,2022,137,Lançado,"Chintan Parikh, a 28-year-old middle-class man constantly surrounded by and troubled by the women in his life. On one fateful trip to Ambaji Temple he prays and asks for a power that could help him understand women and his wish is granted. Watch the drama unfold after he starts hearing voices.",https://image.tmdb.org/t/p/w500/3Gy6QHppK5IezbaIaioTlz4OKFA.jpg,https://image.tmdb.org/t/p/w1280/r0H8Wvjv2cyVE0f0sgwFdkaG7KE.jpg
30c1620ab95ce85bd98d818ad8ca8c45442754e8f7ef5ee166d06a225bc10a23,1015180,The Wilds,2022-10-22,2022,15,Lançado,"Anna receives an urgent phone call from her desperate-sounding and somewhat estranged mother, Helen. Anna's troubled brother has returned to the family home; Helen needs Anna's help and it must be right now – definitely before tonight. The Wilds tells the story of the day Anna Wild finally reconnects with her family; all thanks to a lycanthropy-based emergency.",https://image.tmdb.org/t/p/w500/5CF1wCgdRnMvNERdsXXO8SmTrps.jpg,https://image.tmdb.org/t/p/w1280/5PJlrG1KigABt040hidBkRFeMRD.jpg
0c9898ca78f957529d5fe1a33cde61d49b80e3a3c57f2d8f249552707007c69b,1015908,Witch Trials,2022-09-16,2022,110,Lançado,Two documentary filmmakers and an ex-cop investigate the disappearance of a young girl that is rumored to have been abducted by a witch in the haunted woods of Connecticut.,https://image.tmdb.org/t/p/w500/qYmhGEC5OG5jEJ24Km3Ic9p8oV9.jpg,
9feeb6211355c64d507ba546734870e7ca328dacaccf01f3ad685426dfa12361,1015936,Feed,2022-10-28,2022,100,Lançado,A group of social media experts are hired to help an old family business to strive. But they soon find themselves stuck on a tiny island in a lake in which an ancient Swedish witch is said to live.,https://image.tmdb.org/t/p/w500/4U7lZe2BcuWgUKSJih97XFOWjr5.jpg,https://image.tmdb.org/t/p/w1280/1omLO5cfU8sYjm9xs9EwkyZkZ8l.jpg
aeb3c76d064c36494e7e3c316b18ede0a1dd8f05db075604b6444909d47b93cc,1016084,Blackberry,2023-02-13,2023,119,Lançado,Two mismatched entrepreneurs – egghead innovator Mike Lazaridis and cut-throat businessman Jim Balsillie – joined forces in an endeavour that was to become a worldwide hit in little more than a decade. The story of the meteoric rise and catastrophic demise of the world's first smartphone.,https://image.tmdb.org/t/p/w500/neV35lK7em4rIY9QIoH1cruErPA.jpg,https://image.tmdb.org/t/p/w1280/cUHxmWfkp6se0Rt10Kr86bMCYDE.jpg
a70fcd34fe6f99956291b1d7feb86c30a40bcf77cf400598942e363a34eef9d8,1016167,Connie Lynn,2022-08-19,2022,75,Lançado,"Connie Lynn suffering post traumatic stress and depression navigates her way through life with Benny Lynn, she enters in to a whole new world she does not even know she is in without help to figure out where and who she is.",https://image.tmdb.org/t/p/w500/qFhMqylxdzTn7swIMwXdtjamIvG.jpg,https://image.tmdb.org/t/p/w1280/m5I7dZYkM0SZP3tWeRRYph5LEuc.jpg
0d36f23c0584af92cd164bd39b42b29c48743d4ba4bb5cc3ff0c39da2513e823,1016246,Xanadu Hellfire,2022-10-22,2022,105,Lançado,"An eight-year-old girl finds a way to bring her warrior comic book heroine Xanadu Hellfire from the future to the present. Xanadu's evil sister follows, and stuff gets crazy. Inspired by everything from Conan to Thor, Mad Max, and Clerks.",https://image.tmdb.org/t/p/w500/eUZffAVsjEMGCQQFafhKE5AdVdi.jpg,https://image.tmdb.org/t/p/w1280/pnn3JYn4EoLmzi9ugTCMuS6mVPd.jpg
f9dc96c6244286b1272727c983753e5b12af83aed81551b6b4c500cec1fabe97,1017503,Nanitic,2022-09-10,2022,14,Lançado,"Bringing the same insight and precision to her debut dramatic work as she did with her award-winning documentaries, Toronto’s Carol Nguyen immerses viewers in the intricate matrix that connects three generations of an immigrant family.",https://image.tmdb.org/t/p/w500/zGDdStGaIX12Gi7lBoDf3e8g4YI.jpg,
9ce1f60b4e480e77e582f24c178cfdb45310305fd2de1dd1c3fe80be05d11517,1017648,Hijos De Mayo,2022-05-01,2022,18,Lançado,"Dani spends his last day before moving out of town with Roque, his best friend with whom he has been in love with all his life. Set in a sexually oppressive Spanish rural town, Dani and Roque find each other...and say goodbye.",https://image.tmdb.org/t/p/w500/ep9XduNdv3ADgT9Zyg5Vi1qKIxR.jpg,
05059a82b1042082b7e62154ff2c70cd03ab09b322725f0994309dd5162d353b,1018494,Operation Seawolf,2022-10-07,2022,86,Lançado,"During the last days of World War II, Germany, desperate for any last grasp to defeat the allied powers, looked to their last remaining weapons and soldiers. The German Navy and the last remaining U-Boats were formed together for one desperate last mission – a mission to attack the United States Homeland, known as Operation Seawolf. Captain Hans Kessler, a grizzled submarine commander from both World Wars, is called into service to make one mission a success and help turn the tide of the war.",https://image.tmdb.org/t/p/w500/eqm5EAyC9hJCN5qutuW4Ka1xYbU.jpg,https://image.tmdb.org/t/p/w1280/6fYTLy4QE55BgMiHF3Co7bErjry.jpg
75760475fadf9bf381013cb880f5d21c279645897f73d879fdb932c88199e2e0,1018745,"Hell Is Empty, All The Devils Are Here",2022-10-02,2022,17,Lançado,"Aspiring actress Gülşah is preparing for the auditions of an acting school. She also volunteers for a theatre and one day she is sexually assaulted by famous actor Levent, who is also a jury member for the audition she is preparing. Daily reality and the reality of the theatre world flow into each other and Gülşah has to fight against several patriarchs in order to fulfill her dreams.",https://image.tmdb.org/t/p/w500/l02ri4ZVbrdl1G6uMGCDUTxNa6S.jpg,https://image.tmdb.org/t/p/w1280/rfaLUW7uZEOrUPGSril5zkanAFH.jpg
50b038e728b2676fbb1d694288aaba486901e1d06eadb0059e61e3f882f40044,1018986,Firedream,2023-08-31,2023,80,Lançado,"In a Mexican industrial city, Lucas, a teenager from a wealthy family, discovers that his father has a secret relationship with another woman who lives in a working-class neighborhood. In his obsessive investigation he finds out the existence of his brother Trak. Lucas does not reveal this to him as the two youngsters develop a unique fusional relationship. They decide to escape together but their respective environments have already written their paths.",https://image.tmdb.org/t/p/w500/uJigRDIj1nosesPjI5VWofy01nW.jpg,
f2b2db78deb10977206240f3649346068d3e5cc1032c327215d269f1aed5196a,1019018,Heck,2020-07-08,2020,29,Lançado,A little kid wakes up in the middle of night to the sound of his mom's television blaring.,https://image.tmdb.org/t/p/w500/3cdltEqXxaM6dVFM6AJJs9UsBLJ.jpg,https://image.tmdb.org/t/p/w1280/bjxsnzhlJG7b7XnE6gtAq9nEhmW.jpg
fc0e68b0baf0f26c6b1c8b87298f17b3656eb8460c53ec591dbc54b1d17878fb,1019194,Kanaval: A People's History Of Haiti In Six Chapters,2022-10-06,2022,78,Lançado,"Haitian history is presented through an explosion of colour, dance and music, as the country prepares for its legendary carnival.",https://image.tmdb.org/t/p/w500/aeOUk3rkcLkSKnnva0dks8LvFCt.jpg,https://image.tmdb.org/t/p/w1280/nZ7dsUXyUY8QSmQ0lzygGBMIHEZ.jpg
378b566d6bf08352851c8b2ba10dbf11fe4a4195a4f00c88c3be92b6a80941af,1019204,Xalé,2023-08-31,2023,102,Lançado,"Awa, a 15-year-old schoolgirl, is happily living her teenage years alongside her twin brother Adama who dreams of Europe. When their grandmother dies, her aunt Fatou and her uncle Atoumane promise to marry in order to preserve the family union. But Fatou does not love Atoumane and the latter, tired of waiting to consummate his marriage, commits an act from which there is no going back.",https://image.tmdb.org/t/p/w500/hGJAX4MeXkVac6FC3STwnw91db5.jpg,https://image.tmdb.org/t/p/w1280/pradEekjraoLctAKivX4gzOd1QO.jpg
7fd7d17db66c439a6d66c7d6d722ccb05792f776c270c7dd559f9dfeb391b13b,1019476,High Noon On The Waterfront,2022-09-04,2022,14,Lançado,"An inventive remembrance of the impact of the Hollywood blacklist on two American classics, rendered as a visually mesmerizing dialogue between Carl Foreman and Elia Kazan.",https://image.tmdb.org/t/p/w500/cNoHWIpbTR8Ro9AfG2wo23sWQCh.jpg,
9b6a01d23af9677d87f2de719d6ba4b91f6071ff39f23d728bc26ad4f3c15fe4,1020662,Inside Man,2023-08-11,2023,87,Lançado,"Based on true events, a disgraced police detective seeking redemption by going undercover to expose a violent crime syndicate. But as he sinks deeper into the mob, the price for absolution may be higher than he can afford.",https://image.tmdb.org/t/p/w500/3u1idRG0En5tilIhsgiHl9D06OL.jpg,https://image.tmdb.org/t/p/w1280/vVX3rJ9GKlAaWrxZeloPnKpKbIu.jpg
66de2cb9040fc02db32060051de3a9b8359eae4bf69ae64f39b100377e28a48b,1021074,Picturing The Obamas,2022-09-10,2022,86,Lançado,Sem descrição,https://image.tmdb.org/t/p/w500/yM9qPuoeCVokKGoQ8iXakAgb0uG.jpg,https://image.tmdb.org/t/p/w1280/hgxgYmjv5Ysa6diMBVzU7ww0gE3.jpg
7623cb88429d6fea4e7f60067d24057aae0b039690c37633bec3a62eac22d983,1021391,Poets Are The Destroyers,2021-07-17,2021,0,Lançado,"Set against the heat of summer 2018 in Brooklyn, Zuzu battles with her artistic goals amidst an unexpected pregnancy. She receives little support from her roommate Lucia, who preoccupies herself with her midwestern love interest, Emily. A series of events and encounters with inspirational femme figures serve as a catalyst in deciding whether or not Zuzu will terminate her pregnancy and how she decides to proceed as an artist.",https://image.tmdb.org/t/p/w500/5b0i43HArr9QxeyWtFtZHx1oHRF.jpg,
9b9bef8b67f01cde703c318711d76799ac5e9ca17182ae5eebfeb923ce1a7f10,1021582,Café Midnight,2022-11-17,2022,104,Lançado,"Yoon, the bride-to-be, waits for her groom Tae-young on the wedding day but he doesn’t show up without a word. Out of concern and rage, Yoon goes out looking for him all day long and in the dead of night, she arrives at a strange place called ‘Café Midnight’, which opens from midnight until the sun rises. In here, Yoon finally finds Tae-young but something doesn’t seem right. He looks few years younger than now and he doesn’t even recognize her. Will she be able to find her groom from the present in this chaos?",https://image.tmdb.org/t/p/w500/byRyjrldTk8HqvZZI6dJSOKzKIz.jpg,https://image.tmdb.org/t/p/w1280/vwBIwTktAfnIGTTbpd2mDxWYe4D.jpg
472f3f08d30d95ffaaf3b20c4b1c9e2a20e160a13702f2ef6b4a2bc25a0fbe48,1021734,Hong Kong Family,2022-11-04,2022,112,Lançado,"The chaos began at the Winter Solstice dinner eight years ago. The father lost his temper, the son, not able to forgive his father, ran away from home. Eight years have passed, and the family's relationship is still cold and distant. A cousin returns to Hong Kong from England and hopes to gather everyone for a Winter Solstice dinner. The long-awaited gathering prompted everyone to rethink their relationships with family members. Some choose to leave, some are back. When things are about to fall apart, it might as well be an opportunity to mend connections.",https://image.tmdb.org/t/p/w500/rXsbzkVnGWly43I40PBAtHUZA6T.jpg,https://image.tmdb.org/t/p/w1280/d6oAU8oHvGTWJQv85IMKsP8zO0j.jpg
bb469f648f56f2f10fc3b18a515cbcb3d1eb73db17e291456ce58750ac75052e,1022026,A Night At The Cemetery,2022-09-01,2022,12,Lançado,"In the Mediterranean island of Crete, Maria heads to the cemetery every Friday to tend her beloved husband's grave. When the bus that picks her up breaks down, she will be forced to spend the night among the tombstones.",https://image.tmdb.org/t/p/w500/pRRmsoslNfR4FzzrDGjNIDSXgDu.jpg,
93f2f0ddc9db0bd74108bfc8761abbcafdca21b3dcdd703daa663c21d2705c73,1022100,Andor: A Disney+ Day Special Look,2022-09-08,2022,10,Lançado,Celebrate Disney+ Day with a special look at the Star Wars original series Andor.,https://image.tmdb.org/t/p/w500/uKLmaARUA4J0NNc7xrSTWk5oGfV.jpg,https://image.tmdb.org/t/p/w1280/rFcgyURjW2vVNLQ6fEkiI0Nflpt.jpg
38c96f5e62ac37f9f17328f0aa1645a8a1543c5af74338f15c9e7d0ad6051897,1022924,5 In 1,2022-09-23,2022,112,Lançado,"A rich man leaves all his wealth to his most loved ex. But at his wake, five exes pay their respects by sharing their wild and naughty moments. Who among them will be his heir?",https://image.tmdb.org/t/p/w500/rFanOAJec9XAtpQVyUvrzmLpnLI.jpg,https://image.tmdb.org/t/p/w1280/tElq9LQAlHcPNRjyeVTiZiym94z.jpg
33cedb67c1369a3fbcff7fe7f7f787aa5b292265bba562da936a979fa209788d,1024009,Poppies And Ducks,2022-09-08,2022,14,Lançado,"Katerina insists on swimming in the sea, even though it is strictly prohibited. She spends all of her money paying fines, and ultimately has no choice but to ask her mother for help, putting their strained relationship to the test.",https://image.tmdb.org/t/p/w500/a3e3bPoADHSnpsA66iWsgjM9vfV.jpg,https://image.tmdb.org/t/p/w1280/8mRjdO0dYAKDdOm6eSBnzObDmdQ.jpg
0d1a62a7dd3ef610ee08bd5eef30d7b82afced47a0785c9fdad3e956a6e7205e,1024668,Northern Shade,2023-02-24,2023,96,Lançado,A troubled Army veteran emerges from isolation when his younger brother is recruited by an extremist militia.,https://image.tmdb.org/t/p/w500/y9QaP507ScoH0zu4J9x6QkNXYbl.jpg,https://image.tmdb.org/t/p/w1280/xtTWLkubV9UXijn3RP3ph7q89Mi.jpg
ed72d2622c4ef62f2c0411697d343d453c72b83da14c6e3759707cdfd758c5d2,1024671,Check Out,2022-08-30,2022,89,Lançado,Sem descrição,https://image.tmdb.org/t/p/w500/Rzvst9Muj7Z1u78u6PoaWhTW03.jpg,
abaa87f5d5c6d505cb562b773484ac3451500cb9cbe58ecf3ad7cb5ed2428e04,1025336,Byron Bowers: Spiritual N**ga,2022-09-16,2022,58,Lançado,"After a life-altering revelation while tripping on psychedelic mushrooms, comedian Byron Bowers stumbles straight from the desert into the Decatur Boxing Club, to deliver an intimate set in his hometown Atlanta. Byron talks about his long journey to his first comedy special, the stigma of mental health, and how tripping on mushrooms made him understand his schizophrenic father and altered the way he feels about his Blackness.",https://image.tmdb.org/t/p/w500/lOZetsrwGl0JkyKIWK55HYfpcL7.jpg,https://image.tmdb.org/t/p/w1280/yrOJpvDYfHOK4gcgclvL3z8NZYU.jpg
ed28ea1aff29483d83fdf4cf8eb18d9b8cf3b024556c33456fcb0bf8ce1549d2,1025710,30 Day Promise,2017-09-11,2017,90,Lançado,Dan and Heather Winslow are faced with the biggest challenge in their marriage when life throws them a second curve ball. After Dan ask Heather for a divorce and she receives life changing news on the same day she knows she's in for the fight of her life to save her family. Dan has 30 days to decide what is most important in his life. He doesn't know it but his journey to a new life has just begun.,https://image.tmdb.org/t/p/w500/85JdQZvd4M8uEETlkBbgZ3WSN8x.jpg,
a520ce51a62a6c67183ce160e9d695cd5295c3f15a906d1a92728f807562be04,1025832,Wicked Game,2022-09-23,2022,0,Lançado,"While filming their podcast, paranormal investigators Mila and Roxy are terrorized by demonic forces after trying to make contact with the victims of sadistic serial killer.",https://image.tmdb.org/t/p/w500/zUG6zU2e0V4R37Fkl568ojoh0KL.jpg,
9e3a85d162d5858ddf9964c556418c876e5a2b8d57f32638a59ab963fcd393b0,1025911,Sentenced,2022-10-13,2022,69,Lançado,"Too often, if a child is illiterate at the end of 3rd grade they will fall behind forever. By 9-years-old many children are already SENTENCED to the cycles of poverty, prison, and addiction that have devastated generations before them. Our story begins with a heartbreaking look at adults who never learned to read and ends with the children who still have a chance.",https://image.tmdb.org/t/p/w500/gt0vn7H2E9H1vaXyYvU7r5anNOE.jpg,
de8d909cd036525a0ebe3c1ce7c5c0d972322594593e0467acfb579ed3fd891d,1026682,Auntie,2022-04-30,2022,7,Lançado,"The day after meeting a crew of 20-somethings at a South Asian happy hour, 39-year-old Hena is thrown into their group text.",https://image.tmdb.org/t/p/w500/zmXCqvcmNoQevaTdcRbofWabEqS.jpg,
c179093358093677b8bbbdc67b015de6ed924136e1eaca60755f4bf9ba23f9ca,1026736,Holocaust: An Untold Story,2022-07-01,2022,84,Lançado,Sem descrição,https://image.tmdb.org/t/p/w500/1W8wLNpuiF5v3AUId4z2Vto0s12.jpg,
f5444bfece72db700c97832f68a6e0f212b9a969054cddb71bb4634d848eed67,1027328,Key To Love,2023-04-01,2023,90,Lançado,A bookstore owner starts an antagonistic relationship with a book cover model until an antique key found in a false book unlocks their romance.,https://image.tmdb.org/t/p/w500/f0QrNeo2R0stntQNob443X3DP4w.jpg,https://image.tmdb.org/t/p/w1280/pJXmKZbh4XY6ZMKWE0zImQmCEN2.jpg
b1fdc404a03c9b6640b327b339e229b059e41ea5781eab01657f8b4cc4a84191,1027330,Fall Into Winter,2023-01-28,2023,85,Lançado,"Keely is aghast when her brother sells his half of their family-owned, upscale candy shop to his best friend from high school orcing a sudden urgency to find connection and common ground. Keely has been hurt before; change is her new nemesis. Brooks’ past is a mirror of Keely’s. He, too, has a fortress around his heart. Fate brings the pair together. Might it also offer new beginnings?",https://image.tmdb.org/t/p/w500/nKvBcgmhGNDEGPY4zZFnuGOK9KC.jpg,https://image.tmdb.org/t/p/w1280/lZ8SesZuZVqJY3ZqXIsxFGubUew.jpg
f85910b739f7d545bb12ec81440836eedcda1d8d2495ba68caab2985b454c1b9,1027368,Friendly Shadow,2020-06-26,2020,19,Lançado,Sem descrição,https://image.tmdb.org/t/p/w500/hAU2zwBHUNtvqZ23EHxL8LhfWjC.jpg,https://image.tmdb.org/t/p/w1280/g1IfJTZjCfFrSZQywtaOo25iDYs.jpg
6c79325eab75fbcd7d371cadd0ac8ec404ac94acfe9925b96dd373df17985cb6,1027387,The Box,2022-09-26,2022,16,Lançado,"When a mysterious, valuable box appears in Stergios' life, he must decide whether he'll overcome his fear of responsibilities and protect it from the dangerous people that are after it. But there's one thing he absolutely shouldn't do: open it.",https://image.tmdb.org/t/p/w500/y5wjskst2oCQu6npjxWGe3CcDd2.jpg,https://image.tmdb.org/t/p/w1280/bZnLKQjr9MHCgKKdkmvujmOqG9z.jpg
cc300edb97b85cc12ad18c1b1ea8b1ac45f016f4d6a5c4d811eb1e7ee6a79887,1027431,Christmas Bedtime Stories,2022-11-19,2022,84,Lançado,"When Danielle’s husband goes missing in action during his deployment, she is left to raise her daughter on her own. Three years later, as she acclimates to life without him, she begins to tell her daughter bedtime stories of her father.",https://image.tmdb.org/t/p/w500/zhW480dt2LCJH0PcoDeFkw4nFnh.jpg,https://image.tmdb.org/t/p/w1280/e6kaAG9gnKlc7Twpu6AUVCWcyYB.jpg
6573851aec75657382cb879cd7bf854146e121d95716aed578b58c89df70e5d9,1027717,Il Più Bel Secolo Della Mia Vita,2023-09-07,2023,90,Lançado,Sem descrição,https://image.tmdb.org/t/p/w500/muYLYucsQjtJf0AfLFaSUKb7d4C.jpg,https://image.tmdb.org/t/p/w1280/1bdVWIRY22T8USUYHk8qFlP0VG2.jpg
c7cac25c425a7cfad18bd8b430f346808fb51464af1c8f0d8379b90cf430f476,1027944,Lost Love,2022-11-28,2022,95,Lançado,"For his project under the lauded First Feature Film Initiative programme, director Ka Sing- fung tells the heartrending journey of a woman whose life is forever changed by the children she takes in as a temporary foster carer. In a career-best performance, Sammi Cheng stars as Mei, a woman trying to get over the death of her young son through the children she welcomes into her home. Each ward offers Mei a different challenge and a newfound appreciation for the difficulties of motherhood, but when her dedication to the job causes her marriage to turn sour, Mei is forced to make a choice.",https://image.tmdb.org/t/p/w500/9EPporXJupI2o8stzjvcTXBjaqN.jpg,https://image.tmdb.org/t/p/w1280/er9dENitUeHgVsNeAJo3no82tuT.jpg
8d65ce31f8a17d5defaba71c5560592537888fae50d708c63c001045464e9eab,1028011,Söz Vermiştin,2019-11-15,2019,0,Lançado,Sem descrição,https://image.tmdb.org/t/p/w500/9U2Szf4pbhnlIfmeyViM8FOKF4c.jpg,https://image.tmdb.org/t/p/w1280/ySj9VFDJoAjKC26jRCQou6lFD5C.jpg
bf1f1dcad3ae451d8f16558c9afdbd8310a7289a681ee6a2708305a8fd20c0c7,1028506,The Sound Of 007,2022-10-04,2022,88,Lançado,"Pull back the curtain on the remarkable history of six decades of James Bond music,  from Sean Connery’s Dr No through to Daniel Craig’s final outing in No Time to Die.",https://image.tmdb.org/t/p/w500/wHsfL0ub95Xr6GK6tJUpmVnrT1J.jpg,https://image.tmdb.org/t/p/w1280/mjwt3MkRBz2dkISyeUBp8n4KFQ.jpg
5b4510bd8641fa84f80d6bc8354b8e6f6d4961f2a67cd691de45a6548fe50b02,1028552,A Christmas Cookie Catastrophe,2022-11-27,2022,84,Lançado,"Annie Cooper has big shoes to fill when she takes over as CEO of her late grandmother’s small-town cookie company and is doing her best to help their struggling business get back on track. That task gets more daunting when her grandmother’s secret recipe is stolen during the Christmas party. As Annie tries to crack the case and uncover the culprit she works with Sam, the owner of a local bakery, to recreate the recipe in the hope of saving the company and her job.  As Annie and Sam bake batch after batch in pursuit of the perfect one, they begin to learn that their lives go together like milk and cookies.",https://image.tmdb.org/t/p/w500/fMfOYAniD7RhoxTBUywCQIZyTJr.jpg,https://image.tmdb.org/t/p/w1280/8Tty48O10umvj1okhdil0aiNic3.jpg
0d0f62149936909516aeb3fdbcd280b03b095d5e7b5e2b2d3cebd290376ec9e4,1028555,Hanukkah On Rye,2022-12-18,2022,84,Lançado,"A matchmaker connects Molly and Jacob, but their new romance is put to the test when they realize that they are competing deli owners. Will a Hanukkah miracle keep them together?",https://image.tmdb.org/t/p/w500/oeVO65IjVBlMwObN2LSFCsoLlz1.jpg,https://image.tmdb.org/t/p/w1280/t61k11PscGLI9RbKXFqPXPOHSEY.jpg
3a05a1e7bd53e61fb6c9eb7ea9f765827c2b3d632ef29faa584ef5012234e936,1028671,Island X,2022-08-01,2022,49,Lançado,"After losing his entire life's work in a fire, photographer Mark McInnis assembles a team of surfers and sets out on a grueling mission to track down undiscovered waves on the most unlikely of islands, located in the violent Bering Sea.",https://image.tmdb.org/t/p/w500/kFN6gUfZSOcbu7b1RmudJ4lQhro.jpg,
4390c59b48ca548b7475f1079b7f5feff576de0bd49e01b02bb6ee71dc7a5ad3,1028996,Star-crossed Romance,2022-10-23,2022,90,Lançado,"When Denver’s preeminent sportscaster, competitive single-mother Piper, is called to her son’s school for a bullying incident, she dreads her time wasted. But when she meets the victim’s equally-stubborn single father, Erik, the principal demands they give their kids the attention they deserve – by teaming up to stage the school play, Romeo and Juliet. Piper must get past her immature ego, face her burgeoning feelings, and figure out how to operate a hot-glue gun – and all before opening night!",https://image.tmdb.org/t/p/w500/jKb9Te6w6Xbd27Oro9PBK90uok8.jpg,https://image.tmdb.org/t/p/w1280/6t3FRZORWtZZvtKitIxv1xs89jt.jpg
ae9c6f61f4e0ca7308210882ed4b5c787f25c581325e6960e50f1a8a979b11fa,1029208,This Is Christmas,2022-12-04,2022,106,Lançado,"Follow Adam and Emma on their daily commute from the village of Langton to London, where they meet the same passengers every day. One morning, Adam breaks the unspoken taboo of talking to strangers on a train and invites the entire carriage to hold their own Christmas party together.",https://image.tmdb.org/t/p/w500/xCbmauk51911Sd5aSkDCYivhwDy.jpg,https://image.tmdb.org/t/p/w1280/g9qUF1N8D7oTJOAUYmHPBqLRCyx.jpg
cdf57c6c63a82a1cb1df241b62651fd9820299fd70689874607b544bf3ce1847,1029465,Huluween Dragstravaganza,2022-10-01,2022,42,Lançado,"Welcome to the hilarious Huluween drag variety show that’s serving you glitz, glamor, and ghouls, honey. Legendary queens Ginger Minj and Monét X Change are tasked with putting on the most spooky, over-the-top show… OR ELSE. Thankfully, a slew of drag royalty, including Jackie Beat, Jujubee, Lady Bunny, Landon Cider, Manila Luzon, Mario Diaz, Mo Heart, and Selene Luna, pop in to help them out. And an extra special musical guest drops by (hint: it’s Kesha!) to make sure Dragstravaganza is absolutely to die for. So grab your wigs, put on your heels, and strap in. It’s fierce. Frightening. And freaking hilarious.",https://image.tmdb.org/t/p/w500/aKfGV1KwE9CvMj02J5RQHOBbJ4S.jpg,https://image.tmdb.org/t/p/w1280/hjChvOk987rdHrUevIWlrprIsn5.jpg
634dfee2deb639eccb79b3bb6eb98cfe780a066380becd786aa090200dc871b0,1029657,Hairsucker,2022-07-23,2022,4,Lançado,"At night when you sleep, it comes to eat.",https://image.tmdb.org/t/p/w500/eImfiGMCVYMxo6s9yye3qGrufmB.jpg,
e3407cf6c73f0dcaa84102c41eae6f7232d5f60523cb77805ae861f7ab359056,1029861,Bear,2022-09-24,2022,15,Lançado,"A young inexperienced man rekindles his emotional and intimate relationship with his only love–his charming, and talking, childhood teddy bear.",https://image.tmdb.org/t/p/w500/ls3NiZXyu4vCtTXXJidDq6qrWbG.jpg,https://image.tmdb.org/t/p/w1280/hOT20i5PoLNpYyljkzSWuEvz6G9.jpg
93e275a4a2ee3789ba8e72572f45dcb8e8c95744c95a7f070f6f3ac903a9d06b,1030247,Tripping The Dark Fantastic,2022-10-29,2022,93,Lançado,"Showcasing a live performance at Earth Theatre, London in 2021 and interviews with the artists he has collaborated with from over 35 years of scoring horror, fantasy and genre films, TRIPPING THE DARK FANTASTIC is a stunning record of musician Simon Boswell’s career. An exciting trip through such classics as PHENOMENA, DEMONS 2, STAGE FRIGHT, SANTA SANGRE, PERDITA DURANGO, LORD OF ILLUSIONS, SHALLOW GRAVE, HARDWARE and many others, peppered with appearances by the likes of directors Dario Argento, Alejandro Jodorowsky, the concert features Simon with his 12 piece band, Caduta Massi, filmed by acclaimed DOP Vince Knight.",https://image.tmdb.org/t/p/w500/21EJ1JapZrKk2yaTEXz1jrKF3yX.jpg,
d978f6644dbea249bc13f1bf5415f7364d277889f5e49d7154695b323a0a8f3d,1031214,Frankenstein Ruins Halloween,2021-09-10,2021,75,Lançado,"When Dracula takes a well deserved Halloween vacation, his buddy Frankenstein is left alone for the weekend. Curious and in search of Halloween adventure, Frankenstein unleashes supernatural powers on the whole galaxy, it's up to Zombie Dave to tackle the situation. Join the spooky madness with Frankenstein Ruins Halloween.",https://image.tmdb.org/t/p/w500/dtrzfAZ7yUn8zlnzFZaRivToLBR.jpg,
05f9d5c61c83a42b4da57a01ef938c0a89bc2e4a8755dca5fbc03f5ee1517c67,1031362,Christmas On The Slopes,2022-12-03,2022,90,Lançado,"A chef trying to get away from a series of disappointments, both personal and professional, goes on vacation, only to clash with the resort’s grumpy chef.",https://image.tmdb.org/t/p/w500/nOrkJ7rk7DM7AiNl1WnkcNxhuE1.jpg,https://image.tmdb.org/t/p/w1280/73a4dBK3ogmjdU3NVdPPBG8wq4V.jpg
8d44ab46591bdedcb6bdfdb4380490310a8800fbcd267a5167eb45444719847a,1031401,Intinction,2022-10-30,2022,25,Lançado,"A dark history doesn't stop 4 young adults from venturing into the old house on the edge of town. Once the home of 3 nuns that cannibalized the rest of the convent, the group has no idea of the presence that still dwells there. A terrifyingly dark horror with extreme gore, influenced by films such as Burning Moon and Night of the Demons.",https://image.tmdb.org/t/p/w500/hbtLWnuQanQRLZEJo0saOJmwlrA.jpg,
fe5d7cd34fbf25d52b603a7304eb64147ef01cdad04ba93834a3c17674d30779,1032967,Off Side,2022-03-01,2022,24,Lançado,"Camille, a single mother and home helper, tries as best she can to raise her son Théo, who has severe language problems. Obliged to replace a colleague, she is forced to take care of Mr. Conti, a silent old man.",https://image.tmdb.org/t/p/w500/oFuv7TNR3R0HkIq51q7ee8saNDg.jpg,
308dccff0a1769af0e0df704c99703036aa3c714f4c498eb5d00c81a44e41ba4,1033219,Attack On Titan,2022-09-30,2022,93,Lançado,"As viable water is depleted on Earth, a mission is sent to Saturn's moon Titan to retrieve sustainable H2O reserves from its alien inhabitants. But just as the humans acquire the precious resource, they are attacked by Titan rebels, who don't trust that the Earthlings will leave in peace.",https://image.tmdb.org/t/p/w500/ay8SLFTMKzQ0i5ewOaGHz2bVuZL.jpg,https://image.tmdb.org/t/p/w1280/eNJhWy7xFzR74SYaSJHqJZuroDm.jpg
e9bcdee433f789948d6fca9f84df444cab1b7629587ac56cc757fc3c4c93b165,1033303,Racionais Mc's: From The Streets Of São Paulo,2022-10-20,2022,116,Lançado,"Armed with music and a message, influential hip-hop group Racionais MC's turned their street poetry into a powerful movement in Brazil and beyond.",https://image.tmdb.org/t/p/w500/wuAti3pkylfx0EyhfRUPpxK6Xkm.jpg,https://image.tmdb.org/t/p/w1280/nTzvTiyS1rPOMLSwwMUTMefzp0u.jpg
84f7d8a01007537c2fa94a7d74c831c92e91bcbd3fe1de7b356febf9b76dc90f,1034158,Operation Valentine,2023-12-08,2023,0,Em Produção,Sem descrição,https://image.tmdb.org/t/p/w500/fCZNIxEcpUDEnywcoShl4JZa1Y4.jpg,https://image.tmdb.org/t/p/w1280/wuOZtOD2rWTW28uJx53hi3GEizt.jpg
e29cb75ad471b89470e962517e8eeeeb594f6f113faed72ebd0dc72185d56c9b,1034356,Swans Reflecting Elephants,2022-09-23,2022,27,Lançado,"A film about the estranged relationship with the mirror. When director Niek Silvan looks in the mirror, he sees someone who looks so monstrous that it is almost inhuman. Searching for a solution, painful answers from his childhood arise.",https://image.tmdb.org/t/p/w500/lwCnmAIiXhNYvTEPDObaPfLETnb.jpg,
717ece06237ba6fc0ac4b61629285c6ed9f497c8d450d52fe5e57cbfc37ac602,1034580,Mary Had A Little Lamb,2023-10-03,2023,0,Lançado,A radio host and her crew set out to discover the truth behind some disappearances for a true crime show. They will soon learn that there is far more to discover when they meet Mary and her lamb. Who will make it out alive of this house of horrors?,https://image.tmdb.org/t/p/w500/656twuAhntSCPCVOm0rRVb8eN2N.jpg,https://image.tmdb.org/t/p/w1280/kIBnxkcind7tHzdUiZoykq8QZH.jpg
8b184e1024e36e41d22028099ab1f35506cf1a2d32ebf7b5c7414627d7856ab9,1034767,Wolfberries,2022-08-21,2022,94,Lançado,"It displays constant efforts of a four-member family to respond to the numerous challenges of urban modern life, at the same time showing the tendency of the younger members to find the solution to everything in a calmer rural environment.",https://image.tmdb.org/t/p/w500/27hnbFr2WqQ6ZM0QTJtJfMIyt5N.jpg,
9c405a4f9ec590342ebd9e1189f8f2b4b9dc12ed9d0e4ebf4ff6e03da1742202,1034769,Meantime,2022-10-13,2022,13,Lançado,"While waiting for his girlfriend to join him in the calm and quiet countryside, city dweller Marc gradually falls prey to the assault of sounds not usually heard.",https://image.tmdb.org/t/p/w500/uUBdRxu9SzOiyy27nZ9I0cDGZ5P.jpg,https://image.tmdb.org/t/p/w1280/3KL3xkkWg7UKuwb7yiZrrHUJff8.jpg
b8acdaafe15a62e1e28b227ca7f497a437d35a2853db454263105dbeab999cf4,1036137,On Hold,2017-09-01,2017,19,Lançado,"Martin is afraid of what (and whom) his ex-girlfriend Emma has been doing since last time they met. Tonight they will meet again for the first time since they broke up, and his friends try to prepare him for his meeting.",https://image.tmdb.org/t/p/w500/4WEyI9HjhAeCr6JXUR3I8w2VW70.jpg,
6d3fc437cbee7faf2058ed7c160a9c104faeb6a7633857c9a9b24e407e1ee1e3,1036798,Lame De Fond,2023-04-04,2023,93,Lançado,Sem descrição,https://image.tmdb.org/t/p/w500/167x5vxtqlrLDtdW0nJCWKY0vgA.jpg,https://image.tmdb.org/t/p/w1280/AeFC9RvCa0tHqSzpvBknRrJfdIZ.jpg
a07d94df5824549a13189e62920f4cade336cd2492f572235434b193c2f48f70,1036828,Abar Bibaho Obhijaan,2023-05-25,2023,119,Lançado,"On being released from jails, Bullet Singh meets Anupam and Rajat to inform him that a fellow prisoner has gifted him a Rs. 100 crores worth Hotel, which he wants to share with them. They soon realize it's a trap. Can they get out of it?",https://image.tmdb.org/t/p/w500/nZevTU8CHgGPKvQMazBr9OkFoxm.jpg,https://image.tmdb.org/t/p/w1280/9rg0X3zdEUWNuxUd9euin7VBxOD.jpg
6175d67396450608cbac45c3f21ed41c467021771cd8b5d223fdf5617df62266,1037785,We Wanted Children,2022-10-16,2022,15,Lançado,"After a marital crisis, Ginny grows concerned with her husband's increasingly disturbing behavior.",https://image.tmdb.org/t/p/w500/uRnE0Q7BnAlq9UqwwcVzVMSg9vf.jpg,https://image.tmdb.org/t/p/w1280/oyZedhRxSztcD4mnChvs0MZhc8G.jpg
cac09bc0cec4e4a8446c952516f40071892ef3f8e703a145bc2800b348e05aa7,1038762,A Town Called Love,2023-09-08,2023,90,Lançado,Sem descrição,https://image.tmdb.org/t/p/w500/nAkIjtN9olHAIF7VU2UaW7W6qnF.jpg,https://image.tmdb.org/t/p/w1280/baZy9Basc7Cye8fK6ROL7B8Q2bi.jpg
8aa00c63eda0f7377ca75f379329d560053202bb39d4c660239c741556479f91,1038981,Jeff,2022-12-02,2022,6,Lançado,"An Amazon delivery drone named JEFF muses on the monotony of life, before finishing one last mission during the apocalypse",https://image.tmdb.org/t/p/w500/A460Q2S2eWNfegv2nCVOV0OVe9G.jpg,https://image.tmdb.org/t/p/w1280/eactnZ6BPWDfGBjtA8LHsGcmmH.jpg
8908b5be4d6372921b986a02b4528f2bca48c8cde59d614d65d7372dbd4dd213,1039034,The Baby Swindler,2023-01-31,2023,90,Lançado,"Before the death of her husband, Susie froze an embryo. Surrogate Lorna agrees to carry the child to help Susie. Danger begins to follow Susie and when Lorna disappears, she'll do all she can to save the life of her unborn child.",https://image.tmdb.org/t/p/w500/k02UcqfmkKW523YPbjAYQaARfDv.jpg,https://image.tmdb.org/t/p/w1280/cOcJiXsQDDa2Ugvr6QJaoa6c8AR.jpg
5c925eab0d0ab6c4254b59fbfd70b3f5403544f51ce1efa000e8f04db22ef53d,1039809,Another Apocalyptic Zombie Movie,2018-01-01,2018,90,Lançado,Sem descrição,https://image.tmdb.org/t/p/w500/tRmIEwBisjhY4HL0bWpwv9KiJ6t.jpg,
f2bffe9efc96ff98b1936ae23935015ab41bf4cc65208fb931b210f1511d623d,1040161,Horus,2022-07-14,2022,95,Lançado,"Vampire Horus Jaxon has broken he peace treaty between his kind and the werewolves, igniting a war between rivals.",https://image.tmdb.org/t/p/w500/iLsy0d1bUohcay7x3O92407ZGPa.jpg,
a6b9612064a467c1eb8a5ccf441247a06fd32f93b191c71d63be119767245095,1042163,The Last Deal,2023-02-03,2023,91,Lançado,"A blackmarket cannabis dealer gets squeezed out of the business when marijuana becomes legal, and is forced to make one last deal with the people he should trust the least.",https://image.tmdb.org/t/p/w500/pAjw1FsPVGxmZoEFkuGTv4WRrgn.jpg,https://image.tmdb.org/t/p/w1280/oCLFkr59vT8J0PoEgCfBlnT9JNm.jpg
c0ca2e7fe3c5cc3a85be0a93eee6d73d201a9d72a1c3bc6f8313de35c5667d22,1042413,A Father's Son,2022-04-01,2022,29,Lançado,Sem descrição,https://image.tmdb.org/t/p/w500/mXIpOhuDoU3nWxFF39RkvDhBII3.jpg,
e1d8a564b015b21f728c06ab18ef57dcdaddef4cf790b7d5946904166fffa1d2,1042933,Royal Ashes,2022-04-29,2022,113,Lançado,"When nineteen-year-old, Paul Royal's mother falls into addiction he must choose between his own dreams or staying behind to take care of his four younger siblings. Overwhelmed and alone, he meets a girl with a message of faith and hope, but it may be too late.",https://image.tmdb.org/t/p/w500/zeCTIR3XsPGc6mkBufQM6T06wAW.jpg,https://image.tmdb.org/t/p/w1280/7p3MqAAesz4EfbuR0ClzjLUSPBC.jpg
17594ef210b05728193b842f35ce82dad8c79081a11cd7940831e53edda1da75,1043061,Reflections Of A Broken Memory,2022-12-02,2022,113,Lançado,"Under the guidance of a clinical therapist, a detective leads a suspect into his unconscious to unlock the forgotten memories that caused him to lose touch with reality.",https://image.tmdb.org/t/p/w500/jBwSVIoHR8GTYbkP8tNkFFQW5Ar.jpg,https://image.tmdb.org/t/p/w1280/KCbkI75Q3Ps23pVSLKOf3bMMdG.jpg
ed2119211bc375dbe7a4118ca8ebf77a03053a0d42763e7268ffbe734d2a0b55,1043274,The Faceless,2020-11-10,2020,6,Lançado,"""A young woman recalls a strange dream where a """"figure"""" says it NEEDS her face.""",https://image.tmdb.org/t/p/w500/oNJWSwYy4uzAGNZPa7jPiozM4l0.jpg,
6085d0bf9a668c13eef8eaf36952d1f24fb2f6dbc1c99aedd6ccc02622257281,1043342,Blue Sky White Clouds,2022-10-20,2022,91,Lançado,"Grandma has become a little doddery. And since the death of her husband, called E.O., ever bigger gaps have opened in her memory, and her disorientation has increased. Director Astrid Menzel makes a decision: to take a ten-day canoe trip on northern German waters with her brother and the 86-year-old lady. An adventure whose outcome is uncertain and which the three travellers have to face anew at every stage.",https://image.tmdb.org/t/p/w500/c8GHgee7Vl7trK9PnKwTgX3iRU2.jpg,
bd6c8e0e6b155701656b4022510f688ca247f904eb47ab95a8af4f5e2638cfb7,1043647,Killing Bagheera,2022-11-25,2022,13,Lançado,"On the run, two Kurdish brothers are confronted with their hidden fears, which divide them deep inside.",https://image.tmdb.org/t/p/w500/ycgsVqiGl83kk3BJxX8byTYlRyZ.jpg,
1e7d3dce17cfee15caf321dbcc0be8fe88ed7cf0d58549a4cc1cbb58cbf0cda9,1044490,Action!,2022-10-28,2022,1,Lançado,"At the heart of the story is the clapperboard, the beginning and end of every magical shot. A symphony.",https://image.tmdb.org/t/p/w500/4oY2qPA2t1qquWsUb26Luws4Kmz.jpg,
9cc0f2d7298e86344fdc1d1f1f9233414f253b4ca692db7aa4cea355c0adb79e,1044925,The First Goodbye,2021-02-01,2021,8,Lançado,A woman downloads an app that helps connect her to her estranged wife for a brief time.,https://image.tmdb.org/t/p/w500/yqqILHq1JjChc8vSBperQGr6BrN.jpg,
917c25a6cbb2f8e2e1728539fc3158926a2b520900adfc20d2c1339428da4a71,1045273,Three Brothers,2022-11-04,2022,86,Lançado,"Three brothers, hunters, and heavy metal fans struggle with their issues in the dense Argentinian Patagonia. Meanwhile, the neighboring river threatens their farm with a flooding that can ruin their harvest.",https://image.tmdb.org/t/p/w500/l5HAXB0uAYf7ip4ffhUTQmqQ2sn.jpg,
a033d7f4a083f6c936fb50a974fb16265bb81e01691934002b28c162b53e8832,1046549,Tour Du Monde,2022-11-10,2022,64,Lançado,"The soccer tournament phenomenon of the Coupe Nationale Des Quartiers in Créteil sees teams representing different nations from around the world compete against each other, with the goal of lifting the Champions Trophy. The opportunity to immerse yourself in different cultures through portraits of players and coaches of the teams and personalities such as Eduardo Camavinga, Tiakola, or Medina.",https://image.tmdb.org/t/p/w500/wnQeQGhPSY714NsNmxMwJnz6Snw.jpg,https://image.tmdb.org/t/p/w1280/fhBEWppHZWwwMv3tzc1zugkz660.jpg
2c37d2fe4b15131e82d8832a455f9ff6b2ced3c01f953dacdf62d1c870ee1e2c,1047126,Aile Tablosu,2021-10-05,2021,13,Lançado,"An upper-class family who wants to have a picture of their family made meet with a famous painter. In this process, the painter, who witnessed the inner dynamics of the family, helps these people to face their own reality through painting.",https://image.tmdb.org/t/p/w500/clG2GVqCdo8nmvcH35E7DXqjRTp.jpg,https://image.tmdb.org/t/p/w1280/9p1E4u3dGr2fL5PJSiBcX5n1Vb4.jpg
be5e20728179cd5759882062975fd9af1dc9d1948684ba1c3006f986bfcce21f,1047418,Bigger Like Me (extended Director's Cut),2019-04-02,2019,100,Lançado,"Follow comedian Greg Bergman's obsessive quest to enlarge his penis. After a failed experiment using pills, pumps and other methods, Bergman travels to a surgeon in Tijuana, Mexico where he risks everything to 'go big'.",https://image.tmdb.org/t/p/w500/qBTglcMUCOm6d29JysxFGDOwc9H.jpg,
b08e317b87bba2d1eeb7d26cef76dd5a302e50b922753117a58a5d7f8091776c,1048209,Loan Wolves,2022-11-13,2022,90,Lançado,"Blake Zeff is an investigative journalist who gets to the root of the student debt crisis. Following the stories of those most affected, Zeff ultimately zeroes in on the unexpected heart of the problem and exposes the rotten core of the country’s policymaking. Confronting powerful enablers and challenging lies, Loan Wolves is a humorous and eye-opening documentary that demystifies this national crisis that prevents countless Americans from reaching their full potential.",https://image.tmdb.org/t/p/w500/jjp2y0Vblx5vOpqkGSnn3BKGRno.jpg,
4d62b0fcfa692f0886b0afb9af14bce544ea4e4242fe53f0b4a8039b15934233,1048418,All I Want For Christmas: The Magic Time Machine,2022-11-10,2022,92,Lançado,"At Santa Claus School, the principal has called a meeting. Lucia, her parents Julius and Claudia and everyone else at school are excited. But the tension is replaced by a shock when the headmaster cancels Christmas. He seems confused, and it soon becomes clear that he is trapped in a Christmas trauma from his younger days as Santa Claus. Lucia sets out to find out what has happened and with the help of the younger student Elias and a magical time machine, she travels back in time in the hope of saving Christmas.",https://image.tmdb.org/t/p/w500/w11j3YoRjRCivffVcSDoHst1mUu.jpg,https://image.tmdb.org/t/p/w1280/plT8sTOFzKdqx2fXNKTHCGbCxXe.jpg
fffefe3d2393b9d46a19376be0071b092a4369f5e19302636f7574ab4be5bd40,1050167,Kangaroo Valley,2022-12-14,2022,76,Lançado,Sem descrição,https://image.tmdb.org/t/p/w500/q8T4Zp0b9hSSJkuavEYGF2h7omf.jpg,https://image.tmdb.org/t/p/w1280/4fCp8zeg2VSuhmjoExkXkajP3wl.jpg
3c33f26b0d7c522a559db9ffed63db047a9643198deee1bc243fceaff215b469,1052598,Riss,2020-05-07,2020,40,Lançado,"From director Peter Hamblin, follow legendary surfer Carissa Moore around the 2019 World Surf League Championship Tour season as she faces all the ups and downs head-on. This is a film about more love with Carissa Kainani Moore. Explore the athlete and find out what the makings of a champion are.",https://image.tmdb.org/t/p/w500/aoQTPQwXgdnZu49tsy6SXQfKhdI.jpg,
35a19d928c387b82e0055209ea6c4ae0d9c558942c5249436de74087c5d7fdda,1053053,Hiding In The Walls,2022-03-26,2022,57,Lançado,Hiding in the Walls unwinds the fraught history of lead poisoning in Baltimore and follows the adult survivors who are on a mission to reclaim the narrative.,https://image.tmdb.org/t/p/w500/kGEJTDMu3JXbxjE9iQbhifkZmJr.jpg,
27bef54de1c09149275d9e33dcd2d7ec994392267a8e37fdcd9493fd23916eb5,1053104,Anwar: The Untold Story,2023-05-18,2023,108,Lançado,"It follows the story of Anwar's fight against corruption while in government between the years of 1993 and 1998, which led to his eventual imprisonment and the birth of the reformasi movement.",https://image.tmdb.org/t/p/w500/wAKKtwOAsOFDwLp58eQAMVnzQm1.jpg,https://image.tmdb.org/t/p/w1280/rPUC8vdkK6CCJjzrEoYlUIJokIK.jpg
2d4741a073114b633eb0c960deba8d454fb0fe5a5c5dd85cd48247c46f62ebdc,1055481,Nutshells,2017-06-01,2017,94,Lançado,"A functioning depressive, Bill Gotts (Casey Manderson) had a completely different vision when he imagined life in his thirties. The opinion columnist attempts to find his way through an early mid life crisis with the help of his over opinionated and equally flawed peers, to eventually conclude that he knows nothing. Though, that revelation may be the best step toward actually discovering something great in life.",https://image.tmdb.org/t/p/w500/fbB7viawY37Jpb2jUfi6iIL0TwX.jpg,
8b8f633e35315dec07d82a9c1971f23e543454486bd51766ba9ad02727cbfb7a,1057103,Coast Guard Malaysia: Ops Helang,2023-02-02,2023,90,Lançado,"Hafiz, a Malaysian Coast Guard officer, is celebrating his engagement at a beach resort with his fiancee. Out of nowhere, a group of terrorists hijack the hotel and kidnap his fiancee and her family. Several guests are taken as hostages, while the others are brutally killed. Hafiz manages to escape with only a few injuries, and he quickly sets up a search-and-rescue mission to get everyone back safely.",https://image.tmdb.org/t/p/w500/6U1gXOKQjCkgVUic6uSEKKunFZr.jpg,https://image.tmdb.org/t/p/w1280/tkE2F4QBgftdEYqVnrgy29s2nnr.jpg
f85764f5f6e63dbd9adbac25ebc1ee057a3f528f67745701228277a79fc39bf1,1057563,La Entrega,2022-01-12,2022,24,Lançado,Sem descrição,https://image.tmdb.org/t/p/w500/taGuulSXAG8vAzRdwVIQyhmvY3k.jpg,https://image.tmdb.org/t/p/w1280/54o97EtA4PakOhDwLTZdlSmyyls.jpg
e2e16085a39474adc6be65c6cd946e8d428e8671044268b61597cb96ab84ee46,1057664,Custer's Strategy Of Defeat,2022-10-01,2022,90,Lançado,"Follows the narratives of the U.S. Seventh Cavalry and Native American warriors through the Battle of the Little Big Horn from June 25th through June 27th, 1876.",https://image.tmdb.org/t/p/w500/zgreZT9BcD8UEEn2NKk4O3JNkUO.jpg,
04d6d8daf99bf9712485d27e1b15b853245d99d706345edf4fc65dedfe9cbb86,1057693,Divorce Bait,2022-12-09,2022,93,Lançado,Sem descrição,https://image.tmdb.org/t/p/w500/xfJsZuAg81uKkpn4wq3Ms4AIyZx.jpg,https://image.tmdb.org/t/p/w1280/bE3o9ZWMyyaQrFvwWJyNlfunIQU.jpg
13f07dbf735564f9b6420e2b03a45c2ca3db9780bdfb329308526e8a504ffb25,1058050,911,2021-04-21,2021,10,Lançado,"A conversation between the 911 emergency telecommunicator (Sid) and Michael who is stuck in his house with a psycho killer, with a motive to rescue Michael from the psycho killer Sid sends his force (cops), when the cops reach his house, they encounter a shocking truth that lies behind the bigger picture which heightens the climax.",https://image.tmdb.org/t/p/w500/92lD5PlMScfmkFjqXoC2jl61b4l.jpg,https://image.tmdb.org/t/p/w1280/ulx4pmLUabda6L091VzITWqtXm8.jpg
f1461e3851e47c0504a305f973d8f905e59690457c698aece43aacd80827abc6,1059326,Space Chase Usa,2019-07-11,2019,57,Lançado,"Explores the extraordinary, transformative events Cocoa Beach residents found themselves engaged in during the 1950s and 1960s as the exploration of the future arrived on their sleepy shores.",https://image.tmdb.org/t/p/w500/xM8wa0cE2uFLrvqV5h8BfEcl3BX.jpg,https://image.tmdb.org/t/p/w1280/v6N7ITVDc150bJLS9HZPl1t4iak.jpg
a1b2fa985e78a0c87057bb73f3542e3c23099f1a640cf7433524105637359bad,1059383,Don't Cry Halima,2023-01-25,2023,15,Lançado,"Halima is a young woman who doesn't go unnoticed. Along with writing militant articles on her blog, she works as a receptionist and hangs out with her group of flamboyant friends. The thing is, her student visa is about to expire. Moving in worlds which seem hostile to her, Halima tries to find her place.",https://image.tmdb.org/t/p/w500/qkzk2s13Ns1snksiDFug60BYRn1.jpg,
14c475a84ebe495effb0a77cf5761cd14075e8c73ee8f261baca9006e0d7b5fe,1060662,"True Colors: Lgbtq+ Our Stories, Our Songs",2022-06-04,2022,57,Lançado,"A TV special that celebrates the stories and music that make us who we are. Offering a unique look at the history of the LGBTQ+ community in the United States, the special shares real-life stories of hope, resilience and triumph from people across the country, artistically represented through thematically relevant music. Exploring the personal journeys of remarkable individuals, the program connects these heartfelt stories with the history of the LGBTQ+ movement.",https://image.tmdb.org/t/p/w500/3mimwBdAYEaV6VITXaZaNnsWBOs.jpg,
0daaa8c91ed7803bb42c0d64f3a8509b4ddae731c2dd46da22bad2c6192a6d07,1061117,The Hatchet Wielding Hitchhiker,2023-01-10,2023,87,Lançado,This shocking documentary chronicles a happy-go-lucky nomad's ascent to viral stardom and the steep downward spiral that resulted in his imprisonment.,https://image.tmdb.org/t/p/w500/kqLloC5n66fLvhlWtZBr8h4SVF6.jpg,https://image.tmdb.org/t/p/w1280/ySqZmxCcbwkrtH5j6KVH6BVv4mM.jpg
eb410f61a54b02a556e9146d8c27c18c9bb144a465e05ea8f364316c0dd6513a,1061656,Perpetrator,2023-09-14,2023,100,Lançado,"Jonny Baptiste is a reckless teen sent to live with her estranged Aunt Hildie. On the event of her eighteenth birthday, she experiences a radical metamorphosis: a family spell that redefines her called Forevering. When several teen girls go missing at her new school, a mythically feral Jonny goes after the Perpetrator.",https://image.tmdb.org/t/p/w500/fjTI6czy62GCsoI7G7fKghSrH2x.jpg,https://image.tmdb.org/t/p/w1280/3VjhZz7CrNSdKUIMYg4dVcyrRbb.jpg
b0277662adaf00ac0de07c3945464d0a5ad2a65db26cf48b789ecef327996a0d,1062895,Dos Dies I L'eternitat,2023-03-27,2023,55,Lançado,"After his first breakup, Marc, a film student, goes with Laia on a trip to the south of France to see if he can get over his ex. The emotions appear but Marc feels at a standstill.",https://image.tmdb.org/t/p/w500/yoqZZPrKX7McwDWr8ugm2W6JB4e.jpg,https://image.tmdb.org/t/p/w1280/lSaAeNMx3iLXAovCpBzyARNYtBI.jpg
d124a1106eaa5403374ef4cf7945656d1791ebc8cd2b23278853ccd00b7bc2c9,1063156,Chris Kamara: Lost For Words,2022-12-14,2022,0,Lançado,Chris Kamara: Lost for Words - The renowned presenter & footballing legend Chris 'Kammy' Kamara embarks on a very personal journey as he seeks to discover a deeper insight into Apraxia of Speech (AOS).,https://image.tmdb.org/t/p/w500/ygx2m3tiwDuBR8cAXo4rt3mDb2I.jpg,https://image.tmdb.org/t/p/w1280/zSSp9wgXgt0hcmE5nR6FOBy1t0Z.jpg
5c8aa7c7edee51c8d08c97ff988858b6b56d2451ba97fe718f2ea6a36c8e12c2,1063467,Third World Romance,2023-08-16,2023,112,Lançado,An outspoken cashier and laidback grocery bagger navigate the path to being happy despite the challenges of their blue-collared living in a world where nothing comes for free.,https://image.tmdb.org/t/p/w500/2ZFqJVRHn3iqDQWG2YITeuhEwLD.jpg,
dcf69cd55780f75a37e1c4ce593a23a82b32b1b1cdb06e1648019eb0ff3c2aa2,1064734,Carrie And Superkola,2023-01-19,2023,79,Lançado,"My friend 'Cola' has a superpower... ?. The alien 'Master', who was being chased by the space villain 'Spector', accidentally makes an emergency landing on Earth and gets into the body of 'Kola', the most precious doll of 'Carrie'. 'Super Kola' became Carrie's one and only secret friend, thanks to her psychic ability to move objects freely. But the peace is short-lived. Due to the excessive use of superpowers, 'Super Cola' caught on the radar of the 'Spector' gang and is eventually captured by the villain's spacecraft. Brave Carrie's Super Power Kola Rescue Operation.",https://image.tmdb.org/t/p/w500/1H78bzEW6yfRiAYdC1yCPWqvhj0.jpg,
eff25be77a063a3ce26a37ad26c1c5c58e8f15dca1317c1a9136f6fb3e0f61a2,1064841,Ustedes Deciden,2023-01-25,2023,92,Lançado,"Having had his fill of rejections in the acting business, Nico decides to pursue fame via another medium: social media. In a virtual world driven by influencers, likes, and celebrity obsessions, Nico stumbles into a series of hilarious and strange encounters that will test how far he’s willing to go for social media stardom.",https://image.tmdb.org/t/p/w500/QhyBSSw9dsDlyNvsXLKpHsQgI9.jpg,https://image.tmdb.org/t/p/w1280/hcODV0vOFE07zJLdeBA92fZYvv3.jpg
711e2796d71d43fdb0b2d04eadceb7b64b90096c9b6a4fbdaf2d29ecc77490f0,1065910,パンケーキを毒見する,2021-07-30,2021,104,Lançado,Sem descrição,https://image.tmdb.org/t/p/w500/zTQzwhur9PAyAfRf5Q3OUOsaFUj.jpg,
117e30c4614196438a20d9fb49952a515f9a5a27ad2779abe1e8eab356145620,1066268,Veda's Choice,2019-04-24,2019,51,Lançado,"In the Netherlands, people as young as 17 can formally request legal assistance with suicide. Nineteen-year-old Veda knows for sure: this is what she wants. After years and years of mental health problems, panic attacks and suicide attempts, she’s done with this life. However, before the doctors will even consider her request, she has to take part in nine months of therapy.",https://image.tmdb.org/t/p/w500/m8gnESbsgTofmnxXQN22U5b8AJm.jpg,
66dd751838b0e94944aeab0cc00a8a43f118296053227646ea1da4543a2aff18,1067176,Das Märchen Vom Schlaraffenland,2016-12-26,2016,0,Lançado,"Paul's life is marked by hunger, poverty and hard work. His sister Magda is sick and needs medicine. In town they meet Master Flintstone.",https://image.tmdb.org/t/p/w500/lkXgdV4HAMZmWYz1LQlJjw6LsiU.jpg,https://image.tmdb.org/t/p/w1280/gigJtIudnqVLXyqsSSXKOEDXvKL.jpg
508870340f792102a353b74d5f4444f029536f3edc31ac92338a9a607481acf6,1068430,Mute,2018-01-22,2018,10,Lançado,"Adapted from the Stephen King short psychological thriller, 'Mute' is a story within a story about a man who picks up a hitchhiker and unwittingly enters into a murderous contract.",https://image.tmdb.org/t/p/w500/48Dkjsol0wZXcHt444y8lgLRfSC.jpg,
3004d74d5d14e5dfe6af9f307e98941dcf1a09beb5c8c57282229d1caefcd067,1068823,Welcome To Valentine,2023-02-18,2023,84,Lançado,"After losing her boyfriend and her job right before Valentine's Day, Olivia is introduced to George who takes her on a cross country road trip that has them reevaluating their priorities.",https://image.tmdb.org/t/p/w500/r6Msewaf41FUFT6XIr1Hn7VHOr4.jpg,https://image.tmdb.org/t/p/w1280/lFDbtiX7rgRy0zZDiDRTqc0Y06q.jpg
8266c1b804ef0437a619401c86e04f2d7477394a26f32b4aa1d83f05c1c77006,1071517,Naalin Paluu,2023-01-02,2023,53,Lançado,"The film follows two years of the extremely endangered arctic fox's attempt to return to Finnish nature as a breeding species, as well as the people who try to save the species. Kimmo Ohtonen's tireless toil is finally rewarded, when he manages to capture for the first time in Finland the journey of an arctic fox family in almost 30 years, from the start of romance to raising pups. This is the first time that the reproduction of an arctic fox has been recorded on video. There is a unique journey in the foothills of the North, culminating in a historic event.",https://image.tmdb.org/t/p/w500/t0G5OSrJlZVTk5ji9n6VesMjLTg.jpg,
4a3ab543044a345cddd1aabde2304b3c6eea33a96318d3b251159d721b8aa7b0,1071926,El Metralla,2022-12-15,2022,82,Lançado,Sem descrição,https://image.tmdb.org/t/p/w500/iYCYgYL6zghVLjlKldLDRAjWvOl.jpg,
525a5ef66d6aca0dc448e77b44b2618f2b7f6889deed8344d9a1968734420dfb,1072371,Jules,2023-08-10,2023,87,Lançado,"A flying saucer lands in the backyard of an elderly suburbanite with memory problems, who forms a bond with the scared alien inside.",https://image.tmdb.org/t/p/w500/yMOWu8rpZPiBI0j8MInBTtNO0vU.jpg,https://image.tmdb.org/t/p/w1280/xCXMHUMQJess3GACbR2PQI7sjeH.jpg
f1dbbb7bc88b3c090c74f8d390b5b497d1ecc4132341a5fec1730a13e4869c8b,1072565,Helga - Die Zwei Gesichter Der Feddersen,2020-10-06,2020,0,Lançado,Sem descrição,https://image.tmdb.org/t/p/w500/2CLCFZH5y0iJQvwwNV3TAvgo454.jpg,https://image.tmdb.org/t/p/w1280/2XQQcB7cgKGIz571qj933wt8MZ5.jpg
81799c788d408b441cc41fe5ac13737b31e5d11e0ea7fdafbd4b1a183370067f,1073464,Like The First Time,2022-12-22,2022,112,Lançado,"A long walk home sets the scene for young romance, a trip to the beach becomes an opportunity for quiet reflection and self-acceptance, a naïve mother uncovers the secret life of her daughter, and a sullen teenager sees a new side to her mother. Re-live the journey of young love through six coming-of-age stories exploring chance encounters and hidden longings.",https://image.tmdb.org/t/p/w500/jxSIswuTClhGJ6ZscQsl3zhPped.jpg,
4e8ba78645f5415a83afdcb4f5f9e220500a55ceda165f637eaba48a12e62925,1073566,Bushworld Adventures,2018-04-01,2018,11,Lançado,"""In an alternate universe, Australian versions of Rick and Morty go on a """"bushland adventure"""" to Bendigo in search of Rick's Green Cube.""",https://image.tmdb.org/t/p/w500/fBo6eG0U0E6UPbBQGxKYsWuWTSz.jpg,
8080a7597cda5b647965375c3467446e860202fed61adcef1aef19d0a6cee4b8,1073676,There Is A Stone,2023-11-23,2023,104,Lançado,"A young woman spends a day in some non-place between town and countryside, has random encounters and watches stones skip over the surface of the river. Tatsunari Ota’s film explores a world without productivity and finds joy in idle time and playfulness.",https://image.tmdb.org/t/p/w500/vIOjSjqktzLDWTrWNiC2d0tDiXn.jpg,https://image.tmdb.org/t/p/w1280/6K4bS9F8GhIhmX8UnZc8fDfgmT.jpg
ea1294b96f54ce502c420a0ed2148783d36eac71ab5e7581adb6984cc39687b3,1074776,For Him,2022-07-31,2022,15,Lançado,"After the death of his fiancée and unborn child, Troy Gibson returns to the home they once shared, now desolate - six months later, intent on resurrecting them by way of left-hand magic.",https://image.tmdb.org/t/p/w500/8XavFi0VFNLW4sUNDsRiZtOksiC.jpg,
ef9f562633b8d5bcad59cbdf022f434cebefb441109d7296d77ff35b4f471f77,1075809,"And, Towards Happy Alleys",2023-02-21,2023,75,Lançado,"A passionate declaration of love for the cinema and poetry of Iran, which also offers a frank view of the precarious situation for critics of the regime and shows the uncompromising daily struggle of Iranian women against their oppression.",https://image.tmdb.org/t/p/w500/ikCzGC8eFBdYPjmHSPA6isLaU9b.jpg,https://image.tmdb.org/t/p/w1280/yROFsR9S5PBRnppg3c1ip6hIiyk.jpg
595ee5b2040fb75b46c7113a94ceaaf68f797745405e4c9c919da9f3430bdfff,1075822,Sira,2023-02-16,2023,122,Lançado,"After a brutal attack, a young nomad named Sira refuses to surrender to her fate without a fight and instead takes a stand against Islamist terror. A feminist counterpoint to current reporting from the Sahel region.",https://image.tmdb.org/t/p/w500/hKCVQw86xfzXGhYEhVRKjRpWWBn.jpg,https://image.tmdb.org/t/p/w1280/ld0nKOUcILAA9QRkRIUuS9cfSyF.jpg
d69db822e43e413bb3947f923e2a73a5fca216405b1cd15c2fb4ae97d038d514,1075966,Dancing Queen,2023-08-04,2023,91,Lançado,"12-year-old Mina freaks out when famous hip-hop dancer ED Win moves to town and starts at her school. Mina falls in love and when ED announces he's forming a new dance group for a dance competition in town, Mina decides to audition. The only problem is that she can't dance.",https://image.tmdb.org/t/p/w500/iFeyjpo8VyfqLuzjK8yI51DellS.jpg,https://image.tmdb.org/t/p/w1280/kIIN0wdSFmCtIfKsrL8kJlnYYxq.jpg
eec4052ed117680d89f03400a3b6c8c319b9e75126c8d015ef2ab3fee036fdc7,1076366,Willow: Behind The Magic,2023-01-25,2023,34,Lançado,"Featuring the breakout stars from the series and returning legends, this documentary takes viewers behind the scenes for an in-depth look at the making of the hit original series.",https://image.tmdb.org/t/p/w500/AdTxTJQ3ut9tIgBi7J8idi7JMII.jpg,https://image.tmdb.org/t/p/w1280/arOdqPV9ieT4ssXGYbr2VsbJVps.jpg
e809a1cd3deabf9610fc0f18fe5736a2a5b3c8a1561e53507d83d5c428a3b051,1077337,Four: Vol. 1,2022-01-28,2022,65,Lançado,A suspenseful & mysterious journey of 8 people where secrets and crimes get dirtier. FOUR is an anthology of different stories with extraordinary and unique concepts.,https://image.tmdb.org/t/p/w500/ht8iTXwLGnAiIDgf4PXSCmAoH2V.jpg,
6dd583480b44c75beec6e328b8d9a4638eb5a75fa4912d9e63fa02b856179682,1078232,Vagabonds,2017-10-01,2017,15,Lançado,"""The story of Rachel, a young woman in her early 20s who lives with her Nigerian uncle (Danny Glover) and his American wife (Edythe Davis). When her aunt has had enough of her niece's free-spirited lifestyle, she kicks Rachel out of the house. Rachel is left to figure it out on her own, but quickly runs into Skeeter, a washed-up movie star whose life is surprisingly similar to hers. Together, they decide to """"play a part"""" in hopes of both getting what they need.""",https://image.tmdb.org/t/p/w500/L1n1G3kGHsYRnDVxMB75i57u5l.jpg,
ec4709a1eabd7d6e3ae6b82d7bbf65fcf21fe9a45b1e5cd22d0f5731cd8a2e22,1078870,Fenomen,2023-01-28,2023,0,Lançado,Sem descrição,https://image.tmdb.org/t/p/w500/jaVadWtuBiHo77mi62nf90Hc6bF.jpg,https://image.tmdb.org/t/p/w1280/4rtJ9z56n84FR61aFZb0bPgaICn.jpg
f51b089e5ae5b522c64e0dea649d6da1ecdb2c946ea1b8efaded1b33472c2eda,1078920,Unicorns,2023-05-19,2023,93,Lançado,"Isa is a feminist, bisexual, and polyamorous posh girl, she passionately defends her life. When Guillem proposes to be a monogamous couple, Isa is not sure if he wants to change her life and, given her lack of decision, Guillem decides to break the relationship. Living in a world of appearances and comforts, her contradictions come to light and her universe is crumbling at the blow of likes and moral judgments in this web that social networks have become.",https://image.tmdb.org/t/p/w500/cCbpulP0zOpSUPAKeTe4ukhTX9m.jpg,
ad2d2e42219855e49acf1d582ea699e29d59ed2462bfe8712f7f2914a33d4060,1079660,Kaija Koo: Tinakenkäkuningatar,2023-01-02,2023,0,Lançado,Sem descrição,https://image.tmdb.org/t/p/w500/mnquKcQUTgjtCBgaeLs9kpO43ph.jpg,
82b57fca517baa37129e197a65c2cf412890ef7626b697efba7eb63ae808c56d,1080566,El Asistente,2023-03-01,2023,0,Lançado,Sem descrição,https://image.tmdb.org/t/p/w500/5O6x9hrPh8oHnaj4Kg4tFlNfS36.jpg,https://image.tmdb.org/t/p/w1280/vHyTCeQ9HABnvFuvaulgIbWtFCF.jpg
0dca204f34a25d67102dea27d345eac2044de3287be7536c809a61db8489b67e,1081988,Fursat,2023-02-03,2023,30,Lançado,"A young man unearths an ancient relic that lets him peek into the future. In his obsession to control what lies ahead, he risks losing all that matters most in the present.",https://image.tmdb.org/t/p/w500/8OSgJgck1gHYbWvAepFqPbbqKRW.jpg,https://image.tmdb.org/t/p/w1280/AdIVRNP9V5dAcqgihyDbtvO0wE9.jpg
e9a0bf98899f61240c2f4d2198ad9440d07a62700c737794df5778e8445c3758,1083651,Thunivu,2020-12-13,2020,0,Lançado,"A short film depicts a woman who struggles to survive in an unfamiliar world and initially tries to commit suicide. However, she eventually meets someone who guides her and later she discovers a purpose in life.",https://image.tmdb.org/t/p/w500/bykENQCCDOXVwyRBbNBV7325HvL.jpg,
c1826a9f450e6e0562cdc4f496d7bcff3827020358819ccd650c8de43ff2c176,1083782,Seven Veils,2023-09-10,2023,107,Lançado,"Jeanine, an earnest theatre director, has been given the task of remounting her former mentor’s most famous work, the opera Salome. Haunted by dark and disturbing memories from her past, she allows her repressed trauma to color the present as she re-enters the opera world after so many years away.",https://image.tmdb.org/t/p/w500/vHyYlOjCReoQ4eHCgt8CIQR5fFX.jpg,https://image.tmdb.org/t/p/w1280/3Kz4QXapoCUnIbKD5WpPmkxukT3.jpg
456849a3f21ce549943ecefc841384926117cc1b598498ae6b9032a2e1cb439e,1084412,Fireworks,2023-03-02,2023,104,Lançado,"4 people intend to commit suicide together by blowing themselves up using a large ball of fireworks, but strange events occur, every times they explode, they don't die and return to their initial state.",https://image.tmdb.org/t/p/w500/xcrssH6rL4BebUBxJfC8gGgRkEg.jpg,https://image.tmdb.org/t/p/w1280/lJiwMy0oHhJMcy6NfqF7RWYhf05.jpg
6661826ff5dc285e84adeb8fb7742db73d17adfc1c3198816495c43daf4abf7d,1084823,A Phone Call,2022-02-01,2022,5,Lançado,"After her apartment is robbed, a woman makes a desperate phone call, and a surprise connection.",https://image.tmdb.org/t/p/w500/v0bHv4F8VItHCCnDAqmEDU2bxeF.jpg,https://image.tmdb.org/t/p/w1280/eHSemCAEY6TyWO7r1erblh7Xgmw.jpg
accbd211f04a70235ed738eb3ed10d8e0e501ada9e0ff6198d4814c00527ad33,1086021,Paper Planes,2023-04-15,2023,17,Lançado,A woman with agoraphobia and the Airbnb guest across the hall strike up a correspondence that becomes something more for the holidays.,https://image.tmdb.org/t/p/w500/woIPwdDwvXH7CKeWpcT3IivHEIy.jpg,
7d96b87c274220bdb6bc8cf40e2bacf9c9a35dc6a80e6a9fea8f6ab153e3ae75,1086805,Liam Brady: The Irishman Abroad,2023-02-13,2023,50,Lançado,"On the 50th anniversary of Liam Brady signing schoolboy forms at Arsenal, covering the highs and lows of a life spent in the beautiful game.",https://image.tmdb.org/t/p/w500/iU8tVOyZSAuNJ57YYhCZGJZNBFP.jpg,
2edcc45a8e7630dcc011536efff7749a31b21bffe8e1a7b8df68a191bbfe675b,1087309,Detector,2023-03-02,2023,98,Lançado,Sem descrição,https://image.tmdb.org/t/p/w500/91acrjyQ6k66DAgDHpGuxeqBRcX.jpg,https://image.tmdb.org/t/p/w1280/6VSFjWWezMRTzHmZHNivZNwpvRP.jpg
e6c93c2e21687e63f11cc09f8bf31ac80e77cebac9525d3d773b31179eb9961d,1087445,Dhishkyaoon,2023-02-10,2023,0,Lançado,"Dishkiyaoon is a Marathi movie released on 10 Feb, 2023. The movie is directed by Pritam SK Patil and featured Prathamesh Parab as lead character.",https://image.tmdb.org/t/p/w500/o1v8TtwWwRRmhAs21PYsEGwQSg5.jpg,https://image.tmdb.org/t/p/w1280/cDJM9gLCes0rzUvwcmzLnjKzxpr.jpg
426a051bc69e80e5780d38a700335dd157a116f22e8bfe75ea8e86e9b6a03fec,1089415,Kosice Hidroespacial,2016-04-01,2016,65,Lançado,"With a career spanning more than 70 years, Gyula Kosice is one of the most renowned contemporary art artists in Latin America. The film portrays the sculptor and poet in the construction of his own myth, revealing the person who supports it.",https://image.tmdb.org/t/p/w500/v3F0GfTegGGNmziqhsJDm65taMn.jpg,https://image.tmdb.org/t/p/w1280/7xVYVmkhReFcKY8rcJUu0VLKcfG.jpg
897f3f5d86e017e9567f5e29e9c121877d72572eaba582b915afed84c3d203c2,1089490,She Inherited Danger,2023-03-03,2023,88,Lançado,"A young woman inherits her grandfather's theater and plans to sell it, but things get dangerous when she changes her mind and decides to reopen the beautiful landmark property herself.",https://image.tmdb.org/t/p/w500/4SFfpeGwBbcSKZNOLRwvqVDcjuJ.jpg,https://image.tmdb.org/t/p/w1280/r78T7KRtSyhohjp5md3pHS1188y.jpg
188d7bc75c4585cedf32177f14bfb4cb57bc33fe8c78d30d489279d88a02781b,1089540,Green City Life,2023-04-26,2023,85,Lançado,"A city that combines the benefits of the countryside with the advantages of the urban world. Manon and François, two young city dwellers, have left everything behind to travel the world in search of concrete initiatives that put nature back at the heart of cities. Between the intoxicating green columns of Mexico, the unusual production of mushrooms in dark cellars of Brussels or a fierce Japanese composting technique without odor, they discovered positive and accessible solutions that already work. Along the way, they met these ordinary people with revolutionary ideas. By linking all these solutions, they offer us their visions of what could be the beautiful city of tomorrow.",https://image.tmdb.org/t/p/w500/tJb81yVSERnOXDYk5UsqnlsgrnY.jpg,https://image.tmdb.org/t/p/w1280/4dFHeKatiUF7jOdBJjo4d2AYb6n.jpg
83126b40aa10fab8aeb69cab26b5fee2473a42a4559cb2e3bd380b1ed31251c2,1089620,Teenage Girl: Skip Day,2022-01-07,2022,80,Lançado,Four girls from different social cliques skip school together and find out that they are more alike than they thought.,https://image.tmdb.org/t/p/w500/v46xOrZjgayzy4xMTmNHHMpmlb5.jpg,https://image.tmdb.org/t/p/w1280/wk22oD39vXMr4FIts772u8Aapgy.jpg
bc64d3c26bed2845727156b22f936033e7fd0f886be1049daa6cb5fe572243c2,1089953,All These Years,2023-04-28,2023,116,Lançado,"Chen Jianxia (played by Sun Qian), a girl who lived in a patriarchal environment since she was a child, longs to escape from the oppressive family. She is admitted to Zhenhua Middle School, where she meets the rebellious but kind-hearted boy Li Ran (played by Zhang Xincheng). Li Ran becomes the only light in her life. She is like a forgotten spaceship in the universe, and he is the only answer in the radio that has been silent for many years.",https://image.tmdb.org/t/p/w500/tl5hARHUEK9rnhsCs4H8kk2wfkk.jpg,https://image.tmdb.org/t/p/w1280/2yad6r0Zz9WJDVp6b2TTKW5aDGX.jpg
0e9c6bdfa04406afb51b694c0338efab8b84a8f423761e672bce28039adb73ab,1090213,Nezumikozō Jirokichi,2023-03-20,2023,24,Lançado,"A silent anime depicting behind-the-scenes stories of the Nezumikozou Jirokichi: Edo no Maki (Nezumikozou Jirokichi: Chapter of Edo) film directed by Sadao Yamanaka, as well as his effort to produce it.",https://image.tmdb.org/t/p/w500/eyKIBNc4C2kaGstYm88J9kPQvax.jpg,
b30a04bbe17ab531d4c4668827da4bee8bb43828766601837fbb7dbf813feb6a,1091248,Maria Wern – Svart Fjäril,2019-01-01,2019,0,Lançado,Sem descrição,https://image.tmdb.org/t/p/w500/94kbtw8I4ok7hYPOdvC3HJJnnUw.jpg,
3a40b105a2c080353a6e0d7737fe31b5ab4dbc446ddfac5c3aced84090e28556,1092073,The Haunting At Saint Joseph's,2023-02-26,2023,100,Lançado,"An engaged Muslim doctor, her fiancé, and their friends go on a holiday at St. Joseph’s Guesthouse, unaware that it was the site of a sacrifice of an innocent centuries before. They soon come to believe that it's haunted and causing them to go crazy, as their emotions spiral out of control.",https://image.tmdb.org/t/p/w500/eDzQFxs0KTzHUPkIR0c44TSGJUR.jpg,https://image.tmdb.org/t/p/w1280/aX5xxdrmf56jaD5VWs9HCWmrPc2.jpg
623bfeb5e79a03a8579f9961eb9060d03bb4228926350d697bfda59664eb210a,1093330,Lviv - A Hospital In Wartime,2023-02-07,2023,61,Lançado,"In March 2022, the war between Ukraine and Russia is raging. While Russian troops are at the gates of Kyiv, this documentary films events in a paediatric hospital in Lviv treating the victims of the conflict. A powerful portrait of a doctor’s daily life in wartime.",https://image.tmdb.org/t/p/w500/8LxKpdQUEHLreFXSpUoL8JuxgZX.jpg,
e0909865fe4f9a9170ebdf3c711dc54e9d653342f689c100e5037e94236be13d,1093797,Ghost Town,2023-03-07,2023,92,Lançado,"In the untamed West of Victorian-era America, a drifter takes a job as a barman in a small town. After a series of bizarre deaths, he soon finds himself the target of suspicion.",https://image.tmdb.org/t/p/w500/mOllBeOuAA03nfMANWSYWTqiNhg.jpg,https://image.tmdb.org/t/p/w1280/vRnioIL90Nt3IJAn5Sf1PqFyplV.jpg
cf0b7fb5155b913c4984651a38945cbfd6b14f66db17b8a0e19883b7e8734982,1093999,Fake News,2018-09-18,2018,0,Lançado,Sem descrição,https://image.tmdb.org/t/p/w500/oPDOUztPMpywE5kBvHyvP5Wl5hw.jpg,
2006167946d9ec01f169e8023b2bfe95231e1a229c4282921c57456b498ae37d,1094315,Nausicaa,2018-10-30,2018,0,Lançado,Sem descrição,https://image.tmdb.org/t/p/w500/tDWwPdPmHM45IEt0Xpgvzy61fnS.jpg,
e9ea8305dee03814d0b2c4e2ff004e36dcf1a89ab5a219152b4a7f57aaa3587f,1096391,Nonstop Flight: The Untold Story Of Fc Cincinnati,2020-09-09,2020,100,Lançado,How FC Cincinnati went from a third-division team to Major League Soccer.,https://image.tmdb.org/t/p/w500/f2WY7RRaLgfngoOS1V7RX5SB6Lw.jpg,
616796edd9cb5a6bb5e55cc3ddd85493630ca22e32ff730c0bd7d2f528bcfd64,1096812,Improvvisamente A Natale Mi Sposo,2023-11-16,2023,0,Em Produção,Sem descrição,https://image.tmdb.org/t/p/w500/aaho6CeSmvP7C4sLq1POmeiaNzi.jpg,https://image.tmdb.org/t/p/w1280/w7pXigDTU4usY1RGT7EqI85NLU0.jpg
3b8343a1d72dda67be0ba3165cc524d38c0ae6d3cba4cae361d995d31bd52b21,1098111,The Hearing,2023-03-20,2023,81,Lançado,"In an ordinary and grey office like any other, four people are waiting to be called in for a hearing. The bureaucratic setting is closer to a theatre stage, however, for in ‘The Hearing’ the participants re-enact their own real-life conversations with the government officials who will assess their case. A Nigerian woman, a man from Cameroon, a transgender woman from Sri Lanka, and a young Afghan man – all four are in the same situation with everything at stake. What happens when your future depends on your ability to tell your own life story in a convincing and compelling way? The tension between reality and staging, between role-playing and reality, does not make their life stories any less moving or relevant. In a simple but brilliant move, however, debut director Lisa Gerig reverses both the roles and the balance of power.",https://image.tmdb.org/t/p/w500/6LRbSgO0tBYYXKtPcPfDc5ztdoO.jpg,https://image.tmdb.org/t/p/w1280/e7GL1XOEbS6ZDKWqFJDKWRifR6Y.jpg
3dad6e7e835c3b35f34ad3da4bc06cee9ad6c3b2cd72dfe04ba253afd1df19f4,1098155,"Blow: The True Story Of Cocaine, A Bear, And A Crooked Kentucky Cop",2023-03-10,2023,35,Lançado,"Andrew Thornton’s drug operation was one of the largest Kentucky and Tennessee had ever seen.  Thornton would perish while attempting to parachute carrying African gold coins, weapons, thousands in cash and 75 pounds of cocaine. From the CIA to secret parties, Thornton is described as the James Bond of Kentucky by those who knew him.  The documentary uncovers the true story behind the drug-sniffing bear and its rise to stardom. The film dissects the myths surrounding the ultimate party animal. Did Country Music legend Waylon Jennings buy the taxidermied bear? How much cocaine did it eat? And is the actual drug-eating bear now on display in a Kentucky store?",https://image.tmdb.org/t/p/w500/4CeOT7cqGW5as95vqSE2e6LRZi1.jpg,https://image.tmdb.org/t/p/w1280/9fuJCj6xmWntZ2XYk22lJAnsWrW.jpg
32a11a7138c054c83d672ff9ec0af50b560922ef3fc39d66cb351695de3eb1cd,1098264,Y,2022-06-24,2022,153,Lançado,"The story revolves around Dr. Aarti Deshmukh, a mother of a daughter, is tasked with investigating the medical systems involved in female foeticide. In front of the conscientious Aarti who does her job well, Dr. Purushottam stands as a challenge. Despite many attempts, Aarti does not find any evidence against Purushottam. Purushottam eventually uses his powers to transfer Aarti, but in the days remaining before the transfer, Aarti takes up the task of gathering evidence.",https://image.tmdb.org/t/p/w500/awvEULEAqQONTl47l6yoC1Bg9nn.jpg,https://image.tmdb.org/t/p/w1280/mSyqiflTi0lTLZEDoanhcnQD8Q6.jpg
f9378877cfb9cc8e69c21cc2c39d48839d9756d8ce7886b0cb22ff8d7b6f00d6,1098354,Lancelot,2017-09-01,2017,6,Lançado,"A modern punk adaptation of the civil war between Lancelot, Guinevere and King Arthur. His love for Guinevere battling his loyalty to King Arthur, pushes Lancelot to his limit.",https://image.tmdb.org/t/p/w500/mR56YhgnUEm5QA28zZ2Ya3elwkv.jpg,https://image.tmdb.org/t/p/w1280/7cJ9XJxwv0s13OtpEZIH6f8Rw40.jpg
0a867dc052750f16028ee57e7fecee2a450546d1ec8f692fd67777f61bb40f47,1098957,Pure Jay Mon,2016-01-29,2016,137,Lançado,"Pude Jaye Mon is a Bangladeshi romantic film released in 2016. Produced by Sony Movies International, the film is written and directed by director duo Apoorva-Rana. It stars Simon Sadiq and Parimoni in lead roles, and Aliraj , Mizu Ahmed , Rebecca etc. in supporting roles. Although Simon and Parimoni had previously acted together in a film titled Ranaplaza , this is the duo's first release.  The film was released in Bangladesh on 29 January 2016. The film was a commercial success. Aliraj won the Best Supporting Actor Award at the 41st National Film Awards for his performance in this film",https://image.tmdb.org/t/p/w500/bTqsKxxAiZhxz2iDJpoC4Qd0UvV.jpg,https://image.tmdb.org/t/p/w1280/ilg643Ztyf7oJDVtv5KuvMd2vRX.jpg
f58ba40de764ba719ffc6834dae7d8259f34c8c349f8fd31bc97c85224e6fe9a,1099684,Queens Without A Crown,2023-03-09,2023,100,Lançado,"Jimena lives tormented looking for help to report the attacks she has been receiving, however her mother Sonia lives in a parallel world. His grandmother Deifilia, who leads a network of child trafficking, will not be the best help. Everyone around Jimena is complicit in what is happening, but only a few will try to help her.",https://image.tmdb.org/t/p/w500/o4zKzUplN1Tg6eZh15zKNLMKygD.jpg,https://image.tmdb.org/t/p/w1280/nueg7BJrxQwPU0L8oPlb9RgUPtQ.jpg
e81193957c20d59d556f9abc6dd0f1fa0f5471c17fb37feb30b4316d5a568745,1100203,Iron Within,2023-03-01,2023,27,Lançado,"As Drukhari raiders plague an Imperial planet, the embattled Astra Militarum send out a desperate cry for help. Salvation arrives in the form of a force of Space Marines, but the population of the planet soon learn to be careful what they wish for...",https://image.tmdb.org/t/p/w500/sF5HNAeQaILqOCNmaLCDW9TMxWH.jpg,https://image.tmdb.org/t/p/w1280/fAwVCuOQWsEoH4rlVW53pfAwIVJ.jpg
fcdd2a45fddda0dded363488f0305d92020a5884b80a24bbd5b1bd40e340db1a,1101967,The Star Of Therapy,2019-08-17,2019,25,Lançado,"When Kendra is admitted into group therapy, she becomes overly competitive about completing her weekly goals.",https://image.tmdb.org/t/p/w500/mgcBU9I9gCngDy1oVrRy3Z3bXmv.jpg,
5438fcb48e51ee69d681872a989dd68ad488db7a639b693892d405a00cf9b0da,1102247,Сергий Против Нечисти: Шабаш,2023-03-16,2023,0,Lançado,Sem descrição,https://image.tmdb.org/t/p/w500/3lF2uVQxHStyUnizwRjtlTGKdNg.jpg,https://image.tmdb.org/t/p/w1280/6rwEQ0aAD0zcLWskm5zHF8kZs2A.jpg
a4c3c4ab6b9e0ae27bdb10e6a692c00e0b69231edbc3412d13555cd05897aa29,1102548,Shoot The Kuruvi,2023-03-19,2023,127,Lançado,"The film starts by establishing the history of a don called Kuruvi Rajan, played by a convincing Arjai. Rajan rises to the top through hook and crook. Over time, he becomes a deadly villain, whose identity is known only by his victims. On the other hand, we are introduced to Sharif, who suffers from a terminal illness and wishes to tick items off his bucket list. How the two worlds meet forms the rest of the story.",https://image.tmdb.org/t/p/w500/lVL7jUibakvvYLJuQfmFqdd0TWB.jpg,https://image.tmdb.org/t/p/w1280/8ndOit6LtiJHrV0r0c8YpJzqGLY.jpg
273c851e70883a62bf7c55cf5553132466994a91c5a3f4f3469a92df5fa73c14,1102812,Sleepingtalking,2023-03-23,2023,70,Lançado,Sem descrição,https://image.tmdb.org/t/p/w500/tz8gA3toyA3Dqn8lFTzXfbllBAx.jpg,https://image.tmdb.org/t/p/w1280/hV2yrzKXCiiVoMEm2leDnJuE8ob.jpg
2da450168c44d4d6c3a312030882e9b225711605c68d505dd9c198b6a95bd2fb,1103015,Grenzeloos Verraad,2023-03-30,2023,120,Lançado,"1945. When a German-Dutch officer in the German army is transferred to the Netherlands, he decides to help a family covering up people in hiding.",https://image.tmdb.org/t/p/w500/e6E4u1W88VHyTmF6GuZRrE3VEWo.jpg,https://image.tmdb.org/t/p/w1280/cqDF6Oz9As1UXKlkubmaKCnuei8.jpg
c2c83afb4d0253aa5f8dd8550e8bc179cb35101adb094f071e1d82757b5481aa,1103172,Alabama Rose,2022-12-31,2022,99,Lançado,"In a tourist town, you never know who might visit but tourists are the life blood of the economy. Learning to live life again, a local woman left widowed by the mysterious murder of her husband, tries modeling for photographers with the encouragement of friends. Common suspicions arise about their motives. Its flattering and sometimes paid work, but who can she trust? Is it safe to be alone? She lives remotely with constant concern she is being watched. Local law enforcement is challenged to be supportive but not spend their time chasing sounds. The strong willed Mary is slow to warm up to dating, causing an impatient admirer to lash out but Mary isn't one to surrender to a challenge.",https://image.tmdb.org/t/p/w500/1GR70Q1Il3v2kv2s7qRBub0C9hZ.jpg,https://image.tmdb.org/t/p/w1280/tGsK88sVUFvmGWU2LlbcnTgOJUB.jpg
261a0d54095bee35216b26e8d0653623668a0fb7c881e44faf553c05369f70c9,1103351,Rise: The Siya Kolisi Story,2023-02-26,2023,92,Lançado,The story of the first black South African rugby captain who against all odds led the South African national team to win the 2019 World Cup Rugby and in turn unites the country.,https://image.tmdb.org/t/p/w500/3Yh2fBSYaKfFW0rsnfJTWMMGE7X.jpg,
c04d4f6792556a44220c0929736b2334bbd3f8d8d51d2c0bb2da0723c12f8fba,1103363,Tulliana,2023-04-07,2023,109,Lançado,"Two zoologists seeking the extinct Anatolian panther search for its traces in the deep forests of Anatolia. Veysel believes the almost mythical panther embodies something beyond an animal, an element that Anatolian people have lost and are still looking for. For Emre, only the idea of photographing the absent Anatolian panther excites him. They manage to capture an obscure image of the large cat, but they can’t prove it is the panther’s. The two friend are surprised and disturbed when they see stuffed panthers at the offices of some bureaucrats. A secret Veysel reveals to Emre in Hacıbektaş changes both of them. Will searching for something non-existent destroy them, too?",https://image.tmdb.org/t/p/w500/1Z7GLm0E04xnKNGbKkBehQrqmvq.jpg,https://image.tmdb.org/t/p/w1280/3vHnEjtXiW7KU6OnxkAIOPN69vv.jpg
59e2b5c0d79bffdc121faa24f435134baf2993e55bb128317209df3228eef8c4,1103448,Half Sisters,2023-04-16,2023,78,Lançado,Sem descrição,https://image.tmdb.org/t/p/w500/4CAQ0MYJrd2afUDOilop8wTW2qt.jpg,https://image.tmdb.org/t/p/w1280/fPLTkBd4iAqp5Y57JGdiqPir1kc.jpg
bd57121e9dcc502b733679368416c2bbd8f6aa8183f027252daf2c5b9fe11308,1103568,Doctor Who: Galaxy 4,2021-11-15,2021,100,Lançado,The TARDIS lands on a planet on the verge of total annihilation as it drifts too close to the three suns which its orbits.,https://image.tmdb.org/t/p/w500/lhcpStoN9i8tmuQB7F9G23wONLQ.jpg,https://image.tmdb.org/t/p/w1280/kFdtj2yStluOYQ7J82bHfmbY20D.jpg
17f1c3a471aaebae5720d96c855c961c3735c2ac2d08ee4d2e262db7c8db72f6,1105462,Unfinished Business,2023-04-01,2023,72,Lançado,"A local Sheriff, Keith James, finds himself on a desperate hunt for vengeance after the loss of his brother. While in the midst of solving the case the truth about his past is revealed making him and his daughter targets. Will vengeance win or will the sheriff's past get the best of him?",https://image.tmdb.org/t/p/w500/jrYh8SjdladdhJLcGhUN1CwPFv8.jpg,https://image.tmdb.org/t/p/w1280/vEVTFnifWAAGcLyOg3Qq4zEOojC.jpg
99d0b6e9a3ef1b544d061b8778d22b48b244a9a9f76f974bf26bde9d5853d1d8,1106385,Pojkdrömmen,2020-11-17,2020,59,Lançado,Writer-Director  Emil Moberg Lundén tells his own story of his last-ditch all-out attempt to become a pro footballer at age 30,https://image.tmdb.org/t/p/w500/cVWwlbvjebSBNfZpPhB0IpqeF1m.jpg,
1a194e9469824f5804bff9be9b5f466a0881213bea2c58d2aeabe2d2c0d4a391,1106692,Love In Zion National: A National Park Romance,2023-05-20,2023,84,Lançado,"Lauren is an assistant curator who is out to prove a set of ancient vases belongs with the Pueblo Nation. She journeys to Zion to find what she needs to make her case and along the way meets Adam, a native Puebloan park ranger, who helps her on mission.",https://image.tmdb.org/t/p/w500/lBF5Jq3d0lmeH0i1AoBSCMZTOVh.jpg,https://image.tmdb.org/t/p/w1280/wecYak5SvxPO0czvfL7jfd0fqs1.jpg
a71a58cecd5236a72a87dde71b6b039949fe2ae70ff788dea5bb3a0e84b78dfd,1106955,The Ruth Brinker Story,2022-05-22,2022,23,Lançado,Sem descrição,https://image.tmdb.org/t/p/w500/whIJpTF5ILgm2ePooJA5zimmpJ9.jpg,
90839bb747d9ff79252c1e22ead112fbb015d23d4ab0d097d887e0f9c3b45e85,1107039,Forest Of Death,2023-03-31,2023,75,Lançado,"As friends settle down in their remote cabin for a relaxing weekend, a skin walker prowls outside, waiting to strike. The friends quickly realize that their carefree getaway has turned into a nightmare. As the night wears on, they must face the horror stalking them and fight for their lives.",https://image.tmdb.org/t/p/w500/q090eedHatnqcmpvHw5pFpf8bgJ.jpg,https://image.tmdb.org/t/p/w1280/iv3xMxJlEXXV5xmNlfxnZwk0HBL.jpg
78158de07cd8aabea97c652da40b3edb0425d3a6caf23a7a724f040a29bf7496,1108475,Self-portrait Along The Borderline,2023-04-20,2023,50,Lançado,"Anna Dziapshipa was born of the union between an Abkhazian man and a Georgian woman. In Self-Portrait Along the Borderline, she skilfully weaves together unique archives and fragments to offer a personal and political biography of Georgia-Abkhazia relations. This vibrant exploration foregrounds a divided identity caught between the margins.",https://image.tmdb.org/t/p/w500/48lvmQC5BtcPozVYs1UgbX5TmRP.jpg,https://image.tmdb.org/t/p/w1280/5PLT23vn4x0kwrEEXjDrpaGrvsb.jpg
3561f89aa80a318095594a3402db3129fbeb721a76161a78908d7cf50c98e6ac,1109351,Piercing Wounds,2023-04-17,2023,100,Lançado,"V, an elite military assassin escapes a life of killing and is taken in by a family suffering from much loss. When a life of love looks possible for them all, V's past suddenly puts them all in danger.",https://image.tmdb.org/t/p/w500/9t8h1tut3qEOHCFAICGpVmqSkp2.jpg,https://image.tmdb.org/t/p/w1280/8TC3dnjZ7amoll71wRhIDmhZTB9.jpg
ba24dc3b66e6eb11befd8f8db696e77347518ecf0e79b50a52e887f2fcde58b3,1110816,Another Cursed Movie,2023-04-21,2023,120,Lançado,"A history of Argentine horror cinema, from its beginnings in 1934 to present day. It is a path of defeat, dead-end streets and triumphs, where the protagonists will lead us through the lesser known hallways of local horror.",https://image.tmdb.org/t/p/w500/uvOBzeSwTDSsCN47EgBRYNyC0uQ.jpg,https://image.tmdb.org/t/p/w1280/8QHXa8uYSMC5ADJrmxSppZNUmYw.jpg
aea8a5f60a61cd655ccce402ffc287c22c1458078042326b65833d9a1789644c,1112941,Honeymoon At Cold Hollow,2022-12-22,2022,14,Lançado,"In the winter of 1974, newlyweds are snowed into an isolated cabin in the wilderness where starvation reveals the husband's true evil.",https://image.tmdb.org/t/p/w500/pXy2mZvfiy8L77JriAVndFPq0Xf.jpg,
2a3fdc1ae76130547dd4f19c439d0f8095074edbf940e0b603041321d9ca9499,1113062,Merger,2022-12-04,2022,8,Lançado,A man's commitment to his job takes a dark and surreal turn for the worst.,https://image.tmdb.org/t/p/w500/75weA4qOY9gEZKBKBAs5cHA7Rvk.jpg,
9065818667c2e37494c483268e59119ccb6cf5bb2804ba88ac0c5949c3f93b13,1114922,Somewhere Quiet,2023-06-08,2023,98,Lançado,Meg is trying to readjust to normalcy after surviving a traumatic kidnapping — but her grounded sense of reality soon starts to deteriorate when she travels with her husband to his wealthy family’s isolated compound.,https://image.tmdb.org/t/p/w500/77Fuv7QNyCzLYhz2mD0fsk2MUZX.jpg,https://image.tmdb.org/t/p/w1280/vAgE5zZR3ySF6jqzLwelgpOY8XS.jpg
b0e3c997cd49f3621bd9aa2ace28420e3c8df5bbd04e4c3f51cb3e3a1a8d9344,1115105,The Gullspång Miracle,2023-10-27,2023,109,Lançado,"Two Norwegian sisters receive a premonition from God that makes them buy an apartment in a tiny Swedish town, Gullspång. Meeting the seller, she is a dead-ringer of their older sister, who committed suicide 30 years ago.",https://image.tmdb.org/t/p/w500/hWntRgSwxclrdd9OcmQrRyef9Fd.jpg,
afd3bf1ebc0b1b461756f32be53f08c3b9c600d5f7ec966591603cc6887eadd5,1115794,Hermano Caballo,2023-06-08,2023,0,Lançado,"Reknowned Catalan wrangler Santi Serra, developer of a natural training technique based on creating bonds with horses and learning through play.",https://image.tmdb.org/t/p/w500/oYzjrvKQPkBGTE3hmABgg77exW3.jpg,https://image.tmdb.org/t/p/w1280/ggUAGb7DBc8MjLjFW1kOelXujFf.jpg
29b50665eaf85eb6bcca1045f36f34e273752a3db70aac2c21c713c15ebe1333,1116565,Oyu,2023-05-22,2023,21,Lançado,"It is the last day of the year and night falls on the small town of Toyama, Japan. A man who has come to the public baths to retrieve a forgotten object finds an old but valid ticket and lets himself be tempted. Among clouds of vapor and the gestures and conversations around him, a simple bath slowly becomes an invitation to existential reflection.",https://image.tmdb.org/t/p/w500/voVuEJqN8SNIkigdfjUUB4PeCYk.jpg,
ed37bbf7d5047823b16831a41ad1fdf7507615ee47560d88925bb57a840a06bc,1117308,Bekle Beni Sevgilim,2023-04-23,2023,0,Lançado,"Ali is a young man who fell in love with Zeynep at first sight. But Zeynep is admitted to a mental hospital with a dirty plan. Ali embarks on all kinds of adventures to save Zeynep from the mental hospital, and he is not alone in this process. Ali, who infiltrates the mental hospital by pretending to be sick, comes to the aid of his fellow wards, insane. When that happens, things get out of hand.",https://image.tmdb.org/t/p/w500/clwHafikVyst4Ka2JelkpygvQvQ.jpg,https://image.tmdb.org/t/p/w1280/tYjCV8ofB9DHg1kHWOWEe5iYkN.jpg
82c9a786dfb72d9ab739ec9664182207c5cd28ad5fdbcc564cd582be60b78c53,1117782,Ashes In The Sky,2023-04-28,2023,103,Lançado,"In 1945, at the end of World War II, Neus Català returns to France, where she recalls her life under the Nazi yoke.",https://image.tmdb.org/t/p/w500/tMC91s4JCcqbjx59dZIY7DKuOKZ.jpg,https://image.tmdb.org/t/p/w1280/z1EBiRzEPCf0PpiUAvZkmbD0FxZ.jpg
8ffd4eb58154d8ac4060fbc0e89092968c8c053c0f75081fc0144bf0e0a59139,1118296,The Blind Girl,2017-02-14,2017,15,Lançado,"Four Valentine's Days. Four stages of bulimia. Four bad, co-dependent dates with Jack. Angela is stuck in a seemingly endless cycle of her eating disorder: starve, binge, purge, repeat. With each day representing a different stage, Angela tries desperately to navigate both her friendship with her best friend and roommate, Kate and her co-dependent relationship with her very own St. Valentine over a four year period.",https://image.tmdb.org/t/p/w500/cGwTW9SLWXOQsf49ltr6y76TJPh.jpg,
0028972c0655d53960b691b1d16ab6107bf235a904147ed94b524c119c3ac70d,1119406,Daisy Derkins And The Dinosaur Apocalypse,2021-11-14,2021,2,Lançado,"An evil sorcerer teams up with a mad scientist to unleash Dinosaur Hell on Earth, and only Daisy Derkins and a hero from the future can stop them.",https://image.tmdb.org/t/p/w500/zU7wARbJrWeZROZn40jpJ1AAyUB.jpg,
2de8fcc7a77034dabd066a341a259138bec41ea63225fccaf0ebcd9b9b649821,1119611,Tag,2023-06-28,2023,112,Lançado,"The emergence of a new superhero to the world, but this time the hero appeared from the land of the pyramids (Egypt) and he is coming to get his place among the superheroes",https://image.tmdb.org/t/p/w500/nToKXhkvvEc74GG03RGgRxtmd5M.jpg,https://image.tmdb.org/t/p/w1280/3McvLbueTVEGuWyWeIepUbAuWRP.jpg
0abec6eb64f5af62c8b3e4ed0382882e375b9aac88fef92364d77dab38745274,1120151,Star Wars: The Force And The Fury,2017-04-22,2017,7,Lançado,A Jedi crash lands on a barren planet and is pursued by a mysterious Sith who seems to know him.,https://image.tmdb.org/t/p/w500/iuoEj1Y6Fb62ZkH4lJy8lSVKvwy.jpg,https://image.tmdb.org/t/p/w1280/wLJKvedefuAbc7VEmfC6DpOTrFK.jpg
71930f434df0d59ee1d45aa3be25a28f283f94fb3437c832c47d3831abc1076e,1120558,Bendita Suegra,2023-05-10,2023,0,Lançado,"Andrea, a successful veterinarian who loves her job and is in a relationship with Lucio, an up-and-coming lawyer who grew up in the country. Lucio has some news for Andrea: his mother is turning 60 and is throwing a big party to celebrate. Andrea visits the town where Lucio was raised for the first time and would like to become very close to his family, especially her new Mother-in-law Blanca, who is an overprotective mother, ultra-conservative and always thinks she’s right about everything. Andrea tries to fit in by tolerating all her quirks and harsh treatment during the torturous weekend.",https://image.tmdb.org/t/p/w500/5xupm2thQic5GzYi6nim6URMZOY.jpg,https://image.tmdb.org/t/p/w1280/vTFul7nCOyS3hLYoFOdxcakFPdO.jpg
d0dde6953506a9716109ec47630b93aa0ae286c711140877c1fdf90935b58f2f,1120895,None Of That,2023-05-17,2023,15,Lançado,"Whilst a mother drives with her daughter through the wealthy suburbs of her home city, eyeing the houses of the rich, she accidentally drives her car into a beautiful flower patch inside the front yard of a mansion, bogging their car down. The daughter needs to provide the solution, before her mother’s visceral fascination with the house and its owner drives them both to a point of no return.",https://image.tmdb.org/t/p/w500/cVwgfNJt4hbdLZjqJA8NAh0iCpk.jpg,https://image.tmdb.org/t/p/w1280/4YP7jtT65Cc0H4Z3FOgvzHJXUqi.jpg
22b76625ffc90a7198fc91320218ea6168212b9790b7759dc5140b433bc44589,1121223,0010: The Sharks Make Contact - Part 2,2020-09-17,2020,115,Lançado,"In the aftermath of 0009: The Sharks Make Contact (2019), the surviving sharks have to deal with a destroyed moon, and try to stop Shoogledocking.",https://image.tmdb.org/t/p/w500/edykyVCO0byKAozuJDrqzqDpe66.jpg,
469cf70a07674a42398b3bf2a89773a4a7ee8877ca1ad2a843211472a985c7f0,1121301,Birk & Magna - The Dark Secret Of The Mine,2023-06-09,2023,90,Lançado,Magna is seeking answers to her father's mysterious disappearance many years ago. Birk is battling outside forces to save his mountain home. Their quests lead them on a trail of an insidious environmental crime.,https://image.tmdb.org/t/p/w500/iXhmfiW8k1IBfJwPaNN0F2qp3eq.jpg,https://image.tmdb.org/t/p/w1280/pJHJnBLabt1jIGup9jdv1XKJySJ.jpg
159b243190b8f4b60a3868f5c4ea772ed23d0b802a167998da6183f90a4fad83,1122547,League Of Legends: The Call,2022-01-07,2022,4,Lançado,For the fallen. For the deserted. For the downtrodden. And for those who will rise again.,https://image.tmdb.org/t/p/w500/vI6TfUvDqTvKlIp6pQHZIvjD9i1.jpg,
1532c2dabf35dcfc6416e47af73c60aa6a18714dc4dd74d2dac37e7704299158,1123169,Seed Of Hope,2019-10-23,2019,12,Lançado,The year 2067. A spaceship travels through the menacing emptiness of space carrying thousands of plants and seeds from a dying Earth in search of an uncertain and very distant future.,https://image.tmdb.org/t/p/w500/rAwtTxTK5En5FGjlUlqRI7abMGx.jpg,https://image.tmdb.org/t/p/w1280/uJG2kqzNOdb3xlAKFIMRjWK6My3.jpg
fe413cee042df6d1ae630e46de567693bef832d166cc097e12644e9c8324cc2c,1126435,Scam Likely,2022-05-12,2022,86,Lançado,Follow the life of a waitress studying to be a real estate agent who meets a love interest that happens to be a real estate investor. The story takes an unexpected turn when she realizes her dream man could become her worst nightmare.,https://image.tmdb.org/t/p/w500/1aUrcW6BltxVeLWl4r06QRxJXzf.jpg,https://image.tmdb.org/t/p/w1280/7HPctvTXRCN12mpb4MGo7Xq8STy.jpg
aa8aebb755863c43fcb07016dd93409f3041e642d6e4987f41083ffa635286c0,1127439,Maruthi Nagar Police Station,2023-05-19,2023,117,Lançado,A group of four youngsters band together to eliminate a police officer and a notorious gangster who are responsible for the death of their friend. But they are left baffled when someone else does the job for them.,https://image.tmdb.org/t/p/w500/1ctjc6rGXxg0opjqz4ywmkkqyiT.jpg,https://image.tmdb.org/t/p/w1280/kN8MdCL8uAma6SqXhDFRtEEz1Ec.jpg
c2063f4318eedf471e3c1d13213fce5e7aa7610e3b1af4a795ce665316321f2c,1128125,Afghanistan,2023-06-21,2023,107,Lançado,"James Glancy, a filmmaker and former British Royal Marine commando who was decorated for his actions in combat, returns to Afghanistan with a small, handpicked team to help him answer the question that has haunted him for ten years. Was it worth it?",https://image.tmdb.org/t/p/w500/ui6hp2nGTtGMcxNVr2CQPW8Iij3.jpg,
fe660c0133f116a07a1d39c7b3650d7a36b4e75bbe68ac7cddadcd3bb2104218,1129073,Tzitzipongo,2022-10-15,2022,15,Lançado,"On his last day of vacation in Greece, a young dad working abroad embarks on a quest to find a precious ice cream hoping to please his grumpy son.",https://image.tmdb.org/t/p/w500/lArPv0iopB8l42SBcOrlXvXxV67.jpg,
e52c21f86d71e58019a75b46cd747f67f583dc2fa434af65420f1cc2f944d745,1129468,Killer Coworker,2023-05-20,2023,83,Lançado,"When a spa employee is framed for the murder of a jealous coworker, she must uncover the culprit before she becomes their next victim.",https://image.tmdb.org/t/p/w500/3kw7Ic1RDZGZ69kywBiOWeIKQox.jpg,https://image.tmdb.org/t/p/w1280/17e4B71MiHzbp1bFI9Bam67G6qj.jpg
dc8fceaad441c782bf1878d3ab5c3ce7809f3d46dea247ccdb7dfa591e456eff,1129654,Pareshan,2023-06-02,2023,0,Lançado,"Issac and his friends are typical jobless youth who waste time boozing around and get scolded by their parents. As if aimlessness was not an issue, Issac faces an unexpected problem that changes his life due to his girlfriend, Shirisha.",https://image.tmdb.org/t/p/w500/bBZrhlzFOjEQl7vzNosRu1ab2Ke.jpg,
cd6fedf40cf24524f7543c911ef7593301d725b1c0bde2d93832d4adf86e13ce,1129813,1st Person Narrator,2022-12-24,2022,0,Lançado,"In a world, where an original story is vital for a career as a writer, Liam finds the price for success high.",https://image.tmdb.org/t/p/w500/833mFJWfvI0iiCsQ6X6R7FlwHSP.jpg,
cece1a5d9730ca0dc0c1558dc96951066f9adb0604ec60acd73994e7911ca0f8,1130628,Can Hands,2022-04-21,2022,23,Lançado,"After the passing of his grandmother, Greg is left alone and searching for friendship. His journey past his personal loss and away from loneliness takes an unexpected turn after he inadvertently gets both of his hands stuck inside of chip cans.",https://image.tmdb.org/t/p/w500/6gB4h5ezap1KUayyPdoEXuWgDR1.jpg,https://image.tmdb.org/t/p/w1280/z71SWMirdpMZcOKlWBaPYOTnDzs.jpg
58d51b98df169f24101d0fde355019c9bc295e09f2f36b3caab187e39ce7bd8e,1130818,Sheroes,2023-06-23,2023,91,Lançado,"When four thick-as-thieves friends arrive in Thailand, they quickly find themselves in over their heads. Fighting to stay alive, they employ their unique set of skills and unleash their fierce loyalty in a heart-pumping battle for survival.",https://image.tmdb.org/t/p/w500/itUAkQmihFmRxMYTa3AkvIzMCV4.jpg,https://image.tmdb.org/t/p/w1280/qe0oK0A5ovrlgH39Ga13dxxw9MU.jpg
91a5eec5b04b07a8368fe218ff71f0e82761c95c9a78eab0c9e54cb0837467a5,1131444,Devilreaux,2023-06-09,2023,0,Lançado,"A series of murders in 1800s will be avenged by forbidden voodoo, woken up accidentally by a group of teenagers.",https://image.tmdb.org/t/p/w500/wKBMwKwKbICPXAjGVuGQ7CyQ4Qz.jpg,https://image.tmdb.org/t/p/w1280/m7HDkxpUIsuEVDZHan1nb6pHlab.jpg
f5490d582148be65f7444df807ed065436f799aefe160dbd92dd52d9cf5dd829,1132366,A Royal Christmas Crush,2023-07-08,2023,84,Lançado,"Ava accepts the opportunity of a lifetime to work at the Royal Ice Hotel which leads her to a surprise whirlwind romance with the most important guest of all, the Royal Prince himself.",https://image.tmdb.org/t/p/w500/znk6frNlEd90QATu40qsh997KvU.jpg,https://image.tmdb.org/t/p/w1280/8jPKpg6x2a1BgodbP4IAfHmhoeO.jpg
c63d699d3bd69485493a10235e136ef5babee08b480924db1a08da5f658a0b74,1132470,Es Brennt,2023-06-27,2023,88,Lançado,"Amal, Omar, and their son Ahmad are a happy Arab family living in Germany. At the playground, they encounter a man named Franz. The situation gets out of hand when Franz insults and attacks Amal because of her headscarf. The case goes to court, but an incident during the hearing changes everything for the family.",https://image.tmdb.org/t/p/w500/6AQOWDVNYhmKMPvjIyBddul3BrE.jpg,
25d1a4dd899f98b9e4ee5e47f9af65acc8780be3415515578cb77147f0026c50,1133075,An Awful Thing Has Gone And Happened,2023-05-29,2023,92,Lançado,"When her brother is killed, a young woman is called back home to a small mountain town. But with her father missing, and her brother's killer terrorizing the town, she's got to discover the truth about her brother before the killer discovers her.",https://image.tmdb.org/t/p/w500/bTJ2BlcqqeutCc5bn7Np3Yd9zoo.jpg,https://image.tmdb.org/t/p/w1280/5IptqLcBJRt43c5lkLBkYNTXavI.jpg
1bc35087f95e2896deec129eaec5b8a28c65cf9a0eeab2e1b7dd98264be785cb,1135062,That's Amore,2020-05-01,2020,101,Lançado,"Lucia Lombardi, a single middle aged nurse, finds herself in a difficult situation when she makes a deal with her ailing mother Rosa that involves her unwitting dentist friend Rocco and his best friend Gino.",https://image.tmdb.org/t/p/w500/dpVcLNZydgmZ50oKPbK4jO5YTdk.jpg,
cdd86fe680abbe214d3087debb4195bc886e8f86bdd41caea1395948eaba7d83,1135162,Milonga,2023-06-01,2023,106,Lançado,A woman has a chance to free herself from an oppressive past when she meets a man with whom she re-discovers her passion for tango. But before she can move on she has to accept some uncomfortable truths.,https://image.tmdb.org/t/p/w500/A0r32jgTwkTHkAUdXDXhcBS2u05.jpg,
d4fa32c3a59d93e6d14675a1e59c5b812f9dfa63f431524bde96abb16fea098a,1135896,Aasha Encounter,2022-01-01,2022,83,Lançado,Disha gang assault and killing on 27 November 2019 shocked the entire country when 4 young guys in a Lorry targeted a Scooty driving young veterinary doctor and brutalized her crossing the upper limits in the crime history of India,https://image.tmdb.org/t/p/w500/igrsIzQei0CjXqEUtXudPnrcjSM.jpg,
559905f6093aad94f29e176b4dbaa2bfe3d0fd7409048bab26b1557229bdd5b8,1136089,Mansplained,2023-06-15,2023,0,Lançado,"Sara is unhappy in her job, her relationships, and just about everything else she has going on in her life. One Friday night, a night she thinks her longtime boyfriend is going to propose, Sara is surprised when things don't go as planned. Soon things turn violent and Sara has to cover her tracks. This all coincides with a visit from a know-it-all plumber, a nosey neighbor, and phone calls from a friend who talks incessantly.  Tired of being MANSPLAINED by the world, Sara enacts the best kind of Polanski-esque revenge on her would be mansplainers.",https://image.tmdb.org/t/p/w500/1NCmVI7jdypWemj6c0PVOzjzWFw.jpg,
247943cf3173e5ee4ab62a8e58f5d1de3d210a7d3c5d8322a178ab7b67c706bb,1136217,Carnage Collection: Feast Of Flesh,2023-05-05,2023,58,Lançado,Sem descrição,https://image.tmdb.org/t/p/w500/zWSJ4UOEyjRIxNSvE2Tr2dzrxto.jpg,
61f0ac76f5d21b8a839ca5d48ee8e37c6b1abe8a90acdb060e70d2cfc8b6edbb,1138124,To Love Is To Grow,2023-06-09,2023,98,Lançado,The paths of a couple who'd dated for more than a decade diverge when Juan decides he wants to raise a family and Elizabeth focuses on her career.,https://image.tmdb.org/t/p/w500/pCV7eNGdVTYKOmc9zll7Hl9GEgX.jpg,https://image.tmdb.org/t/p/w1280/1b9nowNeSNI5cLJo69mejMluQHl.jpg
9f29c447f695da21201cb842d21564ff4f484863c9ed471588422c48570d0f9c,1140250,"Ken Loach, Le Vent De La Révolte",2023-06-02,2023,0,Lançado,Sem descrição,https://image.tmdb.org/t/p/w500/pee7RgOkKxYwkRxq0AtJdaCZEh8.jpg,https://image.tmdb.org/t/p/w1280/vP2VV20TqXzNLUwMJqS7KIHb8ep.jpg
234a7ccbec2d79ec38e9f0d39d14edb694d819eb626ea9659ecf5d5ad10d6055,1140625,Cowboy Drifter,2022-06-18,2022,104,Lançado,Can a man find redemption when he's never placed any value on his own life? When Caskie Jones goes searching for a father he hasn't seen in thirty years he gets more than he bargained. Will it be enough to win back those he loves?,https://image.tmdb.org/t/p/w500/qbixODzrVyZtAoIupmBTUOSzWSt.jpg,
76a32cf18fb7704c7b3cdc952759f669dd5eea1c076ac3f0c5c3b253055b56cc,1140767,White Christmas,2023-08-24,2023,0,Lançado,dummy overview,https://image.tmdb.org/t/p/w500/wXr8biaTHvXMMagnNUMgL8rwRrl.jpg,
b747857be406690c89de89a00d81f78f9c1d29ff93086a4316146c1febb87ac0,1142288,The Legend Of Agatha Rose,2020-12-04,2020,5,Lançado,"She lurks in the closet, hiding behind clothes, waiting to take the child she chose...",https://image.tmdb.org/t/p/w500/oTWWZ8E52FozFokjLHoQ5bTIY7R.jpg,
075ecd341cec10fdee945bc0ebc139dab8e5084935634db2268800b98e147354,1142740,Murder City,2023-06-29,2023,85,Lançado,A disgraced former cop finds himself working for a ruthless female kingpin to pay off his estranged father’s debt and protect his family.,https://image.tmdb.org/t/p/w500/gZ1YbdkwyTCmVxZxh1otFnMEnOs.jpg,https://image.tmdb.org/t/p/w1280/j7FwgVFjpsToIJ5Lt5y2K4N5pKm.jpg
fe4d0d0a37bd825072551b27a559d16069a629778ebf42d96a40830c4926023e,1143457,Rob Schneider: Woke Up In America,2023-06-18,2023,78,Lançado,Rob Schneider has come off his sold-out comedy tour where he maneuvers his audience through the culture wars and the struggle to keep sane in a world where words no longer mean what they used to mean.,https://image.tmdb.org/t/p/w500/fo6HJCpxj7XEVHRRlN57gqsDXdt.jpg,https://image.tmdb.org/t/p/w1280/4QamaBFNqtSG4RXodchMQLUysjp.jpg
c7ef16a2003698fb2840f9b797bfb4116ad27630d7ee58d1839113bc04e8b2c5,1143770,Oppenheimer After Trinity,2023-04-22,2023,58,Lançado,"This captivating documentary on J. Robert Oppenheimer, the architect of the atomic bomb, explores his journey before the historic test and reveals the burden he carried after. De-classified documents, rare film footage and exclusive interviews, including Oppenheimer's grandson, show an intimate exploration of the burden Oppenheimer carried and the profound global impact still being debated today.",https://image.tmdb.org/t/p/w500/6Mq4O6RyKXWnXOhor71qzV92n7n.jpg,
33c9c6f423fd6c873fb651542a18b97e4ef9d3009e719895838e337e16fb2db9,1144048,Zombie Wars,2020-12-19,2020,79,Lançado,Anthology feature with short zombie films from around the world and focusing on survival in a zombie apocalypse.,https://image.tmdb.org/t/p/w500/6sKyzZhBN6sdmkyzBoBjdn7ulIf.jpg,
f2cef9f65da92230733cb2abbb85911fb25be194e1ebb9c0b30cb23cf1a3c1cb,1145436,"Garden City, Kansas",2023-03-01,2023,78,Lançado,"On the High Plains of Southwest Kansas, a thriving community sustained for decades by waves of immigrants becomes the target of white nationalists intent on killing the latest arrivals: Muslims. When they attempt to recruit a local man with a conscience, he infiltrates them. Partnering with the FBI, he risks his life to prevent the attack and bring the domestic terrorists to justice. Animated courtroom testimony of the plot is interwoven with the inspiring story of immigration and the determination of a community to welcome the world.",https://image.tmdb.org/t/p/w500/eCLw1E7vrZrgKxk0YgFVdP71xYs.jpg,
9e56577ccef0f1b618c8cf98ff8b57938426ec00621fb189c5e78ad36e423fba,1149813,Der Wolf,2018-03-01,2018,19,Lançado,After years Fabian goes hunting with his father again. This time Fabian wants to prove that he is not a loser anymore. Can a dead wolf improve their bad relationship?,https://image.tmdb.org/t/p/w500/hQw4omuCNagoHrikmTCp7iXfVA0.jpg,https://image.tmdb.org/t/p/w1280/mzsVNoOHHHznwM2hWmE2OwVYDGb.jpg
dba5eaee1412aa893eb1c0b0bf775e84f6745d8db51492efcb401578e84b94e6,1149944,Gut Punch,2023-08-05,2023,12,Lançado,"Darkness rumbles beneath the floorboards of a Brooklyn bodega as three locals argue about pills, politics, and semantics.",https://image.tmdb.org/t/p/w500/6VSWr4okZBEaoowJC0LAJIpd4B0.jpg,
6427536c9b0348612a39c664bd0c5aca58d8e0f0eb7909680aee2f85b49cbb7b,1151649,The Appleton Ladies' Potato Race,2023-07-27,2023,100,Lançado,"Penny returns to her childhood home for the Appleton Show and its 'world famous' potato race, she is outraged that the men's first prize pays out $2,000 and the winning woman's prize is only $200. She is determined to right this wrong.",https://image.tmdb.org/t/p/w500/iz4A8PkWUYSbDUYFa7nXIArQcoU.jpg,https://image.tmdb.org/t/p/w1280/w1uvByT4IpTxnMEkkZdWrmPGJMP.jpg
02275441760c409c616de50fbe98a07fac61c4c28a556cc5636a635c2d7cd553,1152686,Unparalleled Parking,2021-01-22,2021,2,Lançado,"On a sunny day in Radiator Springs, several cars attempt to parallel park with varied results.",https://image.tmdb.org/t/p/w500/lYTzMEUeAnQfB1P13C3nwP6sAtt.jpg,
d50a74781590470093bf625156a4f20f23890053dd74286a926e206bc95727d5,1153051,Anu,2023-07-29,2023,13,Lançado,Sem descrição,https://image.tmdb.org/t/p/w500/d1sjYn3uTnHzqQzsVQM4zFBRR2v.jpg,https://image.tmdb.org/t/p/w1280/rW7EC5fZ3MOKkCdyFIr3JeDQ7A9.jpg
3354d1396572a706ef55d32e3dc7284de47ecf5e9381d5d9aa3166e5d85a9ecb,1153470,The Last Strike Of Hope,2023-11-24,2023,88,Lançado,"In the post-apocalyptic reality, Ewa not only fights for survival, but also struggles with acute loneliness.  The real drama begins when, through the absurd situation she enters a conflict with her only companion - a machine.",https://image.tmdb.org/t/p/w500/2WT6g80atTgChMS6OyBJKGpe8gE.jpg,https://image.tmdb.org/t/p/w1280/gKhtBj2Yu19je8keMxhV45IuZav.jpg
9c3abf737ca94702fbf122a7ebff8c275c7edc0c6f7cdb58e9a9c09a4db9c3b5,1154194,Apple Music Live: Burna Boy,2023-07-13,2023,94,Lançado,Sem descrição,https://image.tmdb.org/t/p/w500/kW5GrcgDhpCQuaFuTEU6rtoVW9R.jpg,https://image.tmdb.org/t/p/w1280/kUoFAPNU9VYFhdl1GtoPc0pvS0X.jpg
7166fc01b29656784c70f9135b0984dd5f773fff2f6075c7dd4aad3118271f2a,1154370,Opprøret På Bjerketun,2022-10-11,2022,59,Lançado,The girls here received more punishment than the boys on Bastøy. Now four of them tell about the humiliations they experienced and as psychologist Gori Gunvald warned about in 1960.,https://image.tmdb.org/t/p/w500/aInDKFY1BL5rsNNiX4CZ9RSQEjK.jpg,https://image.tmdb.org/t/p/w1280/bZe0uvIBpxTRF1ViwrNX5qHyEFb.jpg
50b299d52fa3505bc8390bfbd485133811b06f4f3ab7879c0c77b3ffa35e0786,1157429,Akelli,2023-08-25,2023,127,Lançado,An Indian woman fights to survive in war-torn Iraq.,https://image.tmdb.org/t/p/w500/4eBiqmlak6K5nipdayoGRYH2ON5.jpg,https://image.tmdb.org/t/p/w1280/l3UBWpS3RvSngNVsW9sW0N3z5rj.jpg
21ad1bd7b4067720987c2f4eaefd32e4cd15af784b9e7ac69ba3ba0c987d21d8,1157674,Lomad,2023-08-04,2023,99,Lançado,Sem descrição,https://image.tmdb.org/t/p/w500/xcCG5VzEfoilJSh73qCtZYDG2MN.jpg,
194f1539ab22b4d97edf48e06423651cd309680df8195ac0f11ef1006a11918f,1157901,The Origin Of The Soul: The Life Of Gabino Ribeiro,2019-02-23,2019,40,Lançado,"Soul's origin: The Life of Gabino Ribeiro tells the story of the life of the great Mr. Gabino Ribeiro, an extremely important person to the village of Termas de São Vicente and the municipality of Penafiel, being one of it's founders and the one person who always pushed for the culture and for the elevation of his own homeland.",https://image.tmdb.org/t/p/w500/mOI6svyGow9h1HsjQehCLL0XUyP.jpg,
30832ed9f20e69496f941e8b24842a0cac0395e51410e720a5c3f573cdfe0c31,1158794,Ride Baby Ride,2023-09-30,2023,7,Lançado,"After an unbearably creepy negotiation with some skeevy car dudes, a mechanic has to fight off a demonic monster inhabiting her dream 1978 Camaro.",https://image.tmdb.org/t/p/w500/eF7lg4FxGIRxlzGLWMB6jd0yTQV.jpg,
2ebc1e0d3cc26043e288e9b112e0406a994a31bc377e7ca204c45422916032fb,1159149,Are You Awake?,2023-02-17,2023,12,Lançado,"In this psychological thriller, a detached woman working as a door-to-door wake-up caller encounters a client refusing to leave his bed, who recounts his terrible nightmares.",https://image.tmdb.org/t/p/w500/n356pZZg3R5v78gpOiQITVnLNqc.jpg,https://image.tmdb.org/t/p/w1280/iJ6bFZEU2AiaRzZv6Iy6faGKdvt.jpg
d2e42ade071aed6b3571e3951c571b6047311d59e36bf2b33b8bcec808202047,1159704,The Eighth Color Of Love,2022-06-17,2022,120,Lançado,"An ambitious girl wishes to lead a simple life and who desires to lead a simple life, and who desires to fulfill her dreams. However, as in life nothing goes as decided and something unacceptable happens.",https://image.tmdb.org/t/p/w500/5jBRXs70oy6ZM0uMwHFNHonnMk6.jpg,https://image.tmdb.org/t/p/w1280/uZocHwltk7635E4NC6bF9kNbYEm.jpg
85233d2d523123160b2149619bc5129649c266ecde338921b873b7096728383b,1161250,Fallen Drive,2023-08-18,2023,85,Lançado,A couple attends their high school reunion with plans to exact revenge on a former classmate.,https://image.tmdb.org/t/p/w500/9vdxUnjWfVpzhZvuez6fhOtUAy8.jpg,
8416f77b5707ebe93852d78b355ef19bfb6e3e484d732f2317c538f662c08173,1162834,The Last Nosferatu,2023-02-21,2023,79,Lançado,"A man falls in love with a woman he met on the internet, but the mysterious secret she's hiding could lead him to a tragic fate.",https://image.tmdb.org/t/p/w500/fmBukZhiFZdTSKKUALvU4BRT0yP.jpg,
66ab2ea01bfcce5e016b7775d814c8d523652adceea9c5db6de63a578c9ece3a,1164978,Shera,2023-05-23,2023,0,Lançado,Sem descrição,https://image.tmdb.org/t/p/w500/1ITaoi7ueKZIaho2UsByoxmPMLp.jpg,
9b83e6bc83f63de2102ada1eb3f9cef1701a98a5b18593e198cb72eaa3cdd330,1167235,Tastes Like Pork,2023-09-05,2023,11,Lançado,An eager trans woman serves up her genitalia to a cannibalistic cis woman.,https://image.tmdb.org/t/p/w500/d3OhlII1P4DOEzKVPoaH6QR18Yl.jpg,
0019ddcd5a49dc7c49799e4e264ac3957bfeb4d5a8db48731f366603da9d0366,1168020,The Goddess Of Forest,2023-04-14,2023,44,Lançado,"In a remote village of Manipur, India, feelings of uncertainty grow towards a newly arrived ecology expert, who is believed to be a witch.",https://image.tmdb.org/t/p/w500/8hU8LDDxYPd4RgV6sW8x7vO8lZL.jpg,
f823e05688e99cf02162ea4ab02990248eb7e773b46fed7da715f5372c46d8b5,1168414,Chama A Bebel,2024-02-08,2024,0,Em Produção,Sem descrição,https://image.tmdb.org/t/p/w500/jC1Vx7CGwE1rY7aHsbqE3QAgzql.jpg,
dac49906bb5538a321b7dc7c2f3904155cb5c4b07f1ca3c35b80d320a352e367,1169058,Ceylin,2023-09-18,2023,104,Lançado,Sem descrição,https://image.tmdb.org/t/p/w500/2LLE5jH3VHfGQytimKEYO2m6U46.jpg,
b6916540fa74fc753cae3e78133d5a07f0cb4fba7073f5b0d4e908f21f1b34d7,1169320,Gau Premi (for The Love Of Cow),2020-06-01,2020,13,Lançado,"""A group of Cow Protectors hunt down a truck that they believe is smuggling cows for slaughter.  """"Gau Premi (For the Love of Cow)"""" gives us a view from the frontlines of the war to protect our 'mother' from those who will stop at nothing to 'debase' her.""",https://image.tmdb.org/t/p/w500/yzhxP0KkxjoAT7y4uvpmp4qyHhi.jpg,
dacd493bd6c58e0e7df58d029418dd9b2eeb76719349866e2fa83b53d8b90b5a,1170175,Oskara,2016-09-01,2016,80,Lançado,"""If you want to know who you are, dance. Oskara traces Basque culture, its myths, from its origins to the present, through the """"dantza"""".""",https://image.tmdb.org/t/p/w500/ya4ZaYVW7pKcojFga2ZoOxV3isu.jpg,
cff079c10bf953f637a46112cf39ef67487fc8155aecbb76ee399885f272d396,1171243,Lucky Man,2023-09-01,2023,134,Lançado,"Murugan, a man labelled always as unlucky from his childhood gets a car as a prize from a 'Lucky' draw. His life turns upside down when he locks horns with an honest but arrogant Assistant Commissioner Sivakumar and the car gets nicked mysteriously.",https://image.tmdb.org/t/p/w500/wRJRb5gQjQAthgkHxOKXcUEXBNo.jpg,https://image.tmdb.org/t/p/w1280/hgK58OFZPN3s6aDSRLoc4cC8vxB.jpg
f7526bfc3e99c2b074726c2c47e48b7b729bdf9cc1e044d22223b016d99ab1e9,1171529,Yılmaz Güney Aslında Kimdi?,2021-05-02,2021,0,Lançado,Sem descrição,https://image.tmdb.org/t/p/w500/a4sxBR4SSs2OmjwlNsXPkcBlIt4.jpg,
e03ac6864a1fdcbea521db7a1df66175ea757a266e13cc0cace65557082fffd9,1172623,Filling In The Blanks,2023-08-15,2023,94,Lançado,"Where do I come from? For some, the question has a simple answer -- for others, the truth can be much more complicated. With the rise in popularity of at-home DNA tests, it's now easier than ever for people to uncover their family history and, sometimes, things their parents wish would stay buried. Interested in learning more about his family heritage, director Jon Baime took an at-home DNA test and uncovered a family secret that has been hidden for half a century. Featuring in-depth interviews with Jon's siblings as well as a treasure trove of family photos and films spanning 70 years, FILLING IN THE BLANKS takes audiences on a journey as Jon explores the meaning behind his discovery and expands on what it means to be family.",https://image.tmdb.org/t/p/w500/uN8tCYOmcxJKx0e5uimXBnxFLwj.jpg,https://image.tmdb.org/t/p/w1280/dFEqxw5mf5zL75lyROrQIzHUBw9.jpg
ebce745d690c4cb65cd26854b109d2a4de86b91fcf6d6b6ed4cb4ebc90e4dc89,1173096,Boss Bitch Fight Challenge,2020-05-01,2020,5,Lançado,Sem descrição,https://image.tmdb.org/t/p/w500/A4YerRA4SFKPmdAGT1hQyvXajMd.jpg,https://image.tmdb.org/t/p/w1280/2oS43HRNQUuK9FVHNmSEa9VCLZz.jpg
bcc83a24a50579afe15388bd1359a41a816003b533410ea91720c726278db70b,1174820,Gäste Zum Essen,2023-09-07,2023,90,Lançado,"Soraya (Neda Rahmanian) and André Faber (Matthias Koeberlin) are worried about their 16-year-old daughter Mila (Hannah Schiller), who - presumably due to the bad influence of her boyfriend Leon (Paul Sundheim) - is in danger of slipping away from them. Without further ado, they invite Leon's parents Viktor (Maximilian Grill) and Monika Popow (Josefine Preuss) to their spacious architect-designed house for dinner. While the rich Fabers are still thinking about a considerate, understated style of clothing, Viktor and the cashier Monika arrive on their motorbikes already dressed up - in a fighting mood. The evening takes an unpredictable course with increasing dynamics and in view of the adolescent behavior of the unleashed parents.",https://image.tmdb.org/t/p/w500/uCRLMnSfCXWAnM6LQrqrHPHlqxs.jpg,https://image.tmdb.org/t/p/w1280/1BGI7Cqs4p6cOCAaPO7OibOJpSQ.jpg
8d07c05c9cf9ecc42be7a3b73131cbba78e074165ab7930926babacbb5f9df3c,1176185,One With The Whale,2023-09-17,2023,80,Lançado,"Modern technology confronts ancient ritual in this profound and moving documentary. Teenager Chris Apassingok and his Yupik family live in Gambell, Alaska, a tiny village on St. Lawrence island in the Bering Sea. Life there differs vastly from the rest of the US – for one, hunting whales holds the key to the islanders’ survival. Conflict emerges after Chris kills a whale that will feed Gambell’s townspeople for months – and news of the successful hunt reaches the outside world. Facebook trolls and animal-rights activists attack from afar, captured in Pete Chelkowski and environmental journalist Jim Wickens’ captivating film that delves into environmental issues, cultural and generational challenges, and cyberspace hysteria",https://image.tmdb.org/t/p/w500/a3D4vVsPtoB4krc85P5wAsbw5VN.jpg,
2b7057d0bd0c981ac040af9a0a4de336522f160d9394cd2f09e6a424df7bd1e8,1176503,A New Breed Of Criminal,2023-09-11,2023,87,Lançado,Inspired by Stephen Sayers' rise from the backstreets of Newcastle's West End to the top of the criminal ladder and the authorities subsequent attempt to bring him crashing back down again.,https://image.tmdb.org/t/p/w500/wbEspShqygMbhjuvlbmxknPZB6C.jpg,https://image.tmdb.org/t/p/w1280/ljSnJ7oMDi2xLY0byrBcWKE6H6r.jpg
237d85fd808ef484a24c94a1203471112f24c0d2d2d688f1426fcdf566cb1d7c,1178335,Kikoriki Are Making A Movie,2023-10-12,2023,0,Pós-Produção,Sem descrição,https://image.tmdb.org/t/p/w500/yro0yRvjcKkT0VLUXnVyIeKAmr8.jpg,
672fb5ef18bcb8b793a60fe4947d83b34f08fb91a2ab95661431f55e782664eb,1179071,Beautiful Friend,2023-09-13,2023,0,Lançado,Sem descrição,https://image.tmdb.org/t/p/w500/yTiPL41BRS7gNVTwXgD23KYbuok.jpg,https://image.tmdb.org/t/p/w1280/iQSSrpEnNP3HzEN2u2XJHjTnqjZ.jpg
9d3630baf41c4986db61062cb75d7f4d15c25817211fb5b57e0fa6bfb4e1d603,1179188,The Picture Of Dorian Gray,2023-09-18,2023,100,Lançado,"A modern day retelling of Oscar Wilde’s cautionary tale, it follows actress Dorian as she travels to Matera to be tutored by reclusive screen icon Lady Amelia Wotton for her upcoming Broadway debut as Lady Macbeth. When Wotton asks her granddaughter Evie to photograph Dorian, the girls grow close but is their relationship as innocent as it appears to be, or is there a more sinister curse at work?",https://image.tmdb.org/t/p/w500/7kkg3olk1bD2Gn4XS3xZXxjU7mT.jpg,https://image.tmdb.org/t/p/w1280/x1sZarxsjgNaAFHln63xcIy8zWb.jpg
97bcc3aae811d08018dcc0de2abf59dc648cad0089473fefddbdc25d4712e225,1180015,Aathvani,2023-07-07,2023,119,Lançado,"A Prolific writer facing writers Block decides to write a story on a Long Lost Goodbye letter, sets on a journey to find the rightful owner, ends up Solving an unexpected Mystery with the letter and his Love Life..",https://image.tmdb.org/t/p/w500/86jOp3g3UyXyXh7iEtvsUOOkzNo.jpg,
afb1f089751ec781536606afdba568d18ba07f0d230363430865e4181e7e9c15,1180662,The Rainbow Warrior,2022-09-19,2022,0,Lançado,Sem descrição,https://image.tmdb.org/t/p/w500/izZg0nBZUnofgK58cSsimAx2BOQ.jpg,
0cf08c3fb3849602056eae125a314ce3fc57e4f3c3176d73ea917818f4247112,1182378,Heavenly Vessel,2023-09-19,2023,2,Lançado,"The uneasy stasis of a space-dwelling Monarchy is shaken by the arrival of a hypnotic, luminous dwarf planet. Caught between the authoritarian Duke and the impulsive Prince, all will come to light.",https://image.tmdb.org/t/p/w500/8djepXkAuROaywsOkMzasxcaIxB.jpg,https://image.tmdb.org/t/p/w1280/yTY395jskH75TpD4Cels49nBsEm.jpg
97256f16198e16996b148f34ba0f4b2393ab54a8a3bb931b9b903ae8e837cd72,1184136,Ambos,2018-03-03,2018,0,Lançado,Sem descrição,https://image.tmdb.org/t/p/w500/pFoxhl5Fihz1WkxgFThjVCPXLn0.jpg,https://image.tmdb.org/t/p/w1280/wTBhXHXdT1uOoCgNqTzC56BBWjb.jpg
a6df5b992f85f2ccf294e073eac7a934a31738992369be97395aab21519e5fd2,1184875,A Bear Named Wojtek,2023-08-11,2023,28,Lançado,"The story of Edinburgh Zoo's famous bear, Wojtek. A BEAR NAMED WOJTEK tells the fantastic journey of an orphaned Syrian brown bear brought to Edinburgh, having been previously adopted by Polish soldiers during World War II.",https://image.tmdb.org/t/p/w500/1foJ7QUECAnL29MMtSCr7vy9mdW.jpg,
e3aae58bf7f587e2d74a50bbfff093128c60e3db25bfc30a86562c67713e1a80,1186902,Tatort: Der Herr Des Waldes,2021-04-05,2021,0,Lançado,Sem descrição,https://image.tmdb.org/t/p/w500/p7EJQPUY2a3fx3H8km3nIC8DzTr.jpg,
0c4ec960156b7f082473289875178c0e5b2662657afc6160b83f4c9796dd1825,1187512,Shot Boot Three,2023-10-06,2023,117,Lançado,"A new pet friend, Max enters the lives of four kids, Kailash, Pallavi, Ballu and Ramana, who grow up in and around a sprawling and 'prestigious' apartment. When Max goes missing the four children join hands to search for Max and bring him back home.",https://image.tmdb.org/t/p/w500/1Lg1mq2qUPjWYdN6FQ48AOYWG0l.jpg,https://image.tmdb.org/t/p/w1280/2ZJwIuB9ZPUegXAlIDciauMjQZD.jpg
e80821390e98fd974a3fca59261ea4313289621fcc3329a31adfcb9931f86060,1189490,Gadkari,2023-10-27,2023,0,Lançado,Plot to be added.,https://image.tmdb.org/t/p/w500/sWzh2nEzWirHJyLC8JXEOSdhLvb.jpg,https://image.tmdb.org/t/p/w1280/qmQWfMNvpT9CMS7MRQ3p2U4KEwB.jpg
47bcbf833024ad0b18e0d469be73a5552547baab32fa3395cd0ec16cdcc56728,1190487,Matti Katha,2023-10-13,2023,0,Lançado,"Set in a rustic village near Hyderabad, this evocative story follows three college-bound friends, their youthful joys, and the loss of cherished ancestral land. A gripping family drama unfolds, unveiling a village leader's sinister conspiracy.",https://image.tmdb.org/t/p/w500/hceweZ2pcrZ2a40pqBEGegTbO4W.jpg,https://image.tmdb.org/t/p/w1280/xtl3LaCTveZkArTv0DgvDDrXptl.jpg
91078691aa065c10559eb169ccf5fe14e6890e0666c36c3ad6c37a72ee92673d,1192798,The Drunk,2023-10-26,2023,121,Lançado,"Contemplating the failure of his life, Rogério drinks until losing control of his actions and involves himself in a bar brawl. His alcoholic drift takes him to the city port, where he falls asleep while watching passing ships. When a young woman appears in the night, seemingly running from something, Rogério offers to help and enters a nightmare he never imagined it could become his.",https://image.tmdb.org/t/p/w500/sOaZ7qlK1RPjTOSvx2ElO0cFXWZ.jpg,
c1223d35e6eee9500aa1c092e075820f10ca289a38d75abfcfebab333a9321bd,1195740,Jedi's Code,2016-07-22,2016,8,Lançado,"When the smuggler, Kai Arclighter, crash lands on the remote world of Adara Prime, he's forced to confront his Jedi past. The nefarious Imperial Agent, Pi-Thea-Tezu, has Kai in her sights. Can Kai reconnect with the Force to vanquish his foe? Or will he become another fallen Jedi for the glory of the Emperor?",https://image.tmdb.org/t/p/w500/8p42IaTcSfUl8zvqX0Pjn6lw0dB.jpg,
196ed87ffa7912a895998a102e3a877802af88f6fdbcd94c5bf95ee3e777b0cb,1196768,The Day Of The Dead Is Cancelled,2023-10-26,2023,88,Lançado,"A sudden death reunites the Garcias and San Roman. Lidia and Manuel fight for their romance, but Francisco moves into the house. Lydia's promotion means settling in Monterey. Rosa manages her husband's memory while trying to bring Jaime into her life. The two families deal with death differently and prepare for a new life.",https://image.tmdb.org/t/p/w500/xM1yX980L50kjyGuvhykkz4utry.jpg,https://image.tmdb.org/t/p/w1280/8JFg1Ig00BHCqpetWIgJdsTlQuo.jpg
39a095135912b043034c0d5b203455a0dfb61860e298ef54b0e1598d082f63c4,1197130,Brooklyn In July,2017-06-17,2017,21,Lançado,"The story of Frank Walker, an African-American WWII veteran working as a chauffeur. It is the summer of 1945. The War is all but won. The U.S. is riding a wave of triumph even as the undertow of unresolved issues roils beneath. Frank, like so many other African-Americans of the time, is drawn to New York by the promise of better life only to be confronted by the same realities, fear, and hatred he hoped he had left behind. He struggles to keep his emotions in check as he strives for freedom and equality in this slowly evolving world. Frank Walker is a man scarred by a past that is lurking skin deep. Based on a true story and inspired by the song of the same title by singer songwriter Joe Crookston.",https://image.tmdb.org/t/p/w500/fy3d15eifEakKOXQLmGmLIOTz0Y.jpg,
04875d6ba33b03f0d2efdecf1b07349a2237ec50435146fe7a96fbc237ddca8b,1197318,Wrong Journey,2023-03-31,2023,125,Lançado,"After an unusual occurrence in a sacred forest, a group of college students return home to find that something is eliminating them, one after another.",https://image.tmdb.org/t/p/w500/ezrEnmvteeaBPd1ENfXps2xENej.jpg,
32553eb112e7e9c1e4a9ed1b50ae4e490eac6006c9697374718d35b35be19022,1203741,Starwatch,2017-02-27,2017,93,Lançado,A trial is held in the asteroid belt in the year 2075 to determine the fate of humanity.,https://image.tmdb.org/t/p/w500/4khg9gW1H9Y3EekdjRr48aw4Qdr.jpg,
44f91c2fcdb4061f6979320f8ada3be2f18ad6b6c8b112a4b9b66442b1c1705a,1205503,Les Lettres De L'angoisse,2021-11-06,2021,0,Lançado,Sem descrição,https://image.tmdb.org/t/p/w500/5rSaC3FSLWQs6CWcdfcdOGQvzGN.jpg,
b0e55303a04a62f18352cf3b8b8fad0746456a90d104f32d8f4c20b3d64c4d6a,1206230,Cerebrum,2023-11-21,2023,29,Lançado,"Simon, debilitated by Parkinson’s Disease, takes back control of his body after receiving an implant in his brain that runs on a yearly subscription.  A WestWood Films' short film.",https://image.tmdb.org/t/p/w500/oEMyd2dMXtpK289kFiOBYy7oefQ.jpg,
d50c0248cbe2bd28ad6d1c9142c54709e524e9f0423051268cdbda4f927231fe,1207229,Salminggenen,2023-11-19,2023,146,Lançado,Sem descrição,https://image.tmdb.org/t/p/w500/yT45D22kvJKhAzaGGKwiOIvTCv9.jpg,https://image.tmdb.org/t/p/w1280/wfzEhhaqpqcLOofm8dqlHT5A8Ac.jpg
b1c3c5495f96b126758351b75e73fbeb84a1df986c559008c445927b25f2f128,1207864,24 Siete,2023-11-18,2023,0,Lançado,Sem descrição,https://image.tmdb.org/t/p/w500/61KfYU1Qur6eNJvcdBUMDG58ZBh.jpg,https://image.tmdb.org/t/p/w1280/pglpSh27LjvEwPe7yLh7o3RHkSA.jpg
4e086f70a6b376b4d74f0ff7cc7b0aeffc2a5598a0e9d1bea9583f5723f4fa6a,1209301,Le Saut Du Diable 2: Le Sentier Des Loups,2023-10-26,2023,0,Lançado,Sem descrição,https://image.tmdb.org/t/p/w500/sq5JOp1cbmA9o0U5ehzeH0EDPFZ.jpg,https://image.tmdb.org/t/p/w1280/1kbM59hO8sGGvWSCEusXtgratJg.jpg
c20b05749ec316e9b7f559668af3718a749c02ca446e28811fa3ff0bb383337a,1209993,Django Gold: Bag Of Tricks,2023-09-14,2023,59,Lançado,"Comedian and writer (the Late Show with Stephen Colbert, the Onion) Django Gold presents BAG OF TRICKS, his debut stand-up comedy special. An hour filled with jokes, humorous observations, and the paranoid ramblings of a man slowly being crushed into powder by the modern age.  Cynical, bizarre, without shame or better judgment: That’s the Django Gold guarantee. Come laugh your little butt off.",https://image.tmdb.org/t/p/w500/myXe38UmaItyOB0HE3S47aT6glg.jpg,
a46f2eb6e1351bd731f9b0ba5d383d70bfc529c5ae499485c34810c6e5338c63,1210899,It Is Dangerous Outside,2023-07-23,2023,10,Lançado,"Mariana and her mother, Daniela, find a disturbing alternate reality when they scan the QR code on their bus tickets. They will find themselves trapped on a dangerous journey in which things are not what they seem.",https://image.tmdb.org/t/p/w500/hiBsPVqe0YeqzzVw5QafH2wsRE4.jpg,
c62762aff7e15c28a46af033a445b2acb7e9bc16e6d7d6a1a33cee7a5d4caab4,1216169,A Father's Promise,2023-12-08,2023,0,Lançado,"The story of professional musician Mark Barden, whose story of his life changed dramatically when his son Daniel was killed at Sandy Hook Elementary School.",https://image.tmdb.org/t/p/w500/3skkShxBnq9xmR63ox08E3k3CxX.jpg,
e877fb85381db0adfde6219ba4f0b69362bc709a04020ecc1a8a0bcf53b14541,1221321,Indian,2016-03-30,2016,30,Lançado,Sem descrição,https://image.tmdb.org/t/p/w500/43s118W3doSLadxXjjFG9TWyzOa.jpg,https://image.tmdb.org/t/p/w1280/8w4yBjkG4YZgHoKerVGQj3EFQpz.jpg
13f7cc902ef8c1198c8ac12a45475a1c68ce6321f01cec70fb9ae33ae17fd4cb,1224544,Woolly,2024-01-26,2024,83,Pós-Produção,"A small farm is about to change hands into a new generation, from father to daughter. A film about traditions, knowing when it's time to go on, to inherit, and other of life's big questions.",https://image.tmdb.org/t/p/w500/pvt27OUdSFEKspYp0FMKUZYat8E.jpg,https://image.tmdb.org/t/p/w1280/dNbT7dv7dc8AC8qADqiOeY6KVhc.jpg
e5d5719b9de824cabae50152f9b48a0c5c08df0b4d4688e421e6bc93d11dc88d,1232160,Schörle Herb,2023-09-09,2023,0,Lançado,Sem descrição,https://image.tmdb.org/t/p/w500/3WT4WwpgKmSfpgmg4aEmDk6Wu0i.jpg,https://image.tmdb.org/t/p/w1280/4QMml4lbIrTacPUcz4OAyC5xUVe.jpg
4166ad0861361006b27d8ab1dd8a3a1a539a4fa2f557c6d67c2d005aebdc8a73,1233201,The 75th Primetime Emmy Awards,2024-01-15,2024,0,Lançado,Ceremony to celebrate the 75th edition of the Primetime Emmy awards.,https://image.tmdb.org/t/p/w500/wVxclcOwSdVVUHghfHhQmLDEHJo.jpg,
b5c2b6deb59cf9eac39365b1faf5d38def6508d8c37d0fbf035484d6ce4778a3,1235496,Grand,2018-08-09,2018,0,Lançado,An ambitious girl comes to Moscow to build a career in the hotel business.,https://image.tmdb.org/t/p/w500/pXMMdEJHOUasHowbx7okZhuQGsy.jpg,https://image.tmdb.org/t/p/w1280/pU89RkYz3nXJzW0lopBWmLawC5J.jpg
965fec3095f28869765fdc7b0940310d9aac4121b99062c472636329ba3ae30e,1240511,Historien Om Zlatan,2024-01-22,2024,94,Lançado,"For 20 years, he gilded world football, Swedish football's greatest player of all time. In this documentary, we get to follow Zlatan's incredible football journey, from the first time in Malmö FF to the farewell in Milan. A fabulous career with 31 international titles, goal record in the national team and a lot of odd press conferences.",https://image.tmdb.org/t/p/w500/5XpMyWoLUhRokkhTEvNlNx1iKQV.jpg,https://image.tmdb.org/t/p/w1280/f6CeCbLpR3s8OmBTEfZvvfPaekA.jpg
7de1e1b3ecfa57ed9def7c13ecc9c1688bf06f4d509c88aecc9ac26755297885,1241219,Aakhir Palaayan Kab Tak..?,2024-02-16,2024,0,Pós-Produção,"A cop faces personal struggles in a deceptive town where dark forces exploit community sentiments. The movie explores themes of greed, community manipulation, and personal redemption.",https://image.tmdb.org/t/p/w500/wWz1HDrYZXxcRt7L2QSpAs6MrAi.jpg,
7eef344e1c2f049d96ef2f01be9e26e2b7726a174f6e4c3923a538b14044f4ac,1246628,Roadside Flowers And Grass,2023-05-13,2023,119,Lançado,"It depicts the lives of a man and a woman who love flowers and grasses blooming on the roadside while suffering from life, and who live in small ways with tenderness and intensity.",https://image.tmdb.org/t/p/w500/yJ5xrQAKPic5Lo7K1JzySFpQCfP.jpg,
ca9d8f488f4f3ab4073e0c4834829680341df29b2afda1a5588e997c3cbbaa2b,1248529,Alumbramiento,2024-06-07,2024,100,Pós-Produção,"Spain, 1982. Marisa (María Vázquez) decides to take her daughter to Madrid in order to resolve an unwanted pregnancy. Lucía (Sofía Milan) ends up entering Peñagrande, a reformatory for pregnant teenagers. There she will forge a strong friendship with her classmates and she will discover that she wants to take away what she still does not have: her own son.",https://image.tmdb.org/t/p/w500/nijuH1anJMTmDknShYPNH4Zk2Co.jpg,
cec0d9476f2c948ec879d13c547c3f0f77eeb0a14f628063de3c430f814f08c7,1256237,Stay Homas. La Banda Que No Hauria D'existir,2024-03-06,2024,0,Lançado,Sem descrição,https://image.tmdb.org/t/p/w500/o6uLtX3y9V4M8tsxBlXrJzrpvC4.jpg,https://image.tmdb.org/t/p/w1280/hKaGZP44Qvh2iDZ2wP6YBzKH9mG.jpg
b0f8e4b075a71449107816cc73fc3c4936f93fdfbaa99eb281f212644c4883d1,1257703,When The Tables Turn,2021-09-30,2021,76,Lançado,"""Banks is out there living her best life and thinks she can do whatever she wants with whomever she wants. Never thinking of the Consequences, but in this love triangle she does not expect for """"When The Tables Turn""""""",https://image.tmdb.org/t/p/w500/7g0rrdrDb92AJUJC70UgpKz0ESK.jpg,
4017f0045f90cb90ea2f25f6ccdeb1c7e4b386045f89739f4eb4da57813ea362,1259902,Yaavarum Vallavare,2024-03-15,2024,125,Lançado,"Follows the events that take place in around 12 hours, from 6 pm to 6 am, in the lives of handful of people and propagates the idea that when a predicament arises, we need not await the arrival of a sole savior. Instead, common people who rise to the occasion are heroes by themselves.",https://image.tmdb.org/t/p/w500/j03OJ7eWcfngKezZsXBqvTFhXWO.jpg,https://image.tmdb.org/t/p/w1280/suV4j5TEx86zCFJaYTR5XyDy39l.jpg
2365eb3906f88766bca864cd6ddbbb6597ea06d134d1460718310c625fefc42e,1264371,Those Who Inherit The Earth,2024-02-22,2024,0,Lançado,A team of hardened detectives specializing in child abuse cases hunts down a group of sadistic serial killers.,https://image.tmdb.org/t/p/w500/zqmgfGHsdoyINZXVT4H1ovzPu9R.jpg,
0f8db69c5a809e8aaf368fc82ecd60714b065000095d721f0eff02e1f83bbcc5,1265620,Caligula: The Ultimate Cut,2023-05-15,2023,0,Lançado,Sem descrição,https://image.tmdb.org/t/p/w500/aaAJNu3hGr3se6Y58V5vOxPvYLU.jpg,https://image.tmdb.org/t/p/w1280/rfGpVLFAxSrkLqr6SjY9BAUeTCU.jpg
f9f67c0912da8851e4898a9e05154114ec18e323c32a27640cb443aaf584427a,1267244,Juna Furniture,2024-04-26,2024,0,Pós-Produção,The film comments on the dire situations of senior citizens in India.,https://image.tmdb.org/t/p/w500/mcLuDD3uLsm2N7tUlimEI0l7oQG.jpg,
7853da9f97e2127ee248d1db8111fbf9f99291eaebe79a9c5dc33acf4dc40257,1270683,Üç Harfliler: Nazar,2024-04-10,2024,0,Lançado,Sem descrição,https://image.tmdb.org/t/p/w500/sprinweNHMn8XXNkEjmGxkbawPJ.jpg,
72c3e1950d35b7fdcce689431460155f7b9bd7f57868a676fdf7f49759febdd0,1271878,守望先锋：最后的堡垒,2016-08-19,2016,0,Lançado,Sem descrição,https://image.tmdb.org/t/p/w500/3gHdjXcIdJb1LocnXbpeKZRUkxF.jpg,https://image.tmdb.org/t/p/w1280/qS8uysmOE2Y0olJIW3kPqom2KdI.jpg
15c2e0e28014434bec78a0c4b5d0437e03c5a7f531e9abb23a8e5db74940b377,1271883,Mona: Jinn-2,2024-04-10,2024,124,Lançado,"A 12-year-old girl, her visage twisted by an otherworldly force, gnawing on a bone with a menacing.....",https://image.tmdb.org/t/p/w500/h742qVam0tsa35pwfsmrmRRWy3A.jpg,https://image.tmdb.org/t/p/w1280/nl4FfmSbLXTIG0HlcyIMQxqc7Qp.jpg
862da342fda877e81f81570f316db45a0cbb5399c8758eeddc62aa05284d8b53,1281292,"Rack, Shack & Benny Re-molded: A Veggietales Fan Project",2024-04-27,2024,38,Lançado,See this classic VeggieTale renewed and revamped by a team of VeggieTales fans!,https://image.tmdb.org/t/p/w500/jAvn4PkcvuoNeeYaYcYDDFvMhQI.jpg,https://image.tmdb.org/t/p/w1280/nAZ3JnctVofleW9Rvo9fkhZZD63.jpg
9b076195028ed5ef7da856a706ed73de222c08790fc896860263a60e07b2e709,1288353,Tmz Presents: Hollywood Is High,2024-04-20,2024,53,Lançado,"From ayahuasca retreats to ketamine therapy, celebrities and scientists alike explore the healing powers and potential pitfalls of modern-day drugs.",https://image.tmdb.org/t/p/w500/k5Yv5Cpm6AW9PBAP4oGCgEhhoRR.jpg,https://image.tmdb.org/t/p/w1280/oZoIOhBctxZvBjQOsbtQ3uraW34.jpg
1d6611600c146deaec001c411ec1a4939e860eeefd7ec23192182220279090aa,1289558,Ramana Avatara,2024-05-10,2024,136,Lançado,"A jovial guy named Rama Krishna who wants to be a political leader, goes through a series of uncontrollable situations that end up being lessons of life and help him become a true leader.",https://image.tmdb.org/t/p/w500/fZcxH4Fxr9l0FzPmaTy1Lc3XjZ6.jpg,https://image.tmdb.org/t/p/w1280/kicbCBjs0QDOpEvw7JZxhvC4eJt.jpg
dd9ee1146aa46b0c5a8ebd4a4244004ec583c3b0dc05d1307f26291f4f773397,1291152,The Secret Spitfires,2017-11-10,2017,52,Lançado,"Spitfires were the nemesis of the Luftwaffe and the instrument which halted Hitler’s plans for invasion. After relentless bombing of the Spitfire factories in Southampton, the Germans were convinced they had halted the production of the Spitfires for good. But across the South of England, hidden in sheds, garages, back gardens, bedrooms, a bus depot, and even a hotel, a workforce of unskilled young girls, boys, women, elderly men, and a handful of engineers secretly built thousands of Spitfires to help win the war. Witnesses recount this never-before-told story of amazing achievement.",https://image.tmdb.org/t/p/w500/iaUZrTju6LHyLgVAZXk2EtiUHh3.jpg,https://image.tmdb.org/t/p/w1280/Z0lvujGUAfhJnwQpLu0diHzkf3.jpg
110aa5053aa3b77fa364d044720e2ac0c5caca3c23212972b8cd975b4873ced9,1296179,Room Service,2024-05-23,2024,24,Lançado,"What’s the cost of one perfect evening?  We live in a world where everything is for sale, for the right price. Where the wealthy know there is no desire outside the reach of their wallet. “Room Service” is a brutal glimpse inside that world. Our protagonist is down on his luck, his family is on the verge of ruin, and with the help of the mysterious Caretaker, he might have found a way out of his trouble. But at what cost?",https://image.tmdb.org/t/p/w500/8AOzrJsCMpbS2NaYT8wTth9BIr8.jpg,https://image.tmdb.org/t/p/w1280/xfxvb6C7cu9RySgHBi8rFRlH7fU.jpg
beb7590cfddd9a0f2846a0d9aba01cbd9480a7e29a6195c7f11ca58bca16c415,1297813,Culture War,2024-04-21,2024,27,Lançado,"A small Liberal Arts College in Sarasota, FL finds itself in a culture war against the government for the basic right of educational freedom. Now, the community must learn how to find resistance amid a reality they didn't sign up for.",https://image.tmdb.org/t/p/w500/rKULYcw1XlVV9NCvyU3Is9iEXff.jpg,https://image.tmdb.org/t/p/w1280/zsFHWbfhusRSTky2reF5q2Xw6gE.jpg
0334157fa75a33f6e183ef7c07a99f01772a96e3cf991ffd9f0c673b3f0db2c4,1298348,Summer Breeze,2022-10-03,2022,15,Lançado,A recently divorced middle-aged man receives a smartphone from his daughter and reconnects with the first love of his life who asks him to meet.,https://image.tmdb.org/t/p/w500/ziqZ6UtySL4P5xiSHsymaff5que.jpg,
f32ae8661c0174a47dc059c40c912a8a359db09c09993cfb1d8ce525d86695be,1309008,Pitfall,2017-09-09,2017,15,Lançado,"Amidst the horror and chaos of war, two enemies are forced into an unholy alliance in the battle for survival.",https://image.tmdb.org/t/p/w500/gwZg23cdBHY4WAMJaddnaqayiAB.jpg,
29cc9af681d85bedc304026121c5212b922978e0e60409dbab48ee8f60c27227,1309560,Gaabh,2024-06-21,2024,126,Lançado,"Dadu, a young man, One fine day his newly bought buffalo suddenly gestates and he hesitates in getting the buffalo mated.this story of raw animalistic nature, and the roots of Village Life is 'Gaabh'.",https://image.tmdb.org/t/p/w500/xEXRxrvNFKXR3ailwcTU3rqYhcH.jpg,https://image.tmdb.org/t/p/w1280/fqZHyd6aG9Sc9CvGpcrxekl7mZa.jpg
e854d77be577f439550bb5db04fd9d79c458755d7dd614d23be3da3e7fa6fd7a,1309893,Love Spell,2021-05-20,2021,25,Lançado,"When a fearless queen's secret love is caught by the king and condemned to die, she performs a powerful spell to unite them forever through an enchanted ring.",https://image.tmdb.org/t/p/w500/a54OWwziAWs4alvPSxXef23Ee7J.jpg,
00e02dc1f826258f454b2af49666c9fa32259ad47d465680dc189b403e7e9dcc,1310924,Son Of God,2024-10-31,2024,13,Em Produção,"A priest plans to steal a painting from his church, but is troubled by guilt.",https://image.tmdb.org/t/p/w500/9pPpPxqmv3JbxofKpb9Hquk8VHa.jpg,
83393615de55f5a0b9d2e1ce6bf801280ae991b410f24db1bf0d9df335a5d06f,1313569,Die Hart 2: Die Harter,2024-05-08,2024,92,Lançado,"Hart plans an innovative action film with unscripted, unexpected scenes to cement his legacy as the greatest. However, a blind spot leads him to fall victim to a vengeful plot from his past.",https://image.tmdb.org/t/p/w500/fRVgWBt0yfX9AmAG1WMtUduEr9y.jpg,https://image.tmdb.org/t/p/w1280/vIVi7ICh1kgFbj3j2LcgiIraXoX.jpg
cb4a34dd2060bbbc23206c2ff78a47c632d87e452ba8f7540153f3205a17ba77,1316710,Blaffer,2021-03-10,2021,0,Lançado,Sem descrição,https://image.tmdb.org/t/p/w500/k3WKlkJKYYS0UduHqVR03gd6aKg.jpg,
73f42457720fc6bf5bc8ddeabdccbafb5a7f3d306a36f96857f9ca721d2d7eeb,1323321,The Insomniacs,2019-05-19,2019,49,Lançado,Film-maker Martin Read has had insomnia for 30 years. He's on a mission to get answers from top experts.,https://image.tmdb.org/t/p/w500/xAb3Lqr84vAGTvBHjzmWn1Mvy35.jpg,
64e6494d1a560e2cf86d49ca8139d96536d32d25c628703cbfc24b3a274a59fa,1323336,The War On Children,2024-02-01,2024,141,Lançado,"""""""The War On Children"""" exposes the ongoing battle for control of the next generation and their minds. This film reveals the battle plan being used to control the future. To win this war you have to understand the tactics of your enemy.""",https://image.tmdb.org/t/p/w500/zKpz2NqoGtzeKG6J5XA1MnhCd4u.jpg,
e2b5b4962068de5bc19308b9456d822a15302c06493670cdea27b3fb5adc060d,1335876,Die Hart 2: Die Harter,2024-05-30,2024,92,Lançado,"Hart plans an innovative action film with unscripted, unexpected scenes to cement his legacy as the greatest. However, a blind spot leads him to fall victim to a vengeful plot from his past.",https://image.tmdb.org/t/p/w500/5juEalDSaC8UP5h1OHsKe77lrYf.jpg,
6a4a78e161a051dc1c137a14a2f894f9b73f2811b3c3facb564e0b7852be7a0b,1338106,Bolero,2024-08-16,2024,68,Lançado,A woman travels through dimensions to find a distant man.,https://image.tmdb.org/t/p/w500/hhJx7jklkcEHF3e9t1WdHLdg3VH.jpg,
600033fbcc88ca67e8e39e1d6ba089b0d86d4b82217b600fdc7d8739e558562c,1338796,Manorajyam,2024-08-25,2024,142,Lançado,"Manu Keraleeyan, a Melbourne businessman, falls for a Malayali girl. His friend Bluetooth Ravi flirts online, while another friend's wife elopes with a guy she met online. Testing his wife's loyalty triggers a chain reaction that transforms his life.",https://image.tmdb.org/t/p/w500/y3s3FQOZoLzyF3lLPAYRtLwFZo7.jpg,https://image.tmdb.org/t/p/w1280/edxF5rinOevOwm0DtmNq32v6p0t.jpg
080cb1e2ef35059f76a83857c6750348100f64f7069b893ff776267d03fb522e,1339853,Lies And Ex Wives: Secrets On Maple Street,2024-07-14,2024,87,Lançado,"When Katie started dating her divorced neighbor, she expected the usual Maple Street rumors. But when her fiancé's ex-wife turns up dead, she realizes she faces a threat far more deadly than gossip.",https://image.tmdb.org/t/p/w500/mzItGC23w5COWP8CbKHiJO0vWbQ.jpg,
36a69bf154b391991aa6e8e2be160a5635fc6742fa3f25a73d7bbf8c9680934a,1351678,The Others,2023-05-30,2023,0,Lançado,"Two neighboring couples clash after their children fight, with absurd consequences. A series on how far the lack of dialogue can take people.",https://image.tmdb.org/t/p/w500/vjNoFtgo3VF9r74Vhkc1TxgHLWu.jpg,https://image.tmdb.org/t/p/w1280/gLk9E38AeaUXML3dBMjjQfpbU33.jpg
a6a0ee8385b16d3ef67b4aef223d3fab585cc0ee5a34563a3e3ec0d1453c3ac8,1353426,National Pride,2023-02-01,2023,17,Lançado,"During a national match, the football stadium is packed with cheering fans in football jerseys and beers in their hands. However, a completely different battle is taking place in the stands, between two groups of friends with Julius and Robert on the front line. A collision between a brutal cancel culture and a male-dominated football culture evokes a relationship between the two boys that is far from simple.",https://image.tmdb.org/t/p/w500/aXm4vGtUgyWR0GqZnGQWike7haT.jpg,
3d00f96119f16c0541bc9275ef1fe596a1e146ea8d9a2969c31ea06a8fcbf3f5,1353639,Take Me To Your Influencer,2023-06-04,2023,0,Lançado,Sem descrição,https://image.tmdb.org/t/p/w500/nnMLu31G4vnnoth0GeQABxQhkh5.jpg,https://image.tmdb.org/t/p/w1280/jHKd1Mw7SkFH5ARl4Z8eGD7ukT5.jpg
50a0149adca2cbe1c2e9ac0d5c11f7265b4bf1fb524605447b63881f8f39773a,1354948,American Horror Stories: Rubber (wo)man: Part One,2021-07-15,2021,48,Lançado,"A teenager and her dads move into a forsaken home with a grim past. As the family makes renovations, a darkness takes root within them.",https://image.tmdb.org/t/p/w500/pbw73jmveGVfMMWajfurMiMb8Pv.jpg,https://image.tmdb.org/t/p/w1280/vi7OxD6mluQM8gIIpWOfGt3E5A9.jpg
fe44e3dd8bcb86d61641509d6d6d4d4574bd49ab9cfbc71adb32a3ca88d1834c,1354995,American Horror Stories: Feral,2021-08-12,2021,40,Lançado,A family goes on a camping trip unaware of what is lurking in the woods.,https://image.tmdb.org/t/p/w500/cBm6l1KfWMairKk3VgRmDJFtt4G.jpg,https://image.tmdb.org/t/p/w1280/t2T48qbMKUh4zoDXGciZi0Vntfr.jpg
a760fbafcd3403e0188874ff6d39346274c4162e48cbe0b427914a31699fb652,1355411,Aimée,2017-06-27,2017,21,Lançado,Sem descrição,https://image.tmdb.org/t/p/w500/jMGE2qxnbOEVIwjRtdAZkCmf5gd.jpg,
9b99cd6b0b5647d8edf49c7df9150096d2bc62718b9d58da8eb15cc06028bac8,1357953,Spider-man: Power And Responsibility,2022-01-22,2022,124,Lançado,"In denial of the truth behind his Uncle's death, Peter Parker must discover what kind of hero he wants to be. All the while, Doctor Octopus and the Sinister Six are tearing apart New York City.",https://image.tmdb.org/t/p/w500/hadT8PwFdXyo3MTUy4lJP3DYTmA.jpg,
5e846aee2b8aeed5efb3597c4fdc1de11a8629f9431253b3e7952d7b99cf4b0f,1358753,Les Derniers Maitres Artisans De Venise,2021-01-01,2021,0,Lançado,Sem descrição,https://image.tmdb.org/t/p/w500/32XOuhRBoHXTb81YNsNgaRAtJLO.jpg,https://image.tmdb.org/t/p/w1280/23CUWY2iiT3zMWFNYYU2WfvrHIT.jpg
b2188a311fe1bae88d22928aefb076ffd47337d7b54d41ad602dcd55c5019c95,1361138,Restoring Grace,2024-02-01,2024,60,Lançado,"A conspiracy turns tragic as the county sheriff fights for re-election. While struggling in his own personal life, he will have to find answers to save his job, a missing girl and his marriage.",https://image.tmdb.org/t/p/w500/sBhiNYojxToIX0j4l9jahR62Zs8.jpg,https://image.tmdb.org/t/p/w1280/hQjSEEknFTYhgyfSq1qdROJkYqN.jpg
5f98af01b5eb724b8ce4f26c12cac4cc4bcbe82cdcb26ede5bed8c59adc9e153,1361292,Cellar Door,2024-11-01,2024,0,Pós-Produção,"Looking for a fresh start after a miscarriage, a couple find themselves being gifted the house of their dreams with one caveat - they can never open the cellar door. Whether they can live without knowing triggers shocking consequences.",https://image.tmdb.org/t/p/w500/88fhQGbWLESy5YF30UWQHuTGSP5.jpg,
c56070e5824fe673220faef99dc4ba5271ef6bad8af1d96e464b9e043c2fc555,1362454,Six Days In August,2024-10-10,2024,125,Lançado,"The Prophet Joseph Smith is dead, killed by a mob. Enemies of the LDS Church think the church will die with Joseph. In fact, that danger is a real possibility. The crisis is undeniable, and the saints in Nauvoo are in chaos.",https://image.tmdb.org/t/p/w500/5CdH23WUTMsGmx9PRZEHUQ5rCLg.jpg,
442156933068f72019dcabd3bcf5931db2fdc5189db2b9349d6f0a6206153bff,1362884,Great Performers: L.a. Noir,2016-12-08,2016,15,Lançado,"An unusual video project accompanies this year’s Great Performers photo portfolio. These nine black-and-white films, written and directed by Gina Prince-Bythewood (with two by Ami Canaan Mann), let the viewer inhabit a scene opposite some of Hollywood’s greatest actors, all in a series of classic film-noir scenarios. The action takes place in a dimly lit bar — an enveloping, 360-degree set, with all wiring and lights cleverly built into the scene. And in each short drama, the V.R. camera plays the role of a major character: The stars were instructed to play their scenes with the camera, speaking to it, singing to it, walking around it in circles, firing a gun at it.",https://image.tmdb.org/t/p/w500/cNiq9tv01klyk7INU4AHPbotzUo.jpg,
5a31dd9e96509950568863d9c7fb89b279f75ef6d5287b27356d07c59819c82a,1364266,Purgatory,2024-09-30,2024,55,Lançado,Sem descrição,https://image.tmdb.org/t/p/w500/h0W5CbbcGeKTHhmedjQ3agD4ysQ.jpg,
35d623ee76919d3e6d39fcc1c8592fec53f3174b3ddb71ed80423163cdc182ba,1365308,Vox Populi,2022-09-26,2022,27,Lançado,"Magdalena is a small-town theatre actress, playing unrecognizable roles. She travels to a nearby village to take care of her father-in-law, who has suffered a stroke. Due to a swine fever outbreak, the village has been blocked. After a long thought, she decides to save the pig, even though, if caught, she will face a fine that she is unable to pay. On her journey to save the pig, Magdalena finds the empathy of people in unlikely places.",https://image.tmdb.org/t/p/w500/m1IohAuPJBtc5tXB7TwQtrbzg5d.jpg,
9c729c8e65492a6e02f53d1a705aae821c5f1d2951f173b39552efd850e52bbe,1372632,Prière De Mourir Plus Tard,2024-10-17,2024,0,Lançado,Sem descrição,https://image.tmdb.org/t/p/w500/gfe2WSP0RuPadrl4vYnwI3dnWjw.jpg,https://image.tmdb.org/t/p/w1280/tz9nviEc3dzOaTS3hhfgpGgmUx6.jpg
7af63e246f63a62cb21af6c676863a1f1d5e9831f9b896636e90f289fa44967a,1372787,Terminal 7,2023-08-28,2023,43,Lançado,"Witness the tragedy of a mentally ill man named Luigi, who believes he lives in the magical world of Super Mario due to his Terminal 7 brain cancer.",https://image.tmdb.org/t/p/w500/rGD43ZrlIu41dPPPWEA0JVnhAs5.jpg,https://image.tmdb.org/t/p/w1280/6aXc3Hw2JH2122MuyNIVOhx0Krt.jpg
85e0a8b6c44bc1fdaa7a8de01011b75a3d7275bac33eaddf96e00ab6318bdacb,1373635,Panopticon,2016-09-02,2016,96,Lançado,"When two software entrepreneurs develop a method of extracting memories, one comes to regard their discovery as a Frankenstein monster that must be destroyed, and finds himself at odds with dangerous forces.",https://image.tmdb.org/t/p/w500/oAh2rbDDgAehHMkJFk6NNIp8g3a.jpg,https://image.tmdb.org/t/p/w1280/qTFCgyBIAjxwtAi3PQJHOzqZw1k.jpg
d98fcf7d879dcc49c86828f31927d01cb93a05b336d4513301dc63a7211b22b4,1374156,Lol Surprise! The Skate Dance Movie,2024-10-03,2024,52,Lançado,"When Tween Ali Dance finds herself committed to ballet and skateboarding at the same time, it all becomes too much.",https://image.tmdb.org/t/p/w500/xwd4jvOhswbSKAFPnbpKIu1JU3B.jpg,
2c4fc1fbb3d615ec9a1ebf6d789bc9778b479386119cd18ded22eb4f30617b51,1380287,My Friend Ganesha 4,2020-01-01,2020,124,Lançado,"When a corrupt man is intent on razing a prestigious museum, a young boy finds an ally in Ganesh and manages to turn the tables.",https://image.tmdb.org/t/p/w500/14BwX4N5pKelILzB8ePs4mVplge.jpg,https://image.tmdb.org/t/p/w1280/cDSBPJZbvqcvTYtqu3g6NIc3nDF.jpg
ecd5d0c637faf2aa77ea2bd181aa8a5468ac35225b26471c3c8750cf6e8366de,1380686,Citizen Nation,2024-10-29,2024,217,Lançado,"This four-part documentary series is an inspiring coming-of-age story that follows teenagers from across America as they face off in the nation's premier civics competition. Culminating in a championship showdown in the nation’s capital, high school students with diverse personal and political backgrounds grapple with critical questions about democracy.",https://image.tmdb.org/t/p/w500/AtxPsV2R633sQ717nc37QUzmhTu.jpg,
553044d36b0185977564b5ed682f8d3037f80ea02742f0539a54053be1949afd,1380979,Ein Kind Wird Gesucht,2017-12-15,2017,0,Lançado,Sem descrição,https://image.tmdb.org/t/p/w500/wuJvTdXnnQS0xvxyBgkFquxwyto.jpg,
2639111d74378088ab9246290e3ea93d67a1ed5e97d10cc9ea55851f9f267f0e,1381788,A Man On The Silver Mountain,2021-01-15,2021,22,Lançado,Sem descrição,https://image.tmdb.org/t/p/w500/zj2cvJhG9wynttBUBUFz03lpaw1.jpg,
dfebab7ed3b1a1c40ca35f73fed8a0b3fd4f171beac5c5a343e98cb845e2c813,1384713,Revenge Strategy,2016-12-08,2016,94,Lançado,A father who has tragically lost his daughter joins forces with a betrayed terrorist to settle a score before the spiral of revenge reaches them.,https://image.tmdb.org/t/p/w500/6nxniLHmqgNKb5AirZZU6mMQ22f.jpg,
b9a44a7bf089f9fea33cc865cfd673f30f9cae97ff54e6e2e36e749c7a67470a,1387990,Endorphin Port,2021-11-07,2021,5,Lançado,A horror romantic comedy that takes place entirely in a 7 eleven next to the Slurpee station. Some of John Stamos' yet best acting if he was in the movie. Some times when the going gets tough the tough get going and they have to do it before the time runs out which is funny.,https://image.tmdb.org/t/p/w500/dMMgvFZ6UnVVI0E39JsxL07J01o.jpg,
738b341f2eecdbe721aaa1537f45f111169165934b7541ea02aa1c3696aaedc4,1404419,Darth Maul: Apprentice,2016-03-05,2016,0,Lançado,"With his training almost complete, Darth Maul must face six Jedi in order to reach his true potential, and become a Dark Lord of the Sith.",https://image.tmdb.org/t/p/w500/lr3RHQgpyYlkmbOONXLoYlBDAJ5.jpg,https://image.tmdb.org/t/p/w1280/7NZmJAjkq8x9uWlJRHoRmVZd9Hd.jpg
c9ff63299c4f087798ab1d40b7baa20dbb7b59c10dd7bab98746b74db035063e,1413291,Half-life: 25th Anniversary Documentary,2023-11-17,2023,0,Lançado,Sem descrição,https://image.tmdb.org/t/p/w500/l1AuFbjMSm3Db1fUU8mlC6DFZ2r.jpg,
3fec30a5979c79900ca79d387090921fe18bc76a4f53d3c42f9fa2f522b3cec4,1454012,Die Hart 2: Die Harter,2024-05-30,2024,92,Lançado,"Hart plans an innovative action film with unscripted, unexpected scenes to cement his legacy as the greatest. However, a blind spot leads him to fall victim to a vengeful plot from his past.",https://image.tmdb.org/t/p/w500/6ncPqqtXtHdntTgfsgE8WfxO9WK.jpg,https://image.tmdb.org/t/p/w1280/pfflHC4VtSAFb7oIT8SuI0S8CEq.jpg
9a2e397cdfad61c8e5064734d323340c1151ec4760b63d0f4168545bfb67bd43,1462989,Louis C.k. At The Dolby,2023-04-04,2023,60,Lançado,Louis C.K.'s 10th stand-up special filmed in Hollywood at the Dolby Theatre.,https://image.tmdb.org/t/p/w500/AnQC99e5HbfO4VZiZO6m82q5nU3.jpg,
4ff5445297ea30d5e715cf2c7312bbc4553e36aac44c6f5e9ade8274399ba8ee,1464086,Subway Shark,2024-03-16,2024,49,Lançado,A reporter goes down into the NYC subway system to investigate the phenomenon of the subway shark.,https://image.tmdb.org/t/p/w500/2rOjBFapxHPO3iOf2clXvTj4D9D.jpg,https://image.tmdb.org/t/p/w1280/6Q46SPEw8FZuH8KvAbxwggEa99i.jpg
1a48c2ec28f97a2e1131e6dd81212e0411b9cb3ec80652d0c420b1b8a104743c,1471306,Horn Of Gondor,2020-09-18,2020,19,Lançado,"After the invasion of the fierce hordes of Balchoth, Gondor is on a brink of destruction. The Ruling steward Cirion places his hope to the North, to the half-forgotten nation of the Horselords. Will the knight Borondir succeed and convey Cirion's message? Horn of Gondor fan film was made in the Czech Republic and depicts a lesser-known chapter from the Tolkien's world, set 500 years before the story of The Lord of the Rings.",https://image.tmdb.org/t/p/w500/jM5jwPpgcduN3PIgFSWoMAskWYr.jpg,
d0f5c2314f68b9514912b8702376d56969c244030cbc94f904de2f3a9d1225fd,1476515,Die Hart 2: Die Harter,2024-05-30,2024,92,Lançado,"Hart plans an innovative action film with unscripted, unexpected scenes to cement his legacy as the greatest. However, a blind spot leads him to fall victim to a vengeful plot from his past.",https://image.tmdb.org/t/p/w500/jsi1P5HnodE0VOKQnpP7xrb1Ma2.jpg,https://image.tmdb.org/t/p/w1280/pfflHC4VtSAFb7oIT8SuI0S8CEq.jpg
d12f13e58d9bbe586cd0d71dc27bf753013f235d00d9a052460de203736bf196,1488115,Interface,2022-11-01,2022,117,Lançado,"A scientific experiment at the tail end of WWII has exposed the world to a form of cerebral electricity that renders ghosts and monsters into tangible, living beings. The world congress decides to stop fighting among each other and to collaborate by eradicating these mysterious creatures from society. We follow an elongated pink monster named Mischief, and his journey with a mysterious blue man.",https://image.tmdb.org/t/p/w500/2SklruHQpZhH21QSCgHEjZWQrTb.jpg,https://image.tmdb.org/t/p/w1280/biJN8iM7aI8IGTtgdC1MzeIHLbd.jpg
b585fe1befec36cb8dac92da2d82a9e5c16c9bef6e4a8be888e9f3feb2da3412,1496496,Interface,2022-11-01,2022,0,Lançado,"A scientific experiment at the tail end of WWII has exposed the world to a form of cerebral electricity that renders ghosts and monsters into tangible, living beings.",https://image.tmdb.org/t/p/w500/2SklruHQpZhH21QSCgHEjZWQrTb.jpg,
43824e5f3f7300d9fe9c21c580308ed9037f713f00df5e4d6ba8c8e9b1655215,1501716,Postcard From Earth,2023-10-06,2023,55,Lançado,Immersive and innovative exploration of planet Earth through eyes of two human beings.,https://image.tmdb.org/t/p/w500/gDDa8XLmWB29wuzlqHtLUh1J7Va.jpg,
75c43f9e2c8dde68ee712335bf13535ac8a9dc16c7cd12cf52a0f883d7a393f5,1569781,Duro De Atuar 2,2024-05-30,2024,0,Lançado,Sem descrição,https://image.tmdb.org/t/p/w500/tMPX7KqtyqwoH9rDvelUHNZrL7U.jpg,https://image.tmdb.org/t/p/w1280/wTM5G5ycZRHVDkxRdKM5N3ns8Pd.jpg
353c9d0e932c0d695719edb5ed3a507ec6ff50da4cc84d1f92a59f0620cc43c8,1586934,Die Hart: Die Harter,2024-04-30,2024,92,Lançado,"Hart plans an innovative action film with unscripted, unexpected scenes to cement his legacy as the greatest. However, a blind spot leads him to fall victim to a vengeful plot from his past.",https://image.tmdb.org/t/p/w500/kG1edg4eW5rYlP5oM9sXT4Ao7rH.jpg,https://image.tmdb.org/t/p/w1280/czNX8Uv6P2CZ9IoEp8pzeSwqSiQ.jpg
e44328bb7c22957ebbc0f54b204f20524314e3de9423f1c7b73d7791c0fda94b,1651391,Shadowed,2020-04-02,2020,3,Lançado,"A woman, startled by a power outage, begins to discover a strange occurrence involving shadows",https://image.tmdb.org/t/p/w500/ftO21BHiEICHPrhl5DOl2Bq6qKo.jpg,
6d7f3d81b002c9f289952fc91e8b3b3af19fd75e97072b6558dbadde79567741,1690090,Borderline Forever,2021-05-23,2021,64,Lançado,Scott discovers shapes exist.,https://image.tmdb.org/t/p/w500/wzH6dI74L12LOsV2JkowIB24X6A.jpg,
6325b3d89244c936a3922d281675fd42452bec1ec1ee91f9550d651967ab0cc0,1715332,Emesis Blue,2023-02-21,2023,108,Lançado,"On Halloween Night of 1968, an executive of the Builders League United Corporation mysteriously vanishes in Mortem, New Mexico. A private detective and washed-up war veteran team up to find him, yet the man they hunt is more dangerous than they can possibly imagine.",https://image.tmdb.org/t/p/w500/95PDcIE5G5xx1InpEFqmpoIKC75.jpg,https://image.tmdb.org/t/p/w1280/nOcl4cFBIi2np8SbPfptqH6ngK1.jpg
5e410dc3b25a2d6ea0e2df8263cf8af6722826daf8f3683234529a2c4bbcb9de,1721008,The Adventures Of Alan R.,2020-07-07,2020,1,Lançado,A 90 second short film wherein the viewer is confronted within a theater: an obscene severed figurine head lies on Lynchian patterned carpet. The head wheezes under the sound of a ticking timer.,https://image.tmdb.org/t/p/w500/qmn5hkHK1dh0K2901uCexnOWSpM.jpg,
8db7db44c59f87852ca30631f1f50163b5ad78fa8cce60591cab0d816328e6df,1726522,Voldemort: Origins Of The Heir,2018-01-13,2018,0,Lançado,Sem descrição,https://image.tmdb.org/t/p/w500/poXkAOT5oqrs73N0JcOPTwy9Nsj.jpg,https://image.tmdb.org/t/p/w1280/4WkTK6k4KwPPUqsa88n5EymYgU3.jpg
61b6dac72ab6df93aa883703e3ae2e97e75a065a2bc057be248e4045934ea97c,1733132,Left 4 Dead: The Movie,2016-09-10,2016,50,Lançado,"After surviving countless battles against the infected, Zoey is haunted by a terrifying nightmare in which she is hunted through a fog-shrouded forest by a Hunter. Awakening in the safety of the Survivors' shelter, she pushes aside her fears and joins Bill, Francis, and Louis as they continue their desperate journey.  With supplies packed and hope running thin, Francis leads the group toward the coastal town of Astoria, where he believes his brother can help them secure a fishing boat and a chance to escape the outbreak. As they fight through infected-filled streets and abandoned buildings, the Survivors must rely on each other to stay alive while confronting both relentless hordes and the emotional scars left by the apocalypse.",https://image.tmdb.org/t/p/w500/8lZtaw6hxJ5LJFYJh7JJ6aUK0al.jpg,
c7a8f7c0140ac8bf23096bf812df6ffde634c34e2414a9bbbf73aaeecccd0764,1733888,Ena: Extinction Party,2020-09-15,2020,0,Lançado,Sem descrição,https://image.tmdb.org/t/p/w500/prEDQPG4Amkh9shWylFtyyxaewh.jpg,
