sk_review_id,sk_movie_id,qtd_avaliacoes_usuarios,nota_media_usuarios
88950b5cbcd974f7422318f40c9fc513524ccb957f65e61283eb21471d9b5b14,88950b5cbcd974f7422318f40c9fc513524ccb957f65e61283eb21471d9b5b14,1,9.8
887157a5841fe89e86a22995bc5c3c69b48f134589fa3a36ec2c419a94e646c9,887157a5841fe89e86a22995bc5c3c69b48f134589fa3a36ec2c419a94e646c9,1,9.9
836a2b5f7f0085954e4b21c05ef62c68be4084e55ddcd61fb85bba6d46f0ced5,836a2b5f7f0085954e4b21c05ef62c68be4084e55ddcd61fb85bba6d46f0ced5,1,6.3
15b5c0336b4bc37ab9c11a62d28cc565dac99e5f62fafac91ccc9bd1018e7af6,15b5c0336b4bc37ab9c11a62d28cc565dac99e5f62fafac91ccc9bd1018e7af6,1,9.5
2fda28679c615366d3d16177b5d94bcc02e4d26fe24cf12a9d6e6b1065763c16,2fda28679c615366d3d16177b5d94bcc02e4d26fe24cf12a9d6e6b1065763c16,1,8.8
29d0efb8dd7f69ffb711ffcff9edf03f85755004c07d66f8a1459163eda5ec59,29d0efb8dd7f69ffb711ffcff9edf03f85755004c07d66f8a1459163eda5ec59,2,3.8
4762d8543e630ec5e6d542ca11cd750e5f08e6cf8e18423745f8187c4dc7520e,4762d8543e630ec5e6d542ca11cd750e5f08e6cf8e18423745f8187c4dc7520e,2,7.0
93f94facd94c2575ed8432af31759f1541cfd38bac23c51ff3765ebe51f06305,93f94facd94c2575ed8432af31759f1541cfd38bac23c51ff3765ebe51f06305,1,7.5
c305eab58f997cff27e7cd707acd7c411718cf0990ec73d6abfac23dc2d65172,c305eab58f997cff27e7cd707acd7c411718cf0990ec73d6abfac23dc2d65172,1,9.5
ea1b5e74d01b86d342ecdd6bf1f403f443cab753235abfb45866d2f14256f93b,ea1b5e74d01b86d342ecdd6bf1f403f443cab753235abfb45866d2f14256f93b,1,6.4
9b013dc47b03561ad39eb58d34d20d133940e790766bd219ec83274fe184e290,9b013dc47b03561ad39eb58d34d20d133940e790766bd219ec83274fe184e290,1,3.0
89701ace3363a1a8f698a0032627acf8f525f2dda12f4863d9c7e9a94aa63797,89701ace3363a1a8f698a0032627acf8f525f2dda12f4863d9c7e9a94aa63797,1,4.9
91ac04c7da354f0c9ee76eac173a16d77164501c6420b1dc7199cf567a0e018f,91ac04c7da354f0c9ee76eac173a16d77164501c6420b1dc7199cf567a0e018f,1,5.3
75344d0930b0a33ac9d5a56cb7cf2becc06be4031d02739d4b03949fca2ada15,75344d0930b0a33ac9d5a56cb7cf2becc06be4031d02739d4b03949fca2ada15,1,2.0
30cb47b90d2a9e55870d4be4cd085f60276ebf289eee750b138cf740efe279eb,30cb47b90d2a9e55870d4be4cd085f60276ebf289eee750b138cf740efe279eb,1,9.2
e29030913ade50c6cda78634d5fccfa83815d00a742a03afa1b5489c15431e6d,e29030913ade50c6cda78634d5fccfa83815d00a742a03afa1b5489c15431e6d,1,5.9
5c5ed0451b8759970b7bb62b4f1e2de9db1994a0369c297500702382d94322a0,5c5ed0451b8759970b7bb62b4f1e2de9db1994a0369c297500702382d94322a0,1,6.1
ba6f40cd0d6d1853375962d7d2a68891176b8d989568ba7265c9aff229487cc2,ba6f40cd0d6d1853375962d7d2a68891176b8d989568ba7265c9aff229487cc2,1,5.4
7df5b22edd33e20b42b8d4a64ee4fc017aa9978996376b18e005d42d2c79d4d1,7df5b22edd33e20b42b8d4a64ee4fc017aa9978996376b18e005d42d2c79d4d1,1,9.6
d97338017a291efb30cdfe85ff18900df3e758a268b1bb3f15b53332f6cc6fcb,d97338017a291efb30cdfe85ff18900df3e758a268b1bb3f15b53332f6cc6fcb,1,1.4
95d96a64f01ced50dbfb9bbcde6d48a167b5db76e652746506f7da8f2819f873,95d96a64f01ced50dbfb9bbcde6d48a167b5db76e652746506f7da8f2819f873,1,6.5
dd40f9142144ccb4df5f3db4b233e6be794f8f13b38752e28fb16233e16b846a,dd40f9142144ccb4df5f3db4b233e6be794f8f13b38752e28fb16233e16b846a,1,0.1
9df24f08f24b5c4b4ca2aa7be108e5eda66a5694e31e073498b0add71fa8c174,9df24f08f24b5c4b4ca2aa7be108e5eda66a5694e31e073498b0add71fa8c174,1,5.8
c4822736b040e43050318d7626fdd93f8305770ed62a5caa2dc01199368227a0,c4822736b040e43050318d7626fdd93f8305770ed62a5caa2dc01199368227a0,1,2.0
abb33e0650d46178774c3208617f0f0da63818bc8078c701bd13a1f62b48095e,abb33e0650d46178774c3208617f0f0da63818bc8078c701bd13a1f62b48095e,1,8.9
a46e4ecaf52a8c7fcb2fb7fd9ca4c2cf1589d9044ee5d6f78fe0b389e8425b61,a46e4ecaf52a8c7fcb2fb7fd9ca4c2cf1589d9044ee5d6f78fe0b389e8425b61,1,3.9
4028e0e1973ef31ebeb04ec60e22c8feb57f3403fd6db8bd4c5f85bfc5eba678,4028e0e1973ef31ebeb04ec60e22c8feb57f3403fd6db8bd4c5f85bfc5eba678,1,2.1
5136be06ae5c0fb54760ff09fb07e6240b19f079bfd2fc66b72e4a3366519618,5136be06ae5c0fb54760ff09fb07e6240b19f079bfd2fc66b72e4a3366519618,1,8.4
d138521771b55c0b0f8742131a7a7afdbfa74955d0815507c390ef58ec217dc6,d138521771b55c0b0f8742131a7a7afdbfa74955d0815507c390ef58ec217dc6,1,8.9
71759979871ac233eced674fd42b22c3670a1e3f7626d9dbc6b30edf19148d38,71759979871ac233eced674fd42b22c3670a1e3f7626d9dbc6b30edf19148d38,1,8.6
a06071bd556319d17dfb24d572debb7ad200e6bc644033f041c53060b87e9127,a06071bd556319d17dfb24d572debb7ad200e6bc644033f041c53060b87e9127,1,2.3
9a278a53d40b54df4fa0a08994c77736243557fac398db09c8dda823b492027f,9a278a53d40b54df4fa0a08994c77736243557fac398db09c8dda823b492027f,1,9.3
89136d5eea529edd221d85197ae21ece0abd5f7269ebd4e83a0856853394fe0e,89136d5eea529edd221d85197ae21ece0abd5f7269ebd4e83a0856853394fe0e,1,5.8
c719eec56376247212e17bdb3225884042b757284e6dd7aeba7f3e1e436adfed,c719eec56376247212e17bdb3225884042b757284e6dd7aeba7f3e1e436adfed,1,2.4
bc856bf1ad0f6bb513cbe10070400328763f7058504a8181d6627d0b07c0a9a4,bc856bf1ad0f6bb513cbe10070400328763f7058504a8181d6627d0b07c0a9a4,2,1.9
d2440537d40f501584370e35ffb0ff18e7a6759687e2a7d1ee50617ca9200b48,d2440537d40f501584370e35ffb0ff18e7a6759687e2a7d1ee50617ca9200b48,1,6.9
1f5b488a026d2c0362f3e4cc4580632591a9344ae2393362cae5a55978266a53,1f5b488a026d2c0362f3e4cc4580632591a9344ae2393362cae5a55978266a53,1,9.6
2dd4f4000f1870ee5fa6ee2ec6955bb628c87ea3eabf160b9541f7f5d3fd3fda,2dd4f4000f1870ee5fa6ee2ec6955bb628c87ea3eabf160b9541f7f5d3fd3fda,2,6.75
802c392930a46404ae684fc2525f7d82ebb5083edb0c13d86e1ff9e260793a89,802c392930a46404ae684fc2525f7d82ebb5083edb0c13d86e1ff9e260793a89,1,7.4
f020077c12e237e1ca4750af941cf3b5426f15bf33e5bd54f7871784218428ac,f020077c12e237e1ca4750af941cf3b5426f15bf33e5bd54f7871784218428ac,1,1.5
9963f40b2e0167117df6b4980303753cd82c0fbfe27d58ea45e9832d7613655a,9963f40b2e0167117df6b4980303753cd82c0fbfe27d58ea45e9832d7613655a,1,5.6
5521d5d2ad3063abfa9ce36ddfe7344a7bef76e19c01054894a880e317174b39,5521d5d2ad3063abfa9ce36ddfe7344a7bef76e19c01054894a880e317174b39,1,3.2
da70f4119fa332dd999751481ac371fdba329ba27a7ab2b3c38c115a85d1d599,da70f4119fa332dd999751481ac371fdba329ba27a7ab2b3c38c115a85d1d599,1,1.7
f0de73ae88a89025bc37f77db02101e04ce39753b0c445b1495de4cc992d863b,f0de73ae88a89025bc37f77db02101e04ce39753b0c445b1495de4cc992d863b,1,7.5
d22b4b1b286285715d0bcc57811bb7c8d961324e5c3c6c88f7f2716eed0b5da0,d22b4b1b286285715d0bcc57811bb7c8d961324e5c3c6c88f7f2716eed0b5da0,1,6.6
0899a885e40c4af451b37efc9c83a63aab6ceeb575c3bd6525a47626aa90fef5,0899a885e40c4af451b37efc9c83a63aab6ceeb575c3bd6525a47626aa90fef5,3,3.33
7095d0e5a0fceaa93a2d8ebc068abb6815ac3ae85e60353f30da753eda95e54a,7095d0e5a0fceaa93a2d8ebc068abb6815ac3ae85e60353f30da753eda95e54a,1,6.8
955b9341ebe4e8b99b7308c85e44b48bc94e36670b3e42043c8fc21ccf343371,955b9341ebe4e8b99b7308c85e44b48bc94e36670b3e42043c8fc21ccf343371,1,2.7
0d3f25f8b95c704514ee3a79b9a60c9903850b47443328999d62a58e0d631149,0d3f25f8b95c704514ee3a79b9a60c9903850b47443328999d62a58e0d631149,1,6.2
719f756984b3327d0aae1aeb40a899aa997c6ffa030c6166fb9e2c6330f9379e,719f756984b3327d0aae1aeb40a899aa997c6ffa030c6166fb9e2c6330f9379e,2,5.8
f40d4a1c10041b69c8bf324f271dfcf2b74e1653226d9ad0c42cde8e3be19f10,f40d4a1c10041b69c8bf324f271dfcf2b74e1653226d9ad0c42cde8e3be19f10,1,9.0
5fefcfff2e500f52d4ca34b4838dcb8dcc7cb7e3877b3868c9036dcc9fb01b82,5fefcfff2e500f52d4ca34b4838dcb8dcc7cb7e3877b3868c9036dcc9fb01b82,1,2.4
33096d33b1d5a9f45c0adca8d39101d47615c32684d9247d1bd5eda21855997a,33096d33b1d5a9f45c0adca8d39101d47615c32684d9247d1bd5eda21855997a,0,
58a4901246a465dc2a4833ec563f8576a6ad5cc383545362961825b18b648ac4,58a4901246a465dc2a4833ec563f8576a6ad5cc383545362961825b18b648ac4,1,2.9
139fc0bd48fae361785c57ed662baaa3bb21b840339bafa3f4f8beae05bd8edd,139fc0bd48fae361785c57ed662baaa3bb21b840339bafa3f4f8beae05bd8edd,1,7.9
d88dec9e0affaeb393abf68edb615bba0afbd716340ce4994f0362e1119af22d,d88dec9e0affaeb393abf68edb615bba0afbd716340ce4994f0362e1119af22d,1,7.3
e199edd7e05a9cd969f08e66fa6c07a5770e1c24e59db13df909996271338043,e199edd7e05a9cd969f08e66fa6c07a5770e1c24e59db13df909996271338043,2,0.85
1bdc053be713c5b38b572f1f10b9361a9c0cd85bc3f91bc640cc95cf32b64e11,1bdc053be713c5b38b572f1f10b9361a9c0cd85bc3f91bc640cc95cf32b64e11,1,8.1
ec9ab651cee7433c0232eee02ad5f3bbcf2727f5d1f3124eae035154738ead1d,ec9ab651cee7433c0232eee02ad5f3bbcf2727f5d1f3124eae035154738ead1d,1,1.6
5d8f6af64068053691dec5c5db911120eab5b1d08af40e0429a8ed421e3cbd42,5d8f6af64068053691dec5c5db911120eab5b1d08af40e0429a8ed421e3cbd42,2,9.5
e534e489095006585991dc0b7d408dcddbaa56bfc4db9fc80978624d76732bd7,e534e489095006585991dc0b7d408dcddbaa56bfc4db9fc80978624d76732bd7,1,0.3
c1fd7903719556c6f2ce92611876fe558113ed9d5e875c42c80960030d419802,c1fd7903719556c6f2ce92611876fe558113ed9d5e875c42c80960030d419802,1,4.8
a512ad3e86acd0cfc798b533272cdeab07a58e3142d9da3554107e3bd6ee8dbb,a512ad3e86acd0cfc798b533272cdeab07a58e3142d9da3554107e3bd6ee8dbb,1,0.6
34e3ba2d83474fe56945fbb28b4f966e133670e9e4fc26625e90be70b83007e5,34e3ba2d83474fe56945fbb28b4f966e133670e9e4fc26625e90be70b83007e5,1,7.4
334f416b65a2e78a53bd522dfc6c3ac642a9b4f3b07f9ac22af79ec181167e38,334f416b65a2e78a53bd522dfc6c3ac642a9b4f3b07f9ac22af79ec181167e38,1,4.4
cc0fed0ad496c53a034630f3a44b3d2f198ed2405ebf3a5f0fd6afd520f0537a,cc0fed0ad496c53a034630f3a44b3d2f198ed2405ebf3a5f0fd6afd520f0537a,1,8.7
7b7cc3cf747676a953195fd412d840cc05e38d1f8606039ce579dfef3d521f60,7b7cc3cf747676a953195fd412d840cc05e38d1f8606039ce579dfef3d521f60,1,1.3
8aaecc90f5e933dfc0e9d037e14239dd43748a77a7bcb8dd63f8fcc444956f4c,8aaecc90f5e933dfc0e9d037e14239dd43748a77a7bcb8dd63f8fcc444956f4c,1,2.5
a7882f4135d33cdf05bb17eb55b7124b181e239bf3b3f44c33ed98b2973dcc03,a7882f4135d33cdf05bb17eb55b7124b181e239bf3b3f44c33ed98b2973dcc03,2,6.0
2af3cea09a3c95660b16d24a286f83469e00823674e1a526669b24d7ade6f6fb,2af3cea09a3c95660b16d24a286f83469e00823674e1a526669b24d7ade6f6fb,1,8.0
859cec915d62653714028326b2aac82f3378e578b40c0f415b31019b849165a5,859cec915d62653714028326b2aac82f3378e578b40c0f415b31019b849165a5,1,2.8
db1f56e685a5e83692801187b7bc2c319b77426f2d83e1c69f69986cf7aa221c,db1f56e685a5e83692801187b7bc2c319b77426f2d83e1c69f69986cf7aa221c,1,7.4
7ff3c338f6983fabf1e2e75694af2c78d5a74faf79989be0ce33c03acbcd565c,7ff3c338f6983fabf1e2e75694af2c78d5a74faf79989be0ce33c03acbcd565c,1,0.3
86de3fc4fb55d2c13e6f992b2d9ea2381b8335f39d6490b438b40b7ff6eb3194,86de3fc4fb55d2c13e6f992b2d9ea2381b8335f39d6490b438b40b7ff6eb3194,1,6.6
b8f815958584256f3f7ed4476a08a207529969ca67627b276670de2e87a2531f,b8f815958584256f3f7ed4476a08a207529969ca67627b276670de2e87a2531f,2,6.1
c21cb4e51c32a16c3c03c8b1e2aae09e438f3dfdfbb7c39f9618a42d639689bd,c21cb4e51c32a16c3c03c8b1e2aae09e438f3dfdfbb7c39f9618a42d639689bd,2,5.65
4f611742c4b47bdd99ebd8eb19d34da3078d057ee4e639756c68b2d566f8758e,4f611742c4b47bdd99ebd8eb19d34da3078d057ee4e639756c68b2d566f8758e,2,3.3
3956f016ae0f1a5d3c96d44f786b69b5a02182cc09e4348facf7920d5c945263,3956f016ae0f1a5d3c96d44f786b69b5a02182cc09e4348facf7920d5c945263,1,0.2
eb3a9ca83cba78ba6e5ae812df79acc25ec9c0b8c84e95f3c9c621dda923b08d,eb3a9ca83cba78ba6e5ae812df79acc25ec9c0b8c84e95f3c9c621dda923b08d,1,5.9
f34113ba5dcd0630bf2cc39b5da2f06ff84fb2dd2cd4878824d1afa3bb89d0bf,f34113ba5dcd0630bf2cc39b5da2f06ff84fb2dd2cd4878824d1afa3bb89d0bf,1,4.6
23fbf2f98cd779e0cbf0629135acff095aa76399c7ea0c5323d6cbf92921af85,23fbf2f98cd779e0cbf0629135acff095aa76399c7ea0c5323d6cbf92921af85,1,5.5
a979556cbef3a3696a720fb3d1a75574d80a9032d549493ee81c6dedddcd3f2e,a979556cbef3a3696a720fb3d1a75574d80a9032d549493ee81c6dedddcd3f2e,1,3.7
a5b0580bc37e99e02ec30ccb4e16136e608d95b3452cb289cd1a944d9f9c093f,a5b0580bc37e99e02ec30ccb4e16136e608d95b3452cb289cd1a944d9f9c093f,1,9.0
03d4b3c99beb8f652848517b992c90b3f19dfcd743c44947569e0d34f93530e4,03d4b3c99beb8f652848517b992c90b3f19dfcd743c44947569e0d34f93530e4,1,4.8
71206905ea47e3f28820eeb5f86eab734082c50f1df6bed9b07013ff7bd1cbbc,71206905ea47e3f28820eeb5f86eab734082c50f1df6bed9b07013ff7bd1cbbc,1,6.8
6329e84ca8d582788c7373d5ac274dca07c47e85bddb0149d7883033d32a913c,6329e84ca8d582788c7373d5ac274dca07c47e85bddb0149d7883033d32a913c,1,5.1
8b3c3ec2c8e27ea24f125cd478db3510d773c066c26aa265a49b183bbd84530d,8b3c3ec2c8e27ea24f125cd478db3510d773c066c26aa265a49b183bbd84530d,1,2.8
de38f47975306f3814669f657acd85dd6db588dd6476b45fde98ce7547aa9b7c,de38f47975306f3814669f657acd85dd6db588dd6476b45fde98ce7547aa9b7c,1,1.7
d9daa663b47c9be3bc19d29feca7be5c52bf3c58058d1466c1d6b3bbd0577a76,d9daa663b47c9be3bc19d29feca7be5c52bf3c58058d1466c1d6b3bbd0577a76,1,6.2
dd76cfbdab95636e3dae36de47a33fb8bb352cb7095948404a3abe7d0d54490a,dd76cfbdab95636e3dae36de47a33fb8bb352cb7095948404a3abe7d0d54490a,1,8.4
62c154ec76f30c39d4a5d2c65c85e4d3bd16c686163b811c4c398781e674cda0,62c154ec76f30c39d4a5d2c65c85e4d3bd16c686163b811c4c398781e674cda0,1,8.1
8cd23e28238fdd793d76f821453f54f825e9ce40a8f73e8abcae73f11eb45d17,8cd23e28238fdd793d76f821453f54f825e9ce40a8f73e8abcae73f11eb45d17,1,5.2
0d905cedde3e6865e4075eef8a71c5b39c14971e031d50b99e967aac970d6ab3,0d905cedde3e6865e4075eef8a71c5b39c14971e031d50b99e967aac970d6ab3,1,7.7
446a369ca26837da103a93756b121f45147262b82ca48bf62050952362b1022e,446a369ca26837da103a93756b121f45147262b82ca48bf62050952362b1022e,1,4.7
220237080ec72c279b81b3a7d5ec96424e11f31750a339714b47c834b5ec1a0d,220237080ec72c279b81b3a7d5ec96424e11f31750a339714b47c834b5ec1a0d,1,8.0
d2945f3ea0cddb1019cbde0b8d05278e137b6793feafed2962914e102365f333,d2945f3ea0cddb1019cbde0b8d05278e137b6793feafed2962914e102365f333,1,1.3
546145a9f48e3531f55621de60ab78db963a335481e469de35514425344bd499,546145a9f48e3531f55621de60ab78db963a335481e469de35514425344bd499,1,3.9
ffd14a3f32ca63db83e836ef2b0662eaba08214441fee8128deb6b92ca300368,ffd14a3f32ca63db83e836ef2b0662eaba08214441fee8128deb6b92ca300368,1,2.9
bbc800e8e4e78d146ebe99654e4aebaee2cea7f3dce64d7ca47601431fa4f59e,bbc800e8e4e78d146ebe99654e4aebaee2cea7f3dce64d7ca47601431fa4f59e,1,6.6
312841b430bbf8b85ad90285e9aef2183b4cc6a171c678cfa71d4fd86fdae793,312841b430bbf8b85ad90285e9aef2183b4cc6a171c678cfa71d4fd86fdae793,1,3.4
b5bb19f666e04c31fa0a8328f1d834c9d2da05c3407916d33e4266d3c353d999,b5bb19f666e04c31fa0a8328f1d834c9d2da05c3407916d33e4266d3c353d999,1,8.3
7936f0ac04ec0f1a4d3d40b1159baa992a09aa3a185e59c22cacd99c0ab6ce34,7936f0ac04ec0f1a4d3d40b1159baa992a09aa3a185e59c22cacd99c0ab6ce34,2,5.35
2e64133146a03094a6fcfa8dc4f6f6870774ca15579b75896de98192792df27d,2e64133146a03094a6fcfa8dc4f6f6870774ca15579b75896de98192792df27d,1,8.5
6a9da1a007e612f9a752476f36cfafba6d3aa22f987795bd243566efdde2d77b,6a9da1a007e612f9a752476f36cfafba6d3aa22f987795bd243566efdde2d77b,1,8.7
36eb694ba6a4e17e7060b43d88c898d5e2bb35ba779a27c90e20b98df036bce6,36eb694ba6a4e17e7060b43d88c898d5e2bb35ba779a27c90e20b98df036bce6,1,8.5
7f65f4b6ce905e3b216224bbaa287d0de26cd7aff6cc6a0e2df8ddb96f2e17fc,7f65f4b6ce905e3b216224bbaa287d0de26cd7aff6cc6a0e2df8ddb96f2e17fc,1,3.1
bde594ba76ca33c034af0fd580969361995472893e8a7f056a2a9c1e5a6cda28,bde594ba76ca33c034af0fd580969361995472893e8a7f056a2a9c1e5a6cda28,1,1.8
bfb37f91700e0aa6364eaee85fa3e87a5d67764cb11a2b089147387b31e20d34,bfb37f91700e0aa6364eaee85fa3e87a5d67764cb11a2b089147387b31e20d34,1,0.9
2304bf17c1980a4582d82631ff7addf1c697fdc30de9fb36c569f51463ce5b8c,2304bf17c1980a4582d82631ff7addf1c697fdc30de9fb36c569f51463ce5b8c,1,8.2
e71d13b3a272b428da16a41fbe05bb6c030c6ceb6dbc99b16ddd4c4ddc4657a1,e71d13b3a272b428da16a41fbe05bb6c030c6ceb6dbc99b16ddd4c4ddc4657a1,1,1.8
371e98d4e2811116aabb82ac62aeb13bc4ac0aa1941fe844dd6210910b6871e9,371e98d4e2811116aabb82ac62aeb13bc4ac0aa1941fe844dd6210910b6871e9,1,6.1
e7b181d941388bac260ca207767bc24a83dc16820c1b10106e0e5a40d361ecd6,e7b181d941388bac260ca207767bc24a83dc16820c1b10106e0e5a40d361ecd6,2,7.85
7ac292999a59410ecfabe52701279879886222345127beeef51563cdc414f565,7ac292999a59410ecfabe52701279879886222345127beeef51563cdc414f565,1,0.6
69c392bb664c1a2cbac48b5b437ac736626bb473fbed6aa9d7e1c4193bf6d122,69c392bb664c1a2cbac48b5b437ac736626bb473fbed6aa9d7e1c4193bf6d122,1,1.4
d111af5ebbd6fe61a518324de516a43c811979319166e3462986240d05b48456,d111af5ebbd6fe61a518324de516a43c811979319166e3462986240d05b48456,1,0.6
79f65925f225e4fb85df921d9577f59d960d2073e05c584af9190a9a1543d036,79f65925f225e4fb85df921d9577f59d960d2073e05c584af9190a9a1543d036,1,9.6
238b2d2ed5d3738e2b0cebd20e4d5fb4b97ace7df09b099efa5ed02310042ed3,238b2d2ed5d3738e2b0cebd20e4d5fb4b97ace7df09b099efa5ed02310042ed3,1,0.0
4b8fe9dc8c9873f8de265e077690da4ae873584e027fd5075105971dcb390171,4b8fe9dc8c9873f8de265e077690da4ae873584e027fd5075105971dcb390171,1,7.5
280ef4050849ffd96216911ad14a37d3ecf465adecfb575603672fdadb7cbbd3,280ef4050849ffd96216911ad14a37d3ecf465adecfb575603672fdadb7cbbd3,1,1.2
ab2e5baf757590193de77095d378c138485810882d60f0395cf51b08653afde5,ab2e5baf757590193de77095d378c138485810882d60f0395cf51b08653afde5,1,9.1
5df1dda11be549314e599b2939d1b5bee58898b7e337974af9c202e629386c6c,5df1dda11be549314e599b2939d1b5bee58898b7e337974af9c202e629386c6c,1,0.8
41bac1e6fe7bda58e541ba48789704e1a89bb0925bf38064e6581a51658a09f2,41bac1e6fe7bda58e541ba48789704e1a89bb0925bf38064e6581a51658a09f2,1,9.6
6e56b0d65501fcbcf013940f58c9397628f42c6bc08b13f1c5183449a9b4283b,6e56b0d65501fcbcf013940f58c9397628f42c6bc08b13f1c5183449a9b4283b,1,7.4
d3f3e2bd122594c2372dec62dbb817fb9bd6351dcb097cab6b3d82de5743465a,d3f3e2bd122594c2372dec62dbb817fb9bd6351dcb097cab6b3d82de5743465a,1,8.0
de0da916187fda2630eeb380e6b5a468cf7db36238f5b5fb7e0c9cc178d3f617,de0da916187fda2630eeb380e6b5a468cf7db36238f5b5fb7e0c9cc178d3f617,1,4.7
0efff5d0deced7e352ce4860ab8fb6b9ddb221cc404c527e942621e340a15200,0efff5d0deced7e352ce4860ab8fb6b9ddb221cc404c527e942621e340a15200,1,8.0
5de1cdacead60f2f7e4da6df3452430e5400e11f71f21965510c0c58bbf62eeb,5de1cdacead60f2f7e4da6df3452430e5400e11f71f21965510c0c58bbf62eeb,1,1.7
144bff0202b22c2f7c9d96bb5c57412feffd63f770c047a7210feeb0877df55a,144bff0202b22c2f7c9d96bb5c57412feffd63f770c047a7210feeb0877df55a,1,8.8
1cd787ad1b1c8ee826d601be9627508623fc3cd815c9f5125e4a6b1f73516e1b,1cd787ad1b1c8ee826d601be9627508623fc3cd815c9f5125e4a6b1f73516e1b,1,7.8
0b0d6c298ebcbdba90d906f864daf476385483c087d5ad14d326bda0a46b5bc9,0b0d6c298ebcbdba90d906f864daf476385483c087d5ad14d326bda0a46b5bc9,1,6.7
242cb47cc0fc072e42856a59159f56a1ee5e13c18ae7e776d727fac48b4ed848,242cb47cc0fc072e42856a59159f56a1ee5e13c18ae7e776d727fac48b4ed848,1,6.4
63c63bc7b9e778403903ef5f4c3b91ae12b368edd2f43e4f78ff3ad2fb27693f,63c63bc7b9e778403903ef5f4c3b91ae12b368edd2f43e4f78ff3ad2fb27693f,1,7.3
5dad70b6f9345f710c099aa298d976629328bb5ae12ecd0cfc4c9249aafeb5c3,5dad70b6f9345f710c099aa298d976629328bb5ae12ecd0cfc4c9249aafeb5c3,1,5.3
5cff76d9e0c68d025857bcf49dd8941621137eb9047380d16e59b0dca43fcc34,5cff76d9e0c68d025857bcf49dd8941621137eb9047380d16e59b0dca43fcc34,1,5.9
23567e730702dae3c9ff9e90ae1564f84b7df487e60fa1ae3818334341e1c4d1,23567e730702dae3c9ff9e90ae1564f84b7df487e60fa1ae3818334341e1c4d1,1,7.1
7ba0c22895e3566ac85b1c4987d926be70f265621bdc185c0f7dbef5e75b2077,7ba0c22895e3566ac85b1c4987d926be70f265621bdc185c0f7dbef5e75b2077,1,4.1
4ea27d30fb568104e9c38c2431867c148d06f4b19c2a39ade5b41c0ec1075890,4ea27d30fb568104e9c38c2431867c148d06f4b19c2a39ade5b41c0ec1075890,1,3.1
deaf9a419d0e0ad988b674b395da23bca755a017af8f3d51c36e87ed29c08961,deaf9a419d0e0ad988b674b395da23bca755a017af8f3d51c36e87ed29c08961,1,5.4
151d6964f24ddf9d78774499a3e323adaeb4fd5b6bfabc72ac9e3bd3726be58d,151d6964f24ddf9d78774499a3e323adaeb4fd5b6bfabc72ac9e3bd3726be58d,1,0.4
9c0d5e211e546c6a2aae0581b3531a46309f0c71f155f400844dc461a0df3a88,9c0d5e211e546c6a2aae0581b3531a46309f0c71f155f400844dc461a0df3a88,2,5.2
f68a5c8d5f4c313e914c8090b8143cdfbef3b1afebca288df7e8786324534772,f68a5c8d5f4c313e914c8090b8143cdfbef3b1afebca288df7e8786324534772,1,3.0
964a759719046f14dd6613f36c547cb7c2e0f7ce8ed98e5e1a0c7e4ee0d1c64a,964a759719046f14dd6613f36c547cb7c2e0f7ce8ed98e5e1a0c7e4ee0d1c64a,1,2.8
3f98d3c2ac940387a700bc9b5f2ea688d2af48729b6f44f5838282779a55dc39,3f98d3c2ac940387a700bc9b5f2ea688d2af48729b6f44f5838282779a55dc39,1,4.0
edfa2acc2ae2161c61473ac4a7cf06c010bfdf32422ebec989c2b1e12186a827,edfa2acc2ae2161c61473ac4a7cf06c010bfdf32422ebec989c2b1e12186a827,1,9.8
c13d7b5cef4965125cd9b97fe6f4c3328c56d0dcdbbc771960ee457cb64b5ccc,c13d7b5cef4965125cd9b97fe6f4c3328c56d0dcdbbc771960ee457cb64b5ccc,1,9.2
6f21edc6dd461f48f2a624be50941f016ae6e13d5ce0d0910130ad29d459f014,6f21edc6dd461f48f2a624be50941f016ae6e13d5ce0d0910130ad29d459f014,1,3.9
a6e16c8294635fe09d5006bac5d6dc6e1b06464de3a4094415992b5fed298bf7,a6e16c8294635fe09d5006bac5d6dc6e1b06464de3a4094415992b5fed298bf7,1,2.2
87853e55b16140b82149917a1d9b342d0ffb48e1a3e26a51318add7776a37cc6,87853e55b16140b82149917a1d9b342d0ffb48e1a3e26a51318add7776a37cc6,1,7.8
64cf3647bbce7044b8b5c68f8c0725fef784e950b658623da751ff52621e478d,64cf3647bbce7044b8b5c68f8c0725fef784e950b658623da751ff52621e478d,1,4.9
b2bd26d95967134ba8e5279bd55b174f2583600bf8c896f9ed37e3cf3e8b178b,b2bd26d95967134ba8e5279bd55b174f2583600bf8c896f9ed37e3cf3e8b178b,1,1.2
36bf1162ad7e4bb6c9718f8980234ef6d93fe8d1fcc87b955ec8dd04d302e612,36bf1162ad7e4bb6c9718f8980234ef6d93fe8d1fcc87b955ec8dd04d302e612,1,9.4
07d95cebb011e0f312d8e73662b1869184275619c620a70971a9dfa857aa91d9,07d95cebb011e0f312d8e73662b1869184275619c620a70971a9dfa857aa91d9,1,0.7
3519ea2acea9c249cf32ea38f39bc560cf9fdf77699bdd571be52627154c2a51,3519ea2acea9c249cf32ea38f39bc560cf9fdf77699bdd571be52627154c2a51,1,4.3
ffcdf8c1c03e632b7fef291252eacc4caf1dbfe9b105d63404bc3655a12ca1fc,ffcdf8c1c03e632b7fef291252eacc4caf1dbfe9b105d63404bc3655a12ca1fc,1,9.9
53984ff39fdb3c0c38cffe9f228e663750e2e27eb490885fea79c493812f051f,53984ff39fdb3c0c38cffe9f228e663750e2e27eb490885fea79c493812f051f,1,3.3
b5672269f39db388cb1a238d869fe4bbb10a646c6e168f7eebd8bb4b375f4fb4,b5672269f39db388cb1a238d869fe4bbb10a646c6e168f7eebd8bb4b375f4fb4,1,4.3
f226f22bfff403e866c95ebd8f905d87b1333665bd6fa1c529b3dd065c267436,f226f22bfff403e866c95ebd8f905d87b1333665bd6fa1c529b3dd065c267436,1,1.4
93db2d3f8fb58a45c0eb27276407b3d6ad442e1a73bad25ffe75e16d9927f1ea,93db2d3f8fb58a45c0eb27276407b3d6ad442e1a73bad25ffe75e16d9927f1ea,1,6.4
bbf3b1b758dd64e023387ce7f02391345bdcbdb595e65805c09f5b2d5b26ebfb,bbf3b1b758dd64e023387ce7f02391345bdcbdb595e65805c09f5b2d5b26ebfb,2,4.95
16346454b0206275ff931cd736b3d95fd1748cb1956d7f1fa26f60ee8a1f60f6,16346454b0206275ff931cd736b3d95fd1748cb1956d7f1fa26f60ee8a1f60f6,1,8.0
6b8128aa2b4eab7658f71d2a77a0331b367b8d51ccbc3cd25df71201d1e25d2d,6b8128aa2b4eab7658f71d2a77a0331b367b8d51ccbc3cd25df71201d1e25d2d,1,9.2
2bc87a867dd1a5c95ff84fc9f6cb45ee4dce91e2158b557cd2e6295b0b4c3ae7,2bc87a867dd1a5c95ff84fc9f6cb45ee4dce91e2158b557cd2e6295b0b4c3ae7,1,6.6
ed0aa2f4f7703cb2722e8fa93b236e3375f3c0a2f8c9d09b01c811337366c654,ed0aa2f4f7703cb2722e8fa93b236e3375f3c0a2f8c9d09b01c811337366c654,1,7.8
9a6615f77199b731841bc043f4cea5397eb684600e57124cdd278b65465a711e,9a6615f77199b731841bc043f4cea5397eb684600e57124cdd278b65465a711e,1,0.6
e1abc15ae9d451cda1e5b95c103390bb2740a898838882a7a9f9b26269ce581c,e1abc15ae9d451cda1e5b95c103390bb2740a898838882a7a9f9b26269ce581c,1,3.0
95b24b7f5d3664feeb74daf192bf230263b04f2c7d1e9dd3570d3ca544b57167,95b24b7f5d3664feeb74daf192bf230263b04f2c7d1e9dd3570d3ca544b57167,2,9.6
acd83aa92b4f16fd187b39558c27c7a98ba9e79c1c6ed5dee9f9d8d15dcc76a8,acd83aa92b4f16fd187b39558c27c7a98ba9e79c1c6ed5dee9f9d8d15dcc76a8,2,5.95
127493369bcbacc8648b79ccafb2928d12a1e56240d1c3cbe43e1e3a700e18e8,127493369bcbacc8648b79ccafb2928d12a1e56240d1c3cbe43e1e3a700e18e8,1,2.4
3ff2527fcd401813eaea03cbcbb00c409fe9f167795888b61d86cb4eda9515da,3ff2527fcd401813eaea03cbcbb00c409fe9f167795888b61d86cb4eda9515da,1,1.1
4397aeaf5cd683812e9cbe95ca1263ddf37b68254b573af0f4b13f569c649925,4397aeaf5cd683812e9cbe95ca1263ddf37b68254b573af0f4b13f569c649925,1,9.4
dd231665e11b4a7d432b1c64f715bb408d4528b38364a29eebbca34897098ead,dd231665e11b4a7d432b1c64f715bb408d4528b38364a29eebbca34897098ead,1,7.8
8279f80cb560058caabeb71c8bfebe313cb259b8f1f6715ac16fc3f385c392e3,8279f80cb560058caabeb71c8bfebe313cb259b8f1f6715ac16fc3f385c392e3,1,8.4
351e97d586c3ecad0280721a738fdf9d439732c1d8301ade3f49c1eb7f7c8d27,351e97d586c3ecad0280721a738fdf9d439732c1d8301ade3f49c1eb7f7c8d27,1,8.5
5e8e11283c68fa14f1648ab880a25223e586403aa71dbef1c2d68c472c5085cb,5e8e11283c68fa14f1648ab880a25223e586403aa71dbef1c2d68c472c5085cb,1,5.2
b47325c8f36d8c1b210225fb6b933198763e7fc7ea5fff870d4a7be7ebbc6bbe,b47325c8f36d8c1b210225fb6b933198763e7fc7ea5fff870d4a7be7ebbc6bbe,1,3.0
8800d4b49446460bce4a05d68376f25345f23423a1768ad42fa45a223fbb381d,8800d4b49446460bce4a05d68376f25345f23423a1768ad42fa45a223fbb381d,2,6.35
a92999422ab7d3195e25f2ae6b661dfdba6ddd01a98576198bba79b56d188ac2,a92999422ab7d3195e25f2ae6b661dfdba6ddd01a98576198bba79b56d188ac2,1,6.3
4b656b6e3d3e7ee8cc9c57712bfdb65723a464948446f83bede21df3409cd12f,4b656b6e3d3e7ee8cc9c57712bfdb65723a464948446f83bede21df3409cd12f,1,5.3
db70e178c11e8a3cadd83f39486e010bebdefac9f03c6f4d9d1ce8236c09518d,db70e178c11e8a3cadd83f39486e010bebdefac9f03c6f4d9d1ce8236c09518d,1,3.7
59f1017c9fda82077b10f590bbe8499d5b9fb25e6b29ff93911aaef078b83ec2,59f1017c9fda82077b10f590bbe8499d5b9fb25e6b29ff93911aaef078b83ec2,1,5.3
87852bf35ccb8124b3c66057a3c488970ee8d7665f0f8900326ad341e7f88b34,87852bf35ccb8124b3c66057a3c488970ee8d7665f0f8900326ad341e7f88b34,1,2.7
b6cba585cfffaf53c965f59d95abf27d50fe78445a26b4be6498208fb46f2311,b6cba585cfffaf53c965f59d95abf27d50fe78445a26b4be6498208fb46f2311,1,2.4
e1564865adae8759bf9cdde6f524121fdf6e1169dd47079daadebfdc969b7408,e1564865adae8759bf9cdde6f524121fdf6e1169dd47079daadebfdc969b7408,1,1.3
8d37ac90942425e0095c77d4b6041b6ab6440dede2a9b04f633872a7d5543e37,8d37ac90942425e0095c77d4b6041b6ab6440dede2a9b04f633872a7d5543e37,1,6.4
b1b55fc3c119753a38636844cf06eda0016a915c65b56eb6a62699795dd5e05a,b1b55fc3c119753a38636844cf06eda0016a915c65b56eb6a62699795dd5e05a,1,4.2
ceb2bf6fc16fca433b3ffa1b3ba3c6bd5f8f4e19689d9752a3828d7f2f00c19b,ceb2bf6fc16fca433b3ffa1b3ba3c6bd5f8f4e19689d9752a3828d7f2f00c19b,1,4.0
5641f0c8347858789db1538e1d5963385fbb012509779cc3320a0af6cdee7f98,5641f0c8347858789db1538e1d5963385fbb012509779cc3320a0af6cdee7f98,2,7.55
68f1259fe3ceb1c9f46c6fb4b728ad00f6a1b90c75975b6ac9571b20af0600ec,68f1259fe3ceb1c9f46c6fb4b728ad00f6a1b90c75975b6ac9571b20af0600ec,1,3.6
2fc12a0b7ea619cec814effc3f06eaa14ed0ce5749245e990863b52f31cdd85d,2fc12a0b7ea619cec814effc3f06eaa14ed0ce5749245e990863b52f31cdd85d,1,3.5
1cd4c1e61a0f1c02ed0421ef47f566b577905f71d63aac8686efd78b60425e9d,1cd4c1e61a0f1c02ed0421ef47f566b577905f71d63aac8686efd78b60425e9d,1,9.9
98a2abd251d0148856deb746214283a58bf274aafd7895bb51cdde94586d1e8e,98a2abd251d0148856deb746214283a58bf274aafd7895bb51cdde94586d1e8e,1,8.2
ba6e8fbd102b685e2bc4fddcc05e3be5c051800cbf87ef5cfab60f5563b2f509,ba6e8fbd102b685e2bc4fddcc05e3be5c051800cbf87ef5cfab60f5563b2f509,1,3.0
17de80f63f138ec715613ec3aed0a09808879341e6172f743fff0a21ac0a5e21,17de80f63f138ec715613ec3aed0a09808879341e6172f743fff0a21ac0a5e21,1,2.5
26adef694c4736339fd2a80be1a8e6f63166433376d7f694efba9af48379725b,26adef694c4736339fd2a80be1a8e6f63166433376d7f694efba9af48379725b,1,8.0
ebd0afd8c1ebd14adaec2c00e21592e2c6dd69c82b9c9666f50db597e2963b81,ebd0afd8c1ebd14adaec2c00e21592e2c6dd69c82b9c9666f50db597e2963b81,2,5.35
c643a77899c21d7c2130fa3df685131ed7f87d4baa4d49a1b25746fb385926a8,c643a77899c21d7c2130fa3df685131ed7f87d4baa4d49a1b25746fb385926a8,1,0.3
cf5e4415eff86ac31da8c39a2911c23f214689ef62e6b900b7e4add944c19c13,cf5e4415eff86ac31da8c39a2911c23f214689ef62e6b900b7e4add944c19c13,1,9.7
0cab76ec1487e6304fd00ec83786b3c4b81073fcb361e27991fcadcd0b276de9,0cab76ec1487e6304fd00ec83786b3c4b81073fcb361e27991fcadcd0b276de9,1,4.3
7154fe5d3048443c199f403f0788eb8c91d2f5b314fc39017a1df4aea48bd025,7154fe5d3048443c199f403f0788eb8c91d2f5b314fc39017a1df4aea48bd025,0,
36c928b78bfc079b207d3c6a8ae485b405a170dc5a0c8b4431f3276c9b75546a,36c928b78bfc079b207d3c6a8ae485b405a170dc5a0c8b4431f3276c9b75546a,1,9.3
aa2f98000e25897c285356aca0d6c073f8f269fe981ef1d455f01ab9cf14f253,aa2f98000e25897c285356aca0d6c073f8f269fe981ef1d455f01ab9cf14f253,1,3.3
9ec474cab8a14130845a50f492cf4192e006355d211540279cc18a9ea3605580,9ec474cab8a14130845a50f492cf4192e006355d211540279cc18a9ea3605580,1,2.6
0f8d9b7cc9c95e63ec7d58477e49505631f1693a46e9f2d806a6840c30e7eca4,0f8d9b7cc9c95e63ec7d58477e49505631f1693a46e9f2d806a6840c30e7eca4,2,4.1
2665bb7de609d3d26a8c02c1e154930047a96216852b7903749837c7f985949e,2665bb7de609d3d26a8c02c1e154930047a96216852b7903749837c7f985949e,1,9.8
eb0ceb39ff28dd6f054a40de7fe2b11f50f07ea6bc89ffedcf710d1c1537c446,eb0ceb39ff28dd6f054a40de7fe2b11f50f07ea6bc89ffedcf710d1c1537c446,1,2.0
5ee0a7eb096487e66cd4296c1f77acc63ed5668b9232593c858ade015effc81e,5ee0a7eb096487e66cd4296c1f77acc63ed5668b9232593c858ade015effc81e,1,8.7
f5bd34383e0cfee33ec387a24e07fa9c6e4560beabb27e5737023b1ab6d31621,f5bd34383e0cfee33ec387a24e07fa9c6e4560beabb27e5737023b1ab6d31621,1,8.9
7420fa4167a4c0eca919c8eb0846f4e26e967933ee0ee56827ce498a42ed15ea,7420fa4167a4c0eca919c8eb0846f4e26e967933ee0ee56827ce498a42ed15ea,1,6.1
f60d76b8e83875e6d351093d6621e41e8ffe81347a838051bbb97ee06af256aa,f60d76b8e83875e6d351093d6621e41e8ffe81347a838051bbb97ee06af256aa,1,9.8
2b2eb07b1c941ba05743f9d7557c529d18ec5fcafd5e696bac8f19da1f206c8e,2b2eb07b1c941ba05743f9d7557c529d18ec5fcafd5e696bac8f19da1f206c8e,2,4.5
ab26376687bd4e00a9c50e14f0c6324ecc9025a88fa4f5d1ddf0dea41a485005,ab26376687bd4e00a9c50e14f0c6324ecc9025a88fa4f5d1ddf0dea41a485005,1,6.6
faf3d67a116b99360d0a6fec134a5f16731ee9d200a3dab506b41043c478d5be,faf3d67a116b99360d0a6fec134a5f16731ee9d200a3dab506b41043c478d5be,1,6.6
07f0afe4dec0b90e5cbd24064c06959a1770ed28b8a25661e4eda074bf061c08,07f0afe4dec0b90e5cbd24064c06959a1770ed28b8a25661e4eda074bf061c08,1,5.8
b37bda70795a5b901a00d298b7be735a1cdd34e47145434dc34c78b518507102,b37bda70795a5b901a00d298b7be735a1cdd34e47145434dc34c78b518507102,1,5.4
13a7f9cec86bb12889030010ccd486ea6c86976b6dd740e342a56d9ffb3c1db7,13a7f9cec86bb12889030010ccd486ea6c86976b6dd740e342a56d9ffb3c1db7,1,2.8
489473c05c230be6d18e71d59b1348bfe6ae2d8dfccd37f1098260d1259387b3,489473c05c230be6d18e71d59b1348bfe6ae2d8dfccd37f1098260d1259387b3,1,9.7
c3dd00b80929385447d32f4a2c6baf953c876b6a4ecc99d94ee469813d025104,c3dd00b80929385447d32f4a2c6baf953c876b6a4ecc99d94ee469813d025104,1,0.3
a271c02487b4ba8a2e6e269cae2daf8cf67323d676d56429495fa55a65423962,a271c02487b4ba8a2e6e269cae2daf8cf67323d676d56429495fa55a65423962,1,0.3
912c674d998f0f134dd58c6df7d096bdeee118c53affaa36f7ddc3ca1bbd63b7,912c674d998f0f134dd58c6df7d096bdeee118c53affaa36f7ddc3ca1bbd63b7,1,4.9
c7a0f644c270d37906a059c7ffaaec2ce0c249e9b242a3b717c5cc99803b267f,c7a0f644c270d37906a059c7ffaaec2ce0c249e9b242a3b717c5cc99803b267f,1,3.7
3674d2abf431047a7fe3bbb1cb55551edf05a578786b799ad40bc9a75b0a0002,3674d2abf431047a7fe3bbb1cb55551edf05a578786b799ad40bc9a75b0a0002,1,7.9
ad062325689af4d6a2a7b41031643a0515eb5baadfea5c49f19cb148463c7e40,ad062325689af4d6a2a7b41031643a0515eb5baadfea5c49f19cb148463c7e40,1,6.7
4ab770fc9b88de049dfc16ffd4e290e8a78a602db36b1a64d95e188ed8dbfcef,4ab770fc9b88de049dfc16ffd4e290e8a78a602db36b1a64d95e188ed8dbfcef,1,7.1
c4f85c39f46538daa1c2373730aa65f3d7ce6036c3642e7b789c8588553e1ca9,c4f85c39f46538daa1c2373730aa65f3d7ce6036c3642e7b789c8588553e1ca9,1,7.7
90867e01f48163e92e3b73406dfc6ed00fd9cc24c46a479a5e9cb015b31003c3,90867e01f48163e92e3b73406dfc6ed00fd9cc24c46a479a5e9cb015b31003c3,2,8.05
ad5e56062a69465d1b25bed21c398de426ac03edb9dfadca02fbc1f6ac1c18cb,ad5e56062a69465d1b25bed21c398de426ac03edb9dfadca02fbc1f6ac1c18cb,1,1.3
881d85f0ff5dcaf964e34c02b92bd2ffb307031e1e1018117dd1695f7872f1ee,881d85f0ff5dcaf964e34c02b92bd2ffb307031e1e1018117dd1695f7872f1ee,1,7.1
6f28ea4b4f96f1b7eb1be2c7fc8ce984824f7df341514fd7dafbfc5b1fc29f31,6f28ea4b4f96f1b7eb1be2c7fc8ce984824f7df341514fd7dafbfc5b1fc29f31,2,6.05
36a5a028652dfd98a6c3bf3e4e6191316d11e744410e935bbc9b59741f83ae91,36a5a028652dfd98a6c3bf3e4e6191316d11e744410e935bbc9b59741f83ae91,1,7.4
c969dd60d7d03c1af9722e300889fa6a7a8efe99581c5e2fe535808ab050884f,c969dd60d7d03c1af9722e300889fa6a7a8efe99581c5e2fe535808ab050884f,2,3.55
1e29d15f24c8ef6fd854be40b4833907d240be5e412590948d8b91b3a7bb489c,1e29d15f24c8ef6fd854be40b4833907d240be5e412590948d8b91b3a7bb489c,1,1.9
7b166ce8de7beb4264d7102f85554cffef10e7ef8ae826a8a52d9833e125db1d,7b166ce8de7beb4264d7102f85554cffef10e7ef8ae826a8a52d9833e125db1d,1,8.2
a9042d81b5a132b7500431cf6e342ef73a09c786bb43189c07974f1266e60f35,a9042d81b5a132b7500431cf6e342ef73a09c786bb43189c07974f1266e60f35,1,6.5
5213e71489b4194ea1c94e22e807295e6ad888fac4dfe08862fd8b39eba93cf6,5213e71489b4194ea1c94e22e807295e6ad888fac4dfe08862fd8b39eba93cf6,1,6.7
af16918a30e12e938971e1de573c98af6a6acdf76696b35f03e19a42705dc158,af16918a30e12e938971e1de573c98af6a6acdf76696b35f03e19a42705dc158,1,9.7
2f8845917995fe79de11264f9e389d5cf5236830a6b80cf88da53498a93c208d,2f8845917995fe79de11264f9e389d5cf5236830a6b80cf88da53498a93c208d,1,7.6
fe5f60138407eccc68a6b084ded2382f505dd6e31511e655703891002c17b64f,fe5f60138407eccc68a6b084ded2382f505dd6e31511e655703891002c17b64f,1,4.2
ed61f3551b4cb16d8ab6ddee9efae50738121dc49f92a0d8d90a49cf3e3a3e13,ed61f3551b4cb16d8ab6ddee9efae50738121dc49f92a0d8d90a49cf3e3a3e13,1,3.2
10631c73d2539600daa2268da5efeb4a321ebe13baa14fe475ec7226314a150a,10631c73d2539600daa2268da5efeb4a321ebe13baa14fe475ec7226314a150a,1,4.0
26048c83e90c6dc4c1a36e5d9b2e1e56d201cbcfb28973871a5652f1ed9c8e89,26048c83e90c6dc4c1a36e5d9b2e1e56d201cbcfb28973871a5652f1ed9c8e89,1,1.3
cb596f55198fbefae3e6f6b72c4f460723be4c0a7fc44d2dc988411847baaee9,cb596f55198fbefae3e6f6b72c4f460723be4c0a7fc44d2dc988411847baaee9,0,
98428d7c46526f56be656fa3930f589fb60d46ab95898bc21eb2b17342e6e3e9,98428d7c46526f56be656fa3930f589fb60d46ab95898bc21eb2b17342e6e3e9,2,5.15
92162831c907c84165e0b0101d92158ba208c3ab3f89e3408d4b1a72bba043a0,92162831c907c84165e0b0101d92158ba208c3ab3f89e3408d4b1a72bba043a0,1,5.0
2d3be6d71336eb590d174b7e2526c96908113c85b1eca351a33b8710e7c53ce5,2d3be6d71336eb590d174b7e2526c96908113c85b1eca351a33b8710e7c53ce5,1,8.5
0708254af0bc352e7a7fb8737e2a9a9eccc9906d08b07f554087f5b641988648,0708254af0bc352e7a7fb8737e2a9a9eccc9906d08b07f554087f5b641988648,1,6.7
1b3ef259b646862e462d909ec0b233101ef64c98a2cfea711fee1be10ab95215,1b3ef259b646862e462d909ec0b233101ef64c98a2cfea711fee1be10ab95215,1,9.8
054b1d1808c1398cfeed8c35015f20845b9779fbf243720150ddd74298adaacf,054b1d1808c1398cfeed8c35015f20845b9779fbf243720150ddd74298adaacf,1,2.8
0a63368ed63ea1968b554bc4096c348195766ecd9135c66b939f92cbcc6a7114,0a63368ed63ea1968b554bc4096c348195766ecd9135c66b939f92cbcc6a7114,1,7.4
f0c7e40a229a48f6ef5f149b802ec95d0484e50ea543cec194eef33fc039b945,f0c7e40a229a48f6ef5f149b802ec95d0484e50ea543cec194eef33fc039b945,1,3.7
cdf763c072d752b02dd2143b410fbbc1e9fb0d1d1dae5c065874b5067d5cab42,cdf763c072d752b02dd2143b410fbbc1e9fb0d1d1dae5c065874b5067d5cab42,1,7.4
92c3f196942bc422801b82b55714bd8d717cdeafb31d8483ebbe8ba10c0fbc83,92c3f196942bc422801b82b55714bd8d717cdeafb31d8483ebbe8ba10c0fbc83,1,2.2
7b21be7b344e9c6938e5dd90b731a9cacf968fc5e27ae1dee3b4fa8aa92e9ff1,7b21be7b344e9c6938e5dd90b731a9cacf968fc5e27ae1dee3b4fa8aa92e9ff1,1,3.5
60eb285458cad473637552daa1f49f9a642bc7a36ea032e067f8d37b6a67bf7f,60eb285458cad473637552daa1f49f9a642bc7a36ea032e067f8d37b6a67bf7f,2,4.35
60025dd72d0cdec659cd6c0919721e8d03943ec53d4c0953d4b0bcf567b2cd9f,60025dd72d0cdec659cd6c0919721e8d03943ec53d4c0953d4b0bcf567b2cd9f,1,2.0
a3602b6a4be4c1baebeed47b8462330b0a446a44a11fc553330ce51d280a8c8e,a3602b6a4be4c1baebeed47b8462330b0a446a44a11fc553330ce51d280a8c8e,1,0.5
ae5ea8ae0d8524a154a9a8320506e1feecb9b4610792bc46aa156aa3c0a2648b,ae5ea8ae0d8524a154a9a8320506e1feecb9b4610792bc46aa156aa3c0a2648b,1,9.2
bca22b15426cc4673592fa05f6b4a4dd10db998ca56dff17a165de99087390f3,bca22b15426cc4673592fa05f6b4a4dd10db998ca56dff17a165de99087390f3,1,2.0
e04db1c968254c97fec83d403c936ace08f65637994bef88efd6d65678956302,e04db1c968254c97fec83d403c936ace08f65637994bef88efd6d65678956302,1,7.0
e9e01b992a18055065b08d36a90a08f5f605b0f5c643372a60b8e93ccaa5d94b,e9e01b992a18055065b08d36a90a08f5f605b0f5c643372a60b8e93ccaa5d94b,1,9.1
7d876bdabae380f9d0b61a75035e9363763f0e132dcdaf0e2c6ccb0ccc1b9d18,7d876bdabae380f9d0b61a75035e9363763f0e132dcdaf0e2c6ccb0ccc1b9d18,1,6.9
019d906c8457e835665110ab30619443eb5857a511cf823a15236172b312a6ea,019d906c8457e835665110ab30619443eb5857a511cf823a15236172b312a6ea,1,5.9
834ff3156ca20a69feb2540cb185cd61a05ee1b71d33a02c7ee6bfa9705b13c5,834ff3156ca20a69feb2540cb185cd61a05ee1b71d33a02c7ee6bfa9705b13c5,1,4.2
12a5ddf2a74876b3bfd4f069df46ce1a1ed74ab297c15d0ef76cd15a5d03eaf0,12a5ddf2a74876b3bfd4f069df46ce1a1ed74ab297c15d0ef76cd15a5d03eaf0,1,2.4
14ac85a5baa447feee0040afbd627653997997fd7bba735afbbc25c255ac3feb,14ac85a5baa447feee0040afbd627653997997fd7bba735afbbc25c255ac3feb,2,4.9
d3101a67b3e38514124c271e63e7df14e031945ba2f6bfb5042d50b387449508,d3101a67b3e38514124c271e63e7df14e031945ba2f6bfb5042d50b387449508,1,1.8
366d19ee4205caf629b07ef5cad3d8a9f84f2572bb5fe268ed9b7ac1f7b88a67,366d19ee4205caf629b07ef5cad3d8a9f84f2572bb5fe268ed9b7ac1f7b88a67,1,2.0
f1763a2f9e47071b002bd7606a5616519deb0b28b228e16662e0bdc578d47f5b,f1763a2f9e47071b002bd7606a5616519deb0b28b228e16662e0bdc578d47f5b,1,7.0
6d475c37d74081b5e5c1c240f06f0c93d2fcd72f07b0cb384d6b5814894cf6dc,6d475c37d74081b5e5c1c240f06f0c93d2fcd72f07b0cb384d6b5814894cf6dc,1,9.3
f2d1c98109ba324c693befb9759d920699a61ac922db3eb8e9a783b2a3884522,f2d1c98109ba324c693befb9759d920699a61ac922db3eb8e9a783b2a3884522,1,4.5
a2bc5a5743dbf9762c9fa67ef9285ea5207741390880cc66bec4c1b8123a4c52,a2bc5a5743dbf9762c9fa67ef9285ea5207741390880cc66bec4c1b8123a4c52,1,6.9
c480fa1213a42ae5d42a45a4883a2c8919ba054a2e2c3a8749d57652034333d5,c480fa1213a42ae5d42a45a4883a2c8919ba054a2e2c3a8749d57652034333d5,1,2.6
5b3e1f47ef803ac03ef38a0d02140c9fd9f66a1eea1e48d09d7794325f4ffa1b,5b3e1f47ef803ac03ef38a0d02140c9fd9f66a1eea1e48d09d7794325f4ffa1b,1,7.9
99ce29462dc73977da95c10e51a3b80da5a2c9939c58aa2f81b327094c97c425,99ce29462dc73977da95c10e51a3b80da5a2c9939c58aa2f81b327094c97c425,1,4.0
66e4ce974633bb3e5e752e602b3d8841bc62c6b8dee1a3158bd26f4bbfa8927b,66e4ce974633bb3e5e752e602b3d8841bc62c6b8dee1a3158bd26f4bbfa8927b,1,5.2
61f527c4799c7397c75960290e358f583ebfe49f894609a170f5bf4b07c18492,61f527c4799c7397c75960290e358f583ebfe49f894609a170f5bf4b07c18492,1,7.0
a24a1180d0c89928ebb2f14ce5be52a1cd366071f660debac7d05496a684bfb8,a24a1180d0c89928ebb2f14ce5be52a1cd366071f660debac7d05496a684bfb8,1,1.0
0fb4d2bf92c9debb5c446d80cdecb888cc21a4b597ebf4c81c71cf19f67b6c6d,0fb4d2bf92c9debb5c446d80cdecb888cc21a4b597ebf4c81c71cf19f67b6c6d,1,4.9
15ce2546dcd23da236c065192ded5d0d92abd507e5dd7a2f4c00d01470bce380,15ce2546dcd23da236c065192ded5d0d92abd507e5dd7a2f4c00d01470bce380,1,8.8
1efb75d000cb1734b2afca9d55c1a2bc6de4b33b46b90dbe03a52eb87f7be2f5,1efb75d000cb1734b2afca9d55c1a2bc6de4b33b46b90dbe03a52eb87f7be2f5,1,6.6
115253c97fffa839756deef89c8d67061475cdfa2a98cc6064ac6b245271cc96,115253c97fffa839756deef89c8d67061475cdfa2a98cc6064ac6b245271cc96,1,3.1
9f2111265047e506b06050a6b875b4f960ae69ef5c6bb601dcad7eed92435d82,9f2111265047e506b06050a6b875b4f960ae69ef5c6bb601dcad7eed92435d82,1,2.5
16905a201a677f3ace89197252e9b1832a29067f219fb033742907038be53b7b,16905a201a677f3ace89197252e9b1832a29067f219fb033742907038be53b7b,1,4.7
63c242f206113320c927fa14b93f5a66ae51438de42cc9afccb9c2ab74beee93,63c242f206113320c927fa14b93f5a66ae51438de42cc9afccb9c2ab74beee93,1,5.5
6b9954ba4fecdc399c5014e278a459ccea1c584d393b1ac1f004469c6cb06684,6b9954ba4fecdc399c5014e278a459ccea1c584d393b1ac1f004469c6cb06684,1,4.1
0e8c409668dcc57b7991b3440bc3ba9b8145b7dc31adac8f3bace642eeec28d1,0e8c409668dcc57b7991b3440bc3ba9b8145b7dc31adac8f3bace642eeec28d1,1,1.3
8f7f58c88b1fbc935089e722abb3655d9f9e42b56306462f2aeece40b4186337,8f7f58c88b1fbc935089e722abb3655d9f9e42b56306462f2aeece40b4186337,1,3.0
81396c4ecff73eda31aae3baae11f600a87f9d582dd183bf4cc7ac0e107eb10b,81396c4ecff73eda31aae3baae11f600a87f9d582dd183bf4cc7ac0e107eb10b,1,9.3
788619894b9538c33624b29c215d9cf164ded370fe5ca51a03bce93acb9ca751,788619894b9538c33624b29c215d9cf164ded370fe5ca51a03bce93acb9ca751,1,2.4
2f4739d8db82402952538351d8ff33759f24f77724357871a66a43862219f2e0,2f4739d8db82402952538351d8ff33759f24f77724357871a66a43862219f2e0,1,1.3
4a8ab9f668d814ecd8e3ddc710800d49deeba32ecab71df767a17a06c61f62c6,4a8ab9f668d814ecd8e3ddc710800d49deeba32ecab71df767a17a06c61f62c6,2,6.45
83c72446d15a8e35c00ec8809bc65ca3a66150ec66da00603f398de204fde7da,83c72446d15a8e35c00ec8809bc65ca3a66150ec66da00603f398de204fde7da,2,2.5
81a3e69140bc2e65e86b752cdbd9d64f595470e5601117efae2385cd6cc93ecd,81a3e69140bc2e65e86b752cdbd9d64f595470e5601117efae2385cd6cc93ecd,1,1.6
0039cf64d3190556005848fe28bf5e9efe71a59ac7a09c08e2c6f3422bb799a7,0039cf64d3190556005848fe28bf5e9efe71a59ac7a09c08e2c6f3422bb799a7,1,0.1
2efd342873b57916ea4ccfd6eb57939dd427c72f6dfbe8d29851fb79a2283315,2efd342873b57916ea4ccfd6eb57939dd427c72f6dfbe8d29851fb79a2283315,1,7.7
53629876268665f7f5b32f469dfec865bac097bfb72b408f9c535897bb89f9d3,53629876268665f7f5b32f469dfec865bac097bfb72b408f9c535897bb89f9d3,1,7.7
6482db1b621c42a4325eaa26e03c379e237af662336a510100d91e479aace2d0,6482db1b621c42a4325eaa26e03c379e237af662336a510100d91e479aace2d0,1,4.1
bae091de9bdbff2d31b24cc7539e5043ddba035421949e06207c74bf7de13b98,bae091de9bdbff2d31b24cc7539e5043ddba035421949e06207c74bf7de13b98,1,8.4
979021e4f3144cbf6ff1ff4056ca713d938dd7688044d8d23e14f162a4e2786c,979021e4f3144cbf6ff1ff4056ca713d938dd7688044d8d23e14f162a4e2786c,1,9.9
6262390ca2daf7daf638d4cc00743e3f7daf1042f4098184f38817e1c5bd1e41,6262390ca2daf7daf638d4cc00743e3f7daf1042f4098184f38817e1c5bd1e41,1,8.7
47e9c1bf12f622a3b5a7c1a7e45ee7f0eeeba9f0b07351cbdfb3b193db7de136,47e9c1bf12f622a3b5a7c1a7e45ee7f0eeeba9f0b07351cbdfb3b193db7de136,1,1.0
a68bf564cc36623d6c5582eb3b74845f68d0261edf2b270b686063f3893b2c9b,a68bf564cc36623d6c5582eb3b74845f68d0261edf2b270b686063f3893b2c9b,1,0.6
ed7a1809f179ee7502ab67c4c542d4787d06780a4bd3c39bb94bb7573dd27f6b,ed7a1809f179ee7502ab67c4c542d4787d06780a4bd3c39bb94bb7573dd27f6b,1,1.1
010eb9a1510b8dc1fc1100adfc223e94c6bb41e3cf8166d8ab45b30bc7068b0b,010eb9a1510b8dc1fc1100adfc223e94c6bb41e3cf8166d8ab45b30bc7068b0b,1,5.1
349e847be9793d7831e2bdae5330387886b289f4dbec3bd6cdcdb5f406e9512b,349e847be9793d7831e2bdae5330387886b289f4dbec3bd6cdcdb5f406e9512b,1,6.5
b1afa6d802442dc1374776fc7bcc0ce89b7963a6ab54045c1cda9fd1df16e570,b1afa6d802442dc1374776fc7bcc0ce89b7963a6ab54045c1cda9fd1df16e570,1,8.3
bbfb3738cde36ce83773e16e98cf45ad946cea53e322db0915761d0f2922dc96,bbfb3738cde36ce83773e16e98cf45ad946cea53e322db0915761d0f2922dc96,1,8.1
efa0a5eaaf5eca4c83b5eb38d840e0b3d60008307f7f2df72005f3dc6e139ddf,efa0a5eaaf5eca4c83b5eb38d840e0b3d60008307f7f2df72005f3dc6e139ddf,2,4.45
0146fbf7edacd5b6afa3909fa400f472e16687f7b252cdf66b09eb8ba7b6d7d6,0146fbf7edacd5b6afa3909fa400f472e16687f7b252cdf66b09eb8ba7b6d7d6,1,9.5
30e1a3f5305a71aed432f85a02f6b9bd8d074622c598a20f9b676e28bbc01343,30e1a3f5305a71aed432f85a02f6b9bd8d074622c598a20f9b676e28bbc01343,1,3.0
bff64e5c545db6c7bbacf8794d26326239e85688214eeb26804ed1dbd744ad71,bff64e5c545db6c7bbacf8794d26326239e85688214eeb26804ed1dbd744ad71,1,3.6
c294d858d016365623d034c74a3a684abe7a9c973ebf46e97a2be9d723ba88b9,c294d858d016365623d034c74a3a684abe7a9c973ebf46e97a2be9d723ba88b9,1,3.7
a8edc4dd1664ae19b6ca7834c3a69eac7fc6161e577146a001f68c1ea2fd1ea7,a8edc4dd1664ae19b6ca7834c3a69eac7fc6161e577146a001f68c1ea2fd1ea7,2,5.05
6fd780da9eb0240efe145f5ee53592c04c36c2a3209da961b399f562b1c42b1f,6fd780da9eb0240efe145f5ee53592c04c36c2a3209da961b399f562b1c42b1f,1,7.6
c273e2660b302591835ae626834e6691f3715b23e4b5d906460781fcb3ec8640,c273e2660b302591835ae626834e6691f3715b23e4b5d906460781fcb3ec8640,2,5.25
a2fef7ddbcf10e4da73a2ad5ec18cfa9c3cdf25f29fdd1e14b0cec81328b82e7,a2fef7ddbcf10e4da73a2ad5ec18cfa9c3cdf25f29fdd1e14b0cec81328b82e7,1,6.0
528999f9ef8384fccd5216c738fda70b19ef2417e51e2d98daa11c914ecd3d1c,528999f9ef8384fccd5216c738fda70b19ef2417e51e2d98daa11c914ecd3d1c,1,7.6
99836e150fe529a16d24343abc19f83e09b4d923fae7a9209291baaf32ab2d6b,99836e150fe529a16d24343abc19f83e09b4d923fae7a9209291baaf32ab2d6b,1,6.1
ab916d2f4d07d01ea34650ca38bf1a456522a46580095145f14c486286b06ca5,ab916d2f4d07d01ea34650ca38bf1a456522a46580095145f14c486286b06ca5,1,5.9
7e540c82d189e61ce405f19e5cc3d97c0882e92e802469e0976acf640fdb0230,7e540c82d189e61ce405f19e5cc3d97c0882e92e802469e0976acf640fdb0230,1,3.2
a83ed1aa57161e07bfc9fd05ccd977066867c1a445349d3d6c61ead0245566a1,a83ed1aa57161e07bfc9fd05ccd977066867c1a445349d3d6c61ead0245566a1,1,8.4
bbf0f8d21c5bcd283794218f82b78ce4eb2a1a030da6856ed818b759af211a14,bbf0f8d21c5bcd283794218f82b78ce4eb2a1a030da6856ed818b759af211a14,1,4.7
d5fc1c00b1814c6e6a621d241e3a46f8eb3c516b9b8e0ed5cb6c0dc3a0cedd74,d5fc1c00b1814c6e6a621d241e3a46f8eb3c516b9b8e0ed5cb6c0dc3a0cedd74,1,1.5
6a55e418dc50922127eb101e0ba2150b3a6c8165095878f55a53ea80913d5119,6a55e418dc50922127eb101e0ba2150b3a6c8165095878f55a53ea80913d5119,1,9.2
cf099b2ccf5645aa1470916835a6dee7ee461ad66fdf027bd406f327336a80fa,cf099b2ccf5645aa1470916835a6dee7ee461ad66fdf027bd406f327336a80fa,1,5.1
417ca31a5d07e587f5d8d0fb999fce3342b48c0eb669baffb470e3479a24abaf,417ca31a5d07e587f5d8d0fb999fce3342b48c0eb669baffb470e3479a24abaf,1,7.0
0821b10093d3242a3432628d1bebe9feb40d4fdf6608ef2a81114db26b36de68,0821b10093d3242a3432628d1bebe9feb40d4fdf6608ef2a81114db26b36de68,1,1.5
2f2c51834ccfd77ee45d587eb687f9f13475334fc8c8c26ce31f7110303fcc62,2f2c51834ccfd77ee45d587eb687f9f13475334fc8c8c26ce31f7110303fcc62,1,8.1
6cb58f2de97c0c8d60ba9b6cce6f7b0f2e053f45aff34277ea66d05960e4ae81,6cb58f2de97c0c8d60ba9b6cce6f7b0f2e053f45aff34277ea66d05960e4ae81,1,8.2
e117113dc3992abe0edef00919fe5099ef10e1274c56b07d7c7e13d34280fbf4,e117113dc3992abe0edef00919fe5099ef10e1274c56b07d7c7e13d34280fbf4,1,9.4
38b1ae512e4422333c5a8940edbd040f9aeefea0e02185a391997745ddd68620,38b1ae512e4422333c5a8940edbd040f9aeefea0e02185a391997745ddd68620,1,3.8
1cb722172d045f40ac61470f4c4d6f6c31ead6f08c4f1515be7b6b2a1d3aa71b,1cb722172d045f40ac61470f4c4d6f6c31ead6f08c4f1515be7b6b2a1d3aa71b,1,2.7
e8d7718c69c2a0e4e735fd2d53f5359ec561101e6e0e823900375f04313570e5,e8d7718c69c2a0e4e735fd2d53f5359ec561101e6e0e823900375f04313570e5,1,3.4
c5ecbe282153cf13c54a96f2ca99a0ab64c145f2b4175281119a44d30a6cf133,c5ecbe282153cf13c54a96f2ca99a0ab64c145f2b4175281119a44d30a6cf133,1,0.2
5892bf588be4858d450f11b7239b3357b0be59b459798adc7439c07964cd6ce9,5892bf588be4858d450f11b7239b3357b0be59b459798adc7439c07964cd6ce9,1,4.4
54d9bc1561728cdc0d85c37956abda86c739919ee08c2943d5f9f229f666f55f,54d9bc1561728cdc0d85c37956abda86c739919ee08c2943d5f9f229f666f55f,2,6.7
ffffc9a0c08c76ad36c5d2fe3a4257c8722d6999ba9ba2405253e32767480982,ffffc9a0c08c76ad36c5d2fe3a4257c8722d6999ba9ba2405253e32767480982,1,6.7
cec729899b32708b27c7e4923943c2253b0ce0c722910a2189f364f1a0940742,cec729899b32708b27c7e4923943c2253b0ce0c722910a2189f364f1a0940742,2,8.15
98535ab34e2dbd96a00c445a76a45ec76f5b5bf9fbac05db5e18e5cfda6c6bdf,98535ab34e2dbd96a00c445a76a45ec76f5b5bf9fbac05db5e18e5cfda6c6bdf,1,9.0
a4a23eccdd3f5c86a9e97f0907f3f70e3b050a59c1e032aeb6b0f8cb671705bc,a4a23eccdd3f5c86a9e97f0907f3f70e3b050a59c1e032aeb6b0f8cb671705bc,1,1.8
03456645e2d97e1ed17c44bd1a1197cd85bc0bd5e20fc4656b8b39216e59f68b,03456645e2d97e1ed17c44bd1a1197cd85bc0bd5e20fc4656b8b39216e59f68b,2,4.75
aaede2145068e3dbaafaec7d7ee17e23ef9cc8b73cf599253609452da6060061,aaede2145068e3dbaafaec7d7ee17e23ef9cc8b73cf599253609452da6060061,1,7.7
1e45e110e150a8ec63c054c43a162e07b9242512784a0d7fde5ddbe033b07453,1e45e110e150a8ec63c054c43a162e07b9242512784a0d7fde5ddbe033b07453,1,8.3
1bcb087a4e0f683a2aeac7721ca8a9cbc9f845ccc1b0a2abf17563da9163c60f,1bcb087a4e0f683a2aeac7721ca8a9cbc9f845ccc1b0a2abf17563da9163c60f,1,4.5
a478c5b687e94908a3e07e442100dc71760652a7f2f21365d0cc50fbc9117fa5,a478c5b687e94908a3e07e442100dc71760652a7f2f21365d0cc50fbc9117fa5,1,7.5
47521ef32e87485170e1d1444d5ec2c74e4a5c9e35c692e4c99ea1293ce0e4af,47521ef32e87485170e1d1444d5ec2c74e4a5c9e35c692e4c99ea1293ce0e4af,2,8.2
26865b801c047cc686d68f63975eef675804b880d814492ff0d3653be730d645,26865b801c047cc686d68f63975eef675804b880d814492ff0d3653be730d645,1,0.4
882398ed07767628411aa330aab6b3f36e0f5a41b22e6a17475c87cc8d2a633f,882398ed07767628411aa330aab6b3f36e0f5a41b22e6a17475c87cc8d2a633f,1,7.3
265c804c8a0de8bd4b3e2194156823204aa081d4dcbd5314463c413dd3d9f6df,265c804c8a0de8bd4b3e2194156823204aa081d4dcbd5314463c413dd3d9f6df,1,7.4
259ae67455096ea5ba59fc8455957a87d2e020d4b7448198cdb24d23a6bdd2dc,259ae67455096ea5ba59fc8455957a87d2e020d4b7448198cdb24d23a6bdd2dc,1,6.2
f6af7204aff5d40e127ffd7b1b519f755542d05c8657d19d5a555dd2e894eb74,f6af7204aff5d40e127ffd7b1b519f755542d05c8657d19d5a555dd2e894eb74,2,4.2
ac3fae8f980011448b4a3c92ff16b0a88f3f37de557a04e406cdbbc595d0142c,ac3fae8f980011448b4a3c92ff16b0a88f3f37de557a04e406cdbbc595d0142c,3,7.1
3e835b89411eecdaf077aee8d8a81098529691815b70e7daba1666854ba9a2b8,3e835b89411eecdaf077aee8d8a81098529691815b70e7daba1666854ba9a2b8,1,9.2
f0b23de1aafb6924de68597ca5c49869e43e9cd96a6285affa372b1777b7dafb,f0b23de1aafb6924de68597ca5c49869e43e9cd96a6285affa372b1777b7dafb,1,5.3
6e106f1e8cda1d07ab083399ad34142d8eaf605ca33086d57f369bd77f9ac7c4,6e106f1e8cda1d07ab083399ad34142d8eaf605ca33086d57f369bd77f9ac7c4,1,1.9
3ea9bb74586116d079ff3f98beecd9373c903df814f9037e8aab884c62fb7a3b,3ea9bb74586116d079ff3f98beecd9373c903df814f9037e8aab884c62fb7a3b,1,7.8
961bc9aee4ae7b414dd653acc71e7ed205beaaab9dd06fe3827f8bf9f6aead96,961bc9aee4ae7b414dd653acc71e7ed205beaaab9dd06fe3827f8bf9f6aead96,1,9.6
bf362b0567995b866ecf1e9291b700ca7d3cd037b9cdfa5eefc04debb78150a9,bf362b0567995b866ecf1e9291b700ca7d3cd037b9cdfa5eefc04debb78150a9,1,7.6
0d8c672f99caeb5db75ee41e32a8039393ac8167b40e99962b7b788c21edf260,0d8c672f99caeb5db75ee41e32a8039393ac8167b40e99962b7b788c21edf260,1,9.4
043efe77fcce3926f7d9adfd0dfdbc57d74e3a03ff104897ae2cc6a2422022f3,043efe77fcce3926f7d9adfd0dfdbc57d74e3a03ff104897ae2cc6a2422022f3,2,3.45
43f6253bab7dd61e461474761f887e425a31f7141dda0149ddfc5c51025ba66e,43f6253bab7dd61e461474761f887e425a31f7141dda0149ddfc5c51025ba66e,2,6.15
1c888e0cf0169b9421ee04f1c407858bfb9a88e7b84e7f75ff75c86beeb01cf3,1c888e0cf0169b9421ee04f1c407858bfb9a88e7b84e7f75ff75c86beeb01cf3,2,5.4
86c98b7fffc04de5ae2a1499174d5c9b77d9482339b3cf932df59a57d1b0a598,86c98b7fffc04de5ae2a1499174d5c9b77d9482339b3cf932df59a57d1b0a598,1,0.7
68983c8547cc008a88d2ff09a2f119d8962eebb28a837faa843a2a723d81cc9a,68983c8547cc008a88d2ff09a2f119d8962eebb28a837faa843a2a723d81cc9a,3,6.2
e3e342024dd9a1b6b587a353ad58a01d3735a55ca0dda3c77fa76d5020577998,e3e342024dd9a1b6b587a353ad58a01d3735a55ca0dda3c77fa76d5020577998,1,7.4
84a39769de9ae56506a21f78c24b24ff0a267e591d7701043759c305be5932d2,84a39769de9ae56506a21f78c24b24ff0a267e591d7701043759c305be5932d2,2,5.4
365dfaf48a966b2048e88c194b3d1b007dda1b735f6417c4da126f775c12eb26,365dfaf48a966b2048e88c194b3d1b007dda1b735f6417c4da126f775c12eb26,2,5.45
23b7fab7f9c3510e928fcb51c9b273e22aaa924b770adeee94a962108810189f,23b7fab7f9c3510e928fcb51c9b273e22aaa924b770adeee94a962108810189f,2,6.4
282e640769249c52ad3ebbfde7820f079277cefdb2547d521ff39d176a4d451e,282e640769249c52ad3ebbfde7820f079277cefdb2547d521ff39d176a4d451e,1,1.1
06b60ebfebc3a85fa968d80d24204553399b9c756a9ce5997ad7daad22151780,06b60ebfebc3a85fa968d80d24204553399b9c756a9ce5997ad7daad22151780,1,8.5
732a9267a17d3d24489398dc92153e584f41c1d493cd35979d82f4867d0db903,732a9267a17d3d24489398dc92153e584f41c1d493cd35979d82f4867d0db903,1,6.6
a0553d15bc201554852fb016ed7e3bfef8770a7cfa439215aa7582fe36ad0eb1,a0553d15bc201554852fb016ed7e3bfef8770a7cfa439215aa7582fe36ad0eb1,1,8.3
f7711b7db750fb297e4f731da74afdf06873a517dd0e01ea280f7791e2953de1,f7711b7db750fb297e4f731da74afdf06873a517dd0e01ea280f7791e2953de1,1,9.2
97e01b4470bfefc38cd5390277724d947e60058a308cb43246b628ef4f9924ab,97e01b4470bfefc38cd5390277724d947e60058a308cb43246b628ef4f9924ab,1,3.5
0983194a0fc8905e80fc1e7dd8c61dcbeb380683a83e7930a75a7a63e563a251,0983194a0fc8905e80fc1e7dd8c61dcbeb380683a83e7930a75a7a63e563a251,1,4.8
3ffb7fac32cb41e16c57bb5e52bc0a132916f28b47a6a59756894ad6701fd8c9,3ffb7fac32cb41e16c57bb5e52bc0a132916f28b47a6a59756894ad6701fd8c9,1,2.7
790a1d3a4f800ffc1a5683a60dceec209ac3ca61e0400b1b3d36a994eeb5ab93,790a1d3a4f800ffc1a5683a60dceec209ac3ca61e0400b1b3d36a994eeb5ab93,1,8.2
cb1cfb5e12b16d2413999a1282cd3713e3f95bf2003818399da034968e74590f,cb1cfb5e12b16d2413999a1282cd3713e3f95bf2003818399da034968e74590f,1,4.1
9ba4e8b01626ca01c1835fde4fb9b96fcfcad627ca02f6288ee82965ad1aec48,9ba4e8b01626ca01c1835fde4fb9b96fcfcad627ca02f6288ee82965ad1aec48,2,8.5
19a92cf74c10e158e6879b82e67236b5392630c6d9bbff292ba34f151cf16321,19a92cf74c10e158e6879b82e67236b5392630c6d9bbff292ba34f151cf16321,2,6.55
fff593162aa6848dcfa302b3dc1b503d3b5e59052573fca0952b084d2648ab15,fff593162aa6848dcfa302b3dc1b503d3b5e59052573fca0952b084d2648ab15,1,3.2
a16cba2a7351cb852f49ff99cd4bc844a9d170f360af8c3f7f25726e283c1c56,a16cba2a7351cb852f49ff99cd4bc844a9d170f360af8c3f7f25726e283c1c56,1,1.5
2c792f002a758cc2254086a1fdeddcb1cbec14cc37b4825823bdf959965e5ca9,2c792f002a758cc2254086a1fdeddcb1cbec14cc37b4825823bdf959965e5ca9,1,2.1
2d39e5202343247ac6f709973c36864d9d103beeb4fcede227baaf8330fb4d5f,2d39e5202343247ac6f709973c36864d9d103beeb4fcede227baaf8330fb4d5f,1,9.8
a9c19fdf475481e1510b7493f88858a7be17ddf2d054ae57fca97aa379b00879,a9c19fdf475481e1510b7493f88858a7be17ddf2d054ae57fca97aa379b00879,1,7.3
8f4db1ab0b4140331f99283c2ca3c8be014c0db196caf86e212766f8ea60eaeb,8f4db1ab0b4140331f99283c2ca3c8be014c0db196caf86e212766f8ea60eaeb,1,2.6
1c678e8b4a20b5bd77bf79bd7e69fab0c65ccb3fa7cbbae1a6d69b5ffc3a6bbe,1c678e8b4a20b5bd77bf79bd7e69fab0c65ccb3fa7cbbae1a6d69b5ffc3a6bbe,1,1.7
bc210be589630dd2c1db766af68ea84a3838ee6e49755bede8e9a59f9359c7bf,bc210be589630dd2c1db766af68ea84a3838ee6e49755bede8e9a59f9359c7bf,1,8.4
41a1f30208ee3b61b089dcf835eb8428f6dbe154ccf309d523daec0fa40d9845,41a1f30208ee3b61b089dcf835eb8428f6dbe154ccf309d523daec0fa40d9845,1,2.2
0a73ec837a95b889bf8cbdfb18650494d1dda468e61dc8ab28076ce80a64612a,0a73ec837a95b889bf8cbdfb18650494d1dda468e61dc8ab28076ce80a64612a,1,7.2
9ccd4cd8fff3b251aca22a2167ddb2fff8b30e219a0e79c594385a97b9f05d71,9ccd4cd8fff3b251aca22a2167ddb2fff8b30e219a0e79c594385a97b9f05d71,1,2.6
43d82ca90dcca28e1b21e955c42dc8bc8886825fd14a13418e155eb5d1d53e9f,43d82ca90dcca28e1b21e955c42dc8bc8886825fd14a13418e155eb5d1d53e9f,1,8.6
f16708e270a51123df2d684dd82084954b0a793825d0a0fc53470ab91da47eb3,f16708e270a51123df2d684dd82084954b0a793825d0a0fc53470ab91da47eb3,1,3.2
02aff76621ed2b80a5229b2ae1fe1e123b7c664477f3c577606df44257b123fc,02aff76621ed2b80a5229b2ae1fe1e123b7c664477f3c577606df44257b123fc,1,4.2
37ba00d7f4467e0c2742faf493ccaaf7da42a73f70f34be83186cc538abc75d0,37ba00d7f4467e0c2742faf493ccaaf7da42a73f70f34be83186cc538abc75d0,1,3.6
eede5e08b108d09daf8a5e0a2bf6b49be8e73c2154b544b521416145bef671d8,eede5e08b108d09daf8a5e0a2bf6b49be8e73c2154b544b521416145bef671d8,1,3.9
6dd8155c3c59f425d3684d1da9686ce71c9c66e9974e8aa735155163fc31dccc,6dd8155c3c59f425d3684d1da9686ce71c9c66e9974e8aa735155163fc31dccc,2,6.85
b917ee602c4feebb314343b62b2f2b333647b582d0529d64b2259be1e84098ed,b917ee602c4feebb314343b62b2f2b333647b582d0529d64b2259be1e84098ed,1,6.9
8b4fa3bef38cd3f103e638269d9929e3f9e597ff91d0e120cc53918bd99cfce6,8b4fa3bef38cd3f103e638269d9929e3f9e597ff91d0e120cc53918bd99cfce6,1,3.7
2b77abc766eb2442e04587b5502c0e4416c0ddb56ac8c56e34d35a360c11a6ab,2b77abc766eb2442e04587b5502c0e4416c0ddb56ac8c56e34d35a360c11a6ab,2,2.45
49b469fa422d98810638ab290475f93cc17e31f08be9ab4ebb36ce28f0db342f,49b469fa422d98810638ab290475f93cc17e31f08be9ab4ebb36ce28f0db342f,1,5.2
a6efa00278a10700c01205f01cff67f899505cfbbec89f829188e1496b92ab16,a6efa00278a10700c01205f01cff67f899505cfbbec89f829188e1496b92ab16,2,5.85
1c64f43cf8f9d4b11b568ad5044a2e8d6882d2e5dcee022fff23c522c9fdb541,1c64f43cf8f9d4b11b568ad5044a2e8d6882d2e5dcee022fff23c522c9fdb541,1,4.2
c5b555c45d73d9112b0b7daa89689403e2afeab462121ec9ad96c4d3fb39df11,c5b555c45d73d9112b0b7daa89689403e2afeab462121ec9ad96c4d3fb39df11,1,4.9
b437da0c76a423f1eb4a2ac4d7d47babe53c3da26550267552f2a209f1a35684,b437da0c76a423f1eb4a2ac4d7d47babe53c3da26550267552f2a209f1a35684,1,5.0
5d7c6ff74d1f637a936cf28b8a05717df7c58cfed958cc3f75318a5fea2c6200,5d7c6ff74d1f637a936cf28b8a05717df7c58cfed958cc3f75318a5fea2c6200,1,0.4
2459e63c405b6b4e00840672e4df131493b950df611550177cade8835354799b,2459e63c405b6b4e00840672e4df131493b950df611550177cade8835354799b,1,5.1
c3401608e80f37e41f5153d58f7360e7cdbb2901692c26789f548111ffc9b58a,c3401608e80f37e41f5153d58f7360e7cdbb2901692c26789f548111ffc9b58a,2,6.8
ff80a66b1ea54626a79a64dcd6b5f09c5b8b799bc9a7c9c9f7d026ed85ad5f57,ff80a66b1ea54626a79a64dcd6b5f09c5b8b799bc9a7c9c9f7d026ed85ad5f57,1,0.1
ad6b78d323b75f5e4f841e5db7ef2e8b3ac53de5376cc43c98e387ba7705a7f2,ad6b78d323b75f5e4f841e5db7ef2e8b3ac53de5376cc43c98e387ba7705a7f2,1,5.4
8d8257690562aa3c0e3dbb235e5488635f010426c16421102959632ee75f03a0,8d8257690562aa3c0e3dbb235e5488635f010426c16421102959632ee75f03a0,1,5.2
6116023c82a7fd2ddbde8935f503968591a2b5f498131ed91f96e746ee3af869,6116023c82a7fd2ddbde8935f503968591a2b5f498131ed91f96e746ee3af869,1,7.1
ef59de9e96ea4951cb600880ce8e583ddf5db89add55556a4d7fc0d3f54dabb9,ef59de9e96ea4951cb600880ce8e583ddf5db89add55556a4d7fc0d3f54dabb9,1,8.2
807c127bbfc2784e4e2ce5f34932638d4d60e5cee70314ab7d8bf4e1578d64ea,807c127bbfc2784e4e2ce5f34932638d4d60e5cee70314ab7d8bf4e1578d64ea,2,7.05
4438cb982246a9297365851ee9a985d47c86cde56cc19671ddc834c6c5ff8e67,4438cb982246a9297365851ee9a985d47c86cde56cc19671ddc834c6c5ff8e67,1,4.3
8c000e030f06a0bf5d5b82241e5dac25c70bab9353e673929763c2a5ea2ecc16,8c000e030f06a0bf5d5b82241e5dac25c70bab9353e673929763c2a5ea2ecc16,1,0.6
70179dedc0dce29482a04d8c216add7b349225e4997977072e50976eab595090,70179dedc0dce29482a04d8c216add7b349225e4997977072e50976eab595090,1,8.9
738036b0c486ac1f7ed2e0290d1bf963479204e603e4e18b7526b15dffd1d881,738036b0c486ac1f7ed2e0290d1bf963479204e603e4e18b7526b15dffd1d881,1,6.0
61f36e936a85820a5ad1091c4f527600e3b3ce729f26d47a8b318c75c3124db1,61f36e936a85820a5ad1091c4f527600e3b3ce729f26d47a8b318c75c3124db1,1,3.6
8b336f95f130aae107c37ed24752de29748129391c9469c9a22559c15eadaa41,8b336f95f130aae107c37ed24752de29748129391c9469c9a22559c15eadaa41,1,0.7
46fbe7143af63e7dadb5859ec1ba816620210f6b8b2081fc1d02997caef493f4,46fbe7143af63e7dadb5859ec1ba816620210f6b8b2081fc1d02997caef493f4,2,3.8
13e356f03307aae6efcdabe3e6a44391dd60c4f2e4bc4f2400e08081ea39535b,13e356f03307aae6efcdabe3e6a44391dd60c4f2e4bc4f2400e08081ea39535b,2,4.35
0a8d7cab77a876941256d6450fecf5acfd5ffd603a0599c684b3524ca3e6613f,0a8d7cab77a876941256d6450fecf5acfd5ffd603a0599c684b3524ca3e6613f,1,5.2
604f58c1b95a76d9516a0048ad028d54f39347e33471dee29a95c2baec8672b9,604f58c1b95a76d9516a0048ad028d54f39347e33471dee29a95c2baec8672b9,1,1.3
14bfe8e355011b988d412c756698447a404f488ecfefa6c2627c435af149e3df,14bfe8e355011b988d412c756698447a404f488ecfefa6c2627c435af149e3df,1,9.4
7004ea5f566a7c6020c13bf858296f041d7661da047b0f199af0d41ef2a626a0,7004ea5f566a7c6020c13bf858296f041d7661da047b0f199af0d41ef2a626a0,1,1.0
d3df5ec0ed710ccce58e11fa8e8f85b40e921bd336c000a02a9be18661b6cd80,d3df5ec0ed710ccce58e11fa8e8f85b40e921bd336c000a02a9be18661b6cd80,1,5.3
2a311e05678ef762bd6388542d7087f1cde2bc3c8044f9f1117a0c050cd0a886,2a311e05678ef762bd6388542d7087f1cde2bc3c8044f9f1117a0c050cd0a886,1,0.8
cca864ce9d25cb43c0aeb20e83c55cbbc0d4a75ee1d5350cfba328fcc9742f76,cca864ce9d25cb43c0aeb20e83c55cbbc0d4a75ee1d5350cfba328fcc9742f76,1,7.4
68651a5bdbb5cda9b5c759db99bbf103158f2337aaaea5485c14334a7b570810,68651a5bdbb5cda9b5c759db99bbf103158f2337aaaea5485c14334a7b570810,1,2.6
4144abcfcfe3af1afde33696ba878e7863cd0edc29392b4475db6c33012dd998,4144abcfcfe3af1afde33696ba878e7863cd0edc29392b4475db6c33012dd998,1,3.7
bde3ae9c86e24d43d80bece8ae105f1a99f4d5778c14ea2d47d0991cdb304864,bde3ae9c86e24d43d80bece8ae105f1a99f4d5778c14ea2d47d0991cdb304864,1,5.4
1439b68ff77d1e76d16655917a0c593db8db082730e3133387a6e9ea2ec96f77,1439b68ff77d1e76d16655917a0c593db8db082730e3133387a6e9ea2ec96f77,1,4.0
63c6468d02fa856694ed9eb49117d2c49dff5932257d5834005c8a9cd472dc2c,63c6468d02fa856694ed9eb49117d2c49dff5932257d5834005c8a9cd472dc2c,1,8.4
2b28a4094bba7ccc9e1e455635f618135b63de553600bad45e06cf569eb5f386,2b28a4094bba7ccc9e1e455635f618135b63de553600bad45e06cf569eb5f386,1,3.0
290f3c31909a58ec22f852addf7973994146c7a76c56b875e75f93e997526a57,290f3c31909a58ec22f852addf7973994146c7a76c56b875e75f93e997526a57,1,6.1
bd7538d765e70f3f91cb4f3588b65a446f7ade05490b006d8fa41d7b122770f2,bd7538d765e70f3f91cb4f3588b65a446f7ade05490b006d8fa41d7b122770f2,1,8.8
0c8a88669a80ee097a92fd15d4207ea6a410f68a3816926df0245132749a9143,0c8a88669a80ee097a92fd15d4207ea6a410f68a3816926df0245132749a9143,2,7.7
0524e7394eb76df1f29574d4ba57055eac2ed1c6669e318c552693a2d0d97ae9,0524e7394eb76df1f29574d4ba57055eac2ed1c6669e318c552693a2d0d97ae9,1,5.3
148c43e26e1e42820c7f994865247902e44bd7e4d2784bb1e1e866014a21ff44,148c43e26e1e42820c7f994865247902e44bd7e4d2784bb1e1e866014a21ff44,1,9.6
5351ed6c15c1297e5c88a6d832e3de9a920be554793e3552714ecb99d11a5157,5351ed6c15c1297e5c88a6d832e3de9a920be554793e3552714ecb99d11a5157,1,0.8
4e54a87437b744fa053422b28fd6e12819daebae3f5a9e413b9d8fdf32fcab13,4e54a87437b744fa053422b28fd6e12819daebae3f5a9e413b9d8fdf32fcab13,1,2.5
fdac62d7284ed2e76d62d948fbd45208fefde87cd26553d413293b84ca15c77d,fdac62d7284ed2e76d62d948fbd45208fefde87cd26553d413293b84ca15c77d,1,0.1
6b0d46f0b51764eabca04812090a174172c657b670231ba5771833c79aa367df,6b0d46f0b51764eabca04812090a174172c657b670231ba5771833c79aa367df,2,2.45
15fe27809be42a54b224d00682babcdaa3c0cb920d6494212a1f8eb296f16af3,15fe27809be42a54b224d00682babcdaa3c0cb920d6494212a1f8eb296f16af3,1,3.8
c94998601760c32a11e3a9e69919597770748e5b99215f52a6d0434d60b9792c,c94998601760c32a11e3a9e69919597770748e5b99215f52a6d0434d60b9792c,1,2.0
002dcac67e9b5cc4f67c9422287db77b6f73d48e0824827afb67b4f9a39a9c98,002dcac67e9b5cc4f67c9422287db77b6f73d48e0824827afb67b4f9a39a9c98,1,1.3
f5d150fda0ef5f9b85ff18ae5c9b604ec689ffda1ff3c1caee74f1e433703e6a,f5d150fda0ef5f9b85ff18ae5c9b604ec689ffda1ff3c1caee74f1e433703e6a,2,4.2
2af66db74dc4c6b2ed8b1ff7227527d3294dbe30aa31ce72e262ebd8d4601ad0,2af66db74dc4c6b2ed8b1ff7227527d3294dbe30aa31ce72e262ebd8d4601ad0,1,7.1
fcbe2e9766f0fe40ff3708dd84fd32a02f0db7b01c00b04d49c5baa9307f8533,fcbe2e9766f0fe40ff3708dd84fd32a02f0db7b01c00b04d49c5baa9307f8533,1,2.2
1ce3b4f402ac753388fb5b811871efb64c6bd2b5041f9da14e897d8f9c0d2072,1ce3b4f402ac753388fb5b811871efb64c6bd2b5041f9da14e897d8f9c0d2072,1,8.1
fac228b2b758ed10acd8bc3be4992be0868baeb15ec8b236709ccf30d86351d8,fac228b2b758ed10acd8bc3be4992be0868baeb15ec8b236709ccf30d86351d8,1,3.9
bdddfc7f0ff6be0eac21f138ac7124ddabb55cac2e2a29317b847dab1b0c6bb7,bdddfc7f0ff6be0eac21f138ac7124ddabb55cac2e2a29317b847dab1b0c6bb7,1,2.9
0e128822b069642e471c6f025d619408203a9869dbadbab8152555157edfe2a9,0e128822b069642e471c6f025d619408203a9869dbadbab8152555157edfe2a9,1,2.7
45ff27d766a535835887208ba05790212041c1cca9c8016e27dc78d6465cde6b,45ff27d766a535835887208ba05790212041c1cca9c8016e27dc78d6465cde6b,1,3.1
7afebc54c4f29003376e8107d7f4a40ce66ae825bc65e461ac0c65c9e084d584,7afebc54c4f29003376e8107d7f4a40ce66ae825bc65e461ac0c65c9e084d584,1,4.3
f72b40dde9a3203d87bea8e518a83be3e50efaa7247443faa5ee2b2ad43c68c3,f72b40dde9a3203d87bea8e518a83be3e50efaa7247443faa5ee2b2ad43c68c3,1,8.3
6beb73d2f73078141d615f8b3ba736de6c670a95c8d6732afe357af5c9f06367,6beb73d2f73078141d615f8b3ba736de6c670a95c8d6732afe357af5c9f06367,1,2.5
5118da1111c4be8a779c10ee95cb29ac60ec475b77ecba3cc27ced6bd9c1de2b,5118da1111c4be8a779c10ee95cb29ac60ec475b77ecba3cc27ced6bd9c1de2b,1,4.2
82e38b7f52d3cfc679cf1b1c51442e13c6b899f5c294cbb0cab9ff0e9bc066a7,82e38b7f52d3cfc679cf1b1c51442e13c6b899f5c294cbb0cab9ff0e9bc066a7,1,5.5
0aa5dc29512aee6424c2ae501d346e1599d4f6e83482e047d3a0e6f3be42e08a,0aa5dc29512aee6424c2ae501d346e1599d4f6e83482e047d3a0e6f3be42e08a,1,5.4
fa8928f5d0ea2bd982e758ebdbc766eebd26d7c499f1be71f55fa2d578d9c5f2,fa8928f5d0ea2bd982e758ebdbc766eebd26d7c499f1be71f55fa2d578d9c5f2,1,6.7
f29201903f9c0222f02beb9e5402539f56cc93da573235c7f44af1b6be7b3d50,f29201903f9c0222f02beb9e5402539f56cc93da573235c7f44af1b6be7b3d50,1,0.3
29828557d7c8d9a3702f079e217227fe9370d411cefdbb63daef4ba26a46e334,29828557d7c8d9a3702f079e217227fe9370d411cefdbb63daef4ba26a46e334,1,7.1
6aa6089025e7645d0b9cbad6025f45d9a38cd3bf5ad1e6efde714bbd8f405830,6aa6089025e7645d0b9cbad6025f45d9a38cd3bf5ad1e6efde714bbd8f405830,1,3.5
db58176b04fe29170cb14a5251bdc6df9100837b628e1b1f9ed4282cd197401a,db58176b04fe29170cb14a5251bdc6df9100837b628e1b1f9ed4282cd197401a,1,0.3
f2a1eff1746cb8de240d8e6a98ac95e6bd288e07b121ea152216cf353a89d6ce,f2a1eff1746cb8de240d8e6a98ac95e6bd288e07b121ea152216cf353a89d6ce,1,2.1
9e3c9498a7295795f6690ad05d48d5ad00ba155682bca8bc861dbe4f44c0a131,9e3c9498a7295795f6690ad05d48d5ad00ba155682bca8bc861dbe4f44c0a131,1,2.1
47729e1c2040640d7439d634cef17a7549fa01e6500fadf0a6deec0d30060fbc,47729e1c2040640d7439d634cef17a7549fa01e6500fadf0a6deec0d30060fbc,1,7.5
47ac413daa67784237112f89795cb742720efecb1fb504d7048806f6762a6c29,47ac413daa67784237112f89795cb742720efecb1fb504d7048806f6762a6c29,1,1.9
0409f585b393c59279a55551b84e634b67d88c5a1acc43d635a3af2dad36b3b5,0409f585b393c59279a55551b84e634b67d88c5a1acc43d635a3af2dad36b3b5,2,2.75
b8b1553555dc57011865d9c5ef13335bc1302944691b3ae3b599bfda7bb4981a,b8b1553555dc57011865d9c5ef13335bc1302944691b3ae3b599bfda7bb4981a,1,4.0
a832cf65558d1a457b60e076a013a14331cc8e59a89edfebd6b86b7195de69a4,a832cf65558d1a457b60e076a013a14331cc8e59a89edfebd6b86b7195de69a4,1,3.0
cec8f530a12671931e9e6f55ad6945770d34dbd17ce6c402334aef4714e80214,cec8f530a12671931e9e6f55ad6945770d34dbd17ce6c402334aef4714e80214,2,2.45
708fe8d8e6ac3a42d5b70e11525ac67c0fb0ffa7ba9448c98de6efe000002ad1,708fe8d8e6ac3a42d5b70e11525ac67c0fb0ffa7ba9448c98de6efe000002ad1,1,6.5
d45d11686b788e49cc3214f5248e44cb015b3f3025b048c19be1a73824e9a293,d45d11686b788e49cc3214f5248e44cb015b3f3025b048c19be1a73824e9a293,1,0.3
dd99201151d56b7b1862e3a0032ce0bbd66b521b98357785cfef3f4293deca4e,dd99201151d56b7b1862e3a0032ce0bbd66b521b98357785cfef3f4293deca4e,1,6.0
4b1fcda3a211471910bf9facd1d88b3348d214b3982d59cc7af09a5d5394895a,4b1fcda3a211471910bf9facd1d88b3348d214b3982d59cc7af09a5d5394895a,1,8.3
0c19e30cf78044c4d65525955ee68b1c25a6fcf649c255fa19c92b0501c38951,0c19e30cf78044c4d65525955ee68b1c25a6fcf649c255fa19c92b0501c38951,1,5.5
8a1a93407bef729e22f5c23a1b6e077e627acff07a4bf989ccecc9df2da97289,8a1a93407bef729e22f5c23a1b6e077e627acff07a4bf989ccecc9df2da97289,1,9.5
58c70e1065b58080461183412aabba656c9b0f5b01e882ecb4368cb8735bdd7f,58c70e1065b58080461183412aabba656c9b0f5b01e882ecb4368cb8735bdd7f,1,7.5
7518a427524b0a6f0da518275ed5a4d47c30fba25006217990ee84de7ea08b68,7518a427524b0a6f0da518275ed5a4d47c30fba25006217990ee84de7ea08b68,1,8.3
5a36828eca9d64d445f84ff68ad7e9d29004aa7b17b7937fef7891a47b6b9935,5a36828eca9d64d445f84ff68ad7e9d29004aa7b17b7937fef7891a47b6b9935,1,2.1
67fc33999aab323c22c708321c2b9216c583a95da8a504abb384b9b60caa677f,67fc33999aab323c22c708321c2b9216c583a95da8a504abb384b9b60caa677f,2,9.05
383a2b75adce73e721683178ed2828bd048897519d35776a175c39fe5602d064,383a2b75adce73e721683178ed2828bd048897519d35776a175c39fe5602d064,1,0.7
a45805af019f2c37819907b228cd6b9a568973f71203be218a931e25367d5ba7,a45805af019f2c37819907b228cd6b9a568973f71203be218a931e25367d5ba7,1,8.0
eb609a7e169f780c6ffaf06daaca7484d9aaeae98406d24f79c473424ecd4c0c,eb609a7e169f780c6ffaf06daaca7484d9aaeae98406d24f79c473424ecd4c0c,1,8.3
445ac036ff45f180ec55480cea608901bdf66592682073fe6cc8ba8eb8659331,445ac036ff45f180ec55480cea608901bdf66592682073fe6cc8ba8eb8659331,1,2.3
911a87e7c97e1dcf14bb56243fa89fc101f9d9bec62cae8d26c12f823e371415,911a87e7c97e1dcf14bb56243fa89fc101f9d9bec62cae8d26c12f823e371415,1,0.0
1bf289b0ad7912d24e20a55025f7757396a5d6aa97b819271ab0b06946f9e997,1bf289b0ad7912d24e20a55025f7757396a5d6aa97b819271ab0b06946f9e997,1,3.7
4d81da0bfeaa92b62a76ea12295933ffee06fda2fdbb3a69e95ac09b6879e480,4d81da0bfeaa92b62a76ea12295933ffee06fda2fdbb3a69e95ac09b6879e480,1,7.6
3d0568d537a8a19f8e6e6ddb547dd292c6fb56e8c58de6fc86335318ab560403,3d0568d537a8a19f8e6e6ddb547dd292c6fb56e8c58de6fc86335318ab560403,1,6.9
59013d0977a95c758324f850482f08ce6c989b15774a89b67c88ef5532d5eac5,59013d0977a95c758324f850482f08ce6c989b15774a89b67c88ef5532d5eac5,2,5.35
ec33ce2c85c22dee5e9789a97e4fb732a9f0612450d9787210033d3e58f17ce0,ec33ce2c85c22dee5e9789a97e4fb732a9f0612450d9787210033d3e58f17ce0,1,8.2
f0e7b1e57fc9c0036c0b6f7775a5d2b171468579f694338e51cd1fdccc07815f,f0e7b1e57fc9c0036c0b6f7775a5d2b171468579f694338e51cd1fdccc07815f,2,4.1
c8d763262095fb3717fe006cde7db0c09bfb74e5ffcb14708d0505f2288df633,c8d763262095fb3717fe006cde7db0c09bfb74e5ffcb14708d0505f2288df633,1,9.1
446f8c66d9f548e6aede984dda32b5f7a34943ed9922df6a11a6c922530a5571,446f8c66d9f548e6aede984dda32b5f7a34943ed9922df6a11a6c922530a5571,2,3.95
52ad602bb3c0de199eced739c2249d807c4d72d2d32f7262a74b4e9b4ff9c5fe,52ad602bb3c0de199eced739c2249d807c4d72d2d32f7262a74b4e9b4ff9c5fe,1,7.1
65859b279b80f6391a7ba668b66025332cab16307e87974c7db7fabee7e16f35,65859b279b80f6391a7ba668b66025332cab16307e87974c7db7fabee7e16f35,1,3.8
3b10aaf37b98cde66d4a17585b92dde782464eb450a418ebbcced89e32595a8e,3b10aaf37b98cde66d4a17585b92dde782464eb450a418ebbcced89e32595a8e,1,3.8
0efd1be187bcb5a9901cf8945cb31cb3af3e853ecdb4c5a944d7f3a325e4c85c,0efd1be187bcb5a9901cf8945cb31cb3af3e853ecdb4c5a944d7f3a325e4c85c,1,0.4
7e11ff701da42eb2940d42f8c4d468db11d4dd3447ecbe1404be2a46814bdfdd,7e11ff701da42eb2940d42f8c4d468db11d4dd3447ecbe1404be2a46814bdfdd,2,5.45
2d3801f09c77575be9701c674db4883310eb88a7a69aa506526ea287b48544b3,2d3801f09c77575be9701c674db4883310eb88a7a69aa506526ea287b48544b3,1,5.0
11eeacad4375826cb74f6c44e4e85c5e717687212e5dcae0cec09422e3defffc,11eeacad4375826cb74f6c44e4e85c5e717687212e5dcae0cec09422e3defffc,1,8.7
10b101f7c2e89c9cb58e362a5e3a693c9a1c349a44cb5b8912a77733a0234d60,10b101f7c2e89c9cb58e362a5e3a693c9a1c349a44cb5b8912a77733a0234d60,1,0.6
ef03298f7128d33130d86501b8962874280be2da2e029322285639aba280b825,ef03298f7128d33130d86501b8962874280be2da2e029322285639aba280b825,1,7.4
33e99ea3211eddcc2fe4e305190e411ae35440223a9c58277d4edab56306a711,33e99ea3211eddcc2fe4e305190e411ae35440223a9c58277d4edab56306a711,1,3.4
9361f717aa2e75df24bc084f600e3b621af703b105b72e8ba19271ddce9e79ca,9361f717aa2e75df24bc084f600e3b621af703b105b72e8ba19271ddce9e79ca,1,5.1
0b5de68b61a24f55d8946ec62ede1cd6fcb7a068aa82370d6d489b785514f713,0b5de68b61a24f55d8946ec62ede1cd6fcb7a068aa82370d6d489b785514f713,1,8.8
81f55b12ea511759ca63f4b6a23e7642f39e9ff5e8112c7928329f04346058bf,81f55b12ea511759ca63f4b6a23e7642f39e9ff5e8112c7928329f04346058bf,1,3.6
a48a8ced106a90c2c6ebaa1994ee7b479b7271a8ab180058f6c85624f100d0bb,a48a8ced106a90c2c6ebaa1994ee7b479b7271a8ab180058f6c85624f100d0bb,1,7.6
d24c800715c11b318748839eabfd64676f64d2f59ffcd0e2c6ef72774cc12e35,d24c800715c11b318748839eabfd64676f64d2f59ffcd0e2c6ef72774cc12e35,1,3.0
adc441e606a7b8ae66af4376b26a29492de77cbc8a7601180729862fbdc7e52b,adc441e606a7b8ae66af4376b26a29492de77cbc8a7601180729862fbdc7e52b,1,4.2
a7a63452206e817b4e44ac3401b551411ffbe72c602d6e94c46d0820f647409d,a7a63452206e817b4e44ac3401b551411ffbe72c602d6e94c46d0820f647409d,1,8.2
bd8e9c91300cfbd0cc14689358bcd8f20543c69cece36c8dcb2e3e6bb33220d6,bd8e9c91300cfbd0cc14689358bcd8f20543c69cece36c8dcb2e3e6bb33220d6,1,4.7
3e66811a7dcddf9557ea9c46bbdada5b44ae78daa7e638e34226a536ac2dfbe1,3e66811a7dcddf9557ea9c46bbdada5b44ae78daa7e638e34226a536ac2dfbe1,1,3.7
ba0ef078b6e6b518a2b99fae90ca2c95a9c4ab206f8566db5225fef9ce2478b3,ba0ef078b6e6b518a2b99fae90ca2c95a9c4ab206f8566db5225fef9ce2478b3,1,0.6
7296b6a100cd85209d09add54c93405b84563d24a0f1bb364708d9ec30040990,7296b6a100cd85209d09add54c93405b84563d24a0f1bb364708d9ec30040990,1,2.2
2cf1708f760cb2c8de816195d2589c87015c95296742ec5f74510117fd28753b,2cf1708f760cb2c8de816195d2589c87015c95296742ec5f74510117fd28753b,1,10.0
c532c219a3a97be8e759503a40916d861aaac0ed209d8b64db0c7d44fa0f4581,c532c219a3a97be8e759503a40916d861aaac0ed209d8b64db0c7d44fa0f4581,1,0.8
39455ddfa73d5ef3efbc13ca8b328d492596a934fd1d4002f7fed0631b73c812,39455ddfa73d5ef3efbc13ca8b328d492596a934fd1d4002f7fed0631b73c812,1,8.8
7b0e1c4fcd89cba37f935addb8bb310440132884260b35a0d35a5b77363ba81d,7b0e1c4fcd89cba37f935addb8bb310440132884260b35a0d35a5b77363ba81d,2,4.5
9b39b662b34e66ce3c46424613ccf5f53725a12daee979a616f3f260908e729c,9b39b662b34e66ce3c46424613ccf5f53725a12daee979a616f3f260908e729c,1,7.6
7afa7ee2d73d5bda4c7f14780582695672a473855a44348e711bfb4ffee6f446,7afa7ee2d73d5bda4c7f14780582695672a473855a44348e711bfb4ffee6f446,1,2.5
afaaeba05e3c6817a1dc3b6cf020223fe86066f11cffd726d6f1455453c8bbec,afaaeba05e3c6817a1dc3b6cf020223fe86066f11cffd726d6f1455453c8bbec,2,6.05
1487ebeac4b3444af604b61631344562c022efa921b984152c74d71ab18809dc,1487ebeac4b3444af604b61631344562c022efa921b984152c74d71ab18809dc,1,0.3
2f1ed9ecac60acfd46e97b9fc917cee5239e60221f13e6624e7744e245564311,2f1ed9ecac60acfd46e97b9fc917cee5239e60221f13e6624e7744e245564311,1,8.5
f9f553f4b81ffc7d1a45fed911ba103697a34ac31507d0394fc5e46654816fe0,f9f553f4b81ffc7d1a45fed911ba103697a34ac31507d0394fc5e46654816fe0,1,0.4
eed7717f98e4216b367525e72e6b7930f1ff55726ea591da6e2a5e40556797b6,eed7717f98e4216b367525e72e6b7930f1ff55726ea591da6e2a5e40556797b6,1,2.8
bef55a21c2222e7d1abb6aa4348d9ddcfb555bde443c0a0dd721717ce9f56da8,bef55a21c2222e7d1abb6aa4348d9ddcfb555bde443c0a0dd721717ce9f56da8,1,2.1
4ffc6460f0a5e38b90214206180d0a89f82ea674469738a88f03f23d2ab0495d,4ffc6460f0a5e38b90214206180d0a89f82ea674469738a88f03f23d2ab0495d,1,5.2
24f2a0460d82f45593aaf7145bccb186fbf05aeff8c482ed5d17751cc83e4a99,24f2a0460d82f45593aaf7145bccb186fbf05aeff8c482ed5d17751cc83e4a99,1,6.0
641f6322778d2835efc56d2314dd31341000904c3c6512cf260587778d733eef,641f6322778d2835efc56d2314dd31341000904c3c6512cf260587778d733eef,3,6.97
04a38905841abca014b6443e3902aa1df33ca3da4fcf3ee030bd3cd566874457,04a38905841abca014b6443e3902aa1df33ca3da4fcf3ee030bd3cd566874457,1,3.3
6a9d68cacc8047c5c777c30c00fa4b985f874d726f3b905d756c3f29eab62436,6a9d68cacc8047c5c777c30c00fa4b985f874d726f3b905d756c3f29eab62436,2,0.3
9d53b93e08e71f9ba46a84a7a21567c41134e7d3b22814e422b97a1be5373038,9d53b93e08e71f9ba46a84a7a21567c41134e7d3b22814e422b97a1be5373038,1,0.2
993076fbd994a989eb3656c86017af58ae53b08e2dc282fcb632274bc7b82d1b,993076fbd994a989eb3656c86017af58ae53b08e2dc282fcb632274bc7b82d1b,1,2.7
10d9c3a29528c2d99952a564563c299e3876e2bf04dd98e278bbc8ff2588a5be,10d9c3a29528c2d99952a564563c299e3876e2bf04dd98e278bbc8ff2588a5be,1,5.6
9f9d798fbdf8061da7f158651520bf78a10bafcf7eb65cccca71ee0c554e9160,9f9d798fbdf8061da7f158651520bf78a10bafcf7eb65cccca71ee0c554e9160,1,0.6
87e83aa995db55c89705b18812a0526c01486e815d3b223807822f1cda547302,87e83aa995db55c89705b18812a0526c01486e815d3b223807822f1cda547302,1,1.7
b07f4d03582c71556f0667e3885d7ed6846c1c2514633ea300c0ab1f4f521092,b07f4d03582c71556f0667e3885d7ed6846c1c2514633ea300c0ab1f4f521092,1,8.8
0917df312515921036628069ad728cd86f22ffd75935bbbb309b48040120cfd3,0917df312515921036628069ad728cd86f22ffd75935bbbb309b48040120cfd3,1,4.2
7faf9ec36eb87278f957330ac855b56ec15380c4f1848a1f94f6a05f091a2e5d,7faf9ec36eb87278f957330ac855b56ec15380c4f1848a1f94f6a05f091a2e5d,2,8.25
d0a29ec3ca13ba5822d0a48d3ffa9f92088911ee5e6e45cf5b0c69e58a804659,d0a29ec3ca13ba5822d0a48d3ffa9f92088911ee5e6e45cf5b0c69e58a804659,1,6.2
4b92dcd0898e0120b67bb5e8a0c5ac131065391be40c4514f838869d3cfa3e65,4b92dcd0898e0120b67bb5e8a0c5ac131065391be40c4514f838869d3cfa3e65,1,6.5
b61e6aed0991e219a4b59f7b72abd890d52ba4b2a37ad17dd467e10110fa3301,b61e6aed0991e219a4b59f7b72abd890d52ba4b2a37ad17dd467e10110fa3301,1,4.7
000f65a96c97d5e1723b46203d0802be76501d43476e4fbe32e46fa5bb1dbd16,000f65a96c97d5e1723b46203d0802be76501d43476e4fbe32e46fa5bb1dbd16,2,9.4
b5fe7da4cdbdb9fa1641d96beb37cd533c79fe4b9579d2f4f6b9e70e5d7c7032,b5fe7da4cdbdb9fa1641d96beb37cd533c79fe4b9579d2f4f6b9e70e5d7c7032,1,8.3
d8dd93eb1d129a176f0ba0f1e95b0554f35e59e7a60e2c8166f52d01db3d6f30,d8dd93eb1d129a176f0ba0f1e95b0554f35e59e7a60e2c8166f52d01db3d6f30,1,3.1
01d67aa40786caa7f9dae32a19ef347f659a68ca9860801810b09916785a48a4,01d67aa40786caa7f9dae32a19ef347f659a68ca9860801810b09916785a48a4,1,5.2
3a5730ac121d74b4f219abfa0ab5815499021c9f698b5ae0405fb0bf57f91ab2,3a5730ac121d74b4f219abfa0ab5815499021c9f698b5ae0405fb0bf57f91ab2,1,6.5
35d31b56cb27f5718dd15d143cc8ef49e5f785ea805ae574c58e33462c5ccfdc,35d31b56cb27f5718dd15d143cc8ef49e5f785ea805ae574c58e33462c5ccfdc,1,2.5
12749fc0e961d4a30b334d0ad33ccc5a520682790ec736ef7cbfe9205e0be849,12749fc0e961d4a30b334d0ad33ccc5a520682790ec736ef7cbfe9205e0be849,1,4.9
1196577a59e58888e1b0770a28ef1b89d54e56b1c67c455e4213eaea31ff4eab,1196577a59e58888e1b0770a28ef1b89d54e56b1c67c455e4213eaea31ff4eab,1,2.0
3d0986c4ed9059654b57a4a1d67b7c807c3ad2f13bfc04b661a16f6604566c27,3d0986c4ed9059654b57a4a1d67b7c807c3ad2f13bfc04b661a16f6604566c27,2,4.3
72dcb1e819d973d34704a8104a1fd5c2cede4ed7f51908c56f36775e76c30b6a,72dcb1e819d973d34704a8104a1fd5c2cede4ed7f51908c56f36775e76c30b6a,1,6.8
f2f515e1332e78ffa1d9ef780f5df1246b0d3861085eb8ff10d4d1542031ff77,f2f515e1332e78ffa1d9ef780f5df1246b0d3861085eb8ff10d4d1542031ff77,2,5.35
2072f3a6709a00ceac1cb2b2063fe33a8bd7580971e1fa87083dddf12ff92271,2072f3a6709a00ceac1cb2b2063fe33a8bd7580971e1fa87083dddf12ff92271,1,7.6
d4f5afc434f2699fc9ec2f7357c74b8ecd212952e605793ec54e5309a3968bf3,d4f5afc434f2699fc9ec2f7357c74b8ecd212952e605793ec54e5309a3968bf3,1,3.5
62b22423ae2aad6bb02627da5171e44a4f42b59dcbc37f5995e40f221a440072,62b22423ae2aad6bb02627da5171e44a4f42b59dcbc37f5995e40f221a440072,1,6.9
916d701d66bcee44c3949e5675b2460c97962270428da8bfc35b96d96c9eb850,916d701d66bcee44c3949e5675b2460c97962270428da8bfc35b96d96c9eb850,1,6.1
ed14c56eafa7f8be6a1448124cde8d77b9a358498a6c540331935f2482dff6df,ed14c56eafa7f8be6a1448124cde8d77b9a358498a6c540331935f2482dff6df,1,1.4
ee00cbbc3ca599b0bc1de4025002ed09e8093d2d81f6008cfc29bab7f1d47b25,ee00cbbc3ca599b0bc1de4025002ed09e8093d2d81f6008cfc29bab7f1d47b25,2,3.75
1536c78f4d7f50f55371d89f767d21ee6cf2656e242ef748bbd7518090bb29f8,1536c78f4d7f50f55371d89f767d21ee6cf2656e242ef748bbd7518090bb29f8,2,2.35
6fe4e8defe0348b778ecca1c32e269205c06f318910033749e7bc95b2996d8c5,6fe4e8defe0348b778ecca1c32e269205c06f318910033749e7bc95b2996d8c5,1,3.5
35083f1ce19bf8fa0780edcbef570f107b04fd162682b507b97d944ca6f4a32a,35083f1ce19bf8fa0780edcbef570f107b04fd162682b507b97d944ca6f4a32a,1,7.7
a2711957d970f04faba9e001ecc47f0764fe30aab543b320ee014f79857993e2,a2711957d970f04faba9e001ecc47f0764fe30aab543b320ee014f79857993e2,1,5.8
9b99f7bb5fabf1101ad112f237d1add9aa8230153384e4f8910dea4ea876948d,9b99f7bb5fabf1101ad112f237d1add9aa8230153384e4f8910dea4ea876948d,1,6.1
15f1a84def13830d833b5c63452f81ac3bef6678b42948349d8acd2fc1c15be0,15f1a84def13830d833b5c63452f81ac3bef6678b42948349d8acd2fc1c15be0,2,5.95
4ef42a0b223e1572309b2cbac11001b5c1c9a8881ac657ca2f0d9a38a36121ef,4ef42a0b223e1572309b2cbac11001b5c1c9a8881ac657ca2f0d9a38a36121ef,1,3.4
569dcc00da2775714ab6c5b90c8bc4181b1ed4096b99a568ca908d975bea523b,569dcc00da2775714ab6c5b90c8bc4181b1ed4096b99a568ca908d975bea523b,1,2.8
d356415d3b428ba6d61b6cc3d596725430187214eda69e025a77ae54fb6d2299,d356415d3b428ba6d61b6cc3d596725430187214eda69e025a77ae54fb6d2299,1,8.6
552faa4407556e1b44acc1e0b356a665692e34fb5b302eed4e4a824f167554ee,552faa4407556e1b44acc1e0b356a665692e34fb5b302eed4e4a824f167554ee,2,9.0
656989b7ae622e20079a0dff04cec1924b77fd39c5f07484059767b32078ed7b,656989b7ae622e20079a0dff04cec1924b77fd39c5f07484059767b32078ed7b,1,2.1
44f9dbdd5b466b7ce861209488a16512902da166cb475e774cd9653178552025,44f9dbdd5b466b7ce861209488a16512902da166cb475e774cd9653178552025,1,6.3
f1dbf857dd33a33e31ea1ae32fa3a53eb090917f6092a6f8eafe6197c8e1fca9,f1dbf857dd33a33e31ea1ae32fa3a53eb090917f6092a6f8eafe6197c8e1fca9,1,2.3
18ba806eb63819961a27e6dc9e3c1b9d4c7b082e7769c93ccd6540aea029faf5,18ba806eb63819961a27e6dc9e3c1b9d4c7b082e7769c93ccd6540aea029faf5,1,8.1
f936f2121dd7a958e2c121e284a3a27cd5e82f2fc57908c784a961c67b4de4e9,f936f2121dd7a958e2c121e284a3a27cd5e82f2fc57908c784a961c67b4de4e9,1,1.5
4389f3fd97db3580a84bae48ba7ca67eca2e51f31c439f5f5f60387f1b673ee3,4389f3fd97db3580a84bae48ba7ca67eca2e51f31c439f5f5f60387f1b673ee3,1,6.4
b64f7c671fdd4e863836675139febea5c97b90aca0ddb88980a354624e108b58,b64f7c671fdd4e863836675139febea5c97b90aca0ddb88980a354624e108b58,1,0.5
8035193c70202833399d99f6a8e698559ba11d2fef5923e53cdeb298b0364ea9,8035193c70202833399d99f6a8e698559ba11d2fef5923e53cdeb298b0364ea9,1,0.4
a6dc3de2d8e1dcef69a7e04a07b6c9b58addde0f8c5575c737831ca1a087e8d7,a6dc3de2d8e1dcef69a7e04a07b6c9b58addde0f8c5575c737831ca1a087e8d7,1,0.7
196649df178ddeda122747e1e109eef0234de1d272297c408b10a5801d93b130,196649df178ddeda122747e1e109eef0234de1d272297c408b10a5801d93b130,1,0.0
faeddcbd6dec42c2c7595374e0e1ea983cb2211e67ed5e616d0d7e4deec1dbfb,faeddcbd6dec42c2c7595374e0e1ea983cb2211e67ed5e616d0d7e4deec1dbfb,1,0.9
761357254ab61c5bd6c955c471c3727f49de6504c53d55367b3a62dba0e2194c,761357254ab61c5bd6c955c471c3727f49de6504c53d55367b3a62dba0e2194c,0,
5980881c1df9059b501a6524000a6560bc265889fc8307c4b78cf815a367cf0d,5980881c1df9059b501a6524000a6560bc265889fc8307c4b78cf815a367cf0d,1,9.6
9beeea76e3e1c5c9e94b9b3d24a26b4dce0422fb2d50dde26370417340dddcd6,9beeea76e3e1c5c9e94b9b3d24a26b4dce0422fb2d50dde26370417340dddcd6,1,9.6
814ed60abb498369f6fbbef682177e507c5f84a00c2ff857e87f9cd86efad025,814ed60abb498369f6fbbef682177e507c5f84a00c2ff857e87f9cd86efad025,1,6.3
1ce4df66b465fa25995ef75dd9e5761aa4c80e012989d44e7f4989a702cff4a1,1ce4df66b465fa25995ef75dd9e5761aa4c80e012989d44e7f4989a702cff4a1,1,6.0
f82e95ac44c47a68bb0a7e73045792a9ff7e15360e9a6567e7b6c496f89f72ec,f82e95ac44c47a68bb0a7e73045792a9ff7e15360e9a6567e7b6c496f89f72ec,1,0.7
52f9fcc8db4be52d256fc84915829260e1e31aa95c9f5a0bfdbe1b3c3c7c5cd9,52f9fcc8db4be52d256fc84915829260e1e31aa95c9f5a0bfdbe1b3c3c7c5cd9,1,5.9
56fe8e75985fee08ae0bbc34220642ac5166c8679fb65644b861b882a1641abb,56fe8e75985fee08ae0bbc34220642ac5166c8679fb65644b861b882a1641abb,1,0.3
f0674c94a664d9d41b51a95506e9a9ee97e8658ed63aa409004c2f1c5e394361,f0674c94a664d9d41b51a95506e9a9ee97e8658ed63aa409004c2f1c5e394361,1,2.6
4b00ab5f7d776ba0e5e7115209e7f3378f0d7947546d2d43f7a4b5628048cd07,4b00ab5f7d776ba0e5e7115209e7f3378f0d7947546d2d43f7a4b5628048cd07,1,2.9
49ace877d874c29002f0fe123d84ea1754ee09d5ad4d111d660986d404711195,49ace877d874c29002f0fe123d84ea1754ee09d5ad4d111d660986d404711195,1,3.0
e2f3251fd43db6661c770d723348fdf23f3017d08180d722c3933838e67ce8b7,e2f3251fd43db6661c770d723348fdf23f3017d08180d722c3933838e67ce8b7,1,8.3
5a742c2ad516b414d6f4f6464dc2627fa21f0186cbe7df09c32cb6a0164f5bf4,5a742c2ad516b414d6f4f6464dc2627fa21f0186cbe7df09c32cb6a0164f5bf4,1,6.5
8ed35126ed5eb8803b667af913687b49c342362cda8ce232a6eb55468632e4a8,8ed35126ed5eb8803b667af913687b49c342362cda8ce232a6eb55468632e4a8,1,9.4
3328634de9eccb595c8e129616aabddb2c6c92ca56c22e5aeea9cadd703ea60d,3328634de9eccb595c8e129616aabddb2c6c92ca56c22e5aeea9cadd703ea60d,3,3.67
ce87b91d358fb923c8cffd62745f6171af4a6d07ba8f4b429e5d4d17271314cc,ce87b91d358fb923c8cffd62745f6171af4a6d07ba8f4b429e5d4d17271314cc,1,9.0
2e52059fa1d52ba98180dd99f64303ee0c9fb0d6a0534780546d06a6b3d36ad2,2e52059fa1d52ba98180dd99f64303ee0c9fb0d6a0534780546d06a6b3d36ad2,1,1.1
8fe14122f3c27e2a23fa30414a5c5733ba8b791ef65bb850af6e72ee558aefe0,8fe14122f3c27e2a23fa30414a5c5733ba8b791ef65bb850af6e72ee558aefe0,1,0.7
feeb319ff6a3cf6de08792499de67d62712fa15579f1ce2687105f8f15778419,feeb319ff6a3cf6de08792499de67d62712fa15579f1ce2687105f8f15778419,1,7.1
23c7e4bd6b5532e7fdfb4a42ed3eff6331ad758b3b6ba397a5599d2bb90a038f,23c7e4bd6b5532e7fdfb4a42ed3eff6331ad758b3b6ba397a5599d2bb90a038f,1,6.7
5e1289ff8d64dae4ab6338307fe0ad94df1443ad458d168aa24f68c24fa8a86c,5e1289ff8d64dae4ab6338307fe0ad94df1443ad458d168aa24f68c24fa8a86c,1,5.7
45207779d97d41950b125bd829414f19a819d6eba7615eba6443e33be95742bf,45207779d97d41950b125bd829414f19a819d6eba7615eba6443e33be95742bf,1,0.8
e3233f29ad75e68fb951398e1ba3dcb3133015627b0122dd871f06c49ff8477c,e3233f29ad75e68fb951398e1ba3dcb3133015627b0122dd871f06c49ff8477c,1,1.6
ea93c588f6f55715fe26d0c9e5c4a9a6db63e7bd600728b40b88d88a71d171b2,ea93c588f6f55715fe26d0c9e5c4a9a6db63e7bd600728b40b88d88a71d171b2,1,4.3
2e13f3848f169944864255eee116322252c47820ea87e4b2840b201891f6a9fc,2e13f3848f169944864255eee116322252c47820ea87e4b2840b201891f6a9fc,1,7.0
d7d588866f8e53f1daf66e805b66efed7f43c5f00274b9dffa7c19dc8fce2657,d7d588866f8e53f1daf66e805b66efed7f43c5f00274b9dffa7c19dc8fce2657,1,9.8
7066a11f16a7482ee3ec605e5b54aad93fe8c7e0544877c57c7060d2d361057a,7066a11f16a7482ee3ec605e5b54aad93fe8c7e0544877c57c7060d2d361057a,1,4.7
71752b23b9b442c9437c3ad6e836fb8ebf0e493ed8385077895147ff7ad693b7,71752b23b9b442c9437c3ad6e836fb8ebf0e493ed8385077895147ff7ad693b7,1,0.7
41b68e9a9e5345d1a0a5760fe8e4392444acaed2b1305b2f030d703efb669965,41b68e9a9e5345d1a0a5760fe8e4392444acaed2b1305b2f030d703efb669965,1,4.4
585324faa331a48b9cd79d663a4e15106eb8ff64d157f3e1e599509d37d4c6e1,585324faa331a48b9cd79d663a4e15106eb8ff64d157f3e1e599509d37d4c6e1,1,6.9
8b1691b4db798dab15cf776aa252c698d63cec7320feb76b67abb863b2f71cf2,8b1691b4db798dab15cf776aa252c698d63cec7320feb76b67abb863b2f71cf2,1,8.3
7ea6849fff8533389da80858509333e2a7aa6a0598fcdca1f3fa6198ef282d1b,7ea6849fff8533389da80858509333e2a7aa6a0598fcdca1f3fa6198ef282d1b,1,1.9
96b2a1b167b76a5bd4de0541ba6342bff1a8f1e899596275e19a409cfb2030b6,96b2a1b167b76a5bd4de0541ba6342bff1a8f1e899596275e19a409cfb2030b6,2,6.4
f541a83e7f6d6e6d4317b41d6e0453920450cb1b2dea68f1a40d676c905a11db,f541a83e7f6d6e6d4317b41d6e0453920450cb1b2dea68f1a40d676c905a11db,3,5.47
64e7c4a44be32079e939c4fb01095e9015bceb5afe487b16c714eab139e78dda,64e7c4a44be32079e939c4fb01095e9015bceb5afe487b16c714eab139e78dda,1,0.7
b30a4f742aedcbec5d39e537daa7a68678615a06c1e0bee490eb9cfb90827601,b30a4f742aedcbec5d39e537daa7a68678615a06c1e0bee490eb9cfb90827601,1,8.3
60860668fa1991502e048d6019d2f9d16976025b949a506dd6162cd17949b5cc,60860668fa1991502e048d6019d2f9d16976025b949a506dd6162cd17949b5cc,1,6.4
e9be305536b508a784be7447da7366aea41eb2750b5326564965e062ac395532,e9be305536b508a784be7447da7366aea41eb2750b5326564965e062ac395532,1,2.0
4f987a78100d0577c52009628b6656769339003ada0c42372ea0aeae5440e8fb,4f987a78100d0577c52009628b6656769339003ada0c42372ea0aeae5440e8fb,1,8.7
4f45371f49ed1b21b1d4f1fa09a35252632057b9be035fe168971af949703f37,4f45371f49ed1b21b1d4f1fa09a35252632057b9be035fe168971af949703f37,1,0.0
1750b70e18c16718a2012bcd1615661c1ecf89f9debbad9c3002c960a8e2a2cc,1750b70e18c16718a2012bcd1615661c1ecf89f9debbad9c3002c960a8e2a2cc,1,4.5
9e1a2033bdc1cde04e484ce466ff900d762a1efe13adc44419a483de4fcec36a,9e1a2033bdc1cde04e484ce466ff900d762a1efe13adc44419a483de4fcec36a,1,1.5
39e7588c834b1dbb52604884c6b577a70f5f1c914eed89ad410f68bbcc4fe43b,39e7588c834b1dbb52604884c6b577a70f5f1c914eed89ad410f68bbcc4fe43b,1,9.0
9c593c1d4ef5fa45132270e7164a748e456624cf60ec1a143f60efb672b52a3b,9c593c1d4ef5fa45132270e7164a748e456624cf60ec1a143f60efb672b52a3b,1,9.5
3dc6be57514f664252acbee70fa78b4980c0f3450bcfad5eea7e7cc2e5c3f5b5,3dc6be57514f664252acbee70fa78b4980c0f3450bcfad5eea7e7cc2e5c3f5b5,2,0.55
3d6971774a49fcb8378b16d506f6b0cdbc1a4936ae0c9b0aa5b523d98b43edff,3d6971774a49fcb8378b16d506f6b0cdbc1a4936ae0c9b0aa5b523d98b43edff,1,8.5
b6396380ad4e4eff6ac9498b4ac5b18cf090e2f312ecfc6c97d5d4b8ca1c1333,b6396380ad4e4eff6ac9498b4ac5b18cf090e2f312ecfc6c97d5d4b8ca1c1333,1,4.9
8a4e2a22c9e6810847eb023a901a22684223254b1dcf4fdef64ebb8f31ddb94e,8a4e2a22c9e6810847eb023a901a22684223254b1dcf4fdef64ebb8f31ddb94e,1,0.2
4ac2cdc791c3f7275e279a6b3d3bae3dad4b6090dc080d6542ac3c662bdfa9ae,4ac2cdc791c3f7275e279a6b3d3bae3dad4b6090dc080d6542ac3c662bdfa9ae,1,6.7
1af2f7bafedd5ef7da7f5f0ad41e02a5636b69b5f65008b9aa8224d1708db95c,1af2f7bafedd5ef7da7f5f0ad41e02a5636b69b5f65008b9aa8224d1708db95c,0,
df80e0aa855e2de6b95f65d93856b1a52e57ccbe7e86497d4dc1d955e77723f3,df80e0aa855e2de6b95f65d93856b1a52e57ccbe7e86497d4dc1d955e77723f3,1,3.5
c8b9badecea183e1f5b6dde56819aeda42a9ce61348425d4d106c7946df60112,c8b9badecea183e1f5b6dde56819aeda42a9ce61348425d4d106c7946df60112,1,8.9
019975c189afb6b027eeb2cf6f5b9dc8178055cee9581920fa323f628dd8d3c6,019975c189afb6b027eeb2cf6f5b9dc8178055cee9581920fa323f628dd8d3c6,1,6.4
3c5e3c7962c9f7bfd9940e5eb34c7145c66ff255fee4c2aedbafc27ddf1cc509,3c5e3c7962c9f7bfd9940e5eb34c7145c66ff255fee4c2aedbafc27ddf1cc509,2,5.7
05af9c80ffa37ace9f0ee7c333a8233ac945a3400329761f968c36df7be005c5,05af9c80ffa37ace9f0ee7c333a8233ac945a3400329761f968c36df7be005c5,1,9.1
1e9ccad02733c8b4348f74418daf5713d2bc05d10b8e0fe2d3b2dc21adc344fb,1e9ccad02733c8b4348f74418daf5713d2bc05d10b8e0fe2d3b2dc21adc344fb,1,9.0
4e5583a14d17ce3ab688633b8f663ead0d70bf08e3296ead7a2426d035e85250,4e5583a14d17ce3ab688633b8f663ead0d70bf08e3296ead7a2426d035e85250,0,
35b4b33ec1b81662982bdea18c57751aebf2f2dad30e9c40d721f91fb6154889,35b4b33ec1b81662982bdea18c57751aebf2f2dad30e9c40d721f91fb6154889,1,2.8
08b3624d37ab364d672c7cda82f2f94f63927b1b14c10519ac09e5965ebb3a1d,08b3624d37ab364d672c7cda82f2f94f63927b1b14c10519ac09e5965ebb3a1d,1,6.5
1cafbbc68057d43f2589ef5154d759bcf81edb85a540abf584d17a1a2939de02,1cafbbc68057d43f2589ef5154d759bcf81edb85a540abf584d17a1a2939de02,1,6.2
b9038a6cd327ffff839ee406ebce7ac463f125f9da97133ad17485332c6d44c6,b9038a6cd327ffff839ee406ebce7ac463f125f9da97133ad17485332c6d44c6,1,6.5
d021b850f448068e1c59dde0a4ed257634418de582b787f0c49815e1da996863,d021b850f448068e1c59dde0a4ed257634418de582b787f0c49815e1da996863,1,0.6
6c4d2c5e7e89209507b6c144f07d2ab256fc6c1813a8d9f1fdbf8ca39b1f82f6,6c4d2c5e7e89209507b6c144f07d2ab256fc6c1813a8d9f1fdbf8ca39b1f82f6,1,8.1
7a991eb747e431e9a95251e96260f3d63e01db543ce432b5cc55580ce61a85d4,7a991eb747e431e9a95251e96260f3d63e01db543ce432b5cc55580ce61a85d4,1,6.0
6fa660a32839ba5304966c178481b2ec3f3dda1d79020afd53cc40861038cbab,6fa660a32839ba5304966c178481b2ec3f3dda1d79020afd53cc40861038cbab,1,0.7
e2d61354550e630e73f16f77cb3134c5d158549af7e9a4d78963812fc00d4ab9,e2d61354550e630e73f16f77cb3134c5d158549af7e9a4d78963812fc00d4ab9,1,4.5
133135654f48174ce102b6e9daee4814e52447f098461d64fdff015d3c6fef0d,133135654f48174ce102b6e9daee4814e52447f098461d64fdff015d3c6fef0d,1,4.8
08b5643c14f610e299b1358031c62978682de203d5ef97716a10a145a2218e79,08b5643c14f610e299b1358031c62978682de203d5ef97716a10a145a2218e79,1,7.0
5e75a078ae73e4b38f3f0b2614b20d876f089cf8db7b8f2a2002dbd314226cab,5e75a078ae73e4b38f3f0b2614b20d876f089cf8db7b8f2a2002dbd314226cab,1,6.1
da143cc5fde6b16e71cda2f1f8519af7be4ddba4bb6529667405b6b692df9bfb,da143cc5fde6b16e71cda2f1f8519af7be4ddba4bb6529667405b6b692df9bfb,1,3.1
df7fa497b434b3bde1c19fdae6fae9087b8af12814b2a159ca4e37d89ba19091,df7fa497b434b3bde1c19fdae6fae9087b8af12814b2a159ca4e37d89ba19091,1,3.0
e0ef2105a76f7bfd486729a238e08c492585ac9df4e10a567633090707f2eeae,e0ef2105a76f7bfd486729a238e08c492585ac9df4e10a567633090707f2eeae,1,0.8
1a8fbfb1a17a97470f640c573ace30228cf1f6ffc15481cb8b6634d4e1eb8cda,1a8fbfb1a17a97470f640c573ace30228cf1f6ffc15481cb8b6634d4e1eb8cda,1,3.9
51c3021a5eae0bf95a862b1859a79463d878f48a0a27d3cf0d1d38e275c054f2,51c3021a5eae0bf95a862b1859a79463d878f48a0a27d3cf0d1d38e275c054f2,3,2.57
015d4533f1aae61947d692c29dd6fcc49d75504b91d271ea073481cf2cdd9f3c,015d4533f1aae61947d692c29dd6fcc49d75504b91d271ea073481cf2cdd9f3c,1,8.3
afcdb99aa50d5764a59ed853d33fc7aae264f9a48a14449e6ea640ecfe17575b,afcdb99aa50d5764a59ed853d33fc7aae264f9a48a14449e6ea640ecfe17575b,1,0.1
d4a95ccf17f00f70a2d4c8f64505d9815e5dfe8c5d2c2e048b2f78eed0f149d6,d4a95ccf17f00f70a2d4c8f64505d9815e5dfe8c5d2c2e048b2f78eed0f149d6,1,2.8
2961b5d805ab94a3110a53fad4a1be2c5ad3553ff42b502fb90d15e8f4e9d308,2961b5d805ab94a3110a53fad4a1be2c5ad3553ff42b502fb90d15e8f4e9d308,1,2.8
6d9679fcaebbda64d343ace9a6542ac3c6a621e400e74951357e9aafc9f8d786,6d9679fcaebbda64d343ace9a6542ac3c6a621e400e74951357e9aafc9f8d786,1,1.2
881b68f4cbe2bee8be3c9fff2845f05566bb22bb1cc72ac9b4a571bf9c5ed8f3,881b68f4cbe2bee8be3c9fff2845f05566bb22bb1cc72ac9b4a571bf9c5ed8f3,1,2.1
6bc160e109d8b6978dc64480921ec50f0602152cd92fc1c0ae1191aa16f972f2,6bc160e109d8b6978dc64480921ec50f0602152cd92fc1c0ae1191aa16f972f2,1,3.2
7be897e56fac7237af41a9d584e5109d88800e5e35ea0847f78b3007d8474a03,7be897e56fac7237af41a9d584e5109d88800e5e35ea0847f78b3007d8474a03,1,3.4
bcd55a854a4e5863e26ca08a5e8672c71955623f842aa0b6b3bab6b4e7ad4c3a,bcd55a854a4e5863e26ca08a5e8672c71955623f842aa0b6b3bab6b4e7ad4c3a,1,6.6
7e968b309ad8b4f6587e009df41e6c0c7c1f9cc967390e1fd03dac2647d330d4,7e968b309ad8b4f6587e009df41e6c0c7c1f9cc967390e1fd03dac2647d330d4,1,2.5
ab4cffc0b35e4ecda734e5e689ae293462154d7ce6eb608e7dcd98539e3e6693,ab4cffc0b35e4ecda734e5e689ae293462154d7ce6eb608e7dcd98539e3e6693,1,9.2
faa8e67af939fe79a85bf5af8784f1595dc20e5569280a2cd14149e08ad83a20,faa8e67af939fe79a85bf5af8784f1595dc20e5569280a2cd14149e08ad83a20,1,2.2
c7ed12f55bd09355af2d8dabf858eefa650f0db91928b81618a50bb7cf32677a,c7ed12f55bd09355af2d8dabf858eefa650f0db91928b81618a50bb7cf32677a,1,4.3
8388f719f161a066455121732d399e92e891c3b6295e8438d9814d801403bbb3,8388f719f161a066455121732d399e92e891c3b6295e8438d9814d801403bbb3,1,3.8
1b2361ba0963d890bc492a8325161f54cdfab9dc4037c1263cd18c692aadc08a,1b2361ba0963d890bc492a8325161f54cdfab9dc4037c1263cd18c692aadc08a,1,4.8
52e9c3f7219de51f200ae2a2aaa0fd6144a477bee7e2f621e55488f948664057,52e9c3f7219de51f200ae2a2aaa0fd6144a477bee7e2f621e55488f948664057,1,8.9
b58bbbdd432ba8a89c47a71f99e10cd3f37776f3a0789149e6c013296c081eac,b58bbbdd432ba8a89c47a71f99e10cd3f37776f3a0789149e6c013296c081eac,1,3.4
1625fad5abf1dce28f509efa909e3168ad2a46280996780c1080ef76102bcad3,1625fad5abf1dce28f509efa909e3168ad2a46280996780c1080ef76102bcad3,1,5.5
1ddddd4ac2270e830ea0f6a9e520f572ea03f08678284bfdae054f000f63e8fd,1ddddd4ac2270e830ea0f6a9e520f572ea03f08678284bfdae054f000f63e8fd,1,8.0
0201e4cfae2c11d0dc6449e3da1a6a339bebf7bd58e7bf17b3ea1146c2b12bb0,0201e4cfae2c11d0dc6449e3da1a6a339bebf7bd58e7bf17b3ea1146c2b12bb0,1,2.4
415a4afaee153f6a51ec9d0a493a96331c71cddeae8a54e3f68074d87dd3d1d1,415a4afaee153f6a51ec9d0a493a96331c71cddeae8a54e3f68074d87dd3d1d1,1,8.8
a5fbd44ec029fb38e5aee1868d2839842e421b59bd6e350cd7320fa006aff854,a5fbd44ec029fb38e5aee1868d2839842e421b59bd6e350cd7320fa006aff854,2,3.9
36515c4574832f948ec17dd2d16cab0f67b4b7bbbb94ea550958da36931eb664,36515c4574832f948ec17dd2d16cab0f67b4b7bbbb94ea550958da36931eb664,1,1.9
97cdec8a0dddb69bf91eaa1f4cbee1b615b8f054695e1385904bfd0d05537c09,97cdec8a0dddb69bf91eaa1f4cbee1b615b8f054695e1385904bfd0d05537c09,1,9.6
4d17e8b9f038f08d16d2762125549d9ec209844cc709b294303c6dc0e5027288,4d17e8b9f038f08d16d2762125549d9ec209844cc709b294303c6dc0e5027288,1,9.3
f02c66feb207d9b1597afa6bcb3da339a91208c42a3da5edc966245f0df52809,f02c66feb207d9b1597afa6bcb3da339a91208c42a3da5edc966245f0df52809,1,8.3
4763470d4aa1ae4ca9548413181682c0a64896e09cf43966d3bf7b890b6747af,4763470d4aa1ae4ca9548413181682c0a64896e09cf43966d3bf7b890b6747af,1,9.1
4ce601ae503f4c1b24fb66867f972ae4ec20d0e46ea0918bb4e72a4bb73bc8bb,4ce601ae503f4c1b24fb66867f972ae4ec20d0e46ea0918bb4e72a4bb73bc8bb,1,5.3
0fc726452fd9aebe0a0bb296afdd72e3728a94eac63a18db7e91bda5dc36859c,0fc726452fd9aebe0a0bb296afdd72e3728a94eac63a18db7e91bda5dc36859c,1,5.9
a1740c40038d3b74cd86ea21d6c0091757c12544ae1e2f37fa951007f1d760a7,a1740c40038d3b74cd86ea21d6c0091757c12544ae1e2f37fa951007f1d760a7,2,8.6
6a543e4d5a4d8dbc362d8cc352bf8caad9ef1fff85b92c0bcdc584b07ed872be,6a543e4d5a4d8dbc362d8cc352bf8caad9ef1fff85b92c0bcdc584b07ed872be,1,3.9
8818d3060fc14a661f7394dfd46c93b6fa1fdc5175785dd7dd784f1ffa7ca27a,8818d3060fc14a661f7394dfd46c93b6fa1fdc5175785dd7dd784f1ffa7ca27a,1,3.8
7e54428abefabfd77c677a80df812d3c50bfc83ede11c728847ef196f6010a44,7e54428abefabfd77c677a80df812d3c50bfc83ede11c728847ef196f6010a44,1,5.6
cf11514e0e8a17be30100f6642066456cd172e39cc63107c680170cac30e937e,cf11514e0e8a17be30100f6642066456cd172e39cc63107c680170cac30e937e,1,4.0
aa994dfd4da265182ef268d8f105de19cbfea643608be6e7d5020cab63deb85e,aa994dfd4da265182ef268d8f105de19cbfea643608be6e7d5020cab63deb85e,1,5.9
ea8a38f2b549d88a3bb0cf4f1483109635b775b5a56424e6364804291c08dfff,ea8a38f2b549d88a3bb0cf4f1483109635b775b5a56424e6364804291c08dfff,1,6.7
d6620ecb93eb7394a1145c5bfc1bc033f7d5f15a6d1eba79f49bc6c5de517b04,d6620ecb93eb7394a1145c5bfc1bc033f7d5f15a6d1eba79f49bc6c5de517b04,1,1.9
dda972878e8fd4bfeecdea2884574108cd059bccee17b01ddd036d51078f1093,dda972878e8fd4bfeecdea2884574108cd059bccee17b01ddd036d51078f1093,1,3.0
796ab1736d969fb940ebdf338c2f2886431a0e97397746fd03d5f26bee8c300d,796ab1736d969fb940ebdf338c2f2886431a0e97397746fd03d5f26bee8c300d,2,3.6
42fb35fb8fdcb7c9c7017b33ce3bf97adfacb59d367fb0262c35a1ab5282f69f,42fb35fb8fdcb7c9c7017b33ce3bf97adfacb59d367fb0262c35a1ab5282f69f,1,7.3
7a73824d3cf39c471fe8daa578d6245b9d644166761ea2dd15b803adc4250cc2,7a73824d3cf39c471fe8daa578d6245b9d644166761ea2dd15b803adc4250cc2,1,2.0
38037a6936bda4ff52312643bdd62629d23926639bf1b74f0c5da5731d83bd10,38037a6936bda4ff52312643bdd62629d23926639bf1b74f0c5da5731d83bd10,1,9.6
3ed37802ffc5f1d4d9e90b9c7ae9715295566d8907cea40de71ecdcd7cacf635,3ed37802ffc5f1d4d9e90b9c7ae9715295566d8907cea40de71ecdcd7cacf635,1,5.0
d0d21733b2b4eb9251a6b09d4dd7b678bbbbb87a3e77c1894ee3401babc2461a,d0d21733b2b4eb9251a6b09d4dd7b678bbbbb87a3e77c1894ee3401babc2461a,1,4.8
b8970b93e32c72875d29f0c985691e872ad0a3d2ce4e8f895c50d11721c951da,b8970b93e32c72875d29f0c985691e872ad0a3d2ce4e8f895c50d11721c951da,1,4.5
b355d9ae4dd1ad8d93daa14b4d6679d54b8c9f4a79ae4065151f510a3578b729,b355d9ae4dd1ad8d93daa14b4d6679d54b8c9f4a79ae4065151f510a3578b729,1,5.0
8dc9e3aaf2121900e97ad9ac7bf84745dc24e9a7256282b0adfa1b447467899a,8dc9e3aaf2121900e97ad9ac7bf84745dc24e9a7256282b0adfa1b447467899a,1,1.3
15f765a28ee7c8af6ffa722e2a77242e4fd726a56e3e1ba312a936af6888977d,15f765a28ee7c8af6ffa722e2a77242e4fd726a56e3e1ba312a936af6888977d,1,5.2
83e0f97255fde448df471234770736403bebd86b8798c0e2b2360f41ee0727f6,83e0f97255fde448df471234770736403bebd86b8798c0e2b2360f41ee0727f6,2,4.65
399c1404a2e5967a3fa3dcd445dd0b347f3e38d491dac3579855f6e76a931723,399c1404a2e5967a3fa3dcd445dd0b347f3e38d491dac3579855f6e76a931723,2,6.05
c62674c750d8ce1451c8f0d28ba17ba719975f1cd1217f4528374ee68a72c78a,c62674c750d8ce1451c8f0d28ba17ba719975f1cd1217f4528374ee68a72c78a,1,8.5
50c1eba92234a664189cfe4deb9ca874b8934cd7b601209aeb608d47234c882c,50c1eba92234a664189cfe4deb9ca874b8934cd7b601209aeb608d47234c882c,1,5.5
5b46741c9c54efbc0d0a469141bb215f0b0fd18b0acb0dad4f78ae963b59d293,5b46741c9c54efbc0d0a469141bb215f0b0fd18b0acb0dad4f78ae963b59d293,1,3.3
e5c8cc0bd85d866136a7daa2735f7562650271b5caf1371214e969b3317b5a1b,e5c8cc0bd85d866136a7daa2735f7562650271b5caf1371214e969b3317b5a1b,2,6.85
8004680a1fd63b4eeef8bc6ded3a4d0a58f607497ea58d2b8b87cb98237eb63c,8004680a1fd63b4eeef8bc6ded3a4d0a58f607497ea58d2b8b87cb98237eb63c,1,3.0
b31103d6e461c246409efb6d8e7a0354b045a134bb0e9ad4f5bbc03a21224f69,b31103d6e461c246409efb6d8e7a0354b045a134bb0e9ad4f5bbc03a21224f69,1,9.8
27eb92284ea25b6fba66cc6a6615cc9823bfc3db98f146ab0ac019d9400b8406,27eb92284ea25b6fba66cc6a6615cc9823bfc3db98f146ab0ac019d9400b8406,1,9.3
35be9c0eb0201713d8a0e5d6a48af85d0720abbfd7ee64a62fb20ed4aa2def24,35be9c0eb0201713d8a0e5d6a48af85d0720abbfd7ee64a62fb20ed4aa2def24,1,9.9
f611fcc2c423e2ba2cd0d131c698ffac461a600ef00c4b1442e1a374b1c668d1,f611fcc2c423e2ba2cd0d131c698ffac461a600ef00c4b1442e1a374b1c668d1,1,8.3
019fc7bd5cb361098d942f004ced265c4a89558927ec9781605e81f7f0307edb,019fc7bd5cb361098d942f004ced265c4a89558927ec9781605e81f7f0307edb,1,9.9
2a443ef8ed61ff95ab0c50c0df2a71292a6887e1fe19b4df0a6be7b06e596c9b,2a443ef8ed61ff95ab0c50c0df2a71292a6887e1fe19b4df0a6be7b06e596c9b,1,2.3
7f75acc582452c87822cd1eec7d655e69a357c21b3ea63cbb07bdb5b1fa1c50d,7f75acc582452c87822cd1eec7d655e69a357c21b3ea63cbb07bdb5b1fa1c50d,1,2.9
aa7a0419e012580752e8761a7ec9b720f1089c39f0e7d0fa97c703518e63f4b2,aa7a0419e012580752e8761a7ec9b720f1089c39f0e7d0fa97c703518e63f4b2,2,7.7
f4bd9fa67d9f8e62f010ea93a93497b09cf85793ebd2659fda92bffa627c05ed,f4bd9fa67d9f8e62f010ea93a93497b09cf85793ebd2659fda92bffa627c05ed,1,0.9
ad12bc842ed9f0a8f7f16718831c5e6da35a0fabaf9cbbb0ba19ce5aa6931edd,ad12bc842ed9f0a8f7f16718831c5e6da35a0fabaf9cbbb0ba19ce5aa6931edd,1,4.7
243db9f81baec4500625a6144c8fe5e8b644ce846d7b79e2fad65028e6caddab,243db9f81baec4500625a6144c8fe5e8b644ce846d7b79e2fad65028e6caddab,1,9.1
798b2f783d8c847e9f27eea331701e558e816088b74520fc61cb8b80140b0444,798b2f783d8c847e9f27eea331701e558e816088b74520fc61cb8b80140b0444,1,1.4
611ff4d4a0666ef87f6c35bfa949badd0ab0ceb1491bad78a69032c09fddc037,611ff4d4a0666ef87f6c35bfa949badd0ab0ceb1491bad78a69032c09fddc037,1,3.2
5d772a96b85321f66223c0b9913cfad5522fd95782e3c91abddbd9adc466fae0,5d772a96b85321f66223c0b9913cfad5522fd95782e3c91abddbd9adc466fae0,2,5.3
b4da6f800ab5786ca30af3310c96550e9e3e9f750b5308980d7ddacebffd8467,b4da6f800ab5786ca30af3310c96550e9e3e9f750b5308980d7ddacebffd8467,1,4.7
db3ea15a87ce18b4ad8425ac181de4c3443265de109805733b37ad3e3eae4e29,db3ea15a87ce18b4ad8425ac181de4c3443265de109805733b37ad3e3eae4e29,1,4.7
9b32c701dd885bc163391870f6b5c2f0d8daf1856529dac4fde29d737a3e0f7e,9b32c701dd885bc163391870f6b5c2f0d8daf1856529dac4fde29d737a3e0f7e,1,2.6
0692f0e748da3b32b000d15cc3cd67cde7ea40a5401167fc213b6b138637c976,0692f0e748da3b32b000d15cc3cd67cde7ea40a5401167fc213b6b138637c976,1,6.9
743be015489437e849981127fb26419d93959985a329a26d21bc7cd09e793e9b,743be015489437e849981127fb26419d93959985a329a26d21bc7cd09e793e9b,1,5.1
467b773241d5f8fe4eb4c25c9f1eae47697273f35c5e72a6bda21af7cef11594,467b773241d5f8fe4eb4c25c9f1eae47697273f35c5e72a6bda21af7cef11594,1,6.2
79ca5d46393f316111e8bd185e36612eaae274d4b2fad11701d1c3177113a615,79ca5d46393f316111e8bd185e36612eaae274d4b2fad11701d1c3177113a615,1,4.9
c79d2ae26a92ec8e2ba6b882e76127ccf2509a4f3334925bb95babdd4cea724a,c79d2ae26a92ec8e2ba6b882e76127ccf2509a4f3334925bb95babdd4cea724a,2,1.05
be9ddfe8471bae18664d0913def106183957f175b55a9d4eda88f4a8f89c04da,be9ddfe8471bae18664d0913def106183957f175b55a9d4eda88f4a8f89c04da,1,9.0
9044b83efc400307ac936afc23522342a4308f560c8c7280c9a6b8564325c9b0,9044b83efc400307ac936afc23522342a4308f560c8c7280c9a6b8564325c9b0,1,4.7
011c396c80ce5a7e6d93ce28a486f182f967c5028a65add30baa7e9282dec07e,011c396c80ce5a7e6d93ce28a486f182f967c5028a65add30baa7e9282dec07e,1,5.7
6608b000bd3de899d8faa03efbf23a5b8829629be6e5c6d3707917a68a32949c,6608b000bd3de899d8faa03efbf23a5b8829629be6e5c6d3707917a68a32949c,1,8.6
72e138072ef5cc1c4f6a2eb5e6c271971c3bafbad613dcd6404aecfa814d763a,72e138072ef5cc1c4f6a2eb5e6c271971c3bafbad613dcd6404aecfa814d763a,1,3.1
f4ff08e3e20b4e418cb4e4d1ea94d9524bab6586f7eb20918671d88063c7c040,f4ff08e3e20b4e418cb4e4d1ea94d9524bab6586f7eb20918671d88063c7c040,1,0.0
dda8cab6082a591a6ed0d9a8e2a62177653f42a03f230770949347892fbee4bd,dda8cab6082a591a6ed0d9a8e2a62177653f42a03f230770949347892fbee4bd,1,3.2
5e58316d73d3b0f6e56955e675d515a3a2845a1da1f12ec818aead48154ffcbf,5e58316d73d3b0f6e56955e675d515a3a2845a1da1f12ec818aead48154ffcbf,1,2.9
2899e6138505825e9c3c6c5c520fe8e4a1dc86dd201f3edd1e6d879c0e028b3e,2899e6138505825e9c3c6c5c520fe8e4a1dc86dd201f3edd1e6d879c0e028b3e,1,9.9
8167110434a0d706c9001315b2f2c3f70222a64cd16fb7131c083b6d0a033399,8167110434a0d706c9001315b2f2c3f70222a64cd16fb7131c083b6d0a033399,1,2.6
12868bb344ebb14fc48a5d7be2c9fcceb99ad19a9253ee801a75b81b170ab238,12868bb344ebb14fc48a5d7be2c9fcceb99ad19a9253ee801a75b81b170ab238,1,4.7
fd1e73ca1a3287e072e83e33a3b3ba9e2d9b09f28c4f41d9ce7857e5cc977a30,fd1e73ca1a3287e072e83e33a3b3ba9e2d9b09f28c4f41d9ce7857e5cc977a30,1,0.3
d25538eb698115183572abf608f9beba3ae4d5ef71983381c17af19448020d20,d25538eb698115183572abf608f9beba3ae4d5ef71983381c17af19448020d20,1,1.8
f46a0ce4de5265e36950223af4bef8e3cc2df30142adccb0342e46272cf8290a,f46a0ce4de5265e36950223af4bef8e3cc2df30142adccb0342e46272cf8290a,1,8.6
1a9dbd8672e36b34f3315ce8e2fe580e2766b85716e86e658a98ce13fd2aa573,1a9dbd8672e36b34f3315ce8e2fe580e2766b85716e86e658a98ce13fd2aa573,1,5.5
4d1a3d2d3785c6370ee706ca269dd18518510bbe4479e5df7caf7fc64a76094a,4d1a3d2d3785c6370ee706ca269dd18518510bbe4479e5df7caf7fc64a76094a,2,8.05
3b3ad93f48fc0657bea86dfcddb626f36def6ae5ce15dbcb83fb1967d1e7e8d6,3b3ad93f48fc0657bea86dfcddb626f36def6ae5ce15dbcb83fb1967d1e7e8d6,1,1.9
715e7f58845f76061861d5ff028709ad74416a8cf4cb66f939a2ae1f01846148,715e7f58845f76061861d5ff028709ad74416a8cf4cb66f939a2ae1f01846148,1,7.3
e8789739745ebe4254329f3c3eafa36c907c9ff92e927bb21c8820c7f1e11012,e8789739745ebe4254329f3c3eafa36c907c9ff92e927bb21c8820c7f1e11012,1,6.7
37085f3ee8d14990ec612699d66df8333c7930c73f2a9c424e9f7aa50c34d713,37085f3ee8d14990ec612699d66df8333c7930c73f2a9c424e9f7aa50c34d713,1,2.6
21df6a3f563668d2ca7b9713d79b6a8aae2498cebc5beaa027ee3a183c147af4,21df6a3f563668d2ca7b9713d79b6a8aae2498cebc5beaa027ee3a183c147af4,1,0.5
3ed0cc467260d888945f3b7a23ef31407b92e36ce29c20ac895f8bc3a5f002bf,3ed0cc467260d888945f3b7a23ef31407b92e36ce29c20ac895f8bc3a5f002bf,1,6.3
5401dc8957248f83e3dacab328b622d3d5ea8c895af113b448990eb2d818bc03,5401dc8957248f83e3dacab328b622d3d5ea8c895af113b448990eb2d818bc03,1,4.9
004fc5f5120e240cb5bb08bb4b2e26335cf21db7fc993067e90e6eb42a1d2375,004fc5f5120e240cb5bb08bb4b2e26335cf21db7fc993067e90e6eb42a1d2375,1,4.0
6fd08a96de8087309dd4a8b0c7c924fa8345bb9136b88ab6c102a69a7275ed80,6fd08a96de8087309dd4a8b0c7c924fa8345bb9136b88ab6c102a69a7275ed80,1,3.1
e96dd2a6db0a00b1d970375f378ec8b870b9ec55c8625ccb9c7e14299f28e2a7,e96dd2a6db0a00b1d970375f378ec8b870b9ec55c8625ccb9c7e14299f28e2a7,0,
77b5da65518ba442c860911190b31e63d3571c987048bfeacaef7509e86f9b8e,77b5da65518ba442c860911190b31e63d3571c987048bfeacaef7509e86f9b8e,1,8.9
bf0b2e4f0c693d98a63598491e33117341853390ac9d95b84a85090055815fcb,bf0b2e4f0c693d98a63598491e33117341853390ac9d95b84a85090055815fcb,1,9.3
fe013050c7ea14c4d8674e82e8577468dfe9a8a0a9a31cf7e6ffd3166bed69c1,fe013050c7ea14c4d8674e82e8577468dfe9a8a0a9a31cf7e6ffd3166bed69c1,1,3.9
ea818d1051907a0a5e8bdb414c4765090dbbd81f80b008591716e0271c95354e,ea818d1051907a0a5e8bdb414c4765090dbbd81f80b008591716e0271c95354e,1,3.7
8fa424d5d8de47102efda360129941009c9cb8a489e0d729f1337aa4ea54fcb9,8fa424d5d8de47102efda360129941009c9cb8a489e0d729f1337aa4ea54fcb9,1,5.7
192f477115c77a54c62eed78ac9f6bfd836f91bbfa4d1b4246f68caa951e917f,192f477115c77a54c62eed78ac9f6bfd836f91bbfa4d1b4246f68caa951e917f,1,4.1
8942523c741fae1217c95ecc3af0600a3da95ef6b05fa5f4254920c91456381e,8942523c741fae1217c95ecc3af0600a3da95ef6b05fa5f4254920c91456381e,1,2.9
90b2630391e03cb7b5aa6f9eecbd06348eceb91031c94af54ecc131f133b742d,90b2630391e03cb7b5aa6f9eecbd06348eceb91031c94af54ecc131f133b742d,1,8.0
74973f695e0538baa6c31d0ff353770ea361bb6cbc96ed0dcf1216c260f09788,74973f695e0538baa6c31d0ff353770ea361bb6cbc96ed0dcf1216c260f09788,1,5.2
8364b7929aec6ddec5cb3ee6e18254f31166e0f21c235949af5905ef03847e64,8364b7929aec6ddec5cb3ee6e18254f31166e0f21c235949af5905ef03847e64,1,4.3
50af7b882accdef758dbc479e3be11df39451d38c698219f385e80e833c0d12e,50af7b882accdef758dbc479e3be11df39451d38c698219f385e80e833c0d12e,1,4.9
6a0d90449580f1d8a6846b150f3055d51b03d6f85e5b48e57f7d0491160d08ef,6a0d90449580f1d8a6846b150f3055d51b03d6f85e5b48e57f7d0491160d08ef,1,9.3
19cf4d11fc5552f30552ef0f9cf5a1e1629259cf472fa12658cabd981df1ac7c,19cf4d11fc5552f30552ef0f9cf5a1e1629259cf472fa12658cabd981df1ac7c,1,4.0
b4768eecee6faf6e40ef4ed78d9e7440989156af8de9b55118a6237688115d31,b4768eecee6faf6e40ef4ed78d9e7440989156af8de9b55118a6237688115d31,1,6.4
cf86825c636df84c6b2c1f46b2d18377434147cec6205f59497498cfd00f96e4,cf86825c636df84c6b2c1f46b2d18377434147cec6205f59497498cfd00f96e4,1,2.0
b5d46c15b32523aa7643559358d894f172d71b84bfbe63178ef350b8938decf5,b5d46c15b32523aa7643559358d894f172d71b84bfbe63178ef350b8938decf5,2,5.25
94fadc5bfe2a89d1339694d010769601f23f686d8d0976b73f593f6376a61778,94fadc5bfe2a89d1339694d010769601f23f686d8d0976b73f593f6376a61778,1,6.4
6be6b818f5013bd1b60cdb16398c38479ad932d4ec98613e56c82d61afdb5acf,6be6b818f5013bd1b60cdb16398c38479ad932d4ec98613e56c82d61afdb5acf,1,6.6
c0bed3d0f1d23395ea3ad287246eca491fd7c61f33f5a12cf4db04c6052f3296,c0bed3d0f1d23395ea3ad287246eca491fd7c61f33f5a12cf4db04c6052f3296,1,4.0
c1c687125c8df183ef51219995ba4054ab1a8d952101354c38e93d916ac4a498,c1c687125c8df183ef51219995ba4054ab1a8d952101354c38e93d916ac4a498,1,1.1
42b652ef65f892332a6ff54626f8ce3ed7a71cc4ea80a373ce7a4f47879e6f2f,42b652ef65f892332a6ff54626f8ce3ed7a71cc4ea80a373ce7a4f47879e6f2f,1,3.4
cb781186492d634cf461efd2853bf9850d26541650f312b06548f79bfb87f1a7,cb781186492d634cf461efd2853bf9850d26541650f312b06548f79bfb87f1a7,1,5.3
ef1ba5173231e9755d7dd0d646baeefdd712bba218773e440d76d5292d9c0384,ef1ba5173231e9755d7dd0d646baeefdd712bba218773e440d76d5292d9c0384,1,5.7
197caf0e6611c8e9ae1cc46a5968aeb40609619160101aeef575e3b79f9eb695,197caf0e6611c8e9ae1cc46a5968aeb40609619160101aeef575e3b79f9eb695,2,4.7
80d514ac67e22fab68cd2b3c0b2af0ac8eb76da5a4e4edb61c4202677143ad71,80d514ac67e22fab68cd2b3c0b2af0ac8eb76da5a4e4edb61c4202677143ad71,1,8.0
1135eecaed8dfa6f6b1a91c0895a8a6fc68e2e8b857a4820417855970ac70ea8,1135eecaed8dfa6f6b1a91c0895a8a6fc68e2e8b857a4820417855970ac70ea8,1,5.0
7267c76d0a733a17c69860a5748999c681c761e191b502ae500c4f6418a1e739,7267c76d0a733a17c69860a5748999c681c761e191b502ae500c4f6418a1e739,1,9.2
c117e610f0a606988e429bcd9fd9d0e9960cb76c58345d484277e63a96446651,c117e610f0a606988e429bcd9fd9d0e9960cb76c58345d484277e63a96446651,1,3.6
e7342526113a5bbd5cf1a189964ab224d111ce7c796f05fb8d936a6ec1374b07,e7342526113a5bbd5cf1a189964ab224d111ce7c796f05fb8d936a6ec1374b07,2,4.9
395886ede25b9cdb4a8c0a2c16008fd2cc945ac183484c40d3ea6ec128c45080,395886ede25b9cdb4a8c0a2c16008fd2cc945ac183484c40d3ea6ec128c45080,1,4.4
b38e467bc87d99d883253d9edc13c1e069af002f502fad92a7d0bd04c8e92929,b38e467bc87d99d883253d9edc13c1e069af002f502fad92a7d0bd04c8e92929,1,6.6
283ffcd1e0b4cfbfd6aee4d0ec651972ceb16898eb574c94b73315b2ceb37462,283ffcd1e0b4cfbfd6aee4d0ec651972ceb16898eb574c94b73315b2ceb37462,1,3.6
cd805ca289addfb1df9e2f16a0fc0be184023f7e7e55bc5fcc2850d1330b90d0,cd805ca289addfb1df9e2f16a0fc0be184023f7e7e55bc5fcc2850d1330b90d0,1,5.0
951eaff42967a63a979bd781d3574c1d5ff0a219ae490e58a8243cd2403898d4,951eaff42967a63a979bd781d3574c1d5ff0a219ae490e58a8243cd2403898d4,1,8.3
4196ca4a6cd502114826a02d1523da1637443179ae3e905bef0b419ddb5b9102,4196ca4a6cd502114826a02d1523da1637443179ae3e905bef0b419ddb5b9102,1,4.8
3a21ee6e5aa932c406cce849d2817a7b6d39acb772d92d2eda9ce9c9941eab4c,3a21ee6e5aa932c406cce849d2817a7b6d39acb772d92d2eda9ce9c9941eab4c,1,0.2
5d4f37b7a6413401aa13f3d279f20f461f705bd4d6df131d5d306349f304e9ce,5d4f37b7a6413401aa13f3d279f20f461f705bd4d6df131d5d306349f304e9ce,1,1.9
dc355cab28b4634879be8f45bd91c5dbecf3a2804d955b37e90dbc617ffdc16e,dc355cab28b4634879be8f45bd91c5dbecf3a2804d955b37e90dbc617ffdc16e,1,8.4
752024a475b12e7980ecaf49c087c9bc3dc00c9700621abb4adeacf98be3fbd3,752024a475b12e7980ecaf49c087c9bc3dc00c9700621abb4adeacf98be3fbd3,1,6.8
01f6a2ff698f1849ec7e63ff0cd911798fa6978a4433f7a513a36e1abc35bf21,01f6a2ff698f1849ec7e63ff0cd911798fa6978a4433f7a513a36e1abc35bf21,1,6.9
4a0701bc3c618027b6100b465caddd6060b87ab932a44267cbd64ae56cb77b71,4a0701bc3c618027b6100b465caddd6060b87ab932a44267cbd64ae56cb77b71,1,4.2
1d2ef222b157320672eccb95d1a18f462eea055ff11aa9d443ef6300c7670615,1d2ef222b157320672eccb95d1a18f462eea055ff11aa9d443ef6300c7670615,1,5.0
227cfa334f593011a40df281cfe3b1ae7703d32791983912fcf1f7b11ababc4b,227cfa334f593011a40df281cfe3b1ae7703d32791983912fcf1f7b11ababc4b,1,4.8
1dfcfcaf2e12fbc61e03f570939bb0b1a26caa266c7adcee59d8239dd431a02f,1dfcfcaf2e12fbc61e03f570939bb0b1a26caa266c7adcee59d8239dd431a02f,1,7.6
6591d2e8e9e9738d66a33fbc064c7b4c86f606ad6317d63c25e8b551c4def9ff,6591d2e8e9e9738d66a33fbc064c7b4c86f606ad6317d63c25e8b551c4def9ff,1,4.8
76224d66cc3593a73125b2eb3e3e4aa28baa7d35c65c6bdf62a1d2131ad2b20e,76224d66cc3593a73125b2eb3e3e4aa28baa7d35c65c6bdf62a1d2131ad2b20e,1,0.4
0447053c971c21735740651fe0c0f81752ee0a5aac1ba4b2e3a2071ec04d96f5,0447053c971c21735740651fe0c0f81752ee0a5aac1ba4b2e3a2071ec04d96f5,1,4.1
87026dc7b3c40b662a11e46b196a7ae42fec574a8ee56959dc8b2e1a782125f2,87026dc7b3c40b662a11e46b196a7ae42fec574a8ee56959dc8b2e1a782125f2,1,7.1
ed3c2d4d65abe25d5620971f58e5646cf3845df18249983241c1a50a564ade78,ed3c2d4d65abe25d5620971f58e5646cf3845df18249983241c1a50a564ade78,1,1.6
4ca6d8ea8c8f2723546aaccac1643d6a231461c3a3775614ad36d70ffd30856a,4ca6d8ea8c8f2723546aaccac1643d6a231461c3a3775614ad36d70ffd30856a,1,9.8
0f192966b076d53498ce0716477cb18cb2a04fddced28b06c1496e0d2ac3e476,0f192966b076d53498ce0716477cb18cb2a04fddced28b06c1496e0d2ac3e476,1,7.7
7e04e3e653874ba561565f812f4b2b8e6ebdb71a6843346532e58d8a15e169b2,7e04e3e653874ba561565f812f4b2b8e6ebdb71a6843346532e58d8a15e169b2,1,6.5
bb80013a534f9e9fab3bc52d2cfb4e939457015742c8ad4355df352641986dd1,bb80013a534f9e9fab3bc52d2cfb4e939457015742c8ad4355df352641986dd1,1,9.9
d79d443870188e868419214660a0f9a93e9c754067ece8150eb1e100b6c479ac,d79d443870188e868419214660a0f9a93e9c754067ece8150eb1e100b6c479ac,2,0.45
ff07c34398648cd06e1f99f4f268acf71fbd02b6a4bac5cc28b54bf0d8ff8971,ff07c34398648cd06e1f99f4f268acf71fbd02b6a4bac5cc28b54bf0d8ff8971,1,4.4
90282026da8bff419181c5ccc96586c99764d604f4279f2f679c613cd4dd0d11,90282026da8bff419181c5ccc96586c99764d604f4279f2f679c613cd4dd0d11,1,3.7
d7f0f05c599085c6ae30fe7325af936ea4bf5ce68c8474c8a5aafa3f5d0f4aa3,d7f0f05c599085c6ae30fe7325af936ea4bf5ce68c8474c8a5aafa3f5d0f4aa3,1,8.4
af532c18cc70115e42d84d0f6bc2d32ed983ef339d518740863cd398419b7140,af532c18cc70115e42d84d0f6bc2d32ed983ef339d518740863cd398419b7140,1,1.7
c2f02046ea22dc7c7bf8a618888f95baf1336ea2943bfd66906aafcb9721ac6b,c2f02046ea22dc7c7bf8a618888f95baf1336ea2943bfd66906aafcb9721ac6b,1,6.4
14ddb3ebed6afbc242c18f5a3790e9b988ade28208f8e2cf18db78a22cb82b81,14ddb3ebed6afbc242c18f5a3790e9b988ade28208f8e2cf18db78a22cb82b81,1,4.1
42b0b6de0bd742827bb3520a826ceff8260fff9588a5d9f17579806bdc8bcecd,42b0b6de0bd742827bb3520a826ceff8260fff9588a5d9f17579806bdc8bcecd,2,4.75
e19a614d36720ad36dbdd9ec25c7032d9e803cdc0f30f64ff24a5eeea8fdcb5e,e19a614d36720ad36dbdd9ec25c7032d9e803cdc0f30f64ff24a5eeea8fdcb5e,1,4.3
1c0bf2cc6a54e654e2998054de32880ba1d5aa013b033c56f22afd9ee08597e5,1c0bf2cc6a54e654e2998054de32880ba1d5aa013b033c56f22afd9ee08597e5,1,4.6
6abfad26e9e50f7671b6b97f8d3e5c5311c3d6271e051e555a447e6047112040,6abfad26e9e50f7671b6b97f8d3e5c5311c3d6271e051e555a447e6047112040,1,6.8
d8a14afff13d99f706383c1f2fca87ac5cb84b95359401dd42ad183b39987019,d8a14afff13d99f706383c1f2fca87ac5cb84b95359401dd42ad183b39987019,1,3.3
e4d00dfd7635238eaa9630c1cbbdb16d4cac255bc257b65bfdab53a2e304ab56,e4d00dfd7635238eaa9630c1cbbdb16d4cac255bc257b65bfdab53a2e304ab56,1,2.3
7c2501de83f0cc139c3c99179033cb4cc7c364da992f852e7297ea20200dce1a,7c2501de83f0cc139c3c99179033cb4cc7c364da992f852e7297ea20200dce1a,1,5.8
e935ac367c6275cf0d92492c7c54ad7c1ce3b7f07e743f90dcf22e3a82555e03,e935ac367c6275cf0d92492c7c54ad7c1ce3b7f07e743f90dcf22e3a82555e03,0,
8f6ea9e01579e3e83af3f3571ea151334b50bbad61978c77752649617f1a28e4,8f6ea9e01579e3e83af3f3571ea151334b50bbad61978c77752649617f1a28e4,1,7.5
e687cc6418a641c7c83a8e11486db9ff9e45fbe8a6823f2c57e1cff42d62c8cd,e687cc6418a641c7c83a8e11486db9ff9e45fbe8a6823f2c57e1cff42d62c8cd,1,6.9
b005c6e6950babb92b175b7a644108b88b91559f50b33c21769d97f017e25e55,b005c6e6950babb92b175b7a644108b88b91559f50b33c21769d97f017e25e55,1,5.8
189ced0436f9dea5270d9e55d80427aa35cd560bceb5dfd86b983ca30559ceb2,189ced0436f9dea5270d9e55d80427aa35cd560bceb5dfd86b983ca30559ceb2,1,7.7
ecf27c0a136431b0d219722599382f7a5bb1bcc6864a41100777e8d9a8b0257f,ecf27c0a136431b0d219722599382f7a5bb1bcc6864a41100777e8d9a8b0257f,1,9.2
4e6cf275b7f3c84aac52bf8dc1602651ccbae0aafdba9f6f9770145d700fd5b6,4e6cf275b7f3c84aac52bf8dc1602651ccbae0aafdba9f6f9770145d700fd5b6,1,5.7
73c123b6ab7c8e3713ff33cb72bde95a770c42074c96c12c870dfcf8b8fe335a,73c123b6ab7c8e3713ff33cb72bde95a770c42074c96c12c870dfcf8b8fe335a,1,5.4
dfec2d104d2b622116d33c34ee1e2657dddcda8026a3a3655c46fa1355377803,dfec2d104d2b622116d33c34ee1e2657dddcda8026a3a3655c46fa1355377803,1,6.2
3595a4ed0d978f6cbfaf413c3e85e017d11e5c139bca5bc4a823cd1a91fe22aa,3595a4ed0d978f6cbfaf413c3e85e017d11e5c139bca5bc4a823cd1a91fe22aa,1,6.2
5bd4662e0e479e26ec8903df4f90bc43f2dc03138f73b1ba51eb7128de169d37,5bd4662e0e479e26ec8903df4f90bc43f2dc03138f73b1ba51eb7128de169d37,1,5.1
1fbf953f92bd9741c55956220e315450d59d82eb86dc00ff34f6f36a07cd6cff,1fbf953f92bd9741c55956220e315450d59d82eb86dc00ff34f6f36a07cd6cff,1,0.9
61b9085f7da7e8c3cf12405e7ac64b9f6eb665ce8a567ad667dda72806949a4e,61b9085f7da7e8c3cf12405e7ac64b9f6eb665ce8a567ad667dda72806949a4e,1,1.3
92d419a6968a962e793e88672b674dbd4bfb60c776b00488bc3639a26dd858fc,92d419a6968a962e793e88672b674dbd4bfb60c776b00488bc3639a26dd858fc,2,3.1
41bc220bc7bc1a328f2e1ab9d7ab9288a46f278ea5d9938f8ffab38bfe6af570,41bc220bc7bc1a328f2e1ab9d7ab9288a46f278ea5d9938f8ffab38bfe6af570,1,5.6
50bae8a1793f3627b67d56c9383c4a6ab5e7a20d599e1511b39804f3e9a7a769,50bae8a1793f3627b67d56c9383c4a6ab5e7a20d599e1511b39804f3e9a7a769,1,5.8
02a1a954c251e43ed7cbd3c0ee587a2d258c4bf93636138d348ce3ec42e8fed6,02a1a954c251e43ed7cbd3c0ee587a2d258c4bf93636138d348ce3ec42e8fed6,1,9.1
a16162e228e28444954a170011a77e4d01ff7dbe0039f6b618228bf0ecc1a4a2,a16162e228e28444954a170011a77e4d01ff7dbe0039f6b618228bf0ecc1a4a2,1,3.8
079ada55f58e980a667980fe7859a6da49cd9e125546d1384052eb6678342647,079ada55f58e980a667980fe7859a6da49cd9e125546d1384052eb6678342647,1,9.1
08175ac34f94e5bfe16ff79363fadca50274b137ab1f84a3cb382670e9edcbe9,08175ac34f94e5bfe16ff79363fadca50274b137ab1f84a3cb382670e9edcbe9,2,3.7
3439bfce680ade7470749855b66a01298e1546c9cd3f26507b6111225ca4573c,3439bfce680ade7470749855b66a01298e1546c9cd3f26507b6111225ca4573c,2,9.0
349f8392346f8625a20efd39b367aedb4562d671ecdc66c5e58ab477448572f4,349f8392346f8625a20efd39b367aedb4562d671ecdc66c5e58ab477448572f4,2,4.6
98bcb417c2abb4f8d41259e57ca1022d7cd2bfffe7c998ffa877873c32511faa,98bcb417c2abb4f8d41259e57ca1022d7cd2bfffe7c998ffa877873c32511faa,1,8.9
cbc5dce0bdabaaf6e4bfbeedcc72b2ddf2f0df61c5e02f96492da494cff2adc9,cbc5dce0bdabaaf6e4bfbeedcc72b2ddf2f0df61c5e02f96492da494cff2adc9,1,9.7
748ffc708db3613c31ee5b475855a8ae2da62857be7c481d0116b1cb9829301f,748ffc708db3613c31ee5b475855a8ae2da62857be7c481d0116b1cb9829301f,1,2.2
a611f9ebe403e3e26d97e2698c73a27a36f9e73443cbab462d2caaa1c8ffa1cb,a611f9ebe403e3e26d97e2698c73a27a36f9e73443cbab462d2caaa1c8ffa1cb,1,1.9
909de89051f9af4e4cbcd543bc1b2e0298b2ec3982e549aed350663bb180a767,909de89051f9af4e4cbcd543bc1b2e0298b2ec3982e549aed350663bb180a767,1,2.6
fade9ff0153639fddbb7c6d62eeffbb38581349b2c991f147ac939589f3cccc2,fade9ff0153639fddbb7c6d62eeffbb38581349b2c991f147ac939589f3cccc2,2,5.2
e560536c888712cea0c39c5154c171ea484f43d1e31a26656ee5e442e101063c,e560536c888712cea0c39c5154c171ea484f43d1e31a26656ee5e442e101063c,1,5.8
4de8b002200aa71ba7ee0a6349d421d52352f7498b0e45c33ca69be5dd47762a,4de8b002200aa71ba7ee0a6349d421d52352f7498b0e45c33ca69be5dd47762a,1,9.1
e7864e7d663d7c4145dacfe639a35bdd029b97e89d3393b4ad68d240c38f5077,e7864e7d663d7c4145dacfe639a35bdd029b97e89d3393b4ad68d240c38f5077,1,1.4
7a78ccdb340c8d6212a000c72308d2720ba09b69cd4e2c9c24d46ea4734785bf,7a78ccdb340c8d6212a000c72308d2720ba09b69cd4e2c9c24d46ea4734785bf,1,1.1
d6c5931fc9df4bc834f80fcad80dc9d941df8a8d9d014d6987a6cdf18dc8875d,d6c5931fc9df4bc834f80fcad80dc9d941df8a8d9d014d6987a6cdf18dc8875d,1,4.4
db98b62680562acacb462690ea009a2cfe97a713430306d2fed5488e3c94bff7,db98b62680562acacb462690ea009a2cfe97a713430306d2fed5488e3c94bff7,1,2.4
26a42ef86aeb5fa4bc2d10b6ff39daa0363b549a98d91eaa68eb19008d9a079d,26a42ef86aeb5fa4bc2d10b6ff39daa0363b549a98d91eaa68eb19008d9a079d,2,3.15
f5c4f234cd3d059d02f3509239f9869f416b29b344f3dd03ccbd6fabc94d0f40,f5c4f234cd3d059d02f3509239f9869f416b29b344f3dd03ccbd6fabc94d0f40,1,3.6
29cda9f6029eb697c5cba377c8c7311f8d95d67770b0257c22d1698ad517e82a,29cda9f6029eb697c5cba377c8c7311f8d95d67770b0257c22d1698ad517e82a,1,7.2
9331e3eb36980d1fcffd4f5c198d6611ea78f51e160d392b407454381c30a962,9331e3eb36980d1fcffd4f5c198d6611ea78f51e160d392b407454381c30a962,1,3.1
ac9c33f501763c986036190ccfe6caf0d8b1f1602d8acd7586af5af2ae02825e,ac9c33f501763c986036190ccfe6caf0d8b1f1602d8acd7586af5af2ae02825e,0,
b01c611e21cef445b83ee854c2affd4c29026d7de7adb97d7836a81facd1b4f3,b01c611e21cef445b83ee854c2affd4c29026d7de7adb97d7836a81facd1b4f3,1,3.7
db8610d746f51f5217bdfdcac18658f14891778e1b4418521d189adf3ddd4666,db8610d746f51f5217bdfdcac18658f14891778e1b4418521d189adf3ddd4666,2,2.95
1b07dd3072d6693c7ce0fdde6541ba7a59bc164a06a7584f70baf835b1c52f6b,1b07dd3072d6693c7ce0fdde6541ba7a59bc164a06a7584f70baf835b1c52f6b,2,3.35
578b5ab26ba0dac147e811afeddbd64406002f5f729a015b5a348fe1ff53bf71,578b5ab26ba0dac147e811afeddbd64406002f5f729a015b5a348fe1ff53bf71,1,8.0
f1176fe7e39ab8f3698171536b7bb79efb54e091c0d54dd22d5732cdf3431a9d,f1176fe7e39ab8f3698171536b7bb79efb54e091c0d54dd22d5732cdf3431a9d,2,3.05
9a754cb8fbc53ebe0a59e3a177702d52c248782388d90d93ee74321690a51bbd,9a754cb8fbc53ebe0a59e3a177702d52c248782388d90d93ee74321690a51bbd,1,8.2
4ada8bd3abb86097762037d45d2226366115567d9462eb2a89e5587fbcddbc7d,4ada8bd3abb86097762037d45d2226366115567d9462eb2a89e5587fbcddbc7d,1,2.7
6aac106b8d90d063185bc8a602d2268b55d38f8d7df346c6443a7ad981279fe5,6aac106b8d90d063185bc8a602d2268b55d38f8d7df346c6443a7ad981279fe5,1,2.4
7897761c28b08de9a0b008b24bc8851333ec1b84df016a95165d4810607792ac,7897761c28b08de9a0b008b24bc8851333ec1b84df016a95165d4810607792ac,1,6.9
762e2443fa1921ad2d32e6105586f56e99b1f5bd857dedcf3d33c7189fb1f437,762e2443fa1921ad2d32e6105586f56e99b1f5bd857dedcf3d33c7189fb1f437,2,1.1
57c8fcf0e3a35591827ddebba72e5584368b776e8654e9c86cba8093b3bd3f19,57c8fcf0e3a35591827ddebba72e5584368b776e8654e9c86cba8093b3bd3f19,1,8.0
5bf6d5303df0c340d092ab86196b245a6f3edd5ca3c03c648b58d06a001c4cef,5bf6d5303df0c340d092ab86196b245a6f3edd5ca3c03c648b58d06a001c4cef,1,1.7
107dad237e326691a250715fbb216b6190f78d068988cfe92f1a16706708bcbb,107dad237e326691a250715fbb216b6190f78d068988cfe92f1a16706708bcbb,1,8.9
1d7887fae6b9814c3bd576121855f9191625867443e19d93c8f0b95cab86fe83,1d7887fae6b9814c3bd576121855f9191625867443e19d93c8f0b95cab86fe83,1,5.3
b7040ff0038a98379df049102ee690452a1ab35ed9007a2fb31bd767129d836e,b7040ff0038a98379df049102ee690452a1ab35ed9007a2fb31bd767129d836e,1,9.5
86aeef67fc162b085705007b1b1e95b129b897e09516c7b538345a4ebef37bab,86aeef67fc162b085705007b1b1e95b129b897e09516c7b538345a4ebef37bab,1,1.5
7dd9b4571da7075b6ce7c6bee818a8efc21c3a00e226e0eb0fac7f690205eb3c,7dd9b4571da7075b6ce7c6bee818a8efc21c3a00e226e0eb0fac7f690205eb3c,1,10.0
07bc084a09f8d4bc761669b985d6ce6647c9283421e3172b7708a04ed9ed269b,07bc084a09f8d4bc761669b985d6ce6647c9283421e3172b7708a04ed9ed269b,1,4.5
42929523e2920f7f05338349943b27480a3c34a22858a8144f498faea0f3881a,42929523e2920f7f05338349943b27480a3c34a22858a8144f498faea0f3881a,1,7.2
bb24b3fd7215b30cca72336c7f932f2dc2552b59eb0da0f3163698805ea419ab,bb24b3fd7215b30cca72336c7f932f2dc2552b59eb0da0f3163698805ea419ab,2,9.45
f1f9b1b0c42ae3209752cc102aa2fd703e7452da9f8d71c99b04caa50754ae5e,f1f9b1b0c42ae3209752cc102aa2fd703e7452da9f8d71c99b04caa50754ae5e,1,2.3
006f7a263bb17d77eaffbb8672d837ee3fb708269daa45fa817a0101fb89e543,006f7a263bb17d77eaffbb8672d837ee3fb708269daa45fa817a0101fb89e543,1,5.1
704908b5824c49b0a760b734256a3aca6d2a400e923cbb313b2cbd025fbe7459,704908b5824c49b0a760b734256a3aca6d2a400e923cbb313b2cbd025fbe7459,1,2.7
aa7016431555e48b0b27de51f195ea80687b99985cd17b2d1c1251d9917988d8,aa7016431555e48b0b27de51f195ea80687b99985cd17b2d1c1251d9917988d8,1,5.6
908fecd994b12a3eabb488d0613a78f266eab11603241d469eebb3bc4611cb3a,908fecd994b12a3eabb488d0613a78f266eab11603241d469eebb3bc4611cb3a,1,0.5
57b74b1a3c02908f794b553e0966915e1d23c9ea2e9438598e62b6de38c6bd08,57b74b1a3c02908f794b553e0966915e1d23c9ea2e9438598e62b6de38c6bd08,1,2.3
cb72d5ec85a0931637190a49b0df4f12c38ed5821ffbd8c2b14423a6dd701755,cb72d5ec85a0931637190a49b0df4f12c38ed5821ffbd8c2b14423a6dd701755,1,8.6
ccc6b911dc86253e87bedb86ca42e5872e4592f3d367b03d12ccd1cf53d9aca7,ccc6b911dc86253e87bedb86ca42e5872e4592f3d367b03d12ccd1cf53d9aca7,1,9.6
7377609d2a9f01699abd915c44de55986188786a39c184b5936b6eb4baafccbe,7377609d2a9f01699abd915c44de55986188786a39c184b5936b6eb4baafccbe,1,2.7
9d8f7dd93b9c7202fb8af11e0fcf7918bf888310e5d4f8fba89aad4692886348,9d8f7dd93b9c7202fb8af11e0fcf7918bf888310e5d4f8fba89aad4692886348,1,6.3
b4f7469e3ab7f3dac60b79a4d5da2de9e793710d7c4fe831bcdd279e6fa349b8,b4f7469e3ab7f3dac60b79a4d5da2de9e793710d7c4fe831bcdd279e6fa349b8,1,2.1
d841468ad796107c872c522eacc09bb8319e4a7f08c6457e7d795f3081b86d7c,d841468ad796107c872c522eacc09bb8319e4a7f08c6457e7d795f3081b86d7c,1,5.4
64d39cd0578ad3fc3be16e64b86a0fb3511ea29a878d348705d9742acbc99ccd,64d39cd0578ad3fc3be16e64b86a0fb3511ea29a878d348705d9742acbc99ccd,1,7.3
f279ec73bc44f3146f4349b8aaf74259d6c43656cbc21c13a0e73a4ec1260bfd,f279ec73bc44f3146f4349b8aaf74259d6c43656cbc21c13a0e73a4ec1260bfd,1,2.6
b0380863182fe61522ea04c955ad6e43635c6702b13bff26e76e7cae5526c4b2,b0380863182fe61522ea04c955ad6e43635c6702b13bff26e76e7cae5526c4b2,1,4.7
bc8f5eba6d350fca8d38771e054f52477af797a729fa0c920cfd168f02672a55,bc8f5eba6d350fca8d38771e054f52477af797a729fa0c920cfd168f02672a55,1,3.4
038c4be49db8402a00bc77fb60cb3acfd686bd97954a1bd725c3b10c34eab650,038c4be49db8402a00bc77fb60cb3acfd686bd97954a1bd725c3b10c34eab650,1,10.0
9963a8353eaa1cdb9d384fb8f62aeb2b6f9fabfd49cfb83ad416fe50e44b481a,9963a8353eaa1cdb9d384fb8f62aeb2b6f9fabfd49cfb83ad416fe50e44b481a,1,6.0
e11d7dfbe3e51ed1b254ac3929cb32e0221463bd2f44c764f166fab3f948e660,e11d7dfbe3e51ed1b254ac3929cb32e0221463bd2f44c764f166fab3f948e660,1,1.2
8caa7cb25929bb6eb38e8af31396326fd27dba88143cd05a08a8b416900f9bc3,8caa7cb25929bb6eb38e8af31396326fd27dba88143cd05a08a8b416900f9bc3,1,4.2
e3409872a1eda8de57af50693fb64997ff77f5864ca960b098dbf1bb0cfed28a,e3409872a1eda8de57af50693fb64997ff77f5864ca960b098dbf1bb0cfed28a,1,2.3
0fab9e448b93219de0a43322fa2cbbe75f4e3b9bf4d74f1dbd99e921d6aa463a,0fab9e448b93219de0a43322fa2cbbe75f4e3b9bf4d74f1dbd99e921d6aa463a,1,4.2
b5b6d4f53544128acda4a86bbe71c76c67508359239966e470c8ef2640dc3e11,b5b6d4f53544128acda4a86bbe71c76c67508359239966e470c8ef2640dc3e11,1,5.9
c6bb38fe3debae78f813f40110dc59e61392adcbc12a9180905af38940b68aeb,c6bb38fe3debae78f813f40110dc59e61392adcbc12a9180905af38940b68aeb,1,9.4
c1c594c488ffe995887e453420aec8c5bf2570a3db8a0e5cb0343314a36b4b84,c1c594c488ffe995887e453420aec8c5bf2570a3db8a0e5cb0343314a36b4b84,1,1.5
22128432edf2bd4c0aeabc159bc930dfa9d2a1f1fba673eab0fd248c3bd96b5d,22128432edf2bd4c0aeabc159bc930dfa9d2a1f1fba673eab0fd248c3bd96b5d,1,1.1
2f51d357da99f3b5b2fe2f8517086329083584c25e1c7a64dc578202c1a2267c,2f51d357da99f3b5b2fe2f8517086329083584c25e1c7a64dc578202c1a2267c,2,3.85
0ae01eef9bfbdf6617b7b7054d2b6a77776efbf33e9be790c925ee827e3ad940,0ae01eef9bfbdf6617b7b7054d2b6a77776efbf33e9be790c925ee827e3ad940,1,4.7
ca1f7c095a91ef864d18608d0cc496c72d53539bcbd79a9fa5fe720cf8284f3f,ca1f7c095a91ef864d18608d0cc496c72d53539bcbd79a9fa5fe720cf8284f3f,1,3.3
955f2aed8327924221eea37418ad3d7001142dcc10f47edbbf23fa88b79a63cd,955f2aed8327924221eea37418ad3d7001142dcc10f47edbbf23fa88b79a63cd,1,3.5
1719ccce90779ee6fc9c2b7937df2da61fe1fce978b11655b9c7d17cd1816ffb,1719ccce90779ee6fc9c2b7937df2da61fe1fce978b11655b9c7d17cd1816ffb,1,4.2
9e173c5b917883b8f8ca3316c3d404a366aa05e6e94207d4989a4998c842fa66,9e173c5b917883b8f8ca3316c3d404a366aa05e6e94207d4989a4998c842fa66,1,8.6
eb1597037bb55dac9f2048f8203463da0f56a81beee7f7edbde0fd21c5321146,eb1597037bb55dac9f2048f8203463da0f56a81beee7f7edbde0fd21c5321146,1,3.7
6cd6c83510c30a5a9d3178cf4ba855c58d210fdbc928fd5ac2dd0858590cd26a,6cd6c83510c30a5a9d3178cf4ba855c58d210fdbc928fd5ac2dd0858590cd26a,1,3.5
af897c4962ed1bb51dc7729d1f01d2b085ad2aa4778e84af0e78c88c219f98bc,af897c4962ed1bb51dc7729d1f01d2b085ad2aa4778e84af0e78c88c219f98bc,1,1.5
2c558e588705487055d26e26c856239e993934cfa9e7c6bc0557f49bfe1ad7d3,2c558e588705487055d26e26c856239e993934cfa9e7c6bc0557f49bfe1ad7d3,1,9.6
1a05b7f22ba37c25e7c70303a5e4425cc777cd86234effa5501ef9375331bede,1a05b7f22ba37c25e7c70303a5e4425cc777cd86234effa5501ef9375331bede,1,1.4
6b1a93d3616cb37ae073699638bb97f2689cd0614c9f3113f2af66594c71db5e,6b1a93d3616cb37ae073699638bb97f2689cd0614c9f3113f2af66594c71db5e,2,3.9
d4af9b1e9f523278d1bfcca65343ed2c493cb382ccbb2322fb500a9771408707,d4af9b1e9f523278d1bfcca65343ed2c493cb382ccbb2322fb500a9771408707,1,2.7
37e70662642f278e4d31945ccb6c1330be6b9bde2bc695959ab2df412fb661f0,37e70662642f278e4d31945ccb6c1330be6b9bde2bc695959ab2df412fb661f0,1,2.5
ec762bd47c54ab524cf1aed78e7b3c2d2966204010656555a0c744ad62bbbba5,ec762bd47c54ab524cf1aed78e7b3c2d2966204010656555a0c744ad62bbbba5,1,0.7
b62d781188e983af96175ac6b4d65986ec55208c04b34134d59652722266c67a,b62d781188e983af96175ac6b4d65986ec55208c04b34134d59652722266c67a,1,8.8
455b8771f9b3d612c0ba0a043ef33f0c0b1c44d5ca4950b6e0b6f8abeeb73e67,455b8771f9b3d612c0ba0a043ef33f0c0b1c44d5ca4950b6e0b6f8abeeb73e67,1,4.2
66fcf5366ed98290bf683852e88fb67ad6934a151716b42cad44446892b05e62,66fcf5366ed98290bf683852e88fb67ad6934a151716b42cad44446892b05e62,1,3.6
8f68f89ad995038a5349402dfa660f687d5bbe24a4580cff7268305dee992e00,8f68f89ad995038a5349402dfa660f687d5bbe24a4580cff7268305dee992e00,1,1.7
4c53a77e0090ef2a8b5c6b4ee3ab38cdbd9b0edfe74307685babdc093f541d3c,4c53a77e0090ef2a8b5c6b4ee3ab38cdbd9b0edfe74307685babdc093f541d3c,1,9.3
117d85a2445fec730925ce474c18f49fd78a1b9564f2d359ca98bc05db20c7b9,117d85a2445fec730925ce474c18f49fd78a1b9564f2d359ca98bc05db20c7b9,1,9.3
632e831a529677c9c24d508bef58420896bd1eb6d58c4829ee70cbe6f3a80502,632e831a529677c9c24d508bef58420896bd1eb6d58c4829ee70cbe6f3a80502,1,3.0
e7640fedd72d83bed160cb1d3f9f4ae0eba7ebc56115c587f3090f6172b66662,e7640fedd72d83bed160cb1d3f9f4ae0eba7ebc56115c587f3090f6172b66662,1,1.1
b08c42fe0a63ebfbf49b864c6c540d4f4f50c80ec17d17d9aaea241410a18125,b08c42fe0a63ebfbf49b864c6c540d4f4f50c80ec17d17d9aaea241410a18125,1,6.4
edc98b28d394db249e03cea0feaa68cccf3195f2a38b26cf04e2b4dcbb66f08b,edc98b28d394db249e03cea0feaa68cccf3195f2a38b26cf04e2b4dcbb66f08b,1,7.8
210a740c90d316a9ed3d1c5536e0edefaff7e8f559f3f2f087da63d4f2290f2d,210a740c90d316a9ed3d1c5536e0edefaff7e8f559f3f2f087da63d4f2290f2d,1,5.6
013ececaca675f51734f4bd77e7dce8cfe6e3c2562a052ab3727affc90c26f09,013ececaca675f51734f4bd77e7dce8cfe6e3c2562a052ab3727affc90c26f09,1,0.2
ff94373dc3b67566fc42b16b973db15c03b7c4230c44942a40da8da7632390d2,ff94373dc3b67566fc42b16b973db15c03b7c4230c44942a40da8da7632390d2,1,9.1
684344ccc0d0f745f3edbfa32d1e9c28b4b3c792f03401872909e989fe5f39b4,684344ccc0d0f745f3edbfa32d1e9c28b4b3c792f03401872909e989fe5f39b4,1,8.3
4f9b036d7a6b73dc3b34c4e06bb1cff5dd9fbaf3803b01e257bf15d6f22aeeaa,4f9b036d7a6b73dc3b34c4e06bb1cff5dd9fbaf3803b01e257bf15d6f22aeeaa,1,4.6
7b8476d8ae397d5ddc5e672f857696d6f09a23512ad521a85f0cd14e527ad85c,7b8476d8ae397d5ddc5e672f857696d6f09a23512ad521a85f0cd14e527ad85c,1,5.6
3ce729ddbd3d134c0c095b57779580334289450b38f4d7cdcd705a086545f1c8,3ce729ddbd3d134c0c095b57779580334289450b38f4d7cdcd705a086545f1c8,1,9.5
582127ac168d877440b65336a80afef309ac39e50a4cf8c9a0c260057048434c,582127ac168d877440b65336a80afef309ac39e50a4cf8c9a0c260057048434c,1,7.3
975432bb0f7623ceb75d1c41acff320897a684cbab41d4449a9f3c6dd206dd96,975432bb0f7623ceb75d1c41acff320897a684cbab41d4449a9f3c6dd206dd96,2,7.1
b1a49f9fe524f9e51a786f1c69b8334635624df4dcba7c5383b2c9a26fbff3e0,b1a49f9fe524f9e51a786f1c69b8334635624df4dcba7c5383b2c9a26fbff3e0,1,5.8
f61568eec49aaf34eeeabb6f4b8a95d2e175d037b3f8f64440781ccfe40c5197,f61568eec49aaf34eeeabb6f4b8a95d2e175d037b3f8f64440781ccfe40c5197,1,4.8
33360c156dc9bee451b9f547a3560da16990b1440f2c13894e438747b92bd334,33360c156dc9bee451b9f547a3560da16990b1440f2c13894e438747b92bd334,1,8.8
a24db52c148bceed6b8e35042495e91fa3dc0d1c064e04d1c54226723ead3dd5,a24db52c148bceed6b8e35042495e91fa3dc0d1c064e04d1c54226723ead3dd5,1,4.0
af9cedda69741d46418198ee4db7d7a014fd6943aac79a8f9ac043eae01b289c,af9cedda69741d46418198ee4db7d7a014fd6943aac79a8f9ac043eae01b289c,1,7.4
40bfca98ad159060afd4e2722a0694274b93d7038642d0ce8852c751e6e77d85,40bfca98ad159060afd4e2722a0694274b93d7038642d0ce8852c751e6e77d85,2,3.0
d71a5e65408290042b67e581e000819a344d0d9aa0896c5416e9b21462212870,d71a5e65408290042b67e581e000819a344d0d9aa0896c5416e9b21462212870,1,4.8
ebeaba7c1865bf0a398f2510082ad1a46c9f8ddef3aafa2b0a19e51ef03252a7,ebeaba7c1865bf0a398f2510082ad1a46c9f8ddef3aafa2b0a19e51ef03252a7,2,3.3
0f8cba653af5168d740a6608ff1868f199a98f051579d7785020d34ce49ed5e3,0f8cba653af5168d740a6608ff1868f199a98f051579d7785020d34ce49ed5e3,1,5.9
0d6a0e28d993520a387f2af257145ad72862be2d1ae34cc36fe9b95aa42b59dd,0d6a0e28d993520a387f2af257145ad72862be2d1ae34cc36fe9b95aa42b59dd,0,
60e8ac5b0f33b8e9fe1390344eb65700d9c1edfd5d086a001cae79622929b9da,60e8ac5b0f33b8e9fe1390344eb65700d9c1edfd5d086a001cae79622929b9da,1,8.8
90d6409bc9970e27bc896df473049cfba3ea388942a96115df7b9dd0aecb383d,90d6409bc9970e27bc896df473049cfba3ea388942a96115df7b9dd0aecb383d,1,8.4
4e384ad8da9a9a90fd148bed377d1af79464f22371ded0ca8bb6732f7c6593b2,4e384ad8da9a9a90fd148bed377d1af79464f22371ded0ca8bb6732f7c6593b2,1,4.2
f25782127c0674583c7a85b6798d1b44ff9b3bab2d78fcd0982892388bd3d2ec,f25782127c0674583c7a85b6798d1b44ff9b3bab2d78fcd0982892388bd3d2ec,1,1.1
db18329faad1f9bb7513b219e0fde1f90f48e110f3861637af53169ba396c530,db18329faad1f9bb7513b219e0fde1f90f48e110f3861637af53169ba396c530,1,7.8
4a01925492da73328c5d98876d6d4b36f5bfe8f0c87bcc5692dc2ec2613afea2,4a01925492da73328c5d98876d6d4b36f5bfe8f0c87bcc5692dc2ec2613afea2,1,4.5
12deb317cebf2f15dc49927f53ad9343d82a3a61bad754782ffa8e66bdaeb55c,12deb317cebf2f15dc49927f53ad9343d82a3a61bad754782ffa8e66bdaeb55c,1,6.1
4cf727e511945644472c3fe41c331822bf7a051febad28d0d8b3ddf3ca2c9f08,4cf727e511945644472c3fe41c331822bf7a051febad28d0d8b3ddf3ca2c9f08,1,1.8
3e5f58e06c03a943654d0318b1846dedd7a2404cfdd40eb3aca071fe109b52f3,3e5f58e06c03a943654d0318b1846dedd7a2404cfdd40eb3aca071fe109b52f3,1,6.4
be7c5641db9242729a75ecec05382e37937da986b1c4a6e0c8e8f7b17d06dba0,be7c5641db9242729a75ecec05382e37937da986b1c4a6e0c8e8f7b17d06dba0,1,2.0
3f843825f993dd6fad0f6f179b282410b616ac66f1905831f6769a15f8e9ca33,3f843825f993dd6fad0f6f179b282410b616ac66f1905831f6769a15f8e9ca33,2,3.55
23c0d0f333d4e7a53f7182f7340d11cbb70581abe8484e2271dbb12282f8ea69,23c0d0f333d4e7a53f7182f7340d11cbb70581abe8484e2271dbb12282f8ea69,2,5.9
2a7890f24c346e744f67a4d46a5e5f3af32d87df61eebe9fa5fbf1e6deb99a16,2a7890f24c346e744f67a4d46a5e5f3af32d87df61eebe9fa5fbf1e6deb99a16,1,3.0
0119613a0646be3cdfd3bb2deca150558f585bef66f86e3f4cc34406d2d5b266,0119613a0646be3cdfd3bb2deca150558f585bef66f86e3f4cc34406d2d5b266,1,1.6
2e0b065c5b7ddb59138691f6d8432b76580508dbd4b5666ee61cf83eaa376614,2e0b065c5b7ddb59138691f6d8432b76580508dbd4b5666ee61cf83eaa376614,2,1.4
7aa70420c8ea41e33d1b8d4f0e814a8c92142c4d2affd373a9ae8229b9088484,7aa70420c8ea41e33d1b8d4f0e814a8c92142c4d2affd373a9ae8229b9088484,1,7.1
fd0a0b5eead5b1fc498015d1be3eb06736ac24b51a775eb7eceddb79275e6369,fd0a0b5eead5b1fc498015d1be3eb06736ac24b51a775eb7eceddb79275e6369,1,9.3
f67efdc96612a282f771072ad6acf075ad889311d266562bd7c87ed08ade5c15,f67efdc96612a282f771072ad6acf075ad889311d266562bd7c87ed08ade5c15,1,9.3
350e184c90319341481cb6de7c7725aa5d3ed487a7d956fd065a03c244ea2c51,350e184c90319341481cb6de7c7725aa5d3ed487a7d956fd065a03c244ea2c51,1,5.7
6288b42757c33a1dbf3ed911dee62c23a2abd29fcc1fb922212a700bbb7191d0,6288b42757c33a1dbf3ed911dee62c23a2abd29fcc1fb922212a700bbb7191d0,1,3.1
8edfcac77ff5f89f7b2ebbfd3443ddc6226679f1a53c1492aa6d4fde161148aa,8edfcac77ff5f89f7b2ebbfd3443ddc6226679f1a53c1492aa6d4fde161148aa,1,6.2
4ce5a2f3b28b91d41580ab5435aae202076b65001514e16ec82383720c434038,4ce5a2f3b28b91d41580ab5435aae202076b65001514e16ec82383720c434038,1,0.6
10a2c5e3b9565e9e8332bb443d992b08acd5fb2c8d5bfac3a43dc2f3d2ea702e,10a2c5e3b9565e9e8332bb443d992b08acd5fb2c8d5bfac3a43dc2f3d2ea702e,1,4.5
d119a17c2b0b0b50e6e0136fef1840f4c423a1e0b12050c5cdf72a15df6f4f24,d119a17c2b0b0b50e6e0136fef1840f4c423a1e0b12050c5cdf72a15df6f4f24,1,3.0
b0caff459c8ddaaf11ebf470b75583d43a0f7cc57fd5f6c29fcbdaf1b0186192,b0caff459c8ddaaf11ebf470b75583d43a0f7cc57fd5f6c29fcbdaf1b0186192,1,1.9
6ec375ed9c84264f03ab9eaa11865a884592c5ef8a3262e88e617eea178e43d1,6ec375ed9c84264f03ab9eaa11865a884592c5ef8a3262e88e617eea178e43d1,1,0.4
2dffa80ceb7049e2c1770f560eab8e8c36d6f249ad21b0d68ba39b711be516c7,2dffa80ceb7049e2c1770f560eab8e8c36d6f249ad21b0d68ba39b711be516c7,1,0.2
982a5f1dcfcb1a4b3ade8f3459911778d2a9cd86c170e9472e3184874d55fc58,982a5f1dcfcb1a4b3ade8f3459911778d2a9cd86c170e9472e3184874d55fc58,1,2.9
7062cd829c976c41a999e91821dddc1130d40b62614f1e291ebdbf2ffca8fc46,7062cd829c976c41a999e91821dddc1130d40b62614f1e291ebdbf2ffca8fc46,1,5.7
e663e4f44bbcbbdea26186163222a89669169d96dfb9c23cefaa1d23fc883ad8,e663e4f44bbcbbdea26186163222a89669169d96dfb9c23cefaa1d23fc883ad8,3,3.6
3d147049b8e59f05dbee1ffde1fe2a7705ed42df2d32a2b7b4ae28dfdd5274c4,3d147049b8e59f05dbee1ffde1fe2a7705ed42df2d32a2b7b4ae28dfdd5274c4,1,9.2
fac7be1fe3a57618c9328a21d6e6367087f76f6e4bd56432800321af528ee3f3,fac7be1fe3a57618c9328a21d6e6367087f76f6e4bd56432800321af528ee3f3,1,3.8
11ba0986b75639496bc5c58dad366a16b4c803d4391eea209f1e9b41e0c0c8a7,11ba0986b75639496bc5c58dad366a16b4c803d4391eea209f1e9b41e0c0c8a7,1,4.9
a786208c254dba5a0ef146411c8b999e3f4a7ef493d4764079c6a1ddbb9d142e,a786208c254dba5a0ef146411c8b999e3f4a7ef493d4764079c6a1ddbb9d142e,2,4.25
9de99580037118f3cb00730db29405f7603db526be2bcd2ee3b094825b62aea6,9de99580037118f3cb00730db29405f7603db526be2bcd2ee3b094825b62aea6,2,5.7
cd2141556b70cb7f2cfcd245a143192c35c4d6d3b810aabd80418f8b39ea00ca,cd2141556b70cb7f2cfcd245a143192c35c4d6d3b810aabd80418f8b39ea00ca,2,5.2
17fafa400b51c761b1829e5c28b77708b920a0d367a54c896e68109bd0b3a3f1,17fafa400b51c761b1829e5c28b77708b920a0d367a54c896e68109bd0b3a3f1,0,
d5f7a0e49675792916f3c88790012baa8055fbcbdfb425f30623dcd9d7e72728,d5f7a0e49675792916f3c88790012baa8055fbcbdfb425f30623dcd9d7e72728,2,3.2
2e121f2e8ecf599032537b7b9bb093c0f329d808cd9cbf9d2701f99904139cd9,2e121f2e8ecf599032537b7b9bb093c0f329d808cd9cbf9d2701f99904139cd9,1,4.1
5879a260d75f1bba0d2e96c7be4b14f1bd9673bdac52dadef64acef17d0b2124,5879a260d75f1bba0d2e96c7be4b14f1bd9673bdac52dadef64acef17d0b2124,1,1.9
67593ccf6be18a025cd3ce1cfa4d16443a16535257d32e195fb6559b101842ff,67593ccf6be18a025cd3ce1cfa4d16443a16535257d32e195fb6559b101842ff,1,6.6
75c7e03720ef47504754f629a657578b910a46d9c9c6b85df70369874ccaa3eb,75c7e03720ef47504754f629a657578b910a46d9c9c6b85df70369874ccaa3eb,2,5.45
1ee932b40e3359999e5ea462f3e3160c73c407d5106c49247a299f7ce574c6d7,1ee932b40e3359999e5ea462f3e3160c73c407d5106c49247a299f7ce574c6d7,1,2.5
20b6604c5ebcca3d5694b4b6fe6fffc15b0e7640b66cc40aba1c1fdc7f972f4c,20b6604c5ebcca3d5694b4b6fe6fffc15b0e7640b66cc40aba1c1fdc7f972f4c,1,1.9
276ef5462c1bf524e1ad81c35fb924832eeb81d78874cba6e7fd871cb56dfe53,276ef5462c1bf524e1ad81c35fb924832eeb81d78874cba6e7fd871cb56dfe53,1,1.8
e0092cc7d9a0a5a386a80b28f7aa136308115d5cba72d452f15f79683ab9a877,e0092cc7d9a0a5a386a80b28f7aa136308115d5cba72d452f15f79683ab9a877,1,1.5
bb104d13eaaf83c63633d9655270aa57c6fe16afdbba40f293626e7145133b46,bb104d13eaaf83c63633d9655270aa57c6fe16afdbba40f293626e7145133b46,1,1.3
2d2214d89f3cf2efced13733b0175d9306a28ac8f117a624d25871805a1ae7b5,2d2214d89f3cf2efced13733b0175d9306a28ac8f117a624d25871805a1ae7b5,1,4.8
1b59d7fc633a2c5a5511bb55117c0196b390877d9fdccaef2e45722f57b15cb5,1b59d7fc633a2c5a5511bb55117c0196b390877d9fdccaef2e45722f57b15cb5,1,4.4
6f659b2cf3d04e8a9b6dead0b30f7737f0727951a3ea624cc9c2a6c80424afff,6f659b2cf3d04e8a9b6dead0b30f7737f0727951a3ea624cc9c2a6c80424afff,1,5.7
a18bfcb865aa5c007b19ff4dc0fbc1d185e1f155cc7d7fbede64aaaeea773d00,a18bfcb865aa5c007b19ff4dc0fbc1d185e1f155cc7d7fbede64aaaeea773d00,1,4.2
0e3cbbeab873b931987b8a2b4b89b70c504f320e227293b5a7901af8d16487c6,0e3cbbeab873b931987b8a2b4b89b70c504f320e227293b5a7901af8d16487c6,1,5.1
00bb8fd0584557d1cda8274bd5880be856e5b06e0d6867c38a21bc81d016e15c,00bb8fd0584557d1cda8274bd5880be856e5b06e0d6867c38a21bc81d016e15c,1,3.7
c9e7b598d294616ca314f27facc64b6491a23ec78cf8d07dec7a3e36d209026e,c9e7b598d294616ca314f27facc64b6491a23ec78cf8d07dec7a3e36d209026e,1,0.4
24528832d17fb118c0ac7eb4ff7340d748d04f050b4459b6d9ac59a5766ac84c,24528832d17fb118c0ac7eb4ff7340d748d04f050b4459b6d9ac59a5766ac84c,1,1.1
98d9c02eab806107192414097a959339039457c5f0a3d96690e05238a5fcf788,98d9c02eab806107192414097a959339039457c5f0a3d96690e05238a5fcf788,2,4.05
f5447704418d6815680db009c4377b78c627c2ea132078e60d0d3c7de70e99a9,f5447704418d6815680db009c4377b78c627c2ea132078e60d0d3c7de70e99a9,1,0.3
ad90f93dd59ed7e19b17345c94b354c7effd72dcd9639027d9b52cadf6fbbaaf,ad90f93dd59ed7e19b17345c94b354c7effd72dcd9639027d9b52cadf6fbbaaf,2,8.55
97b04954ac78188ca6e15af4a27f5edaea3cc480931d2c4efdf64fcbd50714e7,97b04954ac78188ca6e15af4a27f5edaea3cc480931d2c4efdf64fcbd50714e7,2,7.65
8ee4c935452f2623e3650963f026bb9a20ae6e846bf93e289924ed36e8cf7f57,8ee4c935452f2623e3650963f026bb9a20ae6e846bf93e289924ed36e8cf7f57,1,5.2
8579ecc275998b4d6bee6d209d39b3ccc09e303c794405732c3ec5147aa2a1d5,8579ecc275998b4d6bee6d209d39b3ccc09e303c794405732c3ec5147aa2a1d5,1,6.7
4ac46bea29eb1f12cddf27a7cf8ea68b59d50cfff9cb046aeef3b6525bcf0edc,4ac46bea29eb1f12cddf27a7cf8ea68b59d50cfff9cb046aeef3b6525bcf0edc,1,0.5
61be8724c3bf03d5947cabd0eebb29c3e72f9865614253b98d11031ee0283a52,61be8724c3bf03d5947cabd0eebb29c3e72f9865614253b98d11031ee0283a52,1,9.9
f0cec13fd54d2ea9aab8f921b73600439e61139a93631cbc5fed55621c54cccf,f0cec13fd54d2ea9aab8f921b73600439e61139a93631cbc5fed55621c54cccf,1,0.1
24856d6e6f8b78bc72a66dbeb0cd61fe1771b8a4b34a4c1a03e7dd1e736ea514,24856d6e6f8b78bc72a66dbeb0cd61fe1771b8a4b34a4c1a03e7dd1e736ea514,1,2.3
14088e5c16cd891a291b2025f1bc61b875fb261147f6e2737e93a9b5e9f010e8,14088e5c16cd891a291b2025f1bc61b875fb261147f6e2737e93a9b5e9f010e8,1,9.8
7d8c9b6227fab257b925439232cb71e48d788ada97bb4c52f42ee20c6b5eb9b5,7d8c9b6227fab257b925439232cb71e48d788ada97bb4c52f42ee20c6b5eb9b5,1,7.6
abcbab0459773df75cce79e0989c8f1b110520a0dac564f885ce7d1b1051c857,abcbab0459773df75cce79e0989c8f1b110520a0dac564f885ce7d1b1051c857,1,7.7
53593161635d16fb7a2048e22c166b9c6ef7313be355250ce735bc32fed97391,53593161635d16fb7a2048e22c166b9c6ef7313be355250ce735bc32fed97391,1,5.0
a14c98aeed0a6c684a498838a2d887e0cbc1f630ae21651e753aad3780e877b4,a14c98aeed0a6c684a498838a2d887e0cbc1f630ae21651e753aad3780e877b4,1,4.7
08f1cade2f28b03eaa8e1641ff2d59eb2c3365e587304961c1c2a92316e28db6,08f1cade2f28b03eaa8e1641ff2d59eb2c3365e587304961c1c2a92316e28db6,1,5.4
adcc822477d8f4e38b189a956256e63fd387de2f36f5a36ecf3585617ac08499,adcc822477d8f4e38b189a956256e63fd387de2f36f5a36ecf3585617ac08499,2,9.15
7a36e5f5391e7c25f241ac0eaef8c4c2824db28c1b436e6a1b92dcf836ec65a7,7a36e5f5391e7c25f241ac0eaef8c4c2824db28c1b436e6a1b92dcf836ec65a7,1,5.4
57b21145dcdd8d9ff6b47c4ffa002ef03f10468e45f4fcc5834cd0f437442f14,57b21145dcdd8d9ff6b47c4ffa002ef03f10468e45f4fcc5834cd0f437442f14,2,6.9
10a27cbc0040f25037c3605ba165cb699c0b655e8f72884fb67a46a52d96c720,10a27cbc0040f25037c3605ba165cb699c0b655e8f72884fb67a46a52d96c720,1,8.6
9b1a48a4a2db871112efc2928aad42382b2dd2f5eb2449c2f2af1a8d15b56494,9b1a48a4a2db871112efc2928aad42382b2dd2f5eb2449c2f2af1a8d15b56494,1,7.1
427b431b3a874287d7864a109b61a6017fd4e33ce420bf51b045e3970c7616c5,427b431b3a874287d7864a109b61a6017fd4e33ce420bf51b045e3970c7616c5,1,8.0
0de86ed1baf2264790451ca726d498ffa03350ffe7856ee2c9e1d571503bdb36,0de86ed1baf2264790451ca726d498ffa03350ffe7856ee2c9e1d571503bdb36,2,7.55
02adbb16d2172b3b8542dea648dee09beeba5d694b9f9bdca8048b6084181e95,02adbb16d2172b3b8542dea648dee09beeba5d694b9f9bdca8048b6084181e95,1,7.4
d3edfd4be3a61b78d950a2bc669ca0c7675cf646eb024d608a80ca3aeec4bd8f,d3edfd4be3a61b78d950a2bc669ca0c7675cf646eb024d608a80ca3aeec4bd8f,1,5.4
c63fa6f5f4ae49377eb827e72e7bcc5232dad333b6060499896b99f4d235dfe9,c63fa6f5f4ae49377eb827e72e7bcc5232dad333b6060499896b99f4d235dfe9,1,8.7
bf7e0628dba954dfee8d8f37a27470a79e54fa1dfa49d66a5781b33a4d83a11b,bf7e0628dba954dfee8d8f37a27470a79e54fa1dfa49d66a5781b33a4d83a11b,1,3.9
f5cf3408e6307f04ce1b748725f3f644eb84de5f4999ba4856ad9985c490820a,f5cf3408e6307f04ce1b748725f3f644eb84de5f4999ba4856ad9985c490820a,1,4.9
491baf13a261b8d8e60649835eab755a1bd1eacdc18617bda8e01f994bb7c623,491baf13a261b8d8e60649835eab755a1bd1eacdc18617bda8e01f994bb7c623,1,3.7
875dcd1d06fc1b0af4c89abd846da1b15225fd724a2f3f2f8856d2f29411e5cd,875dcd1d06fc1b0af4c89abd846da1b15225fd724a2f3f2f8856d2f29411e5cd,1,2.2
2b94cf52bef18b91cf1c976ad9a8af1460a1f0f05ddb54a93c7bf81f460f3254,2b94cf52bef18b91cf1c976ad9a8af1460a1f0f05ddb54a93c7bf81f460f3254,1,8.7
7421f80d9cc2bc88313d39ccdf7fa5090819c728f087b95b773b05b4f8632caf,7421f80d9cc2bc88313d39ccdf7fa5090819c728f087b95b773b05b4f8632caf,1,2.8
ad257ca85303ab315ab3da1247d5aeb8c3d21277779dbc7fc325ab92a9d81a91,ad257ca85303ab315ab3da1247d5aeb8c3d21277779dbc7fc325ab92a9d81a91,1,5.1
d6a69e6e88db512f5a9e1cba35dd4672ec90e6488f7ee434c46fe8eb65f008aa,d6a69e6e88db512f5a9e1cba35dd4672ec90e6488f7ee434c46fe8eb65f008aa,1,1.3
c127fb81cc969ee0d3cbad66214883ff5236156de7dc8d88f04de144bc2d9179,c127fb81cc969ee0d3cbad66214883ff5236156de7dc8d88f04de144bc2d9179,1,2.0
3445cafa926339e616a5c275a1775b325f6f7668c7bb9cf76132482c9de07082,3445cafa926339e616a5c275a1775b325f6f7668c7bb9cf76132482c9de07082,1,9.5
be22ef28bcdce2c8ba1fa781cfb1d647304f6d145e6608c7b269d717afd8c1b5,be22ef28bcdce2c8ba1fa781cfb1d647304f6d145e6608c7b269d717afd8c1b5,0,
65b7c77cc6a36271f7332d5edefaecd812b8702a2334fe542bff11c15e1d53b6,65b7c77cc6a36271f7332d5edefaecd812b8702a2334fe542bff11c15e1d53b6,1,5.2
abf213f544813abbb93dbfc3d270b900d8261aaa18ec23cad3c7f597754ad6d2,abf213f544813abbb93dbfc3d270b900d8261aaa18ec23cad3c7f597754ad6d2,1,5.4
26fc85d1526691e15e80642dd49aa9c68b4fa0be2ef1fac2604145e9ec7fd077,26fc85d1526691e15e80642dd49aa9c68b4fa0be2ef1fac2604145e9ec7fd077,1,6.9
0a5a04596b28eabd9cb7ecfd9f6a5b588e3c73c565d3afb82e07922bb15f0354,0a5a04596b28eabd9cb7ecfd9f6a5b588e3c73c565d3afb82e07922bb15f0354,1,1.8
30c1620ab95ce85bd98d818ad8ca8c45442754e8f7ef5ee166d06a225bc10a23,30c1620ab95ce85bd98d818ad8ca8c45442754e8f7ef5ee166d06a225bc10a23,1,7.8
0c9898ca78f957529d5fe1a33cde61d49b80e3a3c57f2d8f249552707007c69b,0c9898ca78f957529d5fe1a33cde61d49b80e3a3c57f2d8f249552707007c69b,1,1.8
9feeb6211355c64d507ba546734870e7ca328dacaccf01f3ad685426dfa12361,9feeb6211355c64d507ba546734870e7ca328dacaccf01f3ad685426dfa12361,1,7.8
a70fcd34fe6f99956291b1d7feb86c30a40bcf77cf400598942e363a34eef9d8,a70fcd34fe6f99956291b1d7feb86c30a40bcf77cf400598942e363a34eef9d8,1,4.3
0d36f23c0584af92cd164bd39b42b29c48743d4ba4bb5cc3ff0c39da2513e823,0d36f23c0584af92cd164bd39b42b29c48743d4ba4bb5cc3ff0c39da2513e823,1,9.2
f9dc96c6244286b1272727c983753e5b12af83aed81551b6b4c500cec1fabe97,f9dc96c6244286b1272727c983753e5b12af83aed81551b6b4c500cec1fabe97,2,3.0
9ce1f60b4e480e77e582f24c178cfdb45310305fd2de1dd1c3fe80be05d11517,9ce1f60b4e480e77e582f24c178cfdb45310305fd2de1dd1c3fe80be05d11517,1,6.6
75760475fadf9bf381013cb880f5d21c279645897f73d879fdb932c88199e2e0,75760475fadf9bf381013cb880f5d21c279645897f73d879fdb932c88199e2e0,2,8.85
50b038e728b2676fbb1d694288aaba486901e1d06eadb0059e61e3f882f40044,50b038e728b2676fbb1d694288aaba486901e1d06eadb0059e61e3f882f40044,0,
f2b2db78deb10977206240f3649346068d3e5cc1032c327215d269f1aed5196a,f2b2db78deb10977206240f3649346068d3e5cc1032c327215d269f1aed5196a,1,4.7
472f3f08d30d95ffaaf3b20c4b1c9e2a20e160a13702f2ef6b4a2bc25a0fbe48,472f3f08d30d95ffaaf3b20c4b1c9e2a20e160a13702f2ef6b4a2bc25a0fbe48,1,8.3
93f2f0ddc9db0bd74108bfc8761abbcafdca21b3dcdd703daa663c21d2705c73,93f2f0ddc9db0bd74108bfc8761abbcafdca21b3dcdd703daa663c21d2705c73,1,5.2
38c96f5e62ac37f9f17328f0aa1645a8a1543c5af74338f15c9e7d0ad6051897,38c96f5e62ac37f9f17328f0aa1645a8a1543c5af74338f15c9e7d0ad6051897,1,1.2
33cedb67c1369a3fbcff7fe7f7f787aa5b292265bba562da936a979fa209788d,33cedb67c1369a3fbcff7fe7f7f787aa5b292265bba562da936a979fa209788d,1,5.6
ed72d2622c4ef62f2c0411697d343d453c72b83da14c6e3759707cdfd758c5d2,ed72d2622c4ef62f2c0411697d343d453c72b83da14c6e3759707cdfd758c5d2,1,9.7
ed28ea1aff29483d83fdf4cf8eb18d9b8cf3b024556c33456fcb0bf8ce1549d2,ed28ea1aff29483d83fdf4cf8eb18d9b8cf3b024556c33456fcb0bf8ce1549d2,1,7.1
a520ce51a62a6c67183ce160e9d695cd5295c3f15a906d1a92728f807562be04,a520ce51a62a6c67183ce160e9d695cd5295c3f15a906d1a92728f807562be04,1,2.9
9e3a85d162d5858ddf9964c556418c876e5a2b8d57f32638a59ab963fcd393b0,9e3a85d162d5858ddf9964c556418c876e5a2b8d57f32638a59ab963fcd393b0,1,2.4
de8d909cd036525a0ebe3c1ce7c5c0d972322594593e0467acfb579ed3fd891d,de8d909cd036525a0ebe3c1ce7c5c0d972322594593e0467acfb579ed3fd891d,1,6.9
f5444bfece72db700c97832f68a6e0f212b9a969054cddb71bb4634d848eed67,f5444bfece72db700c97832f68a6e0f212b9a969054cddb71bb4634d848eed67,1,3.4
f85910b739f7d545bb12ec81440836eedcda1d8d2495ba68caab2985b454c1b9,f85910b739f7d545bb12ec81440836eedcda1d8d2495ba68caab2985b454c1b9,1,6.3
cc300edb97b85cc12ad18c1b1ea8b1ac45f016f4d6a5c4d811eb1e7ee6a79887,cc300edb97b85cc12ad18c1b1ea8b1ac45f016f4d6a5c4d811eb1e7ee6a79887,1,0.6
6573851aec75657382cb879cd7bf854146e121d95716aed578b58c89df70e5d9,6573851aec75657382cb879cd7bf854146e121d95716aed578b58c89df70e5d9,1,8.0
c7cac25c425a7cfad18bd8b430f346808fb51464af1c8f0d8379b90cf430f476,c7cac25c425a7cfad18bd8b430f346808fb51464af1c8f0d8379b90cf430f476,1,3.6
8d65ce31f8a17d5defaba71c5560592537888fae50d708c63c001045464e9eab,8d65ce31f8a17d5defaba71c5560592537888fae50d708c63c001045464e9eab,1,1.1
bf1f1dcad3ae451d8f16558c9afdbd8310a7289a681ee6a2708305a8fd20c0c7,bf1f1dcad3ae451d8f16558c9afdbd8310a7289a681ee6a2708305a8fd20c0c7,1,0.9
0d0f62149936909516aeb3fdbcd280b03b095d5e7b5e2b2d3cebd290376ec9e4,0d0f62149936909516aeb3fdbcd280b03b095d5e7b5e2b2d3cebd290376ec9e4,2,5.9
3a05a1e7bd53e61fb6c9eb7ea9f765827c2b3d632ef29faa584ef5012234e936,3a05a1e7bd53e61fb6c9eb7ea9f765827c2b3d632ef29faa584ef5012234e936,1,4.5
4390c59b48ca548b7475f1079b7f5feff576de0bd49e01b02bb6ee71dc7a5ad3,4390c59b48ca548b7475f1079b7f5feff576de0bd49e01b02bb6ee71dc7a5ad3,1,9.3
ae9c6f61f4e0ca7308210882ed4b5c787f25c581325e6960e50f1a8a979b11fa,ae9c6f61f4e0ca7308210882ed4b5c787f25c581325e6960e50f1a8a979b11fa,2,5.25
cdf57c6c63a82a1cb1df241b62651fd9820299fd70689874607b544bf3ce1847,cdf57c6c63a82a1cb1df241b62651fd9820299fd70689874607b544bf3ce1847,1,9.8
634dfee2deb639eccb79b3bb6eb98cfe780a066380becd786aa090200dc871b0,634dfee2deb639eccb79b3bb6eb98cfe780a066380becd786aa090200dc871b0,1,3.0
e3407cf6c73f0dcaa84102c41eae6f7232d5f60523cb77805ae861f7ab359056,e3407cf6c73f0dcaa84102c41eae6f7232d5f60523cb77805ae861f7ab359056,1,0.7
93e275a4a2ee3789ba8e72572f45dcb8e8c95744c95a7f070f6f3ac903a9d06b,93e275a4a2ee3789ba8e72572f45dcb8e8c95744c95a7f070f6f3ac903a9d06b,2,7.5
d978f6644dbea249bc13f1bf5415f7364d277889f5e49d7154695b323a0a8f3d,d978f6644dbea249bc13f1bf5415f7364d277889f5e49d7154695b323a0a8f3d,1,9.1
8d44ab46591bdedcb6bdfdb4380490310a8800fbcd267a5167eb45444719847a,8d44ab46591bdedcb6bdfdb4380490310a8800fbcd267a5167eb45444719847a,1,4.0
fe5d7cd34fbf25d52b603a7304eb64147ef01cdad04ba93834a3c17674d30779,fe5d7cd34fbf25d52b603a7304eb64147ef01cdad04ba93834a3c17674d30779,2,4.7
e9bcdee433f789948d6fca9f84df444cab1b7629587ac56cc757fc3c4c93b165,e9bcdee433f789948d6fca9f84df444cab1b7629587ac56cc757fc3c4c93b165,1,6.1
84f7d8a01007537c2fa94a7d74c831c92e91bcbd3fe1de7b356febf9b76dc90f,84f7d8a01007537c2fa94a7d74c831c92e91bcbd3fe1de7b356febf9b76dc90f,1,6.3
e29cb75ad471b89470e962517e8eeeeb594f6f113faed72ebd0dc72185d56c9b,e29cb75ad471b89470e962517e8eeeeb594f6f113faed72ebd0dc72185d56c9b,2,1.3
8b184e1024e36e41d22028099ab1f35506cf1a2d32ebf7b5c7414627d7856ab9,8b184e1024e36e41d22028099ab1f35506cf1a2d32ebf7b5c7414627d7856ab9,1,6.1
9c405a4f9ec590342ebd9e1189f8f2b4b9dc12ed9d0e4ebf4ff6e03da1742202,9c405a4f9ec590342ebd9e1189f8f2b4b9dc12ed9d0e4ebf4ff6e03da1742202,1,0.2
6175d67396450608cbac45c3f21ed41c467021771cd8b5d223fdf5617df62266,6175d67396450608cbac45c3f21ed41c467021771cd8b5d223fdf5617df62266,2,1.95
cac09bc0cec4e4a8446c952516f40071892ef3f8e703a145bc2800b348e05aa7,cac09bc0cec4e4a8446c952516f40071892ef3f8e703a145bc2800b348e05aa7,1,1.8
8908b5be4d6372921b986a02b4528f2bca48c8cde59d614d65d7372dbd4dd213,8908b5be4d6372921b986a02b4528f2bca48c8cde59d614d65d7372dbd4dd213,1,7.6
5c925eab0d0ab6c4254b59fbfd70b3f5403544f51ce1efa000e8f04db22ef53d,5c925eab0d0ab6c4254b59fbfd70b3f5403544f51ce1efa000e8f04db22ef53d,2,2.45
f2bffe9efc96ff98b1936ae23935015ab41bf4cc65208fb931b210f1511d623d,f2bffe9efc96ff98b1936ae23935015ab41bf4cc65208fb931b210f1511d623d,1,2.0
a6b9612064a467c1eb8a5ccf441247a06fd32f93b191c71d63be119767245095,a6b9612064a467c1eb8a5ccf441247a06fd32f93b191c71d63be119767245095,1,3.8
c0ca2e7fe3c5cc3a85be0a93eee6d73d201a9d72a1c3bc6f8313de35c5667d22,c0ca2e7fe3c5cc3a85be0a93eee6d73d201a9d72a1c3bc6f8313de35c5667d22,1,7.7
e1d8a564b015b21f728c06ab18ef57dcdaddef4cf790b7d5946904166fffa1d2,e1d8a564b015b21f728c06ab18ef57dcdaddef4cf790b7d5946904166fffa1d2,1,7.7
17594ef210b05728193b842f35ce82dad8c79081a11cd7940831e53edda1da75,17594ef210b05728193b842f35ce82dad8c79081a11cd7940831e53edda1da75,1,8.9
ed2119211bc375dbe7a4118ca8ebf77a03053a0d42763e7268ffbe734d2a0b55,ed2119211bc375dbe7a4118ca8ebf77a03053a0d42763e7268ffbe734d2a0b55,2,8.15
6085d0bf9a668c13eef8eaf36952d1f24fb2f6dbc1c99aedd6ccc02622257281,6085d0bf9a668c13eef8eaf36952d1f24fb2f6dbc1c99aedd6ccc02622257281,1,0.6
bd6c8e0e6b155701656b4022510f688ca247f904eb47ab95a8af4f5e2638cfb7,bd6c8e0e6b155701656b4022510f688ca247f904eb47ab95a8af4f5e2638cfb7,1,3.8
9cc0f2d7298e86344fdc1d1f1f9233414f253b4ca692db7aa4cea355c0adb79e,9cc0f2d7298e86344fdc1d1f1f9233414f253b4ca692db7aa4cea355c0adb79e,1,1.9
a033d7f4a083f6c936fb50a974fb16265bb81e01691934002b28c162b53e8832,a033d7f4a083f6c936fb50a974fb16265bb81e01691934002b28c162b53e8832,1,5.1
be5e20728179cd5759882062975fd9af1dc9d1948684ba1c3006f986bfcce21f,be5e20728179cd5759882062975fd9af1dc9d1948684ba1c3006f986bfcce21f,1,5.9
3c33f26b0d7c522a559db9ffed63db047a9643198deee1bc243fceaff215b469,3c33f26b0d7c522a559db9ffed63db047a9643198deee1bc243fceaff215b469,1,0.2
35a19d928c387b82e0055209ea6c4ae0d9c558942c5249436de74087c5d7fdda,35a19d928c387b82e0055209ea6c4ae0d9c558942c5249436de74087c5d7fdda,1,4.1
8b8f633e35315dec07d82a9c1971f23e543454486bd51766ba9ad02727cbfb7a,8b8f633e35315dec07d82a9c1971f23e543454486bd51766ba9ad02727cbfb7a,1,6.2
f85764f5f6e63dbd9adbac25ebc1ee057a3f528f67745701228277a79fc39bf1,f85764f5f6e63dbd9adbac25ebc1ee057a3f528f67745701228277a79fc39bf1,1,3.6
e2e16085a39474adc6be65c6cd946e8d428e8671044268b61597cb96ab84ee46,e2e16085a39474adc6be65c6cd946e8d428e8671044268b61597cb96ab84ee46,1,0.1
04d6d8daf99bf9712485d27e1b15b853245d99d706345edf4fc65dedfe9cbb86,04d6d8daf99bf9712485d27e1b15b853245d99d706345edf4fc65dedfe9cbb86,2,5.2
a1b2fa985e78a0c87057bb73f3542e3c23099f1a640cf7433524105637359bad,a1b2fa985e78a0c87057bb73f3542e3c23099f1a640cf7433524105637359bad,1,0.6
14c475a84ebe495effb0a77cf5761cd14075e8c73ee8f261baca9006e0d7b5fe,14c475a84ebe495effb0a77cf5761cd14075e8c73ee8f261baca9006e0d7b5fe,1,3.5
0daaa8c91ed7803bb42c0d64f3a8509b4ddae731c2dd46da22bad2c6192a6d07,0daaa8c91ed7803bb42c0d64f3a8509b4ddae731c2dd46da22bad2c6192a6d07,1,0.9
eb410f61a54b02a556e9146d8c27c18c9bb144a465e05ea8f364316c0dd6513a,eb410f61a54b02a556e9146d8c27c18c9bb144a465e05ea8f364316c0dd6513a,1,7.6
b0277662adaf00ac0de07c3945464d0a5ad2a65db26cf48b789ecef327996a0d,b0277662adaf00ac0de07c3945464d0a5ad2a65db26cf48b789ecef327996a0d,5,3.74
d124a1106eaa5403374ef4cf7945656d1791ebc8cd2b23278853ccd00b7bc2c9,d124a1106eaa5403374ef4cf7945656d1791ebc8cd2b23278853ccd00b7bc2c9,1,9.3
dcf69cd55780f75a37e1c4ce593a23a82b32b1b1cdb06e1648019eb0ff3c2aa2,dcf69cd55780f75a37e1c4ce593a23a82b32b1b1cdb06e1648019eb0ff3c2aa2,1,5.7
eff25be77a063a3ce26a37ad26c1c5c58e8f15dca1317c1a9136f6fb3e0f61a2,eff25be77a063a3ce26a37ad26c1c5c58e8f15dca1317c1a9136f6fb3e0f61a2,1,2.0
711e2796d71d43fdb0b2d04eadceb7b64b90096c9b6a4fbdaf2d29ecc77490f0,711e2796d71d43fdb0b2d04eadceb7b64b90096c9b6a4fbdaf2d29ecc77490f0,1,2.1
66dd751838b0e94944aeab0cc00a8a43f118296053227646ea1da4543a2aff18,66dd751838b0e94944aeab0cc00a8a43f118296053227646ea1da4543a2aff18,1,0.8
508870340f792102a353b74d5f4444f029536f3edc31ac92338a9a607481acf6,508870340f792102a353b74d5f4444f029536f3edc31ac92338a9a607481acf6,1,9.2
3004d74d5d14e5dfe6af9f307e98941dcf1a09beb5c8c57282229d1caefcd067,3004d74d5d14e5dfe6af9f307e98941dcf1a09beb5c8c57282229d1caefcd067,1,9.5
4a3ab543044a345cddd1aabde2304b3c6eea33a96318d3b251159d721b8aa7b0,4a3ab543044a345cddd1aabde2304b3c6eea33a96318d3b251159d721b8aa7b0,2,5.4
525a5ef66d6aca0dc448e77b44b2618f2b7f6889deed8344d9a1968734420dfb,525a5ef66d6aca0dc448e77b44b2618f2b7f6889deed8344d9a1968734420dfb,1,4.6
f1dbbb7bc88b3c090c74f8d390b5b497d1ecc4132341a5fec1730a13e4869c8b,f1dbbb7bc88b3c090c74f8d390b5b497d1ecc4132341a5fec1730a13e4869c8b,1,2.6
81799c788d408b441cc41fe5ac13737b31e5d11e0ea7fdafbd4b1a183370067f,81799c788d408b441cc41fe5ac13737b31e5d11e0ea7fdafbd4b1a183370067f,1,3.7
ea1294b96f54ce502c420a0ed2148783d36eac71ab5e7581adb6984cc39687b3,ea1294b96f54ce502c420a0ed2148783d36eac71ab5e7581adb6984cc39687b3,1,8.9
ef9f562633b8d5bcad59cbdf022f434cebefb441109d7296d77ff35b4f471f77,ef9f562633b8d5bcad59cbdf022f434cebefb441109d7296d77ff35b4f471f77,1,2.4
595ee5b2040fb75b46c7113a94ceaaf68f797745405e4c9c919da9f3430bdfff,595ee5b2040fb75b46c7113a94ceaaf68f797745405e4c9c919da9f3430bdfff,1,5.7
d69db822e43e413bb3947f923e2a73a5fca216405b1cd15c2fb4ae97d038d514,d69db822e43e413bb3947f923e2a73a5fca216405b1cd15c2fb4ae97d038d514,1,2.2
eec4052ed117680d89f03400a3b6c8c319b9e75126c8d015ef2ab3fee036fdc7,eec4052ed117680d89f03400a3b6c8c319b9e75126c8d015ef2ab3fee036fdc7,1,9.3
ec4709a1eabd7d6e3ae6b82d7bbf65fcf21fe9a45b1e5cd22d0f5731cd8a2e22,ec4709a1eabd7d6e3ae6b82d7bbf65fcf21fe9a45b1e5cd22d0f5731cd8a2e22,1,6.6
f51b089e5ae5b522c64e0dea649d6da1ecdb2c946ea1b8efaded1b33472c2eda,f51b089e5ae5b522c64e0dea649d6da1ecdb2c946ea1b8efaded1b33472c2eda,1,5.3
0dca204f34a25d67102dea27d345eac2044de3287be7536c809a61db8489b67e,0dca204f34a25d67102dea27d345eac2044de3287be7536c809a61db8489b67e,1,0.8
e9a0bf98899f61240c2f4d2198ad9440d07a62700c737794df5778e8445c3758,e9a0bf98899f61240c2f4d2198ad9440d07a62700c737794df5778e8445c3758,1,2.5
456849a3f21ce549943ecefc841384926117cc1b598498ae6b9032a2e1cb439e,456849a3f21ce549943ecefc841384926117cc1b598498ae6b9032a2e1cb439e,1,9.9
accbd211f04a70235ed738eb3ed10d8e0e501ada9e0ff6198d4814c00527ad33,accbd211f04a70235ed738eb3ed10d8e0e501ada9e0ff6198d4814c00527ad33,1,4.3
2edcc45a8e7630dcc011536efff7749a31b21bffe8e1a7b8df68a191bbfe675b,2edcc45a8e7630dcc011536efff7749a31b21bffe8e1a7b8df68a191bbfe675b,1,3.4
e6c93c2e21687e63f11cc09f8bf31ac80e77cebac9525d3d773b31179eb9961d,e6c93c2e21687e63f11cc09f8bf31ac80e77cebac9525d3d773b31179eb9961d,3,7.37
897f3f5d86e017e9567f5e29e9c121877d72572eaba582b915afed84c3d203c2,897f3f5d86e017e9567f5e29e9c121877d72572eaba582b915afed84c3d203c2,1,5.3
0e9c6bdfa04406afb51b694c0338efab8b84a8f423761e672bce28039adb73ab,0e9c6bdfa04406afb51b694c0338efab8b84a8f423761e672bce28039adb73ab,1,7.6
3a40b105a2c080353a6e0d7737fe31b5ab4dbc446ddfac5c3aced84090e28556,3a40b105a2c080353a6e0d7737fe31b5ab4dbc446ddfac5c3aced84090e28556,1,2.1
623bfeb5e79a03a8579f9961eb9060d03bb4228926350d697bfda59664eb210a,623bfeb5e79a03a8579f9961eb9060d03bb4228926350d697bfda59664eb210a,1,6.7
e0909865fe4f9a9170ebdf3c711dc54e9d653342f689c100e5037e94236be13d,e0909865fe4f9a9170ebdf3c711dc54e9d653342f689c100e5037e94236be13d,2,6.25
cf0b7fb5155b913c4984651a38945cbfd6b14f66db17b8a0e19883b7e8734982,cf0b7fb5155b913c4984651a38945cbfd6b14f66db17b8a0e19883b7e8734982,1,1.5
2006167946d9ec01f169e8023b2bfe95231e1a229c4282921c57456b498ae37d,2006167946d9ec01f169e8023b2bfe95231e1a229c4282921c57456b498ae37d,1,8.5
e9ea8305dee03814d0b2c4e2ff004e36dcf1a89ab5a219152b4a7f57aaa3587f,e9ea8305dee03814d0b2c4e2ff004e36dcf1a89ab5a219152b4a7f57aaa3587f,1,9.7
616796edd9cb5a6bb5e55cc3ddd85493630ca22e32ff730c0bd7d2f528bcfd64,616796edd9cb5a6bb5e55cc3ddd85493630ca22e32ff730c0bd7d2f528bcfd64,1,8.3
3b8343a1d72dda67be0ba3165cc524d38c0ae6d3cba4cae361d995d31bd52b21,3b8343a1d72dda67be0ba3165cc524d38c0ae6d3cba4cae361d995d31bd52b21,1,4.2
3dad6e7e835c3b35f34ad3da4bc06cee9ad6c3b2cd72dfe04ba253afd1df19f4,3dad6e7e835c3b35f34ad3da4bc06cee9ad6c3b2cd72dfe04ba253afd1df19f4,1,6.7
e81193957c20d59d556f9abc6dd0f1fa0f5471c17fb37feb30b4316d5a568745,e81193957c20d59d556f9abc6dd0f1fa0f5471c17fb37feb30b4316d5a568745,1,7.1
5438fcb48e51ee69d681872a989dd68ad488db7a639b693892d405a00cf9b0da,5438fcb48e51ee69d681872a989dd68ad488db7a639b693892d405a00cf9b0da,1,6.6
a4c3c4ab6b9e0ae27bdb10e6a692c00e0b69231edbc3412d13555cd05897aa29,a4c3c4ab6b9e0ae27bdb10e6a692c00e0b69231edbc3412d13555cd05897aa29,1,5.4
273c851e70883a62bf7c55cf5553132466994a91c5a3f4f3469a92df5fa73c14,273c851e70883a62bf7c55cf5553132466994a91c5a3f4f3469a92df5fa73c14,1,2.5
2da450168c44d4d6c3a312030882e9b225711605c68d505dd9c198b6a95bd2fb,2da450168c44d4d6c3a312030882e9b225711605c68d505dd9c198b6a95bd2fb,1,9.9
c2c83afb4d0253aa5f8dd8550e8bc179cb35101adb094f071e1d82757b5481aa,c2c83afb4d0253aa5f8dd8550e8bc179cb35101adb094f071e1d82757b5481aa,1,8.2
261a0d54095bee35216b26e8d0653623668a0fb7c881e44faf553c05369f70c9,261a0d54095bee35216b26e8d0653623668a0fb7c881e44faf553c05369f70c9,1,9.9
c04d4f6792556a44220c0929736b2334bbd3f8d8d51d2c0bb2da0723c12f8fba,c04d4f6792556a44220c0929736b2334bbd3f8d8d51d2c0bb2da0723c12f8fba,1,6.0
59e2b5c0d79bffdc121faa24f435134baf2993e55bb128317209df3228eef8c4,59e2b5c0d79bffdc121faa24f435134baf2993e55bb128317209df3228eef8c4,2,4.15
bd57121e9dcc502b733679368416c2bbd8f6aa8183f027252daf2c5b9fe11308,bd57121e9dcc502b733679368416c2bbd8f6aa8183f027252daf2c5b9fe11308,1,7.7
17f1c3a471aaebae5720d96c855c961c3735c2ac2d08ee4d2e262db7c8db72f6,17f1c3a471aaebae5720d96c855c961c3735c2ac2d08ee4d2e262db7c8db72f6,1,8.3
99d0b6e9a3ef1b544d061b8778d22b48b244a9a9f76f974bf26bde9d5853d1d8,99d0b6e9a3ef1b544d061b8778d22b48b244a9a9f76f974bf26bde9d5853d1d8,1,9.8
1a194e9469824f5804bff9be9b5f466a0881213bea2c58d2aeabe2d2c0d4a391,1a194e9469824f5804bff9be9b5f466a0881213bea2c58d2aeabe2d2c0d4a391,1,3.7
3561f89aa80a318095594a3402db3129fbeb721a76161a78908d7cf50c98e6ac,3561f89aa80a318095594a3402db3129fbeb721a76161a78908d7cf50c98e6ac,1,9.9
ba24dc3b66e6eb11befd8f8db696e77347518ecf0e79b50a52e887f2fcde58b3,ba24dc3b66e6eb11befd8f8db696e77347518ecf0e79b50a52e887f2fcde58b3,0,
aea8a5f60a61cd655ccce402ffc287c22c1458078042326b65833d9a1789644c,aea8a5f60a61cd655ccce402ffc287c22c1458078042326b65833d9a1789644c,1,4.0
afd3bf1ebc0b1b461756f32be53f08c3b9c600d5f7ec966591603cc6887eadd5,afd3bf1ebc0b1b461756f32be53f08c3b9c600d5f7ec966591603cc6887eadd5,2,5.5
29b50665eaf85eb6bcca1045f36f34e273752a3db70aac2c21c713c15ebe1333,29b50665eaf85eb6bcca1045f36f34e273752a3db70aac2c21c713c15ebe1333,2,7.1
ed37bbf7d5047823b16831a41ad1fdf7507615ee47560d88925bb57a840a06bc,ed37bbf7d5047823b16831a41ad1fdf7507615ee47560d88925bb57a840a06bc,1,4.5
8ffd4eb58154d8ac4060fbc0e89092968c8c053c0f75081fc0144bf0e0a59139,8ffd4eb58154d8ac4060fbc0e89092968c8c053c0f75081fc0144bf0e0a59139,0,
0028972c0655d53960b691b1d16ab6107bf235a904147ed94b524c119c3ac70d,0028972c0655d53960b691b1d16ab6107bf235a904147ed94b524c119c3ac70d,1,8.1
2de8fcc7a77034dabd066a341a259138bec41ea63225fccaf0ebcd9b9b649821,2de8fcc7a77034dabd066a341a259138bec41ea63225fccaf0ebcd9b9b649821,3,7.97
71930f434df0d59ee1d45aa3be25a28f283f94fb3437c832c47d3831abc1076e,71930f434df0d59ee1d45aa3be25a28f283f94fb3437c832c47d3831abc1076e,1,2.1
469cf70a07674a42398b3bf2a89773a4a7ee8877ca1ad2a843211472a985c7f0,469cf70a07674a42398b3bf2a89773a4a7ee8877ca1ad2a843211472a985c7f0,1,4.7
1532c2dabf35dcfc6416e47af73c60aa6a18714dc4dd74d2dac37e7704299158,1532c2dabf35dcfc6416e47af73c60aa6a18714dc4dd74d2dac37e7704299158,1,7.0
fe413cee042df6d1ae630e46de567693bef832d166cc097e12644e9c8324cc2c,fe413cee042df6d1ae630e46de567693bef832d166cc097e12644e9c8324cc2c,1,1.7
dc8fceaad441c782bf1878d3ab5c3ce7809f3d46dea247ccdb7dfa591e456eff,dc8fceaad441c782bf1878d3ab5c3ce7809f3d46dea247ccdb7dfa591e456eff,1,2.8
cd6fedf40cf24524f7543c911ef7593301d725b1c0bde2d93832d4adf86e13ce,cd6fedf40cf24524f7543c911ef7593301d725b1c0bde2d93832d4adf86e13ce,1,1.4
cece1a5d9730ca0dc0c1558dc96951066f9adb0604ec60acd73994e7911ca0f8,cece1a5d9730ca0dc0c1558dc96951066f9adb0604ec60acd73994e7911ca0f8,1,6.7
58d51b98df169f24101d0fde355019c9bc295e09f2f36b3caab187e39ce7bd8e,58d51b98df169f24101d0fde355019c9bc295e09f2f36b3caab187e39ce7bd8e,1,8.2
91a5eec5b04b07a8368fe218ff71f0e82761c95c9a78eab0c9e54cb0837467a5,91a5eec5b04b07a8368fe218ff71f0e82761c95c9a78eab0c9e54cb0837467a5,1,7.1
f5490d582148be65f7444df807ed065436f799aefe160dbd92dd52d9cf5dd829,f5490d582148be65f7444df807ed065436f799aefe160dbd92dd52d9cf5dd829,2,3.05
c63d699d3bd69485493a10235e136ef5babee08b480924db1a08da5f658a0b74,c63d699d3bd69485493a10235e136ef5babee08b480924db1a08da5f658a0b74,1,1.8
25d1a4dd899f98b9e4ee5e47f9af65acc8780be3415515578cb77147f0026c50,25d1a4dd899f98b9e4ee5e47f9af65acc8780be3415515578cb77147f0026c50,1,0.5
1bc35087f95e2896deec129eaec5b8a28c65cf9a0eeab2e1b7dd98264be785cb,1bc35087f95e2896deec129eaec5b8a28c65cf9a0eeab2e1b7dd98264be785cb,1,9.2
cdd86fe680abbe214d3087debb4195bc886e8f86bdd41caea1395948eaba7d83,cdd86fe680abbe214d3087debb4195bc886e8f86bdd41caea1395948eaba7d83,1,6.2
247943cf3173e5ee4ab62a8e58f5d1de3d210a7d3c5d8322a178ab7b67c706bb,247943cf3173e5ee4ab62a8e58f5d1de3d210a7d3c5d8322a178ab7b67c706bb,1,1.2
61f0ac76f5d21b8a839ca5d48ee8e37c6b1abe8a90acdb060e70d2cfc8b6edbb,61f0ac76f5d21b8a839ca5d48ee8e37c6b1abe8a90acdb060e70d2cfc8b6edbb,1,9.6
9f29c447f695da21201cb842d21564ff4f484863c9ed471588422c48570d0f9c,9f29c447f695da21201cb842d21564ff4f484863c9ed471588422c48570d0f9c,1,6.4
234a7ccbec2d79ec38e9f0d39d14edb694d819eb626ea9659ecf5d5ad10d6055,234a7ccbec2d79ec38e9f0d39d14edb694d819eb626ea9659ecf5d5ad10d6055,1,3.0
76a32cf18fb7704c7b3cdc952759f669dd5eea1c076ac3f0c5c3b253055b56cc,76a32cf18fb7704c7b3cdc952759f669dd5eea1c076ac3f0c5c3b253055b56cc,1,0.5
b747857be406690c89de89a00d81f78f9c1d29ff93086a4316146c1febb87ac0,b747857be406690c89de89a00d81f78f9c1d29ff93086a4316146c1febb87ac0,1,4.4
075ecd341cec10fdee945bc0ebc139dab8e5084935634db2268800b98e147354,075ecd341cec10fdee945bc0ebc139dab8e5084935634db2268800b98e147354,1,8.6
fe4d0d0a37bd825072551b27a559d16069a629778ebf42d96a40830c4926023e,fe4d0d0a37bd825072551b27a559d16069a629778ebf42d96a40830c4926023e,1,9.4
c7ef16a2003698fb2840f9b797bfb4116ad27630d7ee58d1839113bc04e8b2c5,c7ef16a2003698fb2840f9b797bfb4116ad27630d7ee58d1839113bc04e8b2c5,1,5.2
f2cef9f65da92230733cb2abbb85911fb25be194e1ebb9c0b30cb23cf1a3c1cb,f2cef9f65da92230733cb2abbb85911fb25be194e1ebb9c0b30cb23cf1a3c1cb,1,7.0
dba5eaee1412aa893eb1c0b0bf775e84f6745d8db51492efcb401578e84b94e6,dba5eaee1412aa893eb1c0b0bf775e84f6745d8db51492efcb401578e84b94e6,1,8.9
6427536c9b0348612a39c664bd0c5aca58d8e0f0eb7909680aee2f85b49cbb7b,6427536c9b0348612a39c664bd0c5aca58d8e0f0eb7909680aee2f85b49cbb7b,1,2.0
02275441760c409c616de50fbe98a07fac61c4c28a556cc5636a635c2d7cd553,02275441760c409c616de50fbe98a07fac61c4c28a556cc5636a635c2d7cd553,1,3.6
d50a74781590470093bf625156a4f20f23890053dd74286a926e206bc95727d5,d50a74781590470093bf625156a4f20f23890053dd74286a926e206bc95727d5,1,1.2
50b299d52fa3505bc8390bfbd485133811b06f4f3ab7879c0c77b3ffa35e0786,50b299d52fa3505bc8390bfbd485133811b06f4f3ab7879c0c77b3ffa35e0786,1,9.6
30832ed9f20e69496f941e8b24842a0cac0395e51410e720a5c3f573cdfe0c31,30832ed9f20e69496f941e8b24842a0cac0395e51410e720a5c3f573cdfe0c31,1,7.1
8416f77b5707ebe93852d78b355ef19bfb6e3e484d732f2317c538f662c08173,8416f77b5707ebe93852d78b355ef19bfb6e3e484d732f2317c538f662c08173,1,8.3
9b83e6bc83f63de2102ada1eb3f9cef1701a98a5b18593e198cb72eaa3cdd330,9b83e6bc83f63de2102ada1eb3f9cef1701a98a5b18593e198cb72eaa3cdd330,1,4.5
0019ddcd5a49dc7c49799e4e264ac3957bfeb4d5a8db48731f366603da9d0366,0019ddcd5a49dc7c49799e4e264ac3957bfeb4d5a8db48731f366603da9d0366,1,4.1
f823e05688e99cf02162ea4ab02990248eb7e773b46fed7da715f5372c46d8b5,f823e05688e99cf02162ea4ab02990248eb7e773b46fed7da715f5372c46d8b5,2,5.75
dac49906bb5538a321b7dc7c2f3904155cb5c4b07f1ca3c35b80d320a352e367,dac49906bb5538a321b7dc7c2f3904155cb5c4b07f1ca3c35b80d320a352e367,2,6.1
b6916540fa74fc753cae3e78133d5a07f0cb4fba7073f5b0d4e908f21f1b34d7,b6916540fa74fc753cae3e78133d5a07f0cb4fba7073f5b0d4e908f21f1b34d7,1,5.8
cff079c10bf953f637a46112cf39ef67487fc8155aecbb76ee399885f272d396,cff079c10bf953f637a46112cf39ef67487fc8155aecbb76ee399885f272d396,1,4.2
e03ac6864a1fdcbea521db7a1df66175ea757a266e13cc0cace65557082fffd9,e03ac6864a1fdcbea521db7a1df66175ea757a266e13cc0cace65557082fffd9,1,8.1
ebce745d690c4cb65cd26854b109d2a4de86b91fcf6d6b6ed4cb4ebc90e4dc89,ebce745d690c4cb65cd26854b109d2a4de86b91fcf6d6b6ed4cb4ebc90e4dc89,1,6.1
2b7057d0bd0c981ac040af9a0a4de336522f160d9394cd2f09e6a424df7bd1e8,2b7057d0bd0c981ac040af9a0a4de336522f160d9394cd2f09e6a424df7bd1e8,1,1.2
237d85fd808ef484a24c94a1203471112f24c0d2d2d688f1426fcdf566cb1d7c,237d85fd808ef484a24c94a1203471112f24c0d2d2d688f1426fcdf566cb1d7c,2,4.3
672fb5ef18bcb8b793a60fe4947d83b34f08fb91a2ab95661431f55e782664eb,672fb5ef18bcb8b793a60fe4947d83b34f08fb91a2ab95661431f55e782664eb,1,0.4
9d3630baf41c4986db61062cb75d7f4d15c25817211fb5b57e0fa6bfb4e1d603,9d3630baf41c4986db61062cb75d7f4d15c25817211fb5b57e0fa6bfb4e1d603,1,6.3
afb1f089751ec781536606afdba568d18ba07f0d230363430865e4181e7e9c15,afb1f089751ec781536606afdba568d18ba07f0d230363430865e4181e7e9c15,1,7.9
0cf08c3fb3849602056eae125a314ce3fc57e4f3c3176d73ea917818f4247112,0cf08c3fb3849602056eae125a314ce3fc57e4f3c3176d73ea917818f4247112,1,1.4
97256f16198e16996b148f34ba0f4b2393ab54a8a3bb931b9b903ae8e837cd72,97256f16198e16996b148f34ba0f4b2393ab54a8a3bb931b9b903ae8e837cd72,1,2.1
0c4ec960156b7f082473289875178c0e5b2662657afc6160b83f4c9796dd1825,0c4ec960156b7f082473289875178c0e5b2662657afc6160b83f4c9796dd1825,1,8.5
e80821390e98fd974a3fca59261ea4313289621fcc3329a31adfcb9931f86060,e80821390e98fd974a3fca59261ea4313289621fcc3329a31adfcb9931f86060,1,1.6
47bcbf833024ad0b18e0d469be73a5552547baab32fa3395cd0ec16cdcc56728,47bcbf833024ad0b18e0d469be73a5552547baab32fa3395cd0ec16cdcc56728,1,6.3
196ed87ffa7912a895998a102e3a877802af88f6fdbcd94c5bf95ee3e777b0cb,196ed87ffa7912a895998a102e3a877802af88f6fdbcd94c5bf95ee3e777b0cb,2,5.5
39a095135912b043034c0d5b203455a0dfb61860e298ef54b0e1598d082f63c4,39a095135912b043034c0d5b203455a0dfb61860e298ef54b0e1598d082f63c4,2,2.4
32553eb112e7e9c1e4a9ed1b50ae4e490eac6006c9697374718d35b35be19022,32553eb112e7e9c1e4a9ed1b50ae4e490eac6006c9697374718d35b35be19022,1,9.4
b1c3c5495f96b126758351b75e73fbeb84a1df986c559008c445927b25f2f128,b1c3c5495f96b126758351b75e73fbeb84a1df986c559008c445927b25f2f128,1,8.2
c62762aff7e15c28a46af033a445b2acb7e9bc16e6d7d6a1a33cee7a5d4caab4,c62762aff7e15c28a46af033a445b2acb7e9bc16e6d7d6a1a33cee7a5d4caab4,1,3.8
e877fb85381db0adfde6219ba4f0b69362bc709a04020ecc1a8a0bcf53b14541,e877fb85381db0adfde6219ba4f0b69362bc709a04020ecc1a8a0bcf53b14541,1,6.6
13f7cc902ef8c1198c8ac12a45475a1c68ce6321f01cec70fb9ae33ae17fd4cb,13f7cc902ef8c1198c8ac12a45475a1c68ce6321f01cec70fb9ae33ae17fd4cb,1,5.4
e5d5719b9de824cabae50152f9b48a0c5c08df0b4d4688e421e6bc93d11dc88d,e5d5719b9de824cabae50152f9b48a0c5c08df0b4d4688e421e6bc93d11dc88d,2,7.35
4166ad0861361006b27d8ab1dd8a3a1a539a4fa2f557c6d67c2d005aebdc8a73,4166ad0861361006b27d8ab1dd8a3a1a539a4fa2f557c6d67c2d005aebdc8a73,2,5.5
b5c2b6deb59cf9eac39365b1faf5d38def6508d8c37d0fbf035484d6ce4778a3,b5c2b6deb59cf9eac39365b1faf5d38def6508d8c37d0fbf035484d6ce4778a3,1,1.3
965fec3095f28869765fdc7b0940310d9aac4121b99062c472636329ba3ae30e,965fec3095f28869765fdc7b0940310d9aac4121b99062c472636329ba3ae30e,1,2.3
7de1e1b3ecfa57ed9def7c13ecc9c1688bf06f4d509c88aecc9ac26755297885,7de1e1b3ecfa57ed9def7c13ecc9c1688bf06f4d509c88aecc9ac26755297885,1,5.3
7eef344e1c2f049d96ef2f01be9e26e2b7726a174f6e4c3923a538b14044f4ac,7eef344e1c2f049d96ef2f01be9e26e2b7726a174f6e4c3923a538b14044f4ac,1,8.9
ca9d8f488f4f3ab4073e0c4834829680341df29b2afda1a5588e997c3cbbaa2b,ca9d8f488f4f3ab4073e0c4834829680341df29b2afda1a5588e997c3cbbaa2b,1,1.7
cec0d9476f2c948ec879d13c547c3f0f77eeb0a14f628063de3c430f814f08c7,cec0d9476f2c948ec879d13c547c3f0f77eeb0a14f628063de3c430f814f08c7,1,0.3
b0f8e4b075a71449107816cc73fc3c4936f93fdfbaa99eb281f212644c4883d1,b0f8e4b075a71449107816cc73fc3c4936f93fdfbaa99eb281f212644c4883d1,1,0.0
4017f0045f90cb90ea2f25f6ccdeb1c7e4b386045f89739f4eb4da57813ea362,4017f0045f90cb90ea2f25f6ccdeb1c7e4b386045f89739f4eb4da57813ea362,1,6.5
f9f67c0912da8851e4898a9e05154114ec18e323c32a27640cb443aaf584427a,f9f67c0912da8851e4898a9e05154114ec18e323c32a27640cb443aaf584427a,1,1.2
7853da9f97e2127ee248d1db8111fbf9f99291eaebe79a9c5dc33acf4dc40257,7853da9f97e2127ee248d1db8111fbf9f99291eaebe79a9c5dc33acf4dc40257,1,5.4
72c3e1950d35b7fdcce689431460155f7b9bd7f57868a676fdf7f49759febdd0,72c3e1950d35b7fdcce689431460155f7b9bd7f57868a676fdf7f49759febdd0,1,5.6
15c2e0e28014434bec78a0c4b5d0437e03c5a7f531e9abb23a8e5db74940b377,15c2e0e28014434bec78a0c4b5d0437e03c5a7f531e9abb23a8e5db74940b377,1,4.4
9b076195028ed5ef7da856a706ed73de222c08790fc896860263a60e07b2e709,9b076195028ed5ef7da856a706ed73de222c08790fc896860263a60e07b2e709,1,5.2
beb7590cfddd9a0f2846a0d9aba01cbd9480a7e29a6195c7f11ca58bca16c415,beb7590cfddd9a0f2846a0d9aba01cbd9480a7e29a6195c7f11ca58bca16c415,1,5.0
f32ae8661c0174a47dc059c40c912a8a359db09c09993cfb1d8ce525d86695be,f32ae8661c0174a47dc059c40c912a8a359db09c09993cfb1d8ce525d86695be,1,0.8
29cc9af681d85bedc304026121c5212b922978e0e60409dbab48ee8f60c27227,29cc9af681d85bedc304026121c5212b922978e0e60409dbab48ee8f60c27227,1,6.4
00e02dc1f826258f454b2af49666c9fa32259ad47d465680dc189b403e7e9dcc,00e02dc1f826258f454b2af49666c9fa32259ad47d465680dc189b403e7e9dcc,1,7.7
cb4a34dd2060bbbc23206c2ff78a47c632d87e452ba8f7540153f3205a17ba77,cb4a34dd2060bbbc23206c2ff78a47c632d87e452ba8f7540153f3205a17ba77,1,6.0
73f42457720fc6bf5bc8ddeabdccbafb5a7f3d306a36f96857f9ca721d2d7eeb,73f42457720fc6bf5bc8ddeabdccbafb5a7f3d306a36f96857f9ca721d2d7eeb,1,9.1
6a4a78e161a051dc1c137a14a2f894f9b73f2811b3c3facb564e0b7852be7a0b,6a4a78e161a051dc1c137a14a2f894f9b73f2811b3c3facb564e0b7852be7a0b,1,8.1
600033fbcc88ca67e8e39e1d6ba089b0d86d4b82217b600fdc7d8739e558562c,600033fbcc88ca67e8e39e1d6ba089b0d86d4b82217b600fdc7d8739e558562c,1,3.1
080cb1e2ef35059f76a83857c6750348100f64f7069b893ff776267d03fb522e,080cb1e2ef35059f76a83857c6750348100f64f7069b893ff776267d03fb522e,1,4.4
3d00f96119f16c0541bc9275ef1fe596a1e146ea8d9a2969c31ea06a8fcbf3f5,3d00f96119f16c0541bc9275ef1fe596a1e146ea8d9a2969c31ea06a8fcbf3f5,1,8.9
5f98af01b5eb724b8ce4f26c12cac4cc4bcbe82cdcb26ede5bed8c59adc9e153,5f98af01b5eb724b8ce4f26c12cac4cc4bcbe82cdcb26ede5bed8c59adc9e153,1,4.6
442156933068f72019dcabd3bcf5931db2fdc5189db2b9349d6f0a6206153bff,442156933068f72019dcabd3bcf5931db2fdc5189db2b9349d6f0a6206153bff,1,6.5
5a31dd9e96509950568863d9c7fb89b279f75ef6d5287b27356d07c59819c82a,5a31dd9e96509950568863d9c7fb89b279f75ef6d5287b27356d07c59819c82a,1,0.6
9c729c8e65492a6e02f53d1a705aae821c5f1d2951f173b39552efd850e52bbe,9c729c8e65492a6e02f53d1a705aae821c5f1d2951f173b39552efd850e52bbe,1,4.0
d98fcf7d879dcc49c86828f31927d01cb93a05b336d4513301dc63a7211b22b4,d98fcf7d879dcc49c86828f31927d01cb93a05b336d4513301dc63a7211b22b4,2,4.4
2c4fc1fbb3d615ec9a1ebf6d789bc9778b479386119cd18ded22eb4f30617b51,2c4fc1fbb3d615ec9a1ebf6d789bc9778b479386119cd18ded22eb4f30617b51,1,1.0
553044d36b0185977564b5ed682f8d3037f80ea02742f0539a54053be1949afd,553044d36b0185977564b5ed682f8d3037f80ea02742f0539a54053be1949afd,2,3.45
2639111d74378088ab9246290e3ea93d67a1ed5e97d10cc9ea55851f9f267f0e,2639111d74378088ab9246290e3ea93d67a1ed5e97d10cc9ea55851f9f267f0e,3,4.1
dfebab7ed3b1a1c40ca35f73fed8a0b3fd4f171beac5c5a343e98cb845e2c813,dfebab7ed3b1a1c40ca35f73fed8a0b3fd4f171beac5c5a343e98cb845e2c813,1,4.2
b9a44a7bf089f9fea33cc865cfd673f30f9cae97ff54e6e2e36e749c7a67470a,b9a44a7bf089f9fea33cc865cfd673f30f9cae97ff54e6e2e36e749c7a67470a,1,4.1
9a2e397cdfad61c8e5064734d323340c1151ec4760b63d0f4168545bfb67bd43,9a2e397cdfad61c8e5064734d323340c1151ec4760b63d0f4168545bfb67bd43,1,5.3
4ff5445297ea30d5e715cf2c7312bbc4553e36aac44c6f5e9ade8274399ba8ee,4ff5445297ea30d5e715cf2c7312bbc4553e36aac44c6f5e9ade8274399ba8ee,2,7.6
d0f5c2314f68b9514912b8702376d56969c244030cbc94f904de2f3a9d1225fd,d0f5c2314f68b9514912b8702376d56969c244030cbc94f904de2f3a9d1225fd,1,4.6
b585fe1befec36cb8dac92da2d82a9e5c16c9bef6e4a8be888e9f3feb2da3412,b585fe1befec36cb8dac92da2d82a9e5c16c9bef6e4a8be888e9f3feb2da3412,1,3.6
43824e5f3f7300d9fe9c21c580308ed9037f713f00df5e4d6ba8c8e9b1655215,43824e5f3f7300d9fe9c21c580308ed9037f713f00df5e4d6ba8c8e9b1655215,1,0.5
353c9d0e932c0d695719edb5ed3a507ec6ff50da4cc84d1f92a59f0620cc43c8,353c9d0e932c0d695719edb5ed3a507ec6ff50da4cc84d1f92a59f0620cc43c8,0,
6325b3d89244c936a3922d281675fd42452bec1ec1ee91f9550d651967ab0cc0,6325b3d89244c936a3922d281675fd42452bec1ec1ee91f9550d651967ab0cc0,1,4.9
5e410dc3b25a2d6ea0e2df8263cf8af6722826daf8f3683234529a2c4bbcb9de,5e410dc3b25a2d6ea0e2df8263cf8af6722826daf8f3683234529a2c4bbcb9de,1,6.0
8db7db44c59f87852ca30631f1f50163b5ad78fa8cce60591cab0d816328e6df,8db7db44c59f87852ca30631f1f50163b5ad78fa8cce60591cab0d816328e6df,1,4.5
