sk_movie_id,orcamento_usd,receita_usd,lucro_usd,orcamento_brl,receita_brl,lucro_brl,popularidade,nota_tmdb,qtd_tmdb,nota_imdb,qtd_imdb
88950b5cbcd974f7422318f40c9fc513524ccb957f65e61283eb21471d9b5b14,,,0.0,,,0.0,5.018,4.776,49.0,4.7,1130.0
887157a5841fe89e86a22995bc5c3c69b48f134589fa3a36ec2c419a94e646c9,,1271880.0,1271880.0,,4286998.73,4286998.73,9.357,5.906,159.0,5.4,6675.0
836a2b5f7f0085954e4b21c05ef62c68be4084e55ddcd61fb85bba6d46f0ced5,,,0.0,,,0.0,21.81,5.237,99.0,4.9,1649.0
ecc99bf640e88c18e5f3003002d4997c506a3fa733a3799f15db7e3324b3feed,,,0.0,,,0.0,1.627,2.0,1.0,6.6,
15b5c0336b4bc37ab9c11a62d28cc565dac99e5f62fafac91ccc9bd1018e7af6,,,0.0,,,0.0,1.921,4.0,4.0,5.3,
9df00f89389993611ba6e788e91075190e579e03007075607333abc9bbb79edc,110000000.0,303144152.0,193144152.0,366201000.0,1009197196.42,642996196.42,27.272,6.934,12429.0,7.0,504933.0
2fda28679c615366d3d16177b5d94bcc02e4d26fe24cf12a9d6e6b1065763c16,,,0.0,,,0.0,1.604,4.0,1.0,4.3,477.0
29d0efb8dd7f69ffb711ffcff9edf03f85755004c07d66f8a1459163eda5ec59,,,0.0,,,0.0,8.661,5.617,184.0,5.1,5984.0
4762d8543e630ec5e6d542ca11cd750e5f08e6cf8e18423745f8187c4dc7520e,,262921.0,262921.0,,927322.37,927322.37,8.571,5.854,297.0,6.1,10888.0
93f94facd94c2575ed8432af31759f1541cfd38bac23c51ff3765ebe51f06305,11500000.0,94073028.0,82573028.0,46983250.0,384335355.89,337352105.89,27.388,5.913,4128.0,5.9,143337.0
6b4f2e92984e84bddd5e6370cd0e4fc4c4d1755c59139dd3d68ae1b944feaeea,,,0.0,,,0.0,2.89,6.1,28.0,6.5,1239.0
c305eab58f997cff27e7cd707acd7c411718cf0990ec73d6abfac23dc2d65172,2500000.0,230069.0,-2269931.0,9066250.0,834345.23,-8231904.77,5.376,5.391,31.0,5.1,3209.0
ea1b5e74d01b86d342ecdd6bf1f403f443cab753235abfb45866d2f14256f93b,,6423605.0,6423605.0,,20444407.63,20444407.63,11.169,6.903999999999999,230.0,6.6,9418.0
9b013dc47b03561ad39eb58d34d20d133940e790766bd219ec83274fe184e290,,,0.0,,,0.0,1.4,5.0,4.0,2.8,223.0
89701ace3363a1a8f698a0032627acf8f525f2dda12f4863d9c7e9a94aa63797,23000000.0,46152411.0,23152411.0,90606200.0,181812807.89,91206607.89,10.414,7.176,1967.0,7.3,108530.0
91ac04c7da354f0c9ee76eac173a16d77164501c6420b1dc7199cf567a0e018f,,,0.0,,,0.0,0.6,0.0,0.0,6.3,113.0
85164f19379732d1d51a8af920e749068202c6496ec47daad6aa5791c6e54f23,40000000.0,29918745.0,-10081255.0,126396000.0,94540242.33,-31855757.67,14.168,6.1,1878.0,5.9,72695.0
e40c3c7345afce281a8899a58646d2c1cae1feaca58f3e92bc700609bb3c6df0,,,0.0,,,0.0,3.888,5.852,27.0,4.6,1320.0
75344d0930b0a33ac9d5a56cb7cf2becc06be4031d02739d4b03949fca2ada15,,,0.0,,,0.0,4.127,4.393,14.0,4.3,809.0
30cb47b90d2a9e55870d4be4cd085f60276ebf289eee750b138cf740efe279eb,,,0.0,,,0.0,1.533,6.0,1.0,6.2,80.0
5c1fd0a20e6f576eec76b0f91dc0c93a4cf1f421277caefb40f881ac3afdc298,,,0.0,,,0.0,1.396,7.214,6.0,,85.0
876f901fce37f61b13428c95d85e93c82d73bf0fd111a4f3deb9498e50fd932c,39000000.0,12780692.0,-26219308.0,150793500.0,49416545.62,-101376954.38,12.618,6.562,,6.2,27875.0
e29030913ade50c6cda78634d5fccfa83815d00a742a03afa1b5489c15431e6d,,,0.0,,,0.0,2.289,5.948,48.0,6.3,336.0
d4d1305003969ddbdbd8e112d5219986ed9421f66409f65c6e0cce954550dd54,,,0.0,,,0.0,24.124,5.8,573.0,,24973.0
a6f8844232d420a49be700da0e434085be59a052e55c21cdd0442dd6bb59a4e4,5000000.0,2387127.0,-2612873.0,16118000.0,7695142.6,-8422857.4,7.496,6.441,221.0,6.8,8927.0
5c5ed0451b8759970b7bb62b4f1e2de9db1994a0369c297500702382d94322a0,,,0.0,,,0.0,1.53,5.9,8.0,,927.0
81a881d48a7a32bf7fea5f6e75ad0e01d3bd2bc4f19308dcef596cb381fbf84c,,,0.0,,,0.0,2.663,5.775,60.0,5.3,1135.0
285793af66f47ff6ed9a65eb91810584bb411d5184face9362b0752a096dfce2,,,0.0,,,0.0,1.676,6.571,7.0,7.7,214.0
ba6f40cd0d6d1853375962d7d2a68891176b8d989568ba7265c9aff229487cc2,,,0.0,,,0.0,0.771,5.2,4.0,7.3,68.0
589a1bcd94982b3f5c0cbcee556344a79f593718d87c44783f16c036b9d702cd,,,0.0,,,0.0,2.41,6.889,18.0,,971.0
556a2a64b969a41fe46b003b2d455547402b444e523a92b740a9ef7b5b96b8d6,,,0.0,,,0.0,0.908,4.0,6.0,4.9,182.0
f37e09f687bf35289a120277207ad682a001bf86132f6434fd86d43912f3aa4c,,26000000.0,26000000.0,,91312000.0,91312000.0,6.563,6.7,72.0,7.4,26837.0
7df5b22edd33e20b42b8d4a64ee4fc017aa9978996376b18e005d42d2c79d4d1,,,0.0,,,0.0,0.773,5.2,6.0,7.2,443.0
d97338017a291efb30cdfe85ff18900df3e758a268b1bb3f15b53332f6cc6fcb,2000000.0,,-2000000.0,6271600.0,,-6271600.0,2.261,6.458,24.0,5.9,1089.0
fc79a3d97eb64db4694886f05ebfcb41060dceab71c66adfe23ad6033a8c1385,,,0.0,,,0.0,3.079,7.977,22.0,7.5,2804.0
95d96a64f01ced50dbfb9bbcde6d48a167b5db76e652746506f7da8f2819f873,,,0.0,,,0.0,4.115,6.8,37.0,6.3,1429.0
dd40f9142144ccb4df5f3db4b233e6be794f8f13b38752e28fb16233e16b846a,,,0.0,,,0.0,4.039,5.854,24.0,5.5,823.0
9df24f08f24b5c4b4ca2aa7be108e5eda66a5694e31e073498b0add71fa8c174,,,0.0,,,0.0,2.56,6.8,41.0,2.4,328.0
c4822736b040e43050318d7626fdd93f8305770ed62a5caa2dc01199368227a0,,,0.0,,,0.0,3.059,7.333,12.0,6.1,214.0
7281b33df73374d4a22bd7e6a73963172b334a9ac529d9386f32903516f3a3ab,,,0.0,,,0.0,1.829,4.5,6.0,4.4,620.0
abb33e0650d46178774c3208617f0f0da63818bc8078c701bd13a1f62b48095e,,4971428.0,4971428.0,,16532980.96,16532980.96,7.325,5.778,394.0,6.2,5512.0
a46e4ecaf52a8c7fcb2fb7fd9ca4c2cf1589d9044ee5d6f78fe0b389e8425b61,12750000.0,28000000.0,15250000.0,44778000.0,98336000.0,53558000.0,6.594,6.289,227.0,6.8,
d635a58cc1b0007552ee367f2c22bdb88aa39f37c1752f9974ce3c1645b6d6a8,,,0.0,,,0.0,0.6,5.8,4.0,7.3,104.0
7b9e544e336aaabb88e95b66baeb898f439ebc189d4a185c1b54067d92927fc8,500.0,,-500.0,1998.95,,-1998.95,0.692,7.5,2.0,7.1,44.0
3caadf704822b5726e3d69273fff7fa38d69c73a28463ffa97c014751765b81d,,,0.0,,,0.0,1.208,7.0,1.0,6.4,7.0
07a62829e4eefbce4290f8fd0ed2d5a118adc92435a595a6f89ebdec5d90e4d9,,,0.0,,,0.0,1.852,6.6,7.0,6.4,584.0
4028e0e1973ef31ebeb04ec60e22c8feb57f3403fd6db8bd4c5f85bfc5eba678,,,0.0,,,0.0,3.292,4.682,44.0,5.2,2036.0
5136be06ae5c0fb54760ff09fb07e6240b19f079bfd2fc66b72e4a3366519618,,,0.0,,,0.0,3.232,6.4,,6.4,3776.0
d138521771b55c0b0f8742131a7a7afdbfa74955d0815507c390ef58ec217dc6,,,0.0,,,0.0,0.6,8.3,6.0,8.5,156.0
374f8a41ad3633e3e67a38bec5a830f4e9e5e1faeada76dfdbd4bd2326d9122b,,,0.0,,,0.0,0.746,5.8,5.0,7.1,111.0
6bac71dd124086a163db10e3a3ab28b8b83b1c77c296b63e050aa8afa7bdfc8c,,,0.0,,,0.0,18.443,6.393,117.0,6.3,1960.0
6b6046f45bcfc7aa212f5e36e5e210c81c5759f14dd586de9fcc002176045f16,,,0.0,,,0.0,7.746,4.935,31.0,4.3,895.0
5fb8d887cdb46a20c80bbcd3316dbec805121e287730824fe0ba07a39fe45f67,,,0.0,,,0.0,1.841,6.5,7.0,4.0,582.0
110113235435003172e3b8d456d5a5087e5a27f5c346caa36e23b69b739b6548,,,0.0,,,0.0,1.742,5.7,9.0,6.9,
8b9f43b24ec2b8739b85c3923247c1fd1cfdf2cd95d479c0f9a0450047a73cd2,,,0.0,,,0.0,0.911,5.4,7.0,4.7,916.0
71759979871ac233eced674fd42b22c3670a1e3f7626d9dbc6b30edf19148d38,,,0.0,,,0.0,0.6,1.0,1.0,3.5,157.0
ad8947586a238637c788235c99111fdad40bf8aaa6ef224ac3bda1db175f4b81,1800000.0,,-1800000.0,7014420.0,,-7014420.0,1.714,5.8,8.0,5.9,593.0
128a1fde92e77d987a13a617b1b61204a4bf00aea18aa4ff69b97b4d6c86c851,,,0.0,,,0.0,1.28,7.3,15.0,7.4,
a06071bd556319d17dfb24d572debb7ad200e6bc644033f041c53060b87e9127,45000000.0,114501299.0,69501299.0,154228500.0,392430302.06,238201802.06,18.016,5.652,,5.9,94824.0
fcb17c206e7c28312f69734cecb1138747742b39661f451dc27df5df8fc3c2e6,,,0.0,,,0.0,5.191,7.136,22.0,,995.0
9a278a53d40b54df4fa0a08994c77736243557fac398db09c8dda823b492027f,,,0.0,,,0.0,1.616,7.6,5.0,8.3,2685.0
b2e1c0016678a2d2b57ac8404290004120526b64a42d2b842bfe90aa3b983595,,,0.0,,,0.0,1.384,0.0,0.0,6.9,49.0
89136d5eea529edd221d85197ae21ece0abd5f7269ebd4e83a0856853394fe0e,,,0.0,,,0.0,7.149,5.075,126.0,,4314.0
67e579da5edfc042b1d3ffac9ccb1633b2e70b5610e748f6e7eb5850e41f53ad,,,0.0,,,0.0,1.656,4.5,4.0,5.8,92.0
4837ccb387f7515c3ab8fe90ff5c2394d345f8c3558e7398e12ff38b5328a501,,,0.0,,,0.0,6.132,4.708,72.0,5.2,1220.0
c719eec56376247212e17bdb3225884042b757284e6dd7aeba7f3e1e436adfed,,,0.0,,,0.0,1.151,6.0,1.0,,222.0
9891ddfa991c0e8ecc96d25b6687a285a585b5b4cd02120e42d935299140e424,,,0.0,,,0.0,0.676,10.0,1.0,,37.0
1544365948b349144daa5cbd37c07c74baf6a14280d647ecc458a75874101fbb,,,0.0,,,0.0,8.207,7.173,49.0,,2486.0
9025e16725ff52dcff81f3d31cedf2f1c2f63b1e7a78994cf4fc9726124aab2a,,,0.0,,,0.0,0.952,0.0,0.0,8.1,41.0
beb395aa4ac532ddb34a89cf1d39cb8fafebca037c1a2c61d0ed891a6de1ca62,,,0.0,,,0.0,1.048,5.0,1.0,6.3,25.0
844bf17c2c3c1f45e22ca945d21968de89592f2a12b7313152e756680ebf4339,,,0.0,,,0.0,0.845,6.0,5.0,6.4,379.0
bc856bf1ad0f6bb513cbe10070400328763f7058504a8181d6627d0b07c0a9a4,,,0.0,,,0.0,1.58,8.0,3.0,6.8,
d2440537d40f501584370e35ffb0ff18e7a6759687e2a7d1ee50617ca9200b48,,,0.0,,,0.0,1.393,6.6,12.0,7.0,47.0
1f5b488a026d2c0362f3e4cc4580632591a9344ae2393362cae5a55978266a53,,,0.0,,,0.0,2.558,4.75,8.0,4.6,263.0
2dd4f4000f1870ee5fa6ee2ec6955bb628c87ea3eabf160b9541f7f5d3fd3fda,,,0.0,,,0.0,1.541,7.556,18.0,7.6,1404.0
d36aa9baa8d8bccb2e40a5c8c7f1a490a347714750bc5501fdb4c4142fbc1347,,,0.0,,,0.0,1.789,6.6,38.0,6.5,1606.0
802c392930a46404ae684fc2525f7d82ebb5083edb0c13d86e1ff9e260793a89,,,0.0,,,0.0,1.535,8.0,16.0,7.9,2898.0
f020077c12e237e1ca4750af941cf3b5426f15bf33e5bd54f7871784218428ac,30000000.0,8484418.0,-21515582.0,93837000.0,26538411.06,-67298588.94,13.647,6.989,1377.0,6.9,54659.0
db96727bc6e5607054ac4389d43025fd0af4c904a866d2fce0f0bed8626a2f75,,,0.0,,,0.0,2.406,6.9,10.0,5.7,3712.0
05198f84ec850977d4fd833a51090b3a4dae18913b5b9fbb4b974401a8f5f919,,,0.0,,,0.0,2.722,5.2,12.0,5.4,251.0
8a0558d8cc4dc036d87cd437d3a301ac946bbbe14b062a3cf4d2b97808ee5c45,9800000.0,5566776.0,-4233224.0,38260180.0,21733250.18,-16526929.82,21.256,7.162,2440.0,6.8,107783.0
9963f40b2e0167117df6b4980303753cd82c0fbfe27d58ea45e9832d7613655a,,,0.0,,,0.0,0.842,4.7,3.0,,31.0
5521d5d2ad3063abfa9ce36ddfe7344a7bef76e19c01054894a880e317174b39,,,0.0,,,0.0,0.83,5.5,2.0,6.6,83.0
104776c120de998a1477fb1971dec73803e8a7edcb2f2f406ed0abfdc1f482f3,,,0.0,,,0.0,0.766,6.5,6.0,6.4,263.0
129b3d2df7002203b7bc12218496f0f9ae6ced1deaea87af668a9d23eabb5d78,,,0.0,,,0.0,0.6,7.5,2.0,6.8,112.0
8f1d64122f03ab882bb1ad25967e9d3a690dfaa2d0e4f4a1a6068f5072c67850,,,0.0,,,0.0,3.379,6.4,25.0,6.4,711.0
da70f4119fa332dd999751481ac371fdba329ba27a7ab2b3c38c115a85d1d599,,,0.0,,,0.0,1.193,2.4,4.0,4.6,55.0
f0de73ae88a89025bc37f77db02101e04ce39753b0c445b1495de4cc992d863b,,,0.0,,,0.0,1.166,5.682,11.0,4.7,325.0
fc51129cc5b3cfd213acde3f4dd82d9db4ef2864755c3a698a2b06dccf34da83,,,0.0,,,0.0,3.325,4.3,49.0,4.3,2522.0
582ebf50d2d4f0e3a99d6aad346fb2d3a4daa4be2a832c24581f3af138380be9,,,0.0,,,0.0,5.194,0.0,0.0,6.6,50.0
40e3ff8d0f762bf08cd014ce3cf1bfb678fc5849ea80cc8da7c28dc9a7d96b13,,,0.0,,,0.0,0.98,0.0,,6.5,
d22b4b1b286285715d0bcc57811bb7c8d961324e5c3c6c88f7f2716eed0b5da0,,,0.0,,,0.0,0.6,2.0,1.0,7.9,8.0
1a33d2b5d591d836c26823b2d95907c93e326b9e344b122745cb42fa255628d1,,,0.0,,,0.0,0.628,0.0,0.0,,
0899a885e40c4af451b37efc9c83a63aab6ceeb575c3bd6525a47626aa90fef5,,,0.0,,,0.0,2.602,3.8,21.0,2.8,652.0
2640f00e639ac9c4acdd6926df107c4b0f6d6f32645abf90f1617701e6edaaa0,,,0.0,,,0.0,10.893,4.238,168.0,3.7,5431.0
7095d0e5a0fceaa93a2d8ebc068abb6815ac3ae85e60353f30da753eda95e54a,,,0.0,,,0.0,1.601,6.8,5.0,7.1,64.0
955b9341ebe4e8b99b7308c85e44b48bc94e36670b3e42043c8fc21ccf343371,3800000.0,,-3800000.0,12409280.0,,-12409280.0,6.212,4.7,47.0,4.4,1281.0
0d3f25f8b95c704514ee3a79b9a60c9903850b47443328999d62a58e0d631149,,,0.0,,,0.0,2.282,5.375,8.0,,556.0
6b043e5b07efdef0311745d701126cdaa7d058994d4b4b8998ce728f0f126c0b,1000000.0,,-1000000.0,3483300.0,,-3483300.0,1.206,2.0,1.0,4.3,85.0
13ce7d2a8fcc0129d5b02584d16228ba2e6b392e0c48dc4518a76194317e30ee,,,0.0,,,0.0,3.826,5.8,25.0,6.2,4944.0
d070a2eddec34ce3bb3a64236e5c6830afdc930b1dc2105d613cfe7b6580197c,,,0.0,,,0.0,4.392,7.214,28.0,7.3,3419.0
719f756984b3327d0aae1aeb40a899aa997c6ffa030c6166fb9e2c6330f9379e,,,0.0,,,0.0,3.933,5.224,38.0,4.9,2849.0
697965c333cd80dd7f84f76923d36fc6d6ba246cb90e10bd6c1b683d565aa75e,,,0.0,,,0.0,0.97,7.5,11.0,,388.0
3123f5a2ed624571d34ba82448cd351b0412cb0fefebdcfaf2737a704dbec79a,,,0.0,,,0.0,11.693,6.456,249.0,6.4,10159.0
f40d4a1c10041b69c8bf324f271dfcf2b74e1653226d9ad0c42cde8e3be19f10,,,0.0,,,0.0,2.713,7.8,,7.5,1105.0
5fefcfff2e500f52d4ca34b4838dcb8dcc7cb7e3877b3868c9036dcc9fb01b82,,,0.0,,,0.0,1.174,5.2,8.0,4.7,437.0
855b209a1f9fcd67de80b37aab239cb78af829cb988bba5128e5c237b1e5c02a,,,0.0,,,0.0,3.685,6.3,25.0,,1073.0
33096d33b1d5a9f45c0adca8d39101d47615c32684d9247d1bd5eda21855997a,,,0.0,,,0.0,4.469,7.5,34.0,,544.0
85cac9a9e824a27b7e6cf6fb06aab0fb6b6d83a13b4106761290384d2096f641,,,0.0,,,0.0,1.407,3.7,3.0,2.9,609.0
46175eae63de0af4c93599637ef1e6214f0f1c5290999dd08cafe2acb1b8460c,,,0.0,,,0.0,0.6,4.5,2.0,5.2,33.0
58a4901246a465dc2a4833ec563f8576a6ad5cc383545362961825b18b648ac4,,,0.0,,,0.0,1.019,5.0,1.0,6.3,23.0
139fc0bd48fae361785c57ed662baaa3bb21b840339bafa3f4f8beae05bd8edd,,,0.0,,,0.0,1.428,5.5,8.0,6.1,185.0
d88dec9e0affaeb393abf68edb615bba0afbd716340ce4994f0362e1119af22d,,,0.0,,,0.0,0.906,7.0,2.0,6.7,12.0
e199edd7e05a9cd969f08e66fa6c07a5770e1c24e59db13df909996271338043,,,0.0,,,0.0,0.712,4.75,5.0,4.6,175.0
1bdc053be713c5b38b572f1f10b9361a9c0cd85bc3f91bc640cc95cf32b64e11,,,0.0,,,0.0,2.053,6.0,13.0,,1477.0
ec9ab651cee7433c0232eee02ad5f3bbcf2727f5d1f3124eae035154738ead1d,,,0.0,,,0.0,0.6,10.0,1.0,7.6,32.0
a3888d19adaae7f692d4107bb4cf49cc7f62b0ad0e92531156337720b094ffc4,,,0.0,,,0.0,6.617,5.415,196.0,5.0,5770.0
5d8f6af64068053691dec5c5db911120eab5b1d08af40e0429a8ed421e3cbd42,,,0.0,,,0.0,1.277,7.2,5.0,6.4,256.0
7b6a6f91a66487370a29484ac9fb6b51443726ed31b78bd322c5d2e5ade27766,,24931915.0,24931915.0,,79006745.44,79006745.44,9.003,6.439,872.0,6.6,52599.0
e534e489095006585991dc0b7d408dcddbaa56bfc4db9fc80978624d76732bd7,,,0.0,,,0.0,0.6,9.8,5.0,,134.0
c53e2b48913a8779fa847b8b9296f95d61db7c70b657b96830de58dcfeeae423,,,0.0,,,0.0,0.767,5.5,2.0,5.7,65.0
02f57b12018847fe35b51eb34bb3d2acb284f3aed55ce3ad141b288648afddd7,,,0.0,,,0.0,2.807,5.1,15.0,5.0,517.0
c1fd7903719556c6f2ce92611876fe558113ed9d5e875c42c80960030d419802,,,0.0,,,0.0,7.959,5.424,33.0,5.2,1293.0
1ba7c1f61db3c8e25689e9a965c79b97fd4c205034ac0878f88d2c8155feca3b,,,0.0,,,0.0,1.189,3.0,1.0,6.4,83.0
a512ad3e86acd0cfc798b533272cdeab07a58e3142d9da3554107e3bd6ee8dbb,,,0.0,,,0.0,1.575,4.3,5.0,3.8,343.0
d2bde97825f7f36f41ff6975fa036a6aaf7661546d98f87815822d39b29178b3,,,0.0,,,0.0,1.274,7.2,5.0,5.7,128.0
34e3ba2d83474fe56945fbb28b4f966e133670e9e4fc26625e90be70b83007e5,,,0.0,,,0.0,0.6,0.0,0.0,5.1,31.0
334f416b65a2e78a53bd522dfc6c3ac642a9b4f3b07f9ac22af79ec181167e38,,,0.0,,,0.0,1.868,6.0,1.0,4.0,
cc0fed0ad496c53a034630f3a44b3d2f198ed2405ebf3a5f0fd6afd520f0537a,,4536348.0,4536348.0,,14886025.96,14886025.96,8.819,5.925,255.0,6.0,10529.0
7b7cc3cf747676a953195fd412d840cc05e38d1f8606039ce579dfef3d521f60,,,0.0,,,0.0,6.094,6.632,38.0,,1319.0
8aaecc90f5e933dfc0e9d037e14239dd43748a77a7bcb8dd63f8fcc444956f4c,,,0.0,,,0.0,1.978,6.7,9.0,7.5,999.0
a7882f4135d33cdf05bb17eb55b7124b181e239bf3b3f44c33ed98b2973dcc03,,,0.0,,,0.0,0.6,5.8,4.0,5.8,49.0
2af3cea09a3c95660b16d24a286f83469e00823674e1a526669b24d7ade6f6fb,,,0.0,,,0.0,2.783,6.5,12.0,6.0,1617.0
859cec915d62653714028326b2aac82f3378e578b40c0f415b31019b849165a5,,,0.0,,,0.0,1.763,7.2,11.0,7.3,1269.0
db1f56e685a5e83692801187b7bc2c319b77426f2d83e1c69f69986cf7aa221c,,,0.0,,,0.0,0.6,7.0,1.0,6.7,
bd09bb88cf7997e5b5bf0f519c087d228fcf4a9366d1dee5bd33927db522c54b,8000000.0,17000000.0,9000000.0,26105600.0,55474400.0,29368800.0,8.067,4.018,57.0,2.9,2579.0
7ff3c338f6983fabf1e2e75694af2c78d5a74faf79989be0ce33c03acbcd565c,,,0.0,,,0.0,1.233,0.0,0.0,4.8,54.0
aae790d91036e689a2f5c90484395f14f1840b020243955005fc1a07c81e4029,,,0.0,,,0.0,0.881,1.0,1.0,7.7,94.0
86de3fc4fb55d2c13e6f992b2d9ea2381b8335f39d6490b438b40b7ff6eb3194,,,0.0,,,0.0,1.803,5.5,11.0,4.5,517.0
b8f815958584256f3f7ed4476a08a207529969ca67627b276670de2e87a2531f,,,0.0,,,0.0,0.936,0.0,0.0,5.7,97.0
8839d022e7a2570cd65832dc95aab180a68d3e23bd75007d414c1f80dd1b488c,,,0.0,,,0.0,2.959,6.2,4.0,,200.0
451f9daad710a7312d04306185330f699c88fec598bc7b73471605557c6c293b,,,0.0,,,0.0,1.098,0.0,0.0,5.1,117.0
47a76c0a20bcd0707d33696f7ce973f9c4896844f0d637d40ab762ff98b4fcdb,,,0.0,,,0.0,2.862,5.5,2.0,5.3,99.0
c21cb4e51c32a16c3c03c8b1e2aae09e438f3dfdfbb7c39f9618a42d639689bd,,,0.0,,,0.0,0.6,9.0,1.0,6.8,32.0
7e58b24571b4e8149ac9563d3d7c7c5756a1123a9ee53c785a70395d0de2f8ab,,,0.0,,,0.0,3.047,6.0,61.0,,384.0
d58124a9f36574fdffba0cfa894de3c29883b44e7ba6e19ab08d5aa91ee68a45,,9963833.0,9963833.0,,31244587.52,31244587.52,5.337,7.581,,6.7,1583.0
4f611742c4b47bdd99ebd8eb19d34da3078d057ee4e639756c68b2d566f8758e,,,0.0,,,0.0,2.872,5.406,64.0,5.1,280.0
a83c31e9088951a9349f4f3e9bb01d54c8920cf3107fd5331712ae0e7dd51196,,,0.0,,,0.0,0.6,0.0,0.0,9.0,9.0
3956f016ae0f1a5d3c96d44f786b69b5a02182cc09e4348facf7920d5c945263,,,0.0,,,0.0,0.6,6.3,3.0,6.8,112.0
eb3a9ca83cba78ba6e5ae812df79acc25ec9c0b8c84e95f3c9c621dda923b08d,,,0.0,,,0.0,0.705,0.0,0.0,7.8,
c614ce56ffb138738f64d1afed5687d7f9f2302f0437c5d936879771f2123c82,,,0.0,,,0.0,0.6,0.0,0.0,8.5,16.0
f34113ba5dcd0630bf2cc39b5da2f06ff84fb2dd2cd4878824d1afa3bb89d0bf,15100000.0,,-15100000.0,49570280.0,,-49570280.0,16.266,6.164,1111.0,6.1,33626.0
23fbf2f98cd779e0cbf0629135acff095aa76399c7ea0c5323d6cbf92921af85,,,0.0,,,0.0,0.6,5.0,1.0,5.7,
d5516903e7b6b2eb00e89aa0003a022e8621cc8cd1cc1132773badde9b0383bf,260000000.0,1663075401.0,1403075401.0,973596000.0,6227552146.58,5253956146.58,63.351,7.1,9325.0,6.8,295367.0
6bdbe9444eb53574987474afdcdbee3393a76df0979182a3eb5ceb8e1e892b69,,,0.0,,,0.0,11.316,6.341,,5.6,5361.0
a979556cbef3a3696a720fb3d1a75574d80a9032d549493ee81c6dedddcd3f2e,,,0.0,,,0.0,0.626,2.0,1.0,5.4,34.0
a759a81a88ec344fd11bb091e8a48e04156ee25dfbd7a61c0929a4b52c9118f9,,,0.0,,,0.0,0.94,6.5,4.0,6.4,382.0
71f4228d360b3f285a6a4770f10d8298792a52e5ace9200273134487a41aa1dc,,,0.0,,,0.0,0.84,0.0,0.0,7.1,297.0
a5b0580bc37e99e02ec30ccb4e16136e608d95b3452cb289cd1a944d9f9c093f,,,0.0,,,0.0,0.6,3.0,1.0,7.4,12.0
1e240234ee9a8151aedc2552743190422d91c62d384fb57f13c2bf2cbf5d7a45,,,0.0,,,0.0,0.6,0.0,0.0,7.7,
03d4b3c99beb8f652848517b992c90b3f19dfcd743c44947569e0d34f93530e4,,,0.0,,,0.0,0.6,8.0,,6.1,21.0
aed405d04b367c677eee26577cc05a0740aa0b2daf986d0cea92d5e218506683,,,0.0,,,0.0,0.737,8.875,4.0,6.8,118.0
71206905ea47e3f28820eeb5f86eab734082c50f1df6bed9b07013ff7bd1cbbc,3000.0,,-3000.0,9365.4,,-9365.4,0.6,6.0,3.0,5.5,75.0
6329e84ca8d582788c7373d5ac274dca07c47e85bddb0149d7883033d32a913c,524000.0,,-524000.0,1700013.2,,-1700013.2,2.711,5.2,6.0,5.1,293.0
8b3c3ec2c8e27ea24f125cd478db3510d773c066c26aa265a49b183bbd84530d,,,0.0,,,0.0,1.018,4.722,9.0,3.3,511.0
de38f47975306f3814669f657acd85dd6db588dd6476b45fde98ce7547aa9b7c,,,0.0,,,0.0,3.703,5.136,22.0,5.6,991.0
cde0500ec276ecc6186c153740fe9aaa9aae07a12f9629f810e01bd436fdfe6e,,,0.0,,,0.0,0.714,6.5,2.0,6.2,89.0
d9daa663b47c9be3bc19d29feca7be5c52bf3c58058d1466c1d6b3bbd0577a76,,,0.0,,,0.0,7.9,6.098,97.0,6.7,2779.0
dd76cfbdab95636e3dae36de47a33fb8bb352cb7095948404a3abe7d0d54490a,,,0.0,,,0.0,0.6,6.0,1.0,7.2,18.0
79288809e7b1cd845a4711eb507b38bcd4eb5e8ce094b48f88bbb3c7df65354f,,,0.0,,,0.0,2.378,4.4,11.0,5.0,564.0
eea8f9d2863ab2305ec55b9f99223431d68cf530bf1a38e89ccdff506d1ad72a,,8685794.0,8685794.0,,34679769.7,34679769.7,21.565,6.213,380.0,4.8,10482.0
62c154ec76f30c39d4a5d2c65c85e4d3bd16c686163b811c4c398781e674cda0,,,0.0,,,0.0,0.6,0.0,,7.1,8.0
8cd23e28238fdd793d76f821453f54f825e9ce40a8f73e8abcae73f11eb45d17,,,0.0,,,0.0,0.782,4.8,5.0,1.4,177.0
0d905cedde3e6865e4075eef8a71c5b39c14971e031d50b99e967aac970d6ab3,,,0.0,,,0.0,1.246,5.696,23.0,5.6,1599.0
99bc30ce234a22c80b4c9bc36ec8ce89c6ebd05016f05872115be5a1768cb4d7,,,0.0,,,0.0,2.16,6.8,4.0,,65.0
446a369ca26837da103a93756b121f45147262b82ca48bf62050952362b1022e,,,0.0,,,0.0,1.008,2.0,1.0,7.2,31.0
220237080ec72c279b81b3a7d5ec96424e11f31750a339714b47c834b5ec1a0d,,,0.0,,,0.0,0.6,8.0,1.0,,82.0
d0d02bb6b373a51237265973ca0249c311dbca144f6b526b6c419981fd6cabe9,,,0.0,,,0.0,1.194,6.7,10.0,6.0,
d2945f3ea0cddb1019cbde0b8d05278e137b6793feafed2962914e102365f333,,,0.0,,,0.0,0.902,0.0,0.0,7.7,31.0
546145a9f48e3531f55621de60ab78db963a335481e469de35514425344bd499,,,0.0,,,0.0,1.372,4.889,9.0,5.4,129.0
ffd14a3f32ca63db83e836ef2b0662eaba08214441fee8128deb6b92ca300368,,,0.0,,,0.0,2.478,6.6,9.0,6.2,564.0
bbc800e8e4e78d146ebe99654e4aebaee2cea7f3dce64d7ca47601431fa4f59e,,,0.0,,,0.0,0.6,6.4,4.0,7.2,60.0
daee07fe7f1256cfb40532842ef0c64c29eb8fbf6e649f0d6a51068b10e3e777,,,0.0,,,0.0,1.597,3.588,17.0,4.2,209.0
312841b430bbf8b85ad90285e9aef2183b4cc6a171c678cfa71d4fd86fdae793,,,0.0,,,0.0,1.89,6.1,8.0,6.3,814.0
b5bb19f666e04c31fa0a8328f1d834c9d2da05c3407916d33e4266d3c353d999,,,0.0,,,0.0,0.883,5.8,20.0,6.0,1451.0
7936f0ac04ec0f1a4d3d40b1159baa992a09aa3a185e59c22cacd99c0ab6ce34,,,0.0,,,0.0,1.496,7.5,,7.4,77.0
7bc9e844bd1d53aea93c6f96e7a7c03d49be1fc61d3abaec25aa72b057e8d945,,,0.0,,,0.0,1.868,8.0,1.0,6.3,121.0
019001648f57923f2e4375f35af0f670782c2a57182f113d729a63575db4b73b,,,0.0,,,0.0,1.4,5.0,1.0,5.0,67.0
0ee48d21779c5151168a3a929fcfbb236d8d7a4dbe6efd541d5d88af8cdd533b,,,0.0,,,0.0,2.447,8.857,7.0,,62.0
2e64133146a03094a6fcfa8dc4f6f6870774ca15579b75896de98192792df27d,,,0.0,,,0.0,0.6,0.0,0.0,8.6,60.0
21408ba80124f4d953ee353e43558ccf7607631e156c52178b1309ba6e66511f,,,0.0,,,0.0,0.6,4.0,3.0,5.4,46.0
6a9da1a007e612f9a752476f36cfafba6d3aa22f987795bd243566efdde2d77b,,,0.0,,,0.0,0.847,7.5,2.0,,91.0
36eb694ba6a4e17e7060b43d88c898d5e2bb35ba779a27c90e20b98df036bce6,,,0.0,,,0.0,2.141,5.8,4.0,5.8,167.0
7f65f4b6ce905e3b216224bbaa287d0de26cd7aff6cc6a0e2df8ddb96f2e17fc,,,0.0,,,0.0,1.643,6.2,25.0,6.3,736.0
a7370ab49612c216c71694e559834e0fa34bd515ee17c9cde5d514efdd5bbe77,,,0.0,,,0.0,1.006,4.5,4.0,6.6,65.0
bde594ba76ca33c034af0fd580969361995472893e8a7f056a2a9c1e5a6cda28,,105000.0,105000.0,,379701.0,379701.0,1.258,6.4,14.0,7.3,1666.0
bfb37f91700e0aa6364eaee85fa3e87a5d67764cb11a2b089147387b31e20d34,,,0.0,,,0.0,0.936,6.667,3.0,7.3,123.0
9b5dfb3755ffedc6b840af323688f397bc7b1657469b9adb0f3a9d142c35cf93,,,0.0,,,0.0,1.601,5.8,9.0,5.1,333.0
2304bf17c1980a4582d82631ff7addf1c697fdc30de9fb36c569f51463ce5b8c,,,0.0,,,0.0,1.278,3.0,,6.1,68.0
e71d13b3a272b428da16a41fbe05bb6c030c6ceb6dbc99b16ddd4c4ddc4657a1,,,0.0,,,0.0,3.206,3.64,43.0,3.0,901.0
2ddf66574b5fa80234a4ae58ffca8dd1a2fe4473bb61bc8baa47b7bbfd708744,,,0.0,,,0.0,1.989,4.7,10.0,5.3,630.0
371e98d4e2811116aabb82ac62aeb13bc4ac0aa1941fe844dd6210910b6871e9,,,0.0,,,0.0,0.6,5.0,2.0,,22.0
278faf86bc734802fd178d1c7ba0ed460fcb53dd8498b5ebcaf69a4b53e9e0dc,,,0.0,,,0.0,9.017,5.3,48.0,4.6,2032.0
f15928be56f612fd72d4312116d2e17ebf9ac399bd4cd315d234e21146b51480,,,0.0,,,0.0,0.6,0.0,0.0,7.0,39.0
e7b181d941388bac260ca207767bc24a83dc16820c1b10106e0e5a40d361ecd6,,,0.0,,,0.0,3.18,5.3,17.0,6.0,260.0
990fa2cac3ae0cdaf01a0d4172fbe67e302e5a600bd4de2bc02b99c3f0d074c0,,,0.0,,,0.0,3.881,6.5,8.0,6.1,254.0
7ac292999a59410ecfabe52701279879886222345127beeef51563cdc414f565,,,0.0,,,0.0,3.024,7.1,15.0,5.4,173.0
0d0ada61ee3584d0e543b355a8af351db8a2fc30ba5e7e7fa8fb948601b4aa4e,,,0.0,,,0.0,1.186,7.2,18.0,7.7,388.0
7a578e17b56781309393bd3a0891ba901ae0d012790bbbbf8cef27a745ef97fa,,,0.0,,,0.0,3.463,7.5,14.0,6.7,296.0
69c392bb664c1a2cbac48b5b437ac736626bb473fbed6aa9d7e1c4193bf6d122,10000000.0,1011305.0,-8988695.0,41482000.0,4195095.4,-37286904.6,13.76,5.673,463.0,5.6,30920.0
d111af5ebbd6fe61a518324de516a43c811979319166e3462986240d05b48456,,,0.0,,,0.0,1.226,6.5,11.0,6.8,310.0
2ceaf24f15e396d2305fabcf4aeb3b19a5de352c87b796c3eaa297ec56e13319,,,0.0,,,0.0,3.946,4.7,44.0,,2312.0
61221cbd351beb372c7345918c1fb149b84c91905b0e283a1d679dfda65bcf08,,,0.0,,,0.0,4.555,5.2,67.0,3.3,1265.0
76c4264052f3ff5180846e9e1f6a76c66652e657efb0b76fa380cf0825f338d2,4486203.0,,-4486203.0,13742137.03,,-13742137.03,1.94,5.4,10.0,6.6,3035.0
79f65925f225e4fb85df921d9577f59d960d2073e05c584af9190a9a1543d036,,,0.0,,,0.0,0.706,6.0,1.0,7.7,34.0
238b2d2ed5d3738e2b0cebd20e4d5fb4b97ace7df09b099efa5ed02310042ed3,,,0.0,,,0.0,1.4,4.0,3.0,6.4,96.0
af75e4aa0531f11a90e4cb9ff2a5ce4149ac17aa06b17e80ac02712977656cc9,,,0.0,,,0.0,2.085,6.0,8.0,6.0,301.0
4b8fe9dc8c9873f8de265e077690da4ae873584e027fd5075105971dcb390171,,,0.0,,,0.0,0.6,6.0,,5.4,666.0
fa9475423610316e31f78edd536a76e1d6b3e1462b40030863c9afe7071c59ed,,,0.0,,,0.0,3.615,0.0,0.0,7.4,62.0
280ef4050849ffd96216911ad14a37d3ecf465adecfb575603672fdadb7cbbd3,,,0.0,,,0.0,3.362,6.3,5.0,6.5,
642728f704230cc5b300c6a7fba357b1d491c48124c6a6a66cea9003745a0836,,,0.0,,,0.0,0.6,5.7,3.0,6.6,15.0
ab2e5baf757590193de77095d378c138485810882d60f0395cf51b08653afde5,,,0.0,,,0.0,3.435,5.016,32.0,4.9,777.0
5df1dda11be549314e599b2939d1b5bee58898b7e337974af9c202e629386c6c,,,0.0,,,0.0,2.734,5.2,5.0,3.8,177.0
06f2bb96971e7d9ff0fbf41459bcd3c693f9c3fdb2de3f9b3b901f7d6a88357e,,1356159.0,1356159.0,,4248439.3,4248439.3,10.155,6.885,178.0,7.2,8456.0
41bac1e6fe7bda58e541ba48789704e1a89bb0925bf38064e6581a51658a09f2,,,0.0,,,0.0,1.554,0.0,0.0,7.3,68.0
6e56b0d65501fcbcf013940f58c9397628f42c6bc08b13f1c5183449a9b4283b,,,0.0,,,0.0,1.004,5.7,3.0,6.0,111.0
d3f3e2bd122594c2372dec62dbb817fb9bd6351dcb097cab6b3d82de5743465a,,,0.0,,,0.0,3.611,6.736,36.0,6.2,1101.0
de0da916187fda2630eeb380e6b5a468cf7db36238f5b5fb7e0c9cc178d3f617,,,0.0,,,0.0,2.014,2.7,3.0,4.0,
d6c6f389916774f7a7581de47fc057e242fc0cc87ad57fafc5cbc5bf926fa33b,,,0.0,,,0.0,0.6,5.2,4.0,8.0,41.0
6218346a30f3d1229da8019dc54653aa85b6b288e773641fae10532bc466470c,,,0.0,,,0.0,0.624,6.813,8.0,7.4,706.0
0efff5d0deced7e352ce4860ab8fb6b9ddb221cc404c527e942621e340a15200,,,0.0,,,0.0,3.061,6.8,33.0,6.7,1315.0
a3ff336e1be75a174bffc8733a6fbf456a40ebd001912f6fd453adf3edb5d108,,,0.0,,,0.0,2.425,5.6,12.0,,141.0
e57a127ac92d555e7e4f38c9653cf6d35294743fe683402e196fc188c12e5ba4,,,0.0,,,0.0,0.6,0.0,0.0,5.9,81.0
5de1cdacead60f2f7e4da6df3452430e5400e11f71f21965510c0c58bbf62eeb,,,0.0,,,0.0,1.627,6.8,5.0,5.5,63.0
908d12dbd97c28d7b4c71b9233babdd7947499f95a98f9fd1cfa5edccb428498,,,0.0,,,0.0,0.928,4.7,15.0,5.2,562.0
144bff0202b22c2f7c9d96bb5c57412feffd63f770c047a7210feeb0877df55a,,,0.0,,,0.0,0.819,7.3,3.0,6.4,249.0
1cd787ad1b1c8ee826d601be9627508623fc3cd815c9f5125e4a6b1f73516e1b,,,0.0,,,0.0,0.6,0.0,0.0,5.2,30.0
a7e3a869a7a17820901da730e4b69698c44ec92b7099103f43522ca9effe19d6,,,0.0,,,0.0,2.84,6.421,19.0,6.2,295.0
1205488e5b6007022281788e329c46be094757d31c91078c01ef894d481c58a9,3912363.0,9072414.0,5160051.0,12539514.65,29077994.11,16538479.46,2.211,5.851,37.0,5.6,5241.0
0b0d6c298ebcbdba90d906f864daf476385483c087d5ad14d326bda0a46b5bc9,,,0.0,,,0.0,0.6,6.0,1.0,6.2,7.0
de1f9c15755b6fdf713b024085630e1ab5c696703ac558788bb5dd5f9e4b795f,,,0.0,,,0.0,0.832,7.0,,,140.0
ebc9a5ddcb3620ee9c792053bbf8f1211b6ee96d0d6543be8069a20bcb48bfa6,,,0.0,,,0.0,3.901,7.1,14.0,6.4,1297.0
242cb47cc0fc072e42856a59159f56a1ee5e13c18ae7e776d727fac48b4ed848,,,0.0,,,0.0,1.694,5.857,7.0,,90.0
8fdfe51d0089889ee3f99f848567b34d0eae6e48e52e2b8c980d727c00a9dd5d,,,0.0,,,0.0,0.84,5.0,2.0,8.1,
63c63bc7b9e778403903ef5f4c3b91ae12b368edd2f43e4f78ff3ad2fb27693f,,,0.0,,,0.0,0.6,0.0,0.0,8.2,7.0
5dad70b6f9345f710c099aa298d976629328bb5ae12ecd0cfc4c9249aafeb5c3,,,0.0,,,0.0,0.6,0.0,0.0,7.1,10.0
38b6c9b2efc59ffd0bac6202eb078600b835e93b0d101488261f2e80f13584a0,,,0.0,,,0.0,13.897,6.507,152.0,6.5,4736.0
6bd53ba8143486b37dd200252eb10a179ae726ad9590bb46c1d374762684ac1d,,,0.0,,,0.0,2.849,5.2,12.0,3.4,464.0
5cff76d9e0c68d025857bcf49dd8941621137eb9047380d16e59b0dca43fcc34,,,0.0,,,0.0,0.6,0.0,0.0,6.2,23.0
23567e730702dae3c9ff9e90ae1564f84b7df487e60fa1ae3818334341e1c4d1,,,0.0,,,0.0,1.634,5.222,9.0,4.4,384.0
7ba0c22895e3566ac85b1c4987d926be70f265621bdc185c0f7dbef5e75b2077,,,0.0,,,0.0,1.382,6.7,6.0,6.2,53.0
4ea27d30fb568104e9c38c2431867c148d06f4b19c2a39ade5b41c0ec1075890,,,0.0,,,0.0,13.44,5.174,192.0,4.6,5134.0
deaf9a419d0e0ad988b674b395da23bca755a017af8f3d51c36e87ed29c08961,,,0.0,,,0.0,0.6,9.0,1.0,8.3,10.0
5358bf4c01e48b8fb3b126df0b70007bc47459225c93a19ed862d6e095328c91,,,0.0,,,0.0,0.626,10.0,1.0,6.0,78.0
151d6964f24ddf9d78774499a3e323adaeb4fd5b6bfabc72ac9e3bd3726be58d,,,0.0,,,0.0,0.6,0.0,0.0,6.1,20.0
9c0d5e211e546c6a2aae0581b3531a46309f0c71f155f400844dc461a0df3a88,,,0.0,,,0.0,13.742,7.9,138.0,7.3,1533.0
5143f94cfccf3d3a68e6add91cc95f2c94493353c5fb492ec21b451d10dfeae3,,,0.0,,,0.0,0.6,0.0,0.0,,17.0
f68a5c8d5f4c313e914c8090b8143cdfbef3b1afebca288df7e8786324534772,,,0.0,,,0.0,3.091,5.0,20.0,6.0,3487.0
964a759719046f14dd6613f36c547cb7c2e0f7ce8ed98e5e1a0c7e4ee0d1c64a,,,0.0,,,0.0,0.6,0.0,0.0,3.0,36.0
5af91edf17a69e1330ad9d13fdae227992d23d0bf07a39e1af864b1a3ff4ae78,,,0.0,,,0.0,1.182,6.267,15.0,6.1,451.0
3f98d3c2ac940387a700bc9b5f2ea688d2af48729b6f44f5838282779a55dc39,8500000.0,,-8500000.0,28611000.0,,-28611000.0,13.018,5.528,388.0,5.7,14684.0
edfa2acc2ae2161c61473ac4a7cf06c010bfdf32422ebec989c2b1e12186a827,,,0.0,,,0.0,0.6,0.0,0.0,7.5,24.0
c13d7b5cef4965125cd9b97fe6f4c3328c56d0dcdbbc771960ee457cb64b5ccc,,,0.0,,,0.0,1.584,6.5,,,84.0
711e0f8d72d7e0370442942324079740899d6a4b0b8fd7bbae00612b64855efd,,,0.0,,,0.0,0.687,8.0,3.0,5.8,206.0
6f21edc6dd461f48f2a624be50941f016ae6e13d5ce0d0910130ad29d459f014,,,0.0,,,0.0,3.096,5.476,21.0,,1404.0
a6e16c8294635fe09d5006bac5d6dc6e1b06464de3a4094415992b5fed298bf7,,,0.0,,,0.0,0.95,6.3,3.0,7.2,36.0
87853e55b16140b82149917a1d9b342d0ffb48e1a3e26a51318add7776a37cc6,,,0.0,,,0.0,0.747,8.6,5.0,,31.0
cce8275cb0866b713f47188313db9dd41db423a272063c7c85a62bbec1475a99,,,0.0,,,0.0,0.6,9.0,1.0,8.4,7.0
64cf3647bbce7044b8b5c68f8c0725fef784e950b658623da751ff52621e478d,,,0.0,,,0.0,0.6,0.0,0.0,7.0,29.0
d3aea58c28607326e1dfacf2beff0ab6b0cc24feb4f2cb87abe752864c312546,,,0.0,,,0.0,2.185,5.778,27.0,5.6,744.0
4aa8a3004d5120c5fae5436301c18942eec5fb0f9327588929c0a50ee5fd7759,,,0.0,,,0.0,1.4,1.0,1.0,4.6,68.0
b2bd26d95967134ba8e5279bd55b174f2583600bf8c896f9ed37e3cf3e8b178b,,,0.0,,,0.0,1.953,6.4,,5.8,127.0
36bf1162ad7e4bb6c9718f8980234ef6d93fe8d1fcc87b955ec8dd04d302e612,,,0.0,,,0.0,0.6,7.0,1.0,7.4,30.0
07d95cebb011e0f312d8e73662b1869184275619c620a70971a9dfa857aa91d9,,,0.0,,,0.0,2.507,6.5,,6.3,644.0
3519ea2acea9c249cf32ea38f39bc560cf9fdf77699bdd571be52627154c2a51,,,0.0,,,0.0,0.6,4.0,3.0,5.9,63.0
0137dbbbaa955fa1c0772044de8a19c8d1dab97d2c3b15c1671667a25a1b7c35,,,0.0,,,0.0,0.6,0.0,0.0,8.1,28.0
ffcdf8c1c03e632b7fef291252eacc4caf1dbfe9b105d63404bc3655a12ca1fc,,,0.0,,,0.0,0.6,4.2,4.0,,586.0
53984ff39fdb3c0c38cffe9f228e663750e2e27eb490885fea79c493812f051f,,,0.0,,,0.0,1.813,5.429,7.0,5.0,266.0
da1434a41ea5194f9c05a43c6be62158bc91a11fea75f07871c0a075bad6a0db,,,0.0,,,0.0,0.687,5.7,3.0,7.4,16.0
6b8be00a236f70733349afffa10980a6086396e6467b7a3605f5b6f1c0ced932,,,0.0,,,0.0,0.611,0.0,0.0,6.9,14.0
150965650f92fc5c292e627c22e3aa476f51a2b41a9b8d838add8fbc3d6384dc,,,0.0,,,0.0,3.72,5.8,16.0,4.9,662.0
e280d4574875e89aafbb3f5cf92185f25bc287aa05846b9b5348abb5740fee7b,,,0.0,,,0.0,3.038,2.8,5.0,,565.0
b5672269f39db388cb1a238d869fe4bbb10a646c6e168f7eebd8bb4b375f4fb4,,,0.0,,,0.0,0.84,4.0,1.0,5.4,
819444edabdabdcc4c8d47267a2db100646d9140651c29029558682cdb697b75,,,0.0,,,0.0,0.6,5.7,3.0,,
f226f22bfff403e866c95ebd8f905d87b1333665bd6fa1c529b3dd065c267436,,,0.0,,,0.0,1.726,6.0,4.0,6.6,104.0
93db2d3f8fb58a45c0eb27276407b3d6ad442e1a73bad25ffe75e16d9927f1ea,,,0.0,,,0.0,3.163,6.1,34.0,7.0,1087.0
bbf3b1b758dd64e023387ce7f02391345bdcbdb595e65805c09f5b2d5b26ebfb,,,0.0,,,0.0,10.503,6.984,161.0,7.1,6910.0
4dc0f8e2066554fe36cd8e8e347f41e342a25b111e3895109897841ec465fa6b,,,0.0,,,0.0,0.819,6.6,5.0,4.6,129.0
16346454b0206275ff931cd736b3d95fd1748cb1956d7f1fa26f60ee8a1f60f6,,,0.0,,,0.0,2.024,7.6,9.0,,1117.0
6b8128aa2b4eab7658f71d2a77a0331b367b8d51ccbc3cd25df71201d1e25d2d,,10800715.0,10800715.0,,35350740.2,35350740.2,11.45,6.084,225.0,5.6,4634.0
f6eb7f4bb8c8fc9a69d5ccfefd88c3b16a9d6993d7e7b82c225fa3e4f3147f35,,,0.0,,,0.0,1.027,7.5,2.0,,37.0
2bc87a867dd1a5c95ff84fc9f6cb45ee4dce91e2158b557cd2e6295b0b4c3ae7,,,0.0,,,0.0,7.142,7.188,64.0,5.8,1105.0
ed0aa2f4f7703cb2722e8fa93b236e3375f3c0a2f8c9d09b01c811337366c654,,,0.0,,,0.0,0.6,8.0,1.0,,14.0
9a6615f77199b731841bc043f4cea5397eb684600e57124cdd278b65465a711e,1500000.0,14293601.0,12793601.0,4882350.0,46524241.89,41641891.89,14.282,6.2,1407.0,6.4,
e1abc15ae9d451cda1e5b95c103390bb2740a898838882a7a9f9b26269ce581c,,,0.0,,,0.0,0.996,1.0,1.0,5.8,79.0
95b24b7f5d3664feeb74daf192bf230263b04f2c7d1e9dd3570d3ca544b57167,3000.0,,-3000.0,10866.9,,-10866.9,0.626,4.0,1.0,7.0,107.0
caab016e0f0d1045758a19af62c318880741996ce2405cfd23fee576faadee14,,,0.0,,,0.0,5.306,5.667,69.0,5.1,2432.0
acd83aa92b4f16fd187b39558c27c7a98ba9e79c1c6ed5dee9f9d8d15dcc76a8,6000.0,,-6000.0,19135.8,,-19135.8,0.6,0.0,0.0,5.4,10.0
127493369bcbacc8648b79ccafb2928d12a1e56240d1c3cbe43e1e3a700e18e8,1500.0,,-1500.0,4910.1,,-4910.1,0.877,8.0,1.0,8.0,10.0
73f1893b83fc064c0fa8664d9fdb5a54eec405728ecd2633c8e429cf2e749926,,,0.0,,,0.0,0.6,6.3,3.0,6.9,122.0
3ff2527fcd401813eaea03cbcbb00c409fe9f167795888b61d86cb4eda9515da,,,0.0,,,0.0,5.045,5.966,161.0,5.7,607.0
3d38d7b1f2f4a5c73b57c03fc9d530f962192cf2b361bdcc00c53a880156bfa5,,,0.0,,,0.0,1.19,8.2,2.0,5.7,41.0
4397aeaf5cd683812e9cbe95ca1263ddf37b68254b573af0f4b13f569c649925,,,0.0,,,0.0,0.6,0.0,0.0,6.5,40.0
dd231665e11b4a7d432b1c64f715bb408d4528b38364a29eebbca34897098ead,,,0.0,,,0.0,0.639,10.0,1.0,4.7,19.0
8279f80cb560058caabeb71c8bfebe313cb259b8f1f6715ac16fc3f385c392e3,,,0.0,,,0.0,0.6,5.25,4.0,5.7,187.0
351e97d586c3ecad0280721a738fdf9d439732c1d8301ade3f49c1eb7f7c8d27,,,0.0,,,0.0,0.84,0.0,0.0,4.2,207.0
5e8e11283c68fa14f1648ab880a25223e586403aa71dbef1c2d68c472c5085cb,,,0.0,,,0.0,1.577,4.5,6.0,4.7,184.0
d1e789c2f49e291328e19189692b034695b11f0bbb782585c8666d30da52b9c3,,,0.0,,,0.0,1.928,5.9,15.0,4.5,835.0
b47325c8f36d8c1b210225fb6b933198763e7fc7ea5fff870d4a7be7ebbc6bbe,,,0.0,,,0.0,1.251,5.8,5.0,6.4,144.0
8800d4b49446460bce4a05d68376f25345f23423a1768ad42fa45a223fbb381d,2000.0,,-2000.0,6243.6,,-6243.6,0.627,10.0,1.0,6.5,25.0
612c3d9c4a5d774fff5a2240f2e4a5e2f964e20c6ababe53ea1fd828573e9084,,,0.0,,,0.0,0.624,7.0,3.0,7.8,29.0
a92999422ab7d3195e25f2ae6b661dfdba6ddd01a98576198bba79b56d188ac2,,,0.0,,,0.0,0.6,0.0,0.0,4.1,20.0
4b656b6e3d3e7ee8cc9c57712bfdb65723a464948446f83bede21df3409cd12f,,343038.0,343038.0,,1421961.12,1421961.12,10.015,5.844,154.0,,6801.0
27f3e14b2039ea9108189267ebdee4b571d443544c054cec7251a3d27d04d6e4,80000.0,80000.0,0.0,257936.0,257936.0,0.0,0.856,8.0,7.0,4.9,497.0
db70e178c11e8a3cadd83f39486e010bebdefac9f03c6f4d9d1ce8236c09518d,8250000.0,30060061.0,21810061.0,26174775.0,95371555.53,69196780.53,10.805,6.951,143.0,6.4,4126.0
c099d9babfd08a066b426ca5400c7fd1ab2bd263c4829dbfafd0dc5f0783ea07,,,0.0,,,0.0,1.497,2.0,1.0,5.4,
2180bafba1e7f58438e48a581291e2f6065406a83103a5c2e36bdfc9cf68072f,,,0.0,,,0.0,0.6,0.0,0.0,3.1,17.0
ddf968a768fd32daa168e82a96b1da3cc6d85ea61f47c7f04f2e62e030d1c610,,,0.0,,,0.0,16.422,5.623,110.0,3.7,1861.0
8e44a2d6703eb31d8af7a1675288a92922ac981850c5b2da926f453400111f06,,,0.0,,,0.0,3.482,4.0,,4.6,423.0
59f1017c9fda82077b10f590bbe8499d5b9fb25e6b29ff93911aaef078b83ec2,,,0.0,,,0.0,1.882,7.9,14.0,7.2,1144.0
87852bf35ccb8124b3c66057a3c488970ee8d7665f0f8900326ad341e7f88b34,,,0.0,,,0.0,0.6,2.0,1.0,6.8,
b6cba585cfffaf53c965f59d95abf27d50fe78445a26b4be6498208fb46f2311,,,0.0,,,0.0,5.497,6.7,11.0,6.7,771.0
bb0e8ca6296df5ed3a1c379d01ec19f92f557293c638dac1ca067fe28d309df8,,,0.0,,,0.0,5.879,7.029999999999999,,5.5,375.0
e1564865adae8759bf9cdde6f524121fdf6e1169dd47079daadebfdc969b7408,,,0.0,,,0.0,0.883,7.0,4.0,6.5,155.0
8d37ac90942425e0095c77d4b6041b6ab6440dede2a9b04f633872a7d5543e37,,,0.0,,,0.0,1.03,0.0,0.0,8.4,52.0
b1b55fc3c119753a38636844cf06eda0016a915c65b56eb6a62699795dd5e05a,,,0.0,,,0.0,1.764,6.0,3.0,,98.0
aca12401dc6b939c15e56bbedd74405b350ade98f6d10c4d7523ad9b417fa2c4,,,0.0,,,0.0,0.6,6.0,1.0,5.2,15.0
ceb2bf6fc16fca433b3ffa1b3ba3c6bd5f8f4e19689d9752a3828d7f2f00c19b,,,0.0,,,0.0,0.775,7.5,3.0,6.6,18.0
5641f0c8347858789db1538e1d5963385fbb012509779cc3320a0af6cdee7f98,,,0.0,,,0.0,1.48,5.8,6.0,2.1,294.0
68f1259fe3ceb1c9f46c6fb4b728ad00f6a1b90c75975b6ac9571b20af0600ec,,,0.0,,,0.0,0.6,0.0,0.0,6.4,10.0
2fc12a0b7ea619cec814effc3f06eaa14ed0ce5749245e990863b52f31cdd85d,,,0.0,,,0.0,0.6,0.0,0.0,6.8,44.0
e9e69db60a943ff186018a01ce28aa819f1d685b1c1dcd319411115447b9bb23,7838798.0,659535.0,-7179263.0,31737725.34,2670325.31,-29067400.03,12.592,7.2,125.0,7.3,8746.0
1cd4c1e61a0f1c02ed0421ef47f566b577905f71d63aac8686efd78b60425e9d,,,0.0,,,0.0,0.6,0.0,0.0,6.5,21.0
98a2abd251d0148856deb746214283a58bf274aafd7895bb51cdde94586d1e8e,,,0.0,,,0.0,2.749,8.2,4.0,5.9,55.0
ba6e8fbd102b685e2bc4fddcc05e3be5c051800cbf87ef5cfab60f5563b2f509,,,0.0,,,0.0,0.6,4.2,4.0,6.2,62.0
17de80f63f138ec715613ec3aed0a09808879341e6172f743fff0a21ac0a5e21,,,0.0,,,0.0,1.742,5.2,3.0,6.7,201.0
2ed777c54c8d3c51ba7b936115ef95d7287eee31346e65f39c1b46295733b80c,,,0.0,,,0.0,0.6,5.0,2.0,6.6,30.0
26adef694c4736339fd2a80be1a8e6f63166433376d7f694efba9af48379725b,,,0.0,,,0.0,2.299,6.75,,4.4,217.0
ebd0afd8c1ebd14adaec2c00e21592e2c6dd69c82b9c9666f50db597e2963b81,,,0.0,,,0.0,1.528,5.4,,6.4,1288.0
1dda9b1b17e84344ad438902d557004c64932f9ddfd64fcf4e55261643394fe7,,,0.0,,,0.0,1.928,7.2,10.0,7.3,1825.0
c643a77899c21d7c2130fa3df685131ed7f87d4baa4d49a1b25746fb385926a8,110000000.0,253890701.0,143890701.0,422741000.0,975727353.01,552986353.01,24.845,5.937,4478.0,5.6,162544.0
3431243f59c246d73829d4a3eadc513359dd295b108af7e657deaab4916ca1e9,,,0.0,,,0.0,0.887,6.1,8.0,6.3,199.0
cf5e4415eff86ac31da8c39a2911c23f214689ef62e6b900b7e4add944c19c13,,,0.0,,,0.0,0.6,10.0,1.0,7.6,58.0
0cab76ec1487e6304fd00ec83786b3c4b81073fcb361e27991fcadcd0b276de9,,,0.0,,,0.0,1.597,5.5,2.0,6.7,69.0
9552763ca62b5ad6501472e828ce305f0275e006d83de5a0bb0ffb155019033d,,,0.0,,,0.0,0.6,5.0,3.0,6.1,110.0
7154fe5d3048443c199f403f0788eb8c91d2f5b314fc39017a1df4aea48bd025,,,0.0,,,0.0,2.092,6.7,17.0,3.5,
36c928b78bfc079b207d3c6a8ae485b405a170dc5a0c8b4431f3276c9b75546a,,,0.0,,,0.0,0.962,5.5,,,106.0
aa2f98000e25897c285356aca0d6c073f8f269fe981ef1d455f01ab9cf14f253,,,0.0,,,0.0,0.6,0.0,0.0,6.6,18.0
9ec474cab8a14130845a50f492cf4192e006355d211540279cc18a9ea3605580,,,0.0,,,0.0,0.881,6.0,1.0,8.1,30.0
7f7c8ff1d9b2e67be04921e3120803def8eaa61bfa0963e9e4b2ac274148e06a,,,0.0,,,0.0,3.894,4.462,26.0,4.1,696.0
0f8d9b7cc9c95e63ec7d58477e49505631f1693a46e9f2d806a6840c30e7eca4,,,0.0,,,0.0,1.394,0.0,0.0,6.8,11.0
2665bb7de609d3d26a8c02c1e154930047a96216852b7903749837c7f985949e,,,0.0,,,0.0,0.929,0.0,0.0,6.0,28.0
eb0ceb39ff28dd6f054a40de7fe2b11f50f07ea6bc89ffedcf710d1c1537c446,,,0.0,,,0.0,1.211,4.0,6.0,4.3,1452.0
96eed61edc0e70d968e54ef40b02ce2ade789975362f7eb88c3439018d89964a,,,0.0,,,0.0,0.6,0.0,0.0,8.5,15.0
5ee0a7eb096487e66cd4296c1f77acc63ed5668b9232593c858ade015effc81e,1500000.0,,-1500000.0,5683200.0,,-5683200.0,4.933,6.2,18.0,6.0,520.0
32ee3ded7b76f99792353d9f1b61ae9cd7139bde8b36a82d2bac192e33b68a05,,,0.0,,,0.0,1.737,6.7,11.0,5.7,253.0
f5bd34383e0cfee33ec387a24e07fa9c6e4560beabb27e5737023b1ab6d31621,10.0,1.0,-9.0,32.69,3.27,-29.42,0.792,7.2,6.0,7.3,471.0
abe221cf79611fbb112a4bb3918c10760c8efdef8be83b6ed0a3c96d0db6df19,,,0.0,,,0.0,0.712,2.0,2.0,3.2,192.0
7420fa4167a4c0eca919c8eb0846f4e26e967933ee0ee56827ce498a42ed15ea,,,0.0,,,0.0,0.6,2.0,1.0,4.9,22.0
f60d76b8e83875e6d351093d6621e41e8ffe81347a838051bbb97ee06af256aa,,,0.0,,,0.0,0.6,9.0,3.0,6.9,33.0
2b2eb07b1c941ba05743f9d7557c529d18ec5fcafd5e696bac8f19da1f206c8e,,,0.0,,,0.0,0.6,5.25,4.0,6.8,74.0
ab26376687bd4e00a9c50e14f0c6324ecc9025a88fa4f5d1ddf0dea41a485005,,640000.0,640000.0,,2012864.0,2012864.0,1.616,7.6,,6.8,528.0
faf3d67a116b99360d0a6fec134a5f16731ee9d200a3dab506b41043c478d5be,,,0.0,,,0.0,0.6,0.0,0.0,7.8,20.0
9fce992e4bb995d16c4cdba155fca02a6b7c210869fbfc52d5eabf750c1767d9,,,0.0,,,0.0,1.529,8.0,3.0,7.0,628.0
07f0afe4dec0b90e5cbd24064c06959a1770ed28b8a25661e4eda074bf061c08,,4154000.0,4154000.0,,13415343.0,13415343.0,7.461,6.087,369.0,5.8,1610.0
b37bda70795a5b901a00d298b7be735a1cdd34e47145434dc34c78b518507102,,,0.0,,,0.0,0.6,0.0,0.0,8.5,22.0
f4b934051c775095a33920f878bcebf8c74efaf4c0a5e3309e3e0f5e94ea3115,,,0.0,,,0.0,0.6,0.0,0.0,6.5,26.0
487ad379bfcb48c7be1aa5f37e1ca5ae85a2e117ea7b8e1528efc4e9404c258e,,,0.0,,,0.0,4.1,6.4,,5.2,1471.0
14ec5c32df0b4c6ec69a484c8672404b15ec4565a05140a5f4f83a512277051a,,,0.0,,,0.0,0.6,0.0,,6.3,17.0
13a7f9cec86bb12889030010ccd486ea6c86976b6dd740e342a56d9ffb3c1db7,,,0.0,,,0.0,0.6,0.0,0.0,9.7,6.0
489473c05c230be6d18e71d59b1348bfe6ae2d8dfccd37f1098260d1259387b3,,,0.0,,,0.0,0.6,0.0,0.0,,6.0
c3dd00b80929385447d32f4a2c6baf953c876b6a4ecc99d94ee469813d025104,,,0.0,,,0.0,0.6,6.0,2.0,6.4,40.0
a271c02487b4ba8a2e6e269cae2daf8cf67323d676d56429495fa55a65423962,,,0.0,,,0.0,1.003,7.1,15.0,6.7,756.0
30e9c9e0ec2e34a23e24d5c620ddf2acc9ff91e78b811221917380fa66912f6b,,,0.0,,,0.0,0.6,5.0,2.0,7.7,260.0
912c674d998f0f134dd58c6df7d096bdeee118c53affaa36f7ddc3ca1bbd63b7,,,0.0,,,0.0,2.742,5.0,14.0,5.2,773.0
c7a0f644c270d37906a059c7ffaaec2ce0c249e9b242a3b717c5cc99803b267f,493500.0,,-493500.0,1638568.05,,-1638568.05,1.608,7.3,3.0,,211.0
0d196588f214b2e44bca99c764f19017ec1489ecdf19894591c0bb0121e1b598,,,0.0,,,0.0,0.6,5.3,6.0,6.4,256.0
3674d2abf431047a7fe3bbb1cb55551edf05a578786b799ad40bc9a75b0a0002,,,0.0,,,0.0,0.6,8.0,1.0,7.7,25.0
a58de93a2659a8b578aa34b1fe9240378b304e3ed6ed17bbeb9ecd308cf54c9e,,,0.0,,,0.0,0.934,6.7,6.0,6.1,187.0
e3d8e5dbd542c8b039986e53028bee97e259705533a7de6f107b48c090b11055,,,0.0,,,0.0,0.6,0.0,0.0,7.2,31.0
ad062325689af4d6a2a7b41031643a0515eb5baadfea5c49f19cb148463c7e40,,,0.0,,,0.0,1.799,3.0,2.0,4.7,33.0
4ab770fc9b88de049dfc16ffd4e290e8a78a602db36b1a64d95e188ed8dbfcef,,,0.0,,,0.0,10.503,5.806,391.0,4.8,5431.0
c4f85c39f46538daa1c2373730aa65f3d7ce6036c3642e7b789c8588553e1ca9,,,0.0,,,0.0,0.872,5.0,6.0,5.9,567.0
90867e01f48163e92e3b73406dfc6ed00fd9cc24c46a479a5e9cb015b31003c3,,,0.0,,,0.0,0.877,5.3,15.0,5.2,688.0
3d3eeae83e6f557fd8f87cbc5b3a64952ddea70af7b3f1815499ad93f1c7fc27,,,0.0,,,0.0,1.083,6.667,12.0,6.5,233.0
ad5e56062a69465d1b25bed21c398de426ac03edb9dfadca02fbc1f6ac1c18cb,,,0.0,,,0.0,3.401,6.37,50.0,,1638.0
881d85f0ff5dcaf964e34c02b92bd2ffb307031e1e1018117dd1695f7872f1ee,,,0.0,,,0.0,3.492,5.5,14.0,5.1,547.0
6f28ea4b4f96f1b7eb1be2c7fc8ce984824f7df341514fd7dafbfc5b1fc29f31,,,0.0,,,0.0,0.6,0.0,0.0,7.2,16.0
bc61540720f094b4e9123d9afdc6a11cb8c40209d2df48617b2861b91abd661b,,548000.0,548000.0,,1723131.2,1723131.2,2.039,5.1,9.0,6.0,1387.0
36a5a028652dfd98a6c3bf3e4e6191316d11e744410e935bbc9b59741f83ae91,,,0.0,,,0.0,3.548,5.3,6.0,,225.0
c969dd60d7d03c1af9722e300889fa6a7a8efe99581c5e2fe535808ab050884f,,,0.0,,,0.0,0.787,7.0,4.0,7.1,82.0
5cb2b505dd6fc3d7210ff5f190d17708536730173a8ece3aa849b0be6dea40a4,200000000.0,379751131.0,179751131.0,1046440000.0,1986933867.62,940493867.62,56.256,7.303,9298.0,6.6,488373.0
a2cddc48fc8d3199565660c1dc4c73eaac993fc77b2bf804ddc9e179db8966af,,,0.0,,,0.0,0.6,6.0,2.0,7.3,44.0
1e29d15f24c8ef6fd854be40b4833907d240be5e412590948d8b91b3a7bb489c,,,0.0,,,0.0,0.6,0.0,0.0,6.6,13.0
7b166ce8de7beb4264d7102f85554cffef10e7ef8ae826a8a52d9833e125db1d,,,0.0,,,0.0,0.6,0.0,0.0,6.4,23.0
a9042d81b5a132b7500431cf6e342ef73a09c786bb43189c07974f1266e60f35,,,0.0,,,0.0,3.202,6.744,39.0,5.7,693.0
9268f15781bd79fa171a6488c26394715f02f69abf63a7bec9e4f0802a6ee9e1,,,0.0,,,0.0,0.845,0.0,0.0,6.3,
5213e71489b4194ea1c94e22e807295e6ad888fac4dfe08862fd8b39eba93cf6,,,0.0,,,0.0,0.79,4.4,8.0,,105.0
af16918a30e12e938971e1de573c98af6a6acdf76696b35f03e19a42705dc158,,,0.0,,,0.0,0.6,0.0,0.0,4.4,35.0
68b0421d0ae477cfda6e36a625668728637dc014e70f5dae099d8ec0583bdef9,20000.0,,-20000.0,69004.0,,-69004.0,1.052,0.0,0.0,5.8,82.0
2f8845917995fe79de11264f9e389d5cf5236830a6b80cf88da53498a93c208d,,,0.0,,,0.0,0.6,8.0,3.0,5.9,17.0
fe5f60138407eccc68a6b084ded2382f505dd6e31511e655703891002c17b64f,,,0.0,,,0.0,1.493,5.0,4.0,5.2,79.0
8363dc80642f95b8d71268c5fc75296d4cdd3b7f358aca1d5f6860734f59129a,,,0.0,,,0.0,0.6,5.5,8.0,5.6,225.0
5c2d8b159748c2d7e14e598d2aeeafa97ac7bf74681ff47bc0165c9b88cc5bba,,,0.0,,,0.0,0.85,0.0,0.0,6.3,33.0
ed61f3551b4cb16d8ab6ddee9efae50738121dc49f92a0d8d90a49cf3e3a3e13,,,0.0,,,0.0,0.6,0.0,0.0,6.1,20.0
903faaa6087748a01cd738fe2c0c7d4453e1232e10a0f6d01ecf4d6a33728a88,,,0.0,,,0.0,0.787,5.2,4.0,6.7,98.0
10631c73d2539600daa2268da5efeb4a321ebe13baa14fe475ec7226314a150a,,,0.0,,,0.0,2.28,8.0,7.0,5.9,409.0
26048c83e90c6dc4c1a36e5d9b2e1e56d201cbcfb28973871a5652f1ed9c8e89,,,0.0,,,0.0,1.618,6.2,4.0,6.2,155.0
cb596f55198fbefae3e6f6b72c4f460723be4c0a7fc44d2dc988411847baaee9,,,0.0,,,0.0,0.6,0.0,0.0,7.9,64.0
98428d7c46526f56be656fa3930f589fb60d46ab95898bc21eb2b17342e6e3e9,,,0.0,,,0.0,0.845,5.9,7.0,6.1,54.0
92162831c907c84165e0b0101d92158ba208c3ab3f89e3408d4b1a72bba043a0,,,0.0,,,0.0,0.6,0.0,0.0,7.8,21.0
2d3be6d71336eb590d174b7e2526c96908113c85b1eca351a33b8710e7c53ce5,,,0.0,,,0.0,0.6,5.8,4.0,6.3,99.0
0708254af0bc352e7a7fb8737e2a9a9eccc9906d08b07f554087f5b641988648,,,0.0,,,0.0,0.849,6.2,5.0,5.8,91.0
8bd739b057ef220b8be238cd7a4e1c14a4c59d4ee4d0003a0e71da2228df7e6c,,,0.0,,,0.0,1.096,5.8,4.0,,241.0
1b3ef259b646862e462d909ec0b233101ef64c98a2cfea711fee1be10ab95215,,,0.0,,,0.0,1.143,5.8,7.0,4.7,340.0
d769e0ca9d6d4b7115d0d1e414e1dbc5dd8c37f10a54f2d4732aaec005722ed7,,,0.0,,,0.0,9.813,5.6,190.0,4.7,3351.0
520be131d1695695c6fbd9a1841432c81908dc92ffee9035fe08964508daa98a,,,0.0,,,0.0,0.6,6.0,1.0,6.4,15.0
297e41e4239b9468bc1d352c77507721fa07cfc0c5b9d2e5e4c805e775104898,,,0.0,,,0.0,0.6,4.8,4.0,7.0,70.0
054b1d1808c1398cfeed8c35015f20845b9779fbf243720150ddd74298adaacf,,,0.0,,,0.0,3.667,5.725,39.0,5.2,1266.0
0a63368ed63ea1968b554bc4096c348195766ecd9135c66b939f92cbcc6a7114,100000.0,,-100000.0,374020.0,,-374020.0,0.986,2.8,4.0,3.6,156.0
da03dbe250a3cdc4b14112866488bd51ae09e296fe49d89bc3ef526288cccfd1,,,0.0,,,0.0,0.605,0.0,0.0,6.3,77.0
f0c7e40a229a48f6ef5f149b802ec95d0484e50ea543cec194eef33fc039b945,,,0.0,,,0.0,2.059,5.5,6.0,,571.0
cdf763c072d752b02dd2143b410fbbc1e9fb0d1d1dae5c065874b5067d5cab42,,,0.0,,,0.0,2.926,4.0,4.0,5.0,220.0
92c3f196942bc422801b82b55714bd8d717cdeafb31d8483ebbe8ba10c0fbc83,,,0.0,,,0.0,0.923,7.5,2.0,7.4,18.0
7b21be7b344e9c6938e5dd90b731a9cacf968fc5e27ae1dee3b4fa8aa92e9ff1,,,0.0,,,0.0,2.193,8.0,10.0,6.5,2752.0
60eb285458cad473637552daa1f49f9a642bc7a36ea032e067f8d37b6a67bf7f,,,0.0,,,0.0,1.834,3.5,2.0,3.7,321.0
22b6c181759922cba0d9757eb8db8dc8b6daf49917ffae4e7cbe65d83a20578f,,,0.0,,,0.0,1.165,4.0,,7.7,62.0
4acbe5bb5d0ca83afe2dbb5fe5ebdbbd55043198b765a18ab2d5616f22509fc9,,,0.0,,,0.0,4.296,4.8,23.0,4.2,1539.0
481aa762996522e4a866ed2022066333ee25f1ca3277884cf0edb19869b5d23c,,,0.0,,,0.0,9.747,7.121,124.0,,4631.0
60025dd72d0cdec659cd6c0919721e8d03943ec53d4c0953d4b0bcf567b2cd9f,1600000.0,,-1600000.0,5292160.0,,-5292160.0,1.634,7.1,18.0,5.8,354.0
a3602b6a4be4c1baebeed47b8462330b0a446a44a11fc553330ce51d280a8c8e,,,0.0,,,0.0,0.6,0.0,0.0,5.9,14.0
effe9cafcefac490f0f1417c78033fb880db400ad4e8cbf4673ee9a8ecb000e1,,,0.0,,,0.0,1.169,4.7,10.0,6.9,135.0
ae5ea8ae0d8524a154a9a8320506e1feecb9b4610792bc46aa156aa3c0a2648b,,,0.0,,,0.0,0.6,0.0,,6.2,126.0
bca22b15426cc4673592fa05f6b4a4dd10db998ca56dff17a165de99087390f3,,,0.0,,,0.0,1.157,3.8,2.0,2.5,268.0
e04db1c968254c97fec83d403c936ace08f65637994bef88efd6d65678956302,,,0.0,,,0.0,1.025,6.5,2.0,7.2,88.0
e9e01b992a18055065b08d36a90a08f5f605b0f5c643372a60b8e93ccaa5d94b,,,0.0,,,0.0,1.044,3.714,7.0,4.8,549.0
ecc3d39a47f25a8b1df0c1e12dbf3e4720b844118a751b3576705448f62d8afd,,,0.0,,,0.0,0.6,5.5,8.0,6.2,231.0
7d876bdabae380f9d0b61a75035e9363763f0e132dcdaf0e2c6ccb0ccc1b9d18,,,0.0,,,0.0,0.6,0.0,0.0,7.1,45.0
61623278b7f38f163210ebeff2a42d30b59892996cfc9c59b0b233bc81c64009,,,0.0,,,0.0,11.519,6.703,69.0,6.6,1397.0
265a8f1371438d232fc754c5402ada6e346b301f8c3d0f1e6f38ceabe63c5e94,100000.0,100000.0,0.0,325550.0,325550.0,0.0,0.6,0.0,0.0,4.3,256.0
019d906c8457e835665110ab30619443eb5857a511cf823a15236172b312a6ea,,,0.0,,,0.0,3.271,7.3,38.0,7.4,1196.0
84b30654c2ff7555779b3891463c442e090d7777e75f7bedae3236d46244a899,,,0.0,,,0.0,0.879,7.0,1.0,6.3,96.0
0a540541620e6aabac8e7fd2c417747134d629c9df7637be9545d6abb6163267,,,0.0,,,0.0,0.6,0.0,0.0,4.7,21.0
834ff3156ca20a69feb2540cb185cd61a05ee1b71d33a02c7ee6bfa9705b13c5,,,0.0,,,0.0,0.6,9.0,1.0,8.4,15.0
12a5ddf2a74876b3bfd4f069df46ce1a1ed74ab297c15d0ef76cd15a5d03eaf0,,,0.0,,,0.0,1.4,4.0,4.0,7.5,68.0
14ac85a5baa447feee0040afbd627653997997fd7bba735afbbc25c255ac3feb,,,0.0,,,0.0,0.6,0.0,0.0,,19.0
d3101a67b3e38514124c271e63e7df14e031945ba2f6bfb5042d50b387449508,,,0.0,,,0.0,0.6,5.0,1.0,7.4,54.0
366d19ee4205caf629b07ef5cad3d8a9f84f2572bb5fe268ed9b7ac1f7b88a67,,,0.0,,,0.0,2.417,4.5,3.0,6.9,17.0
f1763a2f9e47071b002bd7606a5616519deb0b28b228e16662e0bdc578d47f5b,,,0.0,,,0.0,1.412,9.3,3.0,6.5,132.0
6d475c37d74081b5e5c1c240f06f0c93d2fcd72f07b0cb384d6b5814894cf6dc,2000000.0,,-2000000.0,7465800.0,,-7465800.0,1.648,6.5,,4.5,2031.0
f8a336676512d2fdac857a7c4fd40d05d83008680000ef3c3bd8b08f9d887590,,,0.0,,,0.0,1.051,5.9,8.0,6.2,96.0
f2d1c98109ba324c693befb9759d920699a61ac922db3eb8e9a783b2a3884522,8819200.0,32104054.0,23284854.0,35542257.92,129382548.03,93840290.11,41.596,6.947,729.0,5.6,7102.0
a2bc5a5743dbf9762c9fa67ef9285ea5207741390880cc66bec4c1b8123a4c52,40000.0,,-40000.0,125788.0,,-125788.0,0.6,0.0,,6.5,6.0
c480fa1213a42ae5d42a45a4883a2c8919ba054a2e2c3a8749d57652034333d5,,,0.0,,,0.0,0.618,0.0,,6.7,21.0
5b3e1f47ef803ac03ef38a0d02140c9fd9f66a1eea1e48d09d7794325f4ffa1b,,,0.0,,,0.0,3.799,6.591,11.0,6.3,322.0
99ce29462dc73977da95c10e51a3b80da5a2c9939c58aa2f81b327094c97c425,40000000.0,3485251.0,-36514749.0,159664000.0,13911727.89,-145752272.11,12.15,6.805,995.0,6.6,40458.0
66e4ce974633bb3e5e752e602b3d8841bc62c6b8dee1a3158bd26f4bbfa8927b,150000.0,,-150000.0,484380.0,,-484380.0,0.6,0.0,0.0,3.8,55.0
61f527c4799c7397c75960290e358f583ebfe49f894609a170f5bf4b07c18492,,,0.0,,,0.0,1.916,4.4,17.0,6.7,329.0
a24a1180d0c89928ebb2f14ce5be52a1cd366071f660debac7d05496a684bfb8,,,0.0,,,0.0,0.6,0.0,0.0,,192.0
7c4f8b2a86983cc09599d7ec329946a2caca973474ace3cf18eb1e6f6f598826,,,0.0,,,0.0,0.6,10.0,1.0,,
0fb4d2bf92c9debb5c446d80cdecb888cc21a4b597ebf4c81c71cf19f67b6c6d,,,0.0,,,0.0,0.998,5.0,1.0,5.1,114.0
c37d9f190a72ede3aee4b1bcab57803ef7f0fbb8a5423e6a818681cba92dbafc,,,0.0,,,0.0,0.6,6.0,2.0,5.6,19.0
15ce2546dcd23da236c065192ded5d0d92abd507e5dd7a2f4c00d01470bce380,,,0.0,,,0.0,0.6,6.0,1.0,5.9,20.0
1efb75d000cb1734b2afca9d55c1a2bc6de4b33b46b90dbe03a52eb87f7be2f5,,,0.0,,,0.0,4.791,5.113,31.0,4.7,780.0
be6b345f7159a9397b575110165dd52aa6143d9d86a787cf869099b9f43f614c,,,0.0,,,0.0,0.793,0.0,0.0,4.7,69.0
115253c97fffa839756deef89c8d67061475cdfa2a98cc6064ac6b245271cc96,,,0.0,,,0.0,1.421,1.0,1.0,5.0,200.0
9f2111265047e506b06050a6b875b4f960ae69ef5c6bb601dcad7eed92435d82,,,0.0,,,0.0,9.754,6.208,293.0,4.4,2048.0
16905a201a677f3ace89197252e9b1832a29067f219fb033742907038be53b7b,,,0.0,,,0.0,0.627,7.667,3.0,5.6,26.0
63c242f206113320c927fa14b93f5a66ae51438de42cc9afccb9c2ab74beee93,15936600.0,,-15936600.0,64694627.7,,-64694627.7,8.25,6.5,28.0,5.2,1837.0
6b9954ba4fecdc399c5014e278a459ccea1c584d393b1ac1f004469c6cb06684,,,0.0,,,0.0,8.426,6.533,,,47472.0
0e8c409668dcc57b7991b3440bc3ba9b8145b7dc31adac8f3bace642eeec28d1,,,0.0,,,0.0,0.73,2.0,,7.0,
8f7f58c88b1fbc935089e722abb3655d9f9e42b56306462f2aeece40b4186337,,,0.0,,,0.0,0.6,6.5,4.0,6.1,40.0
81396c4ecff73eda31aae3baae11f600a87f9d582dd183bf4cc7ac0e107eb10b,,,0.0,,,0.0,0.6,7.1,5.0,,186.0
788619894b9538c33624b29c215d9cf164ded370fe5ca51a03bce93acb9ca751,11000.0,,-11000.0,36330.8,,-36330.8,0.6,0.0,0.0,,9.0
2f4739d8db82402952538351d8ff33759f24f77724357871a66a43862219f2e0,,,0.0,,,0.0,0.6,5.5,2.0,6.7,19.0
4a8ab9f668d814ecd8e3ddc710800d49deeba32ecab71df767a17a06c61f62c6,,,0.0,,,0.0,0.6,10.0,1.0,8.1,30.0
83c72446d15a8e35c00ec8809bc65ca3a66150ec66da00603f398de204fde7da,,,0.0,,,0.0,0.954,6.0,9.0,6.3,1198.0
81a3e69140bc2e65e86b752cdbd9d64f595470e5601117efae2385cd6cc93ecd,,,0.0,,,0.0,0.627,5.0,1.0,5.3,10.0
ae0edfea6f24dc6c328d4e774a93ab8a3fec9569768edb98d9f391f7bc66722e,,,0.0,,,0.0,0.926,5.0,2.0,5.0,25.0
e7433385a3be1329881d68ea0c61f8b97727471ed8c0ba3a78837ca6b48f0491,,,0.0,,,0.0,0.6,4.0,1.0,4.8,28.0
0039cf64d3190556005848fe28bf5e9efe71a59ac7a09c08e2c6f3422bb799a7,,,0.0,,,0.0,0.652,4.8,6.0,5.8,57.0
2efd342873b57916ea4ccfd6eb57939dd427c72f6dfbe8d29851fb79a2283315,,,0.0,,,0.0,0.6,0.0,0.0,6.0,7.0
53629876268665f7f5b32f469dfec865bac097bfb72b408f9c535897bb89f9d3,,,0.0,,,0.0,3.777,6.8,29.0,6.7,435.0
6482db1b621c42a4325eaa26e03c379e237af662336a510100d91e479aace2d0,,,0.0,,,0.0,7.836,5.4,53.0,2.5,574.0
65453451470a70a7da278b4a777101a0d4e5a0131ca053c04ed53228ad05ff27,,,0.0,,,0.0,0.6,0.0,0.0,6.1,40.0
bae091de9bdbff2d31b24cc7539e5043ddba035421949e06207c74bf7de13b98,,,0.0,,,0.0,2.535,5.265,17.0,4.2,1251.0
979021e4f3144cbf6ff1ff4056ca713d938dd7688044d8d23e14f162a4e2786c,,,0.0,,,0.0,0.6,0.0,0.0,7.5,28.0
6262390ca2daf7daf638d4cc00743e3f7daf1042f4098184f38817e1c5bd1e41,,,0.0,,,0.0,1.819,6.2,10.0,6.7,1546.0
47e9c1bf12f622a3b5a7c1a7e45ee7f0eeeba9f0b07351cbdfb3b193db7de136,,,0.0,,,0.0,1.997,6.036,14.0,6.7,704.0
a68bf564cc36623d6c5582eb3b74845f68d0261edf2b270b686063f3893b2c9b,,,0.0,,,0.0,0.6,5.0,4.0,6.0,149.0
1106bdc96ef8e5b08cdac15756a1e2d2af48da2b9118485464caa024048f19be,,,0.0,,,0.0,0.6,6.0,1.0,8.0,31.0
ed7a1809f179ee7502ab67c4c542d4787d06780a4bd3c39bb94bb7573dd27f6b,3000000.0,,-3000000.0,11814900.0,,-11814900.0,11.895,4.569,231.0,3.6,5936.0
010eb9a1510b8dc1fc1100adfc223e94c6bb41e3cf8166d8ab45b30bc7068b0b,,,0.0,,,0.0,0.6,4.0,1.0,7.1,7.0
349e847be9793d7831e2bdae5330387886b289f4dbec3bd6cdcdb5f406e9512b,,,0.0,,,0.0,1.319,6.455,11.0,7.2,362.0
8b6fab2af1f7e5161e7c6ef77b8317ccf67fb64a9e2f1eb5e59ea15c8a1fe466,,,0.0,,,0.0,0.625,0.0,0.0,7.2,103.0
299fe0c9efa558e17f44a2743fc3ed80a0383bab0a1e92ea61fc8166a8d6f96f,,,0.0,,,0.0,0.627,0.0,0.0,8.4,8.0
41d30a6633f6299eed7b57f30cc17c5dd0df71479b79b2dba862efee081df7ec,,,0.0,,,0.0,0.6,7.0,1.0,7.1,44.0
b1afa6d802442dc1374776fc7bcc0ce89b7963a6ab54045c1cda9fd1df16e570,20000000.0,17399000.0,-2601000.0,77414000.0,67346309.3,-10067690.7,13.972,6.847,658.0,,16263.0
bbfb3738cde36ce83773e16e98cf45ad946cea53e322db0915761d0f2922dc96,,,0.0,,,0.0,0.783,0.0,0.0,7.4,44.0
2fe26b9b7548ea4395f07c709eca09439a57cce1b99427ae55753869471b3381,,,0.0,,,0.0,0.6,7.3,3.0,5.9,42.0
862f7427bfcab6ea7465e437cec0607e226362104211079249fd3c1f88238443,,,0.0,,,0.0,2.91,4.8,5.0,5.7,388.0
9d37eeca0ad6b83c82a76899e95a82a7ebe6c383f3587afd86d54e31386873b3,,,0.0,,,0.0,0.628,9.0,1.0,6.8,122.0
efa0a5eaaf5eca4c83b5eb38d840e0b3d60008307f7f2df72005f3dc6e139ddf,,,0.0,,,0.0,4.0,4.4,6.0,4.6,270.0
0146fbf7edacd5b6afa3909fa400f472e16687f7b252cdf66b09eb8ba7b6d7d6,,,0.0,,,0.0,1.66,7.0,12.0,6.9,828.0
30e1a3f5305a71aed432f85a02f6b9bd8d074622c598a20f9b676e28bbc01343,,,0.0,,,0.0,1.993,5.5,8.0,6.0,184.0
bff64e5c545db6c7bbacf8794d26326239e85688214eeb26804ed1dbd744ad71,,,0.0,,,0.0,1.397,0.0,0.0,6.8,10.0
c294d858d016365623d034c74a3a684abe7a9c973ebf46e97a2be9d723ba88b9,,,0.0,,,0.0,1.453,6.5,4.0,6.7,76.0
a8edc4dd1664ae19b6ca7834c3a69eac7fc6161e577146a001f68c1ea2fd1ea7,,,0.0,,,0.0,1.4,7.0,2.0,6.9,178.0
6fd780da9eb0240efe145f5ee53592c04c36c2a3209da961b399f562b1c42b1f,,,0.0,,,0.0,0.6,5.7,3.0,6.5,146.0
7a9452b18ea02bf9a1a9ff4e84cb659e6570897ccb51005f99d932c950c3491a,,,0.0,,,0.0,3.781,4.4,14.0,3.8,
bd2970e4af2b46ab7141614ca43d84746acf590ef8da2cd3625628fdb2aa3558,,,0.0,,,0.0,0.6,6.0,1.0,5.8,23.0
c273e2660b302591835ae626834e6691f3715b23e4b5d906460781fcb3ec8640,,,0.0,,,0.0,0.6,0.0,0.0,6.4,22.0
81029da36a61c046786a8cda0cd793660a04a9ac6b80555664fd57cfef7fd6c4,,,0.0,,,0.0,0.6,0.0,0.0,6.0,43.0
a2fef7ddbcf10e4da73a2ad5ec18cfa9c3cdf25f29fdd1e14b0cec81328b82e7,,,0.0,,,0.0,2.899,6.2,6.0,6.6,1685.0
528999f9ef8384fccd5216c738fda70b19ef2417e51e2d98daa11c914ecd3d1c,,,0.0,,,0.0,0.6,6.0,5.0,6.2,
99836e150fe529a16d24343abc19f83e09b4d923fae7a9209291baaf32ab2d6b,,,0.0,,,0.0,8.374,7.466,,7.7,19602.0
ab916d2f4d07d01ea34650ca38bf1a456522a46580095145f14c486286b06ca5,,,0.0,,,0.0,1.074,7.0,5.0,7.1,31.0
7e540c82d189e61ce405f19e5cc3d97c0882e92e802469e0976acf640fdb0230,,,0.0,,,0.0,3.94,6.7,73.0,6.8,3251.0
e6428c07bca1e5236e9d47d9b2a61a3b420f85fa1ba953703edcae2fb80d0325,,,0.0,,,0.0,15.955,6.757,327.0,7.3,29685.0
a83ed1aa57161e07bfc9fd05ccd977066867c1a445349d3d6c61ead0245566a1,,,0.0,,,0.0,12.233,7.0,75.0,5.3,449.0
2a7bad30aec6da12f14bf723aaacad4bf9cb6697ea37722c28c9005aafc519f3,,,0.0,,,0.0,0.971,7.2,5.0,7.3,336.0
bbf0f8d21c5bcd283794218f82b78ce4eb2a1a030da6856ed818b759af211a14,,,0.0,,,0.0,0.6,0.0,0.0,7.2,13.0
d5fc1c00b1814c6e6a621d241e3a46f8eb3c516b9b8e0ed5cb6c0dc3a0cedd74,,,0.0,,,0.0,0.6,0.0,0.0,8.5,19.0
b527961ea6b98d6e2da526167520e0a0d1a5b46c35ce1eb59869b78b900e1d49,,,0.0,,,0.0,1.4,9.0,2.0,7.7,76.0
23a1181b3eb2071939f774a09877c1ec92e6d1b66d262da9cd8f4d0cd6d82cc5,,,0.0,,,0.0,0.6,5.5,1.0,6.3,36.0
6a55e418dc50922127eb101e0ba2150b3a6c8165095878f55a53ea80913d5119,,,0.0,,,0.0,2.813,6.705,22.0,7.0,
605be16f9b3faa8f0ae2553b676eb33add60480d7c03da169dc942efcbe5d397,,,0.0,,,0.0,3.143,5.9,28.0,7.0,911.0
cf099b2ccf5645aa1470916835a6dee7ee461ad66fdf027bd406f327336a80fa,,,0.0,,,0.0,3.961,1.0,,4.7,46.0
417ca31a5d07e587f5d8d0fb999fce3342b48c0eb669baffb470e3479a24abaf,,,0.0,,,0.0,3.424,7.314,35.0,8.0,1062.0
7c9ff273a2fa2c2b4593e55c8d0f906e33aadcf1bb0cfe6606eee1f165945ba0,,,0.0,,,0.0,0.6,6.2,4.0,8.2,6.0
1381a1ccb9ab53e7d3c166fd60567b27324d322856fab32c8703d320e062a888,,,0.0,,,0.0,1.358,0.0,0.0,6.4,86.0
8f2da2c7d6d5718f5578c29d8631d13a7ce5f7b93cc0cc9eabad8ca24e84ab19,,,0.0,,,0.0,2.867,7.3,,7.0,285.0
1b5d4e39a1e03d167ab2da7caac029ccc5d651c54a256026efd65bfae7a94b58,,,0.0,,,0.0,0.665,0.0,0.0,8.7,7.0
0821b10093d3242a3432628d1bebe9feb40d4fdf6608ef2a81114db26b36de68,2350000.0,,-2350000.0,8790645.0,,-8790645.0,2.102,3.0,3.0,6.9,37.0
2f2c51834ccfd77ee45d587eb687f9f13475334fc8c8c26ce31f7110303fcc62,,,0.0,,,0.0,0.6,6.0,2.0,6.9,159.0
6cb58f2de97c0c8d60ba9b6cce6f7b0f2e053f45aff34277ea66d05960e4ae81,,,0.0,,,0.0,1.081,3.5,6.0,3.4,461.0
e117113dc3992abe0edef00919fe5099ef10e1274c56b07d7c7e13d34280fbf4,,,0.0,,,0.0,0.876,7.0,1.0,7.2,
78e92b80784bb79025794cbdcda3bdba0a14c184e3afd9de8256a8d5ef207118,,,0.0,,,0.0,0.6,6.0,1.0,6.7,12.0
38b1ae512e4422333c5a8940edbd040f9aeefea0e02185a391997745ddd68620,100.0,,-100.0,330.76,,-330.76,1.214,10.0,1.0,,23.0
00140cb793cbe495d1d3b88bb8ca98dbbd69cf51c8fd68997c1d0b6af647abee,,,0.0,,,0.0,0.6,7.2,3.0,,93.0
2c7fbf0674f659a8f54fa9931f22be9a8ba5fe34f7e816a106b6bdb9849e9f1f,,,0.0,,,0.0,0.6,0.0,0.0,7.2,5.0
8f0e0a432640d89ecabc985159f6636c81d63b03e6fa5889c1e3875c2dcb1118,,,0.0,,,0.0,0.6,0.0,0.0,7.0,15.0
2b93fb04670d4876ba7a4afdf37af0fd12b4dcdd04764dcff6027d4b47c15764,,,0.0,,,0.0,3.608,7.1,5.0,6.0,
22ac6b0801fbf237549faedd2a325e141dba625013b3f815fb878a06d0e44fe6,220000.0,,-220000.0,853688.0,,-853688.0,0.6,0.0,0.0,5.8,17.0
1cb722172d045f40ac61470f4c4d6f6c31ead6f08c4f1515be7b6b2a1d3aa71b,,,0.0,,,0.0,2.919,5.9,11.0,5.1,3900.0
e8d7718c69c2a0e4e735fd2d53f5359ec561101e6e0e823900375f04313570e5,,,0.0,,,0.0,0.835,8.0,1.0,3.2,21.0
c65cbce3a845b156dc3cc1056876a31798e67ffcbe605310cd63e16c75ad7736,,,0.0,,,0.0,0.6,6.8,5.0,6.6,49.0
c5ecbe282153cf13c54a96f2ca99a0ab64c145f2b4175281119a44d30a6cf133,,,0.0,,,0.0,1.307,4.7,3.0,5.6,3363.0
5892bf588be4858d450f11b7239b3357b0be59b459798adc7439c07964cd6ce9,,,0.0,,,0.0,0.6,7.3,3.0,4.9,32.0
54d9bc1561728cdc0d85c37956abda86c739919ee08c2943d5f9f229f666f55f,,,0.0,,,0.0,0.6,6.7,6.0,,214.0
ffffc9a0c08c76ad36c5d2fe3a4257c8722d6999ba9ba2405253e32767480982,,,0.0,,,0.0,1.437,0.0,0.0,7.5,35.0
9c417609301ef3eef138db8c706b0616923c8f20c02ff70e23346674dc8a20ff,,,0.0,,,0.0,0.862,0.0,0.0,8.1,13.0
5e6e8d202b0738f8a083d915f83c315cec482a19462a8239600d33763d50afb8,317296.0,,-317296.0,997039.22,,-997039.22,1.969,0.0,0.0,5.7,130.0
cec729899b32708b27c7e4923943c2253b0ce0c722910a2189f364f1a0940742,,14590542.0,14590542.0,,74403009.87,74403009.87,27.416,6.646,948.0,6.4,79560.0
db8218c72021069137d9b60ae3c0871628c4c743cbcf20b1f392aba4d29bc67b,,,0.0,,,0.0,2.569,6.2,8.0,6.9,2857.0
98535ab34e2dbd96a00c445a76a45ec76f5b5bf9fbac05db5e18e5cfda6c6bdf,,,0.0,,,0.0,0.6,6.0,1.0,6.6,38.0
a4a23eccdd3f5c86a9e97f0907f3f70e3b050a59c1e032aeb6b0f8cb671705bc,,,0.0,,,0.0,2.98,6.5,19.0,5.0,280.0
03456645e2d97e1ed17c44bd1a1197cd85bc0bd5e20fc4656b8b39216e59f68b,,,0.0,,,0.0,0.886,6.0,1.0,6.6,39.0
aaede2145068e3dbaafaec7d7ee17e23ef9cc8b73cf599253609452da6060061,,,0.0,,,0.0,0.688,7.0,,,56.0
1e45e110e150a8ec63c054c43a162e07b9242512784a0d7fde5ddbe033b07453,,,0.0,,,0.0,2.333,7.5,,7.3,1255.0
1bcb087a4e0f683a2aeac7721ca8a9cbc9f845ccc1b0a2abf17563da9163c60f,,,0.0,,,0.0,1.008,7.0,1.0,8.0,17.0
a478c5b687e94908a3e07e442100dc71760652a7f2f21365d0cc50fbc9117fa5,,,0.0,,,0.0,0.647,7.2,5.0,6.5,160.0
f3708472807aecfa55b5e47b1fd7d552ed373aec9ca65155c08e73d40cc32549,,,0.0,,,0.0,0.6,7.0,2.0,7.3,52.0
9c6ecd6f619dd58938f6499c1117f89ff11b705d10ab5898ad7522e7e9cf483f,,,0.0,,,0.0,0.825,8.0,4.0,6.4,22.0
d16659581d92c33089478882bdb8d16f6023dee806a27a120ff6e67d909e8c17,,,0.0,,,0.0,2.943,5.25,22.0,5.0,504.0
ba7633b34de54ddf6519fd5c6fc1d140f62683268495e7b1463b327a85f3132a,,,0.0,,,0.0,4.091,6.3,20.0,,197.0
47521ef32e87485170e1d1444d5ec2c74e4a5c9e35c692e4c99ea1293ce0e4af,,,0.0,,,0.0,0.6,0.0,0.0,7.5,42.0
591ab035b3b8e94c2855b8081921f99da3c4f02c66ef8559c375a426c773e041,,,0.0,,,0.0,0.894,0.0,0.0,,22.0
fe7e03d62968232dc231b37d13a1f4b70a8813e470bfbfd4f9bfaef1d0dfd920,,,0.0,,,0.0,3.524,5.722,9.0,,704.0
26865b801c047cc686d68f63975eef675804b880d814492ff0d3653be730d645,33000.0,,-33000.0,130099.2,,-130099.2,0.659,3.5,2.0,8.0,1235.0
a42c85abfa2481166cd4b67462b81b3af44b43606cbdce16032c302ea1f58938,10000.0,,-10000.0,41873.0,,-41873.0,0.638,0.0,0.0,8.4,16.0
882398ed07767628411aa330aab6b3f36e0f5a41b22e6a17475c87cc8d2a633f,,,0.0,,,0.0,0.6,0.0,0.0,7.8,18.0
265c804c8a0de8bd4b3e2194156823204aa081d4dcbd5314463c413dd3d9f6df,,,0.0,,,0.0,5.148,8.655,113.0,7.0,127.0
259ae67455096ea5ba59fc8455957a87d2e020d4b7448198cdb24d23a6bdd2dc,,,0.0,,,0.0,3.387,8.0,7.0,5.2,4392.0
f6af7204aff5d40e127ffd7b1b519f755542d05c8657d19d5a555dd2e894eb74,,,0.0,,,0.0,0.708,0.0,0.0,5.6,45.0
ac3fae8f980011448b4a3c92ff16b0a88f3f37de557a04e406cdbbc595d0142c,,,0.0,,,0.0,0.6,0.0,0.0,7.7,11.0
3e835b89411eecdaf077aee8d8a81098529691815b70e7daba1666854ba9a2b8,,,0.0,,,0.0,0.6,0.0,0.0,6.2,104.0
ff85072663e9b7b71a7bb566b3f3094cfddffaaffc5a3247cfb68397e31eec95,,,0.0,,,0.0,1.069,5.5,,4.2,201.0
f0b23de1aafb6924de68597ca5c49869e43e9cd96a6285affa372b1777b7dafb,,,0.0,,,0.0,0.846,7.7,5.0,4.9,28.0
6e106f1e8cda1d07ab083399ad34142d8eaf605ca33086d57f369bd77f9ac7c4,,,0.0,,,0.0,2.115,7.6,12.0,5.1,217.0
3ea9bb74586116d079ff3f98beecd9373c903df814f9037e8aab884c62fb7a3b,,,0.0,,,0.0,0.635,0.0,0.0,7.1,32.0
961bc9aee4ae7b414dd653acc71e7ed205beaaab9dd06fe3827f8bf9f6aead96,,,0.0,,,0.0,1.058,6.0,3.0,7.6,12.0
60e8712211aad6af8a40f397d489b1f19dc7ed72a37c60f6014837fec98e3481,,,0.0,,,0.0,1.4,6.8,9.0,7.0,1296.0
bf362b0567995b866ecf1e9291b700ca7d3cd037b9cdfa5eefc04debb78150a9,50000.0,,-50000.0,154935.0,,-154935.0,0.6,0.0,0.0,6.2,20.0
0d8c672f99caeb5db75ee41e32a8039393ac8167b40e99962b7b788c21edf260,,,0.0,,,0.0,0.69,5.3,3.0,6.4,213.0
97b8634a8137c5e8da68511248f29bef2003fd802e7681566877a6ec3558a2a2,,,0.0,,,0.0,1.023,8.0,2.0,7.1,175.0
043efe77fcce3926f7d9adfd0dfdbc57d74e3a03ff104897ae2cc6a2422022f3,,,0.0,,,0.0,0.6,7.7,3.0,6.8,81.0
43f6253bab7dd61e461474761f887e425a31f7141dda0149ddfc5c51025ba66e,,,0.0,,,0.0,52.815,7.446,1256.0,7.0,66402.0
1c888e0cf0169b9421ee04f1c407858bfb9a88e7b84e7f75ff75c86beeb01cf3,,,0.0,,,0.0,0.697,7.0,1.0,7.0,57.0
97aa579aeb9030fd643bf4198e6c8d32bfdf31a77f96bff15eaa2715d991cf24,,,0.0,,,0.0,0.6,0.0,0.0,7.6,7.0
86c98b7fffc04de5ae2a1499174d5c9b77d9482339b3cf932df59a57d1b0a598,,,0.0,,,0.0,0.6,8.0,1.0,6.8,52.0
68983c8547cc008a88d2ff09a2f119d8962eebb28a837faa843a2a723d81cc9a,,,0.0,,,0.0,0.6,0.0,0.0,6.0,17.0
e3e342024dd9a1b6b587a353ad58a01d3735a55ca0dda3c77fa76d5020577998,,,0.0,,,0.0,1.924,5.9,11.0,6.3,165.0
84a39769de9ae56506a21f78c24b24ff0a267e591d7701043759c305be5932d2,,,0.0,,,0.0,0.672,4.0,1.0,4.7,116.0
d3344ced5ac63afe7d0ac1133ccec0cfbdf35b2a61ff60bc5257b4eb5138521a,,,0.0,,,0.0,1.207,5.7,,4.8,84.0
365dfaf48a966b2048e88c194b3d1b007dda1b735f6417c4da126f775c12eb26,,,0.0,,,0.0,0.845,5.0,2.0,4.9,22.0
9c14f2ea133196203c1d64c1679937e4639fa1c92840ac05070d467df68a80bd,,,0.0,,,0.0,0.6,0.0,0.0,3.9,11.0
c85de25611d382d2cbae039c4f401dd4a2a4a2f75afe2c9003ce730aea79b0c1,,,0.0,,,0.0,0.926,8.0,1.0,7.1,33.0
89ddf274801ebec39855170466ac6c286b830e5ffbeef771b474d477e7ed10a1,,,0.0,,,0.0,0.6,0.0,0.0,7.2,16.0
e93a2c51117bf8bb871d9ddd66262322f69e3180ab51765ad673118843f89f25,40000.0,,-40000.0,151144.0,,-151144.0,0.6,0.0,0.0,7.4,
a33adc27296d7f54a1efdbb29eb60196f342cbc40db5f08cf910281cd63daba3,75000.0,,-75000.0,243525.0,,-243525.0,0.6,0.0,0.0,7.9,19.0
38017229f9c2cad2dc07efdb66abadcc0613aafec406e28c24acdb3786429964,6000.0,,-6000.0,18940.2,,-18940.2,0.6,0.0,,,70.0
23b7fab7f9c3510e928fcb51c9b273e22aaa924b770adeee94a962108810189f,,,0.0,,,0.0,7.713,6.993,136.0,7.3,8637.0
282e640769249c52ad3ebbfde7820f079277cefdb2547d521ff39d176a4d451e,,,0.0,,,0.0,2.24,4.6,11.0,3.1,557.0
06b60ebfebc3a85fa968d80d24204553399b9c756a9ce5997ad7daad22151780,,,0.0,,,0.0,2.736,6.2,4.0,4.7,206.0
732a9267a17d3d24489398dc92153e584f41c1d493cd35979d82f4867d0db903,,,0.0,,,0.0,1.547,0.0,0.0,4.7,47.0
a0553d15bc201554852fb016ed7e3bfef8770a7cfa439215aa7582fe36ad0eb1,,,0.0,,,0.0,0.6,7.7,3.0,6.5,43.0
f7711b7db750fb297e4f731da74afdf06873a517dd0e01ea280f7791e2953de1,,,0.0,,,0.0,0.6,6.0,1.0,6.7,14.0
97e01b4470bfefc38cd5390277724d947e60058a308cb43246b628ef4f9924ab,,,0.0,,,0.0,0.6,2.333,,3.0,153.0
0983194a0fc8905e80fc1e7dd8c61dcbeb380683a83e7930a75a7a63e563a251,,,0.0,,,0.0,0.6,0.0,0.0,,18.0
3ffb7fac32cb41e16c57bb5e52bc0a132916f28b47a6a59756894ad6701fd8c9,,,0.0,,,0.0,3.271,6.676,17.0,5.5,481.0
501b5471ac260089ce6d952d50177bcc530dad5117e25759bcecf82c1b2d949b,,17424378.0,17424378.0,,90538810.53,90538810.53,14.109,6.8,509.0,6.8,41580.0
742b65ee852ea8e4247c2f289db4949b024a3434a532933fde5b17c6aa6c1b44,1000000.0,6890000.0,5890000.0,3742400.0,25785136.0,22042736.0,9.753,6.5,,6.3,6268.0
07248f9784b0221c8ed7352b56ea6f17e6fa626ca50ea6c195311577e602c010,,,0.0,,,0.0,2.369,10.0,9.0,,210.0
25864e1e680238240bd8a2f9d53d843c16d27dc669da4097420c74e7ad137a66,,,0.0,,,0.0,1.663,7.6,,4.7,150.0
536539751b28bb07b2f5bfd0ffe82003cf2fe94f771fc79a51e1e60204d1966a,,,0.0,,,0.0,1.813,7.422,32.0,6.8,664.0
790a1d3a4f800ffc1a5683a60dceec209ac3ca61e0400b1b3d36a994eeb5ab93,,,0.0,,,0.0,1.689,5.5,8.0,3.9,123.0
cb1cfb5e12b16d2413999a1282cd3713e3f95bf2003818399da034968e74590f,,,0.0,,,0.0,2.513,7.7,23.0,6.8,574.0
9ba4e8b01626ca01c1835fde4fb9b96fcfcad627ca02f6288ee82965ad1aec48,,,0.0,,,0.0,14.994,6.768,3672.0,7.1,143888.0
6cee0992a52e9057d2563e938d483a2896c1272cf737254a949dacaa90c43093,,,0.0,,,0.0,0.6,0.0,0.0,7.2,27.0
19a92cf74c10e158e6879b82e67236b5392630c6d9bbff292ba34f151cf16321,,,0.0,,,0.0,1.4,6.8,2.0,5.2,93.0
fff593162aa6848dcfa302b3dc1b503d3b5e59052573fca0952b084d2648ab15,,,0.0,,,0.0,1.35,0.0,0.0,2.9,47.0
a16cba2a7351cb852f49ff99cd4bc844a9d170f360af8c3f7f25726e283c1c56,,,0.0,,,0.0,0.6,0.0,0.0,4.3,55.0
2c792f002a758cc2254086a1fdeddcb1cbec14cc37b4825823bdf959965e5ca9,,,0.0,,,0.0,0.737,6.5,4.0,6.4,56.0
d0563f8134a2ab23c36c8ba17b7da87ea642eff56979ee7f635b931c9c647cbd,,,0.0,,,0.0,0.63,9.0,,7.1,67.0
850acad7e0bc467572dba78f30f924cce0ed6882a0a11d26cb8de161297cf5ab,,,0.0,,,0.0,3.889,6.4,35.0,6.3,1185.0
2d39e5202343247ac6f709973c36864d9d103beeb4fcede227baaf8330fb4d5f,,,0.0,,,0.0,0.6,7.0,1.0,7.3,57.0
a9c19fdf475481e1510b7493f88858a7be17ddf2d054ae57fca97aa379b00879,,,0.0,,,0.0,0.6,1.8,6.0,5.0,37.0
00a00f9f6bf96200056472e8b6e8cd6c3c1ae19bcc5016797be2b962dbaf0d45,,,0.0,,,0.0,4.616,5.9,12.0,4.8,355.0
8f4db1ab0b4140331f99283c2ca3c8be014c0db196caf86e212766f8ea60eaeb,,,0.0,,,0.0,0.627,6.0,1.0,,57.0
1c678e8b4a20b5bd77bf79bd7e69fab0c65ccb3fa7cbbae1a6d69b5ffc3a6bbe,5.0,5.0,0.0,16.18,16.18,0.0,0.6,7.0,1.0,6.8,5.0
bc210be589630dd2c1db766af68ea84a3838ee6e49755bede8e9a59f9359c7bf,,,0.0,,,0.0,55.349,7.67,323.0,,132.0
41a1f30208ee3b61b089dcf835eb8428f6dbe154ccf309d523daec0fa40d9845,,,0.0,,,0.0,0.784,5.9,5.0,7.1,122.0
0a73ec837a95b889bf8cbdfb18650494d1dda468e61dc8ab28076ce80a64612a,33000.0,,-33000.0,105867.3,,-105867.3,0.6,6.5,2.0,7.4,23.0
5b95d873d8dc7331d86ff082ece480e5a3231f362732d5629552fb986dcea2b8,,,0.0,,,0.0,1.282,0.0,0.0,,235.0
9ccd4cd8fff3b251aca22a2167ddb2fff8b30e219a0e79c594385a97b9f05d71,,,0.0,,,0.0,0.778,6.8,6.0,6.4,174.0
43d82ca90dcca28e1b21e955c42dc8bc8886825fd14a13418e155eb5d1d53e9f,,,0.0,,,0.0,0.783,3.9,4.0,3.6,113.0
f16708e270a51123df2d684dd82084954b0a793825d0a0fc53470ab91da47eb3,28366.0,,-28366.0,110865.67,,-110865.67,0.672,5.0,1.0,5.4,83.0
02aff76621ed2b80a5229b2ae1fe1e123b7c664477f3c577606df44257b123fc,,,0.0,,,0.0,1.539,7.3,3.0,7.3,81.0
2c98246dedd025a348c40b1cdce48dd7d8e8d74374229e40bbfc155273afa49d,,,0.0,,,0.0,0.6,5.3,3.0,3.9,169.0
37ba00d7f4467e0c2742faf493ccaaf7da42a73f70f34be83186cc538abc75d0,860000.0,53565.0,-806435.0,3447138.0,214704.59,-3232433.41,9.223,6.271,59.0,6.2,2172.0
eede5e08b108d09daf8a5e0a2bf6b49be8e73c2154b544b521416145bef671d8,,,0.0,,,0.0,0.659,0.0,0.0,5.8,50.0
6dd8155c3c59f425d3684d1da9686ce71c9c66e9974e8aa735155163fc31dccc,,,0.0,,,0.0,1.126,6.857,7.0,7.1,308.0
9eecdeb3d55e8a9c676c557f5f0c2a5c2aaa9be6d40dde04061f94dbac28076c,,,0.0,,,0.0,0.6,0.0,,8.5,14.0
b917ee602c4feebb314343b62b2f2b333647b582d0529d64b2259be1e84098ed,,,0.0,,,0.0,2.03,5.8,8.0,5.6,294.0
8b4fa3bef38cd3f103e638269d9929e3f9e597ff91d0e120cc53918bd99cfce6,,,0.0,,,0.0,8.944,6.136,630.0,6.1,29433.0
52e18680c6c34bdd3fbee7e20d4f0ea08de603adfc828213099b12fa6b16e8db,,,0.0,,,0.0,0.61,0.0,0.0,8.3,22.0
2b77abc766eb2442e04587b5502c0e4416c0ddb56ac8c56e34d35a360c11a6ab,,,0.0,,,0.0,0.765,3.0,1.0,2.4,30.0
8f8de26e32efec6736f71e1678d53df3112559e45add3412cd33f4d7083bfedd,,,0.0,,,0.0,0.6,10.0,1.0,7.4,23.0
49b469fa422d98810638ab290475f93cc17e31f08be9ab4ebb36ce28f0db342f,,,0.0,,,0.0,2.027,6.125,16.0,6.8,1981.0
4e9d91ba6f55c2afe3f8b441bffd1d5cca7b382c1fe4592aab63dc420459910c,,,0.0,,,0.0,0.663,6.0,12.0,7.1,
a6efa00278a10700c01205f01cff67f899505cfbbec89f829188e1496b92ab16,,,0.0,,,0.0,1.058,5.0,1.0,6.5,23.0
1c64f43cf8f9d4b11b568ad5044a2e8d6882d2e5dcee022fff23c522c9fdb541,,,0.0,,,0.0,4.017,4.143,7.0,4.8,316.0
660cf4b6b4c9efbd63a359c297cc639d65edd983ae91422d4c2d792a9421c889,,,0.0,,,0.0,1.4,4.2,5.0,5.3,99.0
c5b555c45d73d9112b0b7daa89689403e2afeab462121ec9ad96c4d3fb39df11,,,0.0,,,0.0,1.96,8.5,2.0,6.8,21.0
33fcda25aa753b4cb1319162bde5e138dcc76e6a68efc0422679db51f959942d,,,0.0,,,0.0,0.6,0.0,0.0,4.2,16.0
b437da0c76a423f1eb4a2ac4d7d47babe53c3da26550267552f2a209f1a35684,,,0.0,,,0.0,0.683,0.0,0.0,6.0,
96a11aded81d5dc2c12cad33065b2d6f29571166babd325f3f65d072b97b0a94,,,0.0,,,0.0,1.019,7.3,3.0,7.7,125.0
ae2af765d276ea8cf68c7134bf19a2ae25a78c4e20b521ddec7342fa13e5221e,25000.0,,-25000.0,99450.0,,-99450.0,0.733,0.0,0.0,6.6,59.0
5d7c6ff74d1f637a936cf28b8a05717df7c58cfed958cc3f75318a5fea2c6200,5900000.0,,-5900000.0,31811620.0,,-31811620.0,8.555,6.396,173.0,6.0,7518.0
2459e63c405b6b4e00840672e4df131493b950df611550177cade8835354799b,,,0.0,,,0.0,0.6,0.0,0.0,6.7,221.0
ce80c713d2c3cb894801df2e155aff55f7cb3913e76d849926d2ccd1d979d6db,106000.0,,-106000.0,335744.4,,-335744.4,0.635,1.0,1.0,5.9,25.0
1d8e06998f3da2031a9c8df8aa6312dd84279b00bf38224760b9cda075c8efab,,,0.0,,,0.0,0.607,0.0,,7.5,39.0
c3401608e80f37e41f5153d58f7360e7cdbb2901692c26789f548111ffc9b58a,,,0.0,,,0.0,1.31,6.429,,6.2,99.0
8ea5e69b93ca54401cbe135139f48ec3ef3e15c1a098e32b35ae2bb4a0ffa53a,,,0.0,,,0.0,0.6,0.0,0.0,7.0,8.0
ff80a66b1ea54626a79a64dcd6b5f09c5b8b799bc9a7c9c9f7d026ed85ad5f57,,,0.0,,,0.0,16.911,6.329,269.0,,15608.0
ad6b78d323b75f5e4f841e5db7ef2e8b3ac53de5376cc43c98e387ba7705a7f2,,,0.0,,,0.0,0.6,8.6,7.0,4.5,13.0
8d8257690562aa3c0e3dbb235e5488635f010426c16421102959632ee75f03a0,,,0.0,,,0.0,0.6,6.0,1.0,5.8,27.0
6116023c82a7fd2ddbde8935f503968591a2b5f498131ed91f96e746ee3af869,,,0.0,,,0.0,0.88,4.0,1.0,6.6,224.0
ef59de9e96ea4951cb600880ce8e583ddf5db89add55556a4d7fc0d3f54dabb9,,,0.0,,,0.0,1.201,5.2,,5.2,59.0
807c127bbfc2784e4e2ce5f34932638d4d60e5cee70314ab7d8bf4e1578d64ea,,,0.0,,,0.0,8.833,6.965999999999999,58.0,6.5,1697.0
4438cb982246a9297365851ee9a985d47c86cde56cc19671ddc834c6c5ff8e67,,,0.0,,,0.0,1.214,7.3,,5.9,127.0
f89f3e9651d6a7b38d5e7888f0ae4c98f8ae1bdf1ef2f17814cedd33d6768422,,,0.0,,,0.0,4.583,6.1,73.0,5.4,4756.0
8c000e030f06a0bf5d5b82241e5dac25c70bab9353e673929763c2a5ea2ecc16,,,0.0,,,0.0,0.6,0.0,0.0,7.4,12.0
70179dedc0dce29482a04d8c216add7b349225e4997977072e50976eab595090,,,0.0,,,0.0,5.396,5.563,48.0,3.9,1531.0
738036b0c486ac1f7ed2e0290d1bf963479204e603e4e18b7526b15dffd1d881,,,0.0,,,0.0,2.631,4.3,,2.9,193.0
61f36e936a85820a5ad1091c4f527600e3b3ce729f26d47a8b318c75c3124db1,,,0.0,,,0.0,1.501,8.1,6.0,7.3,824.0
8b336f95f130aae107c37ed24752de29748129391c9469c9a22559c15eadaa41,,,0.0,,,0.0,0.6,5.8,2.0,6.6,55.0
229676e5e2895b23b7092c6758fcafbdc47e50f47ad80e2a5486f8de9c7565d6,,,0.0,,,0.0,0.658,0.0,0.0,6.1,16.0
46fbe7143af63e7dadb5859ec1ba816620210f6b8b2081fc1d02997caef493f4,,,0.0,,,0.0,1.097,0.0,0.0,7.1,35.0
13e356f03307aae6efcdabe3e6a44391dd60c4f2e4bc4f2400e08081ea39535b,,,0.0,,,0.0,0.6,0.0,0.0,8.1,12.0
0a8d7cab77a876941256d6450fecf5acfd5ffd603a0599c684b3524ca3e6613f,,,0.0,,,0.0,8.033,5.3,31.0,2.3,679.0
604f58c1b95a76d9516a0048ad028d54f39347e33471dee29a95c2baec8672b9,,,0.0,,,0.0,1.254,5.75,6.0,6.1,405.0
14bfe8e355011b988d412c756698447a404f488ecfefa6c2627c435af149e3df,,,0.0,,,0.0,2.109,4.2,11.0,4.4,1283.0
8484104caed624e6dc90d55916ac6f475597854deceafb446f9d894b2117d5e8,,,0.0,,,0.0,0.6,0.0,0.0,7.2,15.0
7004ea5f566a7c6020c13bf858296f041d7661da047b0f199af0d41ef2a626a0,,,0.0,,,0.0,0.6,0.0,0.0,8.1,114.0
d97bc7ef68297362a0e12db39d6cf313fd88d2ae96592219cb0bece424b3a463,,5642.0,5642.0,,23624.75,23624.75,8.222,4.383,47.0,,789.0
d3df5ec0ed710ccce58e11fa8e8f85b40e921bd336c000a02a9be18661b6cd80,,,0.0,,,0.0,0.955,2.3,3.0,3.8,84.0
2a311e05678ef762bd6388542d7087f1cde2bc3c8044f9f1117a0c050cd0a886,,,0.0,,,0.0,0.6,0.0,0.0,6.5,8.0
c38b7573aa858600710f6150718745d8429eaf0c9656c303fb088ab3cc7ff7fc,320000.0,,-320000.0,1199360.0,,-1199360.0,0.647,0.0,0.0,,54.0
cca864ce9d25cb43c0aeb20e83c55cbbc0d4a75ee1d5350cfba328fcc9742f76,,,0.0,,,0.0,0.6,0.0,0.0,3.4,16.0
68651a5bdbb5cda9b5c759db99bbf103158f2337aaaea5485c14334a7b570810,,,0.0,,,0.0,1.922,6.75,10.0,5.9,320.0
724e9a3b4520feec2db9ab752edc068f34592e4ccf26261fbc490889f9f2f332,,,0.0,,,0.0,0.963,4.7,3.0,6.7,61.0
a52c1485b2dd7ed267b0bc14ce94332ca1ad06a0dc912dd1d6cb7c8a31f5dc11,,,0.0,,,0.0,0.931,9.0,1.0,7.6,25.0
4144abcfcfe3af1afde33696ba878e7863cd0edc29392b4475db6c33012dd998,8911.0,11911.0,3000.0,28384.21,37940.11,9555.9,0.6,10.0,1.0,9.3,9.0
bde3ae9c86e24d43d80bece8ae105f1a99f4d5778c14ea2d47d0991cdb304864,,,0.0,,,0.0,1.798,4.3,3.0,5.2,442.0
f6cfe8a97be2b18dd045d7051c075a1c3d78d51edcc1421aa3928d51237a18d0,,,0.0,,,0.0,0.6,10.0,1.0,7.5,57.0
bd1203241f75aef2079e1395c7cb1158d7eaf22246196b99557753b67356424f,,,0.0,,,0.0,0.805,5.0,1.0,7.2,
1439b68ff77d1e76d16655917a0c593db8db082730e3133387a6e9ea2ec96f77,,,0.0,,,0.0,8.563,7.7,25.0,5.9,1143.0
45636736e9120a74c54bc700197f4d7cf4395d9e6e47bb518f1b4f9b74609459,,,0.0,,,0.0,2.753,7.4,30.0,7.6,3522.0
63c6468d02fa856694ed9eb49117d2c49dff5932257d5834005c8a9cd472dc2c,,,0.0,,,0.0,0.6,9.0,1.0,8.4,87.0
2b28a4094bba7ccc9e1e455635f618135b63de553600bad45e06cf569eb5f386,,,0.0,,,0.0,0.6,0.0,0.0,7.2,81.0
290f3c31909a58ec22f852addf7973994146c7a76c56b875e75f93e997526a57,,,0.0,,,0.0,0.6,8.0,1.0,5.9,123.0
5958f9792f193f5da413c17a5903d3dbfb0a02ea2f7556c30890e961608d3280,,,0.0,,,0.0,1.82,4.429,7.0,,459.0
bd7538d765e70f3f91cb4f3588b65a446f7ade05490b006d8fa41d7b122770f2,,,0.0,,,0.0,1.348,7.0,1.0,6.1,111.0
ed5c529489742bc703b5f8aece99eafbd9fddac8fd81d8a40c4c81e9fc75ed0a,,,0.0,,,0.0,10.141,4.429,56.0,4.3,1976.0
0c8a88669a80ee097a92fd15d4207ea6a410f68a3816926df0245132749a9143,,,0.0,,,0.0,1.294,4.6,4.0,6.0,23.0
0524e7394eb76df1f29574d4ba57055eac2ed1c6669e318c552693a2d0d97ae9,,,0.0,,,0.0,2.52,5.4,15.0,5.7,
95c1045033afab6cb5ac517e2f505d7da9dc4274260683eb895f993a65595264,,,0.0,,,0.0,1.105,0.0,0.0,,60.0
148c43e26e1e42820c7f994865247902e44bd7e4d2784bb1e1e866014a21ff44,,,0.0,,,0.0,0.63,5.0,1.0,7.8,32.0
5351ed6c15c1297e5c88a6d832e3de9a920be554793e3552714ecb99d11a5157,,,0.0,,,0.0,0.859,0.0,0.0,,37.0
4e54a87437b744fa053422b28fd6e12819daebae3f5a9e413b9d8fdf32fcab13,,,0.0,,,0.0,0.707,0.0,0.0,4.2,140.0
f64da48dd526ce77f01c3ed06e9cc5d548e4bc8198572ecce1975ae024db983b,,,0.0,,,0.0,0.76,6.7,3.0,7.7,127.0
fdac62d7284ed2e76d62d948fbd45208fefde87cd26553d413293b84ca15c77d,,,0.0,,,0.0,4.084,6.0,2.0,5.7,87.0
0651764346b9ac81eb83252fbbb0d7bfcd94329149abb1d68f11f1d19003f7d2,,,0.0,,,0.0,9.573,5.9,76.0,5.1,2668.0
6b0d46f0b51764eabca04812090a174172c657b670231ba5771833c79aa367df,,,0.0,,,0.0,0.6,0.0,0.0,6.0,6.0
15fe27809be42a54b224d00682babcdaa3c0cb920d6494212a1f8eb296f16af3,,,0.0,,,0.0,0.6,7.0,1.0,6.7,29.0
c94998601760c32a11e3a9e69919597770748e5b99215f52a6d0434d60b9792c,,,0.0,,,0.0,0.6,4.0,1.0,5.2,
002dcac67e9b5cc4f67c9422287db77b6f73d48e0824827afb67b4f9a39a9c98,200000.0,2500000.0,2300000.0,687320.0,8591500.0,7904180.0,1.4,6.0,1.0,7.1,75.0
f5d150fda0ef5f9b85ff18ae5c9b604ec689ffda1ff3c1caee74f1e433703e6a,,,0.0,,,0.0,2.381,7.2,9.0,6.1,
2af66db74dc4c6b2ed8b1ff7227527d3294dbe30aa31ce72e262ebd8d4601ad0,,,0.0,,,0.0,2.497,6.364,11.0,6.0,418.0
fcbe2e9766f0fe40ff3708dd84fd32a02f0db7b01c00b04d49c5baa9307f8533,,,0.0,,,0.0,0.6,6.0,1.0,6.5,15.0
1ce3b4f402ac753388fb5b811871efb64c6bd2b5041f9da14e897d8f9c0d2072,,,0.0,,,0.0,0.6,0.0,0.0,7.6,20.0
77bee727183a4c0248f0dfff2abf814bf67bb877817927d1c1b90211c581c828,,,0.0,,,0.0,1.101,0.0,,8.7,8.0
fac228b2b758ed10acd8bc3be4992be0868baeb15ec8b236709ccf30d86351d8,6322.0,13224.0,6902.0,20007.87,41851.32,21843.45,0.605,0.0,0.0,7.4,11.0
bdddfc7f0ff6be0eac21f138ac7124ddabb55cac2e2a29317b847dab1b0c6bb7,,,0.0,,,0.0,0.6,10.0,1.0,8.2,5.0
0e128822b069642e471c6f025d619408203a9869dbadbab8152555157edfe2a9,,6627695.0,6627695.0,,25081186.19,25081186.19,3.238,7.5,36.0,8.0,12125.0
91683a1d530e31e9a4ebd70e1f8c61c7a4889bd4eff750cd73cdbaab652d2c7d,,,0.0,,,0.0,0.602,0.0,,5.1,32.0
62319180405e8c1b10b1e41ff82bf1177e9d152366673f1a9f92ae6126247f20,,,0.0,,,0.0,0.6,5.3,3.0,7.5,72.0
45ff27d766a535835887208ba05790212041c1cca9c8016e27dc78d6465cde6b,,,0.0,,,0.0,0.6,0.0,0.0,8.3,7.0
7afebc54c4f29003376e8107d7f4a40ce66ae825bc65e461ac0c65c9e084d584,,,0.0,,,0.0,2.139,4.2,3.0,2.6,177.0
06a7bcacb6a69c57df797aa8511bf9a3dbbbbebbd7467be9e7c952178f8277cd,,,0.0,,,0.0,2.079,8.1,8.0,7.4,898.0
f72b40dde9a3203d87bea8e518a83be3e50efaa7247443faa5ee2b2ad43c68c3,,,0.0,,,0.0,1.694,0.0,,5.7,
6beb73d2f73078141d615f8b3ba736de6c670a95c8d6732afe357af5c9f06367,,,0.0,,,0.0,0.6,6.0,1.0,6.2,13.0
d69db18183a2839afb55bf836af986662968fbd93d3a28659326c4cd0b42b6f4,,,0.0,,,0.0,0.87,6.0,6.0,6.4,528.0
5118da1111c4be8a779c10ee95cb29ac60ec475b77ecba3cc27ced6bd9c1de2b,,,0.0,,,0.0,3.812,6.8,,5.9,870.0
82e38b7f52d3cfc679cf1b1c51442e13c6b899f5c294cbb0cab9ff0e9bc066a7,,,0.0,,,0.0,5.47,5.071,35.0,2.6,
253ebcd5838095155e900afd268e5b88292eb98770e6fae235af3c34ab103e58,,,0.0,,,0.0,1.351,0.0,0.0,7.1,68.0
0aa5dc29512aee6424c2ae501d346e1599d4f6e83482e047d3a0e6f3be42e08a,,,0.0,,,0.0,3.842,6.31,21.0,6.2,1059.0
fa8928f5d0ea2bd982e758ebdbc766eebd26d7c499f1be71f55fa2d578d9c5f2,,,0.0,,,0.0,9.53,7.3,48.0,6.4,2683.0
f29201903f9c0222f02beb9e5402539f56cc93da573235c7f44af1b6be7b3d50,,,0.0,,,0.0,0.6,0.0,0.0,7.8,
29828557d7c8d9a3702f079e217227fe9370d411cefdbb63daef4ba26a46e334,,,0.0,,,0.0,0.61,0.0,0.0,6.2,
6aa6089025e7645d0b9cbad6025f45d9a38cd3bf5ad1e6efde714bbd8f405830,,,0.0,,,0.0,3.306,6.2,,4.7,329.0
db58176b04fe29170cb14a5251bdc6df9100837b628e1b1f9ed4282cd197401a,,,0.0,,,0.0,0.6,1.0,1.0,7.7,37.0
250a6c3bf968726e8fd2fc84f7d4b8e897378a54b462f093aa0cd3b65f54bdbf,,,0.0,,,0.0,7.301,5.737,196.0,5.4,4955.0
75a315b13242a45b7dc23f52727f0053996550fa78e4b0ed713cf08628b3af30,,,0.0,,,0.0,0.6,6.0,1.0,6.5,37.0
f2a1eff1746cb8de240d8e6a98ac95e6bd288e07b121ea152216cf353a89d6ce,,,0.0,,,0.0,0.88,6.0,1.0,6.2,36.0
58a0f29c78331b7f6c25253bf53788285f01ea90c7b176c842e9f86b1019b6cd,,,0.0,,,0.0,0.772,4.7,3.0,,92.0
85ff43eb9d3e7cab18436b6d01dac6883c869f5dcb1a55694dc8123f9b05d959,,,0.0,,,0.0,0.6,1.0,1.0,,795.0
9e3c9498a7295795f6690ad05d48d5ad00ba155682bca8bc861dbe4f44c0a131,,,0.0,,,0.0,1.179,5.0,1.0,7.7,
47729e1c2040640d7439d634cef17a7549fa01e6500fadf0a6deec0d30060fbc,,,0.0,,,0.0,0.691,5.7,3.0,5.5,77.0
d562b7e01c5e235dde8ebccd1d3c23627d2c7afc0d23b2c2c373652045fbfbed,,,0.0,,,0.0,0.847,0.0,0.0,6.2,
47ac413daa67784237112f89795cb742720efecb1fb504d7048806f6762a6c29,,,0.0,,,0.0,1.196,6.0,1.0,6.4,65.0
09d4529f1b9fef4583a3283eb2a517379d558bd9090b73f4d8d3bd8787e30176,,,0.0,,,0.0,0.6,0.0,0.0,4.0,31.0
0409f585b393c59279a55551b84e634b67d88c5a1acc43d635a3af2dad36b3b5,,,0.0,,,0.0,1.303,6.0,1.0,4.7,30.0
b8b1553555dc57011865d9c5ef13335bc1302944691b3ae3b599bfda7bb4981a,3.0,2.0,-1.0,11.26,7.5,-3.75,0.6,0.0,0.0,2.1,138.0
a832cf65558d1a457b60e076a013a14331cc8e59a89edfebd6b86b7195de69a4,,,0.0,,,0.0,1.777,6.2,9.0,6.8,1285.0
cec8f530a12671931e9e6f55ad6945770d34dbd17ce6c402334aef4714e80214,,,0.0,,,0.0,0.6,8.0,1.0,6.5,8.0
63b4a9661c2897c9470fb83b75fcb1d59f724ba8b8c95d80955464438b2b0221,,,0.0,,,0.0,0.6,0.0,0.0,6.8,11.0
c6b67f8eb8a63b3a89225182a968f084211e97c2d7718b43cb28fb996c76f19f,750000.0,,-750000.0,2755950.0,,-2755950.0,1.266,3.0,5.0,4.0,162.0
708fe8d8e6ac3a42d5b70e11525ac67c0fb0ffa7ba9448c98de6efe000002ad1,,,0.0,,,0.0,0.6,0.0,0.0,6.4,28.0
d45d11686b788e49cc3214f5248e44cb015b3f3025b048c19be1a73824e9a293,,,0.0,,,0.0,0.634,6.0,1.0,5.3,12.0
e8dc17171b8a8b242c5a23931ffb33ac51838d302f5f536675d4e90b17aab643,,,0.0,,,0.0,2.797,6.5,4.0,7.0,502.0
08bb9da01ebb2d2a08fa91568dd8c421d85f2c0a93643108e9874c01f077dfdf,,,0.0,,,0.0,0.6,0.0,0.0,6.6,23.0
dd99201151d56b7b1862e3a0032ce0bbd66b521b98357785cfef3f4293deca4e,,,0.0,,,0.0,0.6,0.0,0.0,6.3,12.0
7c02e643490192828f18e2fcf803f015d86d3b7f7c7efeec7d60944e670c3f9e,,,0.0,,,0.0,1.599,5.0,,4.7,43.0
19b3918571e67e65f99246a9c2d909aa47d8eaa641355fa841fb641cbc53ee2d,,,0.0,,,0.0,0.6,0.0,0.0,7.8,47.0
4b1fcda3a211471910bf9facd1d88b3348d214b3982d59cc7af09a5d5394895a,,,0.0,,,0.0,5.755,5.6,50.0,5.7,2085.0
0c19e30cf78044c4d65525955ee68b1c25a6fcf649c255fa19c92b0501c38951,,,0.0,,,0.0,2.96,6.7,6.0,5.2,
8a1a93407bef729e22f5c23a1b6e077e627acff07a4bf989ccecc9df2da97289,,,0.0,,,0.0,0.6,3.7,3.0,5.9,180.0
58c70e1065b58080461183412aabba656c9b0f5b01e882ecb4368cb8735bdd7f,,,0.0,,,0.0,1.49,6.0,1.0,,93.0
685de0e3b7cbef86ac68864af66d54061640cb681df9220da28e9c2f3b02ba3f,,,0.0,,,0.0,0.605,0.0,0.0,6.4,11.0
7518a427524b0a6f0da518275ed5a4d47c30fba25006217990ee84de7ea08b68,,,0.0,,,0.0,0.911,5.0,2.0,,39.0
5a36828eca9d64d445f84ff68ad7e9d29004aa7b17b7937fef7891a47b6b9935,,,0.0,,,0.0,0.881,9.0,1.0,6.2,27.0
67fc33999aab323c22c708321c2b9216c583a95da8a504abb384b9b60caa677f,,,0.0,,,0.0,1.1,8.0,4.0,4.3,152.0
1f8df9b94487089fc3daef2550a28c54edbf341ad8ff786093df318ab2c8fbce,,,0.0,,,0.0,3.71,7.196,28.0,7.0,2660.0
383a2b75adce73e721683178ed2828bd048897519d35776a175c39fe5602d064,,,0.0,,,0.0,0.6,0.0,0.0,7.1,16.0
a45805af019f2c37819907b228cd6b9a568973f71203be218a931e25367d5ba7,,,0.0,,,0.0,1.287,3.5,2.0,3.4,227.0
eb609a7e169f780c6ffaf06daaca7484d9aaeae98406d24f79c473424ecd4c0c,2000000.0,12886100.0,10886100.0,10761800.0,69338815.49,58577015.49,16.285,7.361,1402.0,7.4,127304.0
8f1a457f9a8cf5029d7701246a2380794df7d545492c752b2fea9467a843ebfc,,,0.0,,,0.0,0.6,6.0,2.0,6.8,48.0
445ac036ff45f180ec55480cea608901bdf66592682073fe6cc8ba8eb8659331,,,0.0,,,0.0,1.989,4.8,8.0,4.4,446.0
911a87e7c97e1dcf14bb56243fa89fc101f9d9bec62cae8d26c12f823e371415,,,0.0,,,0.0,1.222,6.0,3.0,7.7,159.0
1bf289b0ad7912d24e20a55025f7757396a5d6aa97b819271ab0b06946f9e997,,,0.0,,,0.0,0.6,0.0,0.0,8.0,
4d81da0bfeaa92b62a76ea12295933ffee06fda2fdbb3a69e95ac09b6879e480,,,0.0,,,0.0,0.6,0.0,0.0,8.2,6.0
3d0568d537a8a19f8e6e6ddb547dd292c6fb56e8c58de6fc86335318ab560403,,,0.0,,,0.0,1.4,0.0,0.0,5.2,488.0
59013d0977a95c758324f850482f08ce6c989b15774a89b67c88ef5532d5eac5,,,0.0,,,0.0,0.601,0.0,0.0,8.7,17.0
594e53e86a0af7cde0e3db3a43d4c759ded8332bb561e4063bea8ed6bdc8bca5,,,0.0,,,0.0,25.886,6.47,302.0,6.6,9293.0
ec33ce2c85c22dee5e9789a97e4fb732a9f0612450d9787210033d3e58f17ce0,,,0.0,,,0.0,1.604,4.5,2.0,,118.0
fb9bd4af012b6a78e5891910f48ceeca05dd4bf178e0f8e56a06f52b37dafca0,,,0.0,,,0.0,0.6,0.0,0.0,7.5,131.0
f0e7b1e57fc9c0036c0b6f7775a5d2b171468579f694338e51cd1fdccc07815f,,,0.0,,,0.0,0.683,5.0,1.0,5.7,60.0
c8d763262095fb3717fe006cde7db0c09bfb74e5ffcb14708d0505f2288df633,,,0.0,,,0.0,0.6,0.0,0.0,7.1,26.0
446f8c66d9f548e6aede984dda32b5f7a34943ed9922df6a11a6c922530a5571,,,0.0,,,0.0,0.602,0.0,0.0,6.2,12.0
af01be23176136386c73f7c1ad7b3b5a5d9de1cf95cb0477e1005693c318e738,,,0.0,,,0.0,0.6,0.0,,8.7,11.0
e9be34f637b9cc97b4e438d906efbdcd58ebf8681ad20ac0b078734bc133c7cc,,,0.0,,,0.0,3.744,5.84,47.0,4.9,1989.0
9f7f330e0433b9cad2f46d748ae6329935cecf720d5ee406beeb0602567bd69a,,,0.0,,,0.0,1.791,6.5,2.0,6.5,299.0
52ad602bb3c0de199eced739c2249d807c4d72d2d32f7262a74b4e9b4ff9c5fe,,,0.0,,,0.0,0.749,5.0,4.0,5.9,23.0
65859b279b80f6391a7ba668b66025332cab16307e87974c7db7fabee7e16f35,,,0.0,,,0.0,5.214,6.25,,5.1,712.0
490bb2a1191b60cd753e5eaf7e815f646aedc96e0e6e40073f3d0b41873dd376,,,0.0,,,0.0,0.978,7.3,6.0,7.2,179.0
3b10aaf37b98cde66d4a17585b92dde782464eb450a418ebbcced89e32595a8e,,,0.0,,,0.0,0.6,0.0,0.0,,33.0
0ed49705aa40be7a78f25f1b6d749ce5834cb6d14b66681c8a2984c396567681,,,0.0,,,0.0,0.841,4.375,8.0,5.6,151.0
0efd1be187bcb5a9901cf8945cb31cb3af3e853ecdb4c5a944d7f3a325e4c85c,,,0.0,,,0.0,1.094,6.2,19.0,6.1,188.0
5130703011df2531c7f6f3880981ad3036e73d92748ff40f328ddf5512037f0e,,,0.0,,,0.0,0.851,0.0,0.0,,25.0
7e11ff701da42eb2940d42f8c4d468db11d4dd3447ecbe1404be2a46814bdfdd,,,0.0,,,0.0,0.986,6.0,1.0,4.0,
e5d6e492b39f9ab47fe277df1ff122a2b39077a9458cd8d845bb32d9371ae98f,,,0.0,,,0.0,1.36,4.2,6.0,4.0,368.0
2d3801f09c77575be9701c674db4883310eb88a7a69aa506526ea287b48544b3,20000.0,,-20000.0,80444.0,,-80444.0,0.6,0.0,0.0,7.6,7.0
11eeacad4375826cb74f6c44e4e85c5e717687212e5dcae0cec09422e3defffc,,,0.0,,,0.0,7.152,6.144,163.0,6.3,10616.0
10b101f7c2e89c9cb58e362a5e3a693c9a1c349a44cb5b8912a77733a0234d60,,,0.0,,,0.0,0.6,0.0,0.0,5.4,
ef03298f7128d33130d86501b8962874280be2da2e029322285639aba280b825,,,0.0,,,0.0,1.057,5.6,5.0,7.0,405.0
535d1c7d606de946014da6364a32f90f36c6690204b804025225530f916231f1,,,0.0,,,0.0,0.885,2.0,1.0,6.3,12.0
33e99ea3211eddcc2fe4e305190e411ae35440223a9c58277d4edab56306a711,,,0.0,,,0.0,1.109,0.0,0.0,6.0,19.0
5e2d7ea6844d22d35189a5d386cf52373d40c9a0be1967b3a5dce085b530dfd6,,,0.0,,,0.0,3.02,7.8,14.0,6.9,1823.0
730c6b20e33b7d4450c5de7213b7a0e2b84e8019e9c36bb5cec14d1d28dfb2fb,,,0.0,,,0.0,0.706,9.5,2.0,7.3,64.0
bcd7cb79966a5f76e69b811f1efa4f83db023572c3196dd656e2bbe530191aad,,,0.0,,,0.0,10.753,5.0,,8.1,97.0
9361f717aa2e75df24bc084f600e3b621af703b105b72e8ba19271ddce9e79ca,,,0.0,,,0.0,0.6,10.0,2.0,8.6,12.0
be74c4544be0220c1329e270b85b4114539a1b2da03302fcc6d4e8a8ae9589c7,,,0.0,,,0.0,1.96,6.667,9.0,7.3,1259.0
0b5de68b61a24f55d8946ec62ede1cd6fcb7a068aa82370d6d489b785514f713,,,0.0,,,0.0,0.882,8.0,,6.8,
8904bd95d5a6759d7e4e43d5e6c442fef1f37e978fb4696e8382951bbae639c6,40000.0,,-40000.0,163180.0,,-163180.0,0.6,0.0,0.0,6.5,7.0
81f55b12ea511759ca63f4b6a23e7642f39e9ff5e8112c7928329f04346058bf,,,0.0,,,0.0,2.349,5.2,14.0,6.3,627.0
b001595a185a94640bfd90d442661b1bd0a7ed92b1480ec8063205ee1ee47b52,,,0.0,,,0.0,1.02,5.0,3.0,7.4,96.0
a48a8ced106a90c2c6ebaa1994ee7b479b7271a8ab180058f6c85624f100d0bb,,,0.0,,,0.0,0.6,7.0,1.0,6.7,22.0
d24c800715c11b318748839eabfd64676f64d2f59ffcd0e2c6ef72774cc12e35,,,0.0,,,0.0,3.36,0.0,0.0,5.3,119.0
adc441e606a7b8ae66af4376b26a29492de77cbc8a7601180729862fbdc7e52b,,,0.0,,,0.0,0.6,0.0,0.0,6.7,39.0
a7a63452206e817b4e44ac3401b551411ffbe72c602d6e94c46d0820f647409d,,,0.0,,,0.0,0.981,8.0,1.0,7.6,638.0
29bb4f5ab280f5d9205c154ed1d105d4f806393b774e318deb7cec6062779d83,,,0.0,,,0.0,1.192,0.0,0.0,3.6,32.0
bd8e9c91300cfbd0cc14689358bcd8f20543c69cece36c8dcb2e3e6bb33220d6,,,0.0,,,0.0,1.687,4.286,7.0,5.0,163.0
3e66811a7dcddf9557ea9c46bbdada5b44ae78daa7e638e34226a536ac2dfbe1,,,0.0,,,0.0,0.855,0.0,0.0,5.6,
26c37906ce1f4785971b9abfef7802c1c5bccc12e582242618bbb2ec1cc43bb1,,,0.0,,,0.0,0.6,0.0,0.0,,7.0
ba0ef078b6e6b518a2b99fae90ca2c95a9c4ab206f8566db5225fef9ce2478b3,1000000.0,,-1000000.0,4165100.0,,-4165100.0,2.752,5.0,14.0,2.7,1553.0
7296b6a100cd85209d09add54c93405b84563d24a0f1bb364708d9ec30040990,,,0.0,,,0.0,3.036,4.8,5.0,5.2,140.0
2cf1708f760cb2c8de816195d2589c87015c95296742ec5f74510117fd28753b,,,0.0,,,0.0,0.967,6.4,8.0,,350.0
c532c219a3a97be8e759503a40916d861aaac0ed209d8b64db0c7d44fa0f4581,,,0.0,,,0.0,0.68,1.0,1.0,6.6,10.0
7ad5e4fd6c8524913d3a6bb9925f5743561936257ec7f432d1084d8be68fa581,,,0.0,,,0.0,0.614,9.0,1.0,,84.0
39455ddfa73d5ef3efbc13ca8b328d492596a934fd1d4002f7fed0631b73c812,,,0.0,,,0.0,1.241,7.8,2.0,6.9,111.0
7b0e1c4fcd89cba37f935addb8bb310440132884260b35a0d35a5b77363ba81d,,,0.0,,,0.0,0.6,9.0,1.0,6.5,
9b39b662b34e66ce3c46424613ccf5f53725a12daee979a616f3f260908e729c,,,0.0,,,0.0,0.6,0.0,0.0,7.0,6.0
00140d9f291d76d6dd64d7c3b4d5adc4d8939b2a19d481e8c8081a3b648d83a9,,,0.0,,,0.0,0.6,0.0,,9.0,34.0
7afa7ee2d73d5bda4c7f14780582695672a473855a44348e711bfb4ffee6f446,,,0.0,,,0.0,0.6,3.3,3.0,6.7,86.0
afaaeba05e3c6817a1dc3b6cf020223fe86066f11cffd726d6f1455453c8bbec,,,0.0,,,0.0,0.737,7.0,9.0,7.2,466.0
9df76ef7abfeb205f9d01c58088e1b2d54c43702a21330c575784265cbef704f,,,0.0,,,0.0,22.506,7.4,230.0,6.6,2619.0
5890ad14c09d4727ebd3c7150338c28bf875e37f0e3818c7ef67edbdc2faa8d3,,,0.0,,,0.0,0.859,7.3,3.0,7.8,
1487ebeac4b3444af604b61631344562c022efa921b984152c74d71ab18809dc,,,0.0,,,0.0,0.98,9.0,1.0,7.6,9.0
2f1ed9ecac60acfd46e97b9fc917cee5239e60221f13e6624e7744e245564311,,,0.0,,,0.0,2.055,0.0,0.0,6.6,384.0
f9f553f4b81ffc7d1a45fed911ba103697a34ac31507d0394fc5e46654816fe0,,,0.0,,,0.0,0.6,0.0,0.0,6.6,116.0
177aecdd6dbdde6342ca6b868de4d1dc96182e1eb9278361334a632dff84e346,,,0.0,,,0.0,18.047,4.83,44.0,,1121.0
e9fb8603de9206ec05d84d8d3cbd25f49cf021f45b486011d731d5162618fe9e,,,0.0,,,0.0,0.6,0.0,,6.6,19.0
d13c254a41a1c32171ecbec3b61a904fbd7adf3d1e0ab2e300050efd4b9c591d,,,0.0,,,0.0,1.376,6.0,1.0,6.6,14.0
eed7717f98e4216b367525e72e6b7930f1ff55726ea591da6e2a5e40556797b6,,,0.0,,,0.0,0.6,0.0,0.0,6.7,8.0
bef55a21c2222e7d1abb6aa4348d9ddcfb555bde443c0a0dd721717ce9f56da8,,,0.0,,,0.0,0.849,7.0,3.0,7.2,69.0
1e074ad606ad2b108abad94c82f9bb6fdd3ded2faa0f2b85080ad0ad6654c2fa,,,0.0,,,0.0,7.442,6.043,58.0,5.7,1998.0
4ffc6460f0a5e38b90214206180d0a89f82ea674469738a88f03f23d2ab0495d,,,0.0,,,0.0,0.6,5.3,3.0,5.2,175.0
24f2a0460d82f45593aaf7145bccb186fbf05aeff8c482ed5d17751cc83e4a99,,,0.0,,,0.0,0.6,4.0,1.0,4.2,44.0
641f6322778d2835efc56d2314dd31341000904c3c6512cf260587778d733eef,,,0.0,,,0.0,0.6,0.0,0.0,,12.0
04a38905841abca014b6443e3902aa1df33ca3da4fcf3ee030bd3cd566874457,100000.0,,-100000.0,370540.0,,-370540.0,1.17,1.0,1.0,6.8,101.0
6a9d68cacc8047c5c777c30c00fa4b985f874d726f3b905d756c3f29eab62436,,,0.0,,,0.0,1.467,5.0,2.0,7.1,30.0
9d53b93e08e71f9ba46a84a7a21567c41134e7d3b22814e422b97a1be5373038,,,0.0,,,0.0,0.6,0.0,0.0,6.6,44.0
993076fbd994a989eb3656c86017af58ae53b08e2dc282fcb632274bc7b82d1b,,,0.0,,,0.0,0.6,6.0,1.0,7.1,12.0
049d2d498aa7ec5d748845febdf64f79f3ed9110adfa1cfd0fa2a25b11bfdeec,,,0.0,,,0.0,0.6,0.0,0.0,7.6,52.0
10d9c3a29528c2d99952a564563c299e3876e2bf04dd98e278bbc8ff2588a5be,,,0.0,,,0.0,1.497,4.0,1.0,5.2,19.0
9f9d798fbdf8061da7f158651520bf78a10bafcf7eb65cccca71ee0c554e9160,2400.0,,-2400.0,9928.8,,-9928.8,0.6,10.0,,,27.0
87e83aa995db55c89705b18812a0526c01486e815d3b223807822f1cda547302,,,0.0,,,0.0,0.6,4.5,2.0,7.4,5.0
b07f4d03582c71556f0667e3885d7ed6846c1c2514633ea300c0ab1f4f521092,,,0.0,,,0.0,0.6,0.0,0.0,7.5,17.0
0917df312515921036628069ad728cd86f22ffd75935bbbb309b48040120cfd3,,,0.0,,,0.0,0.986,6.7,15.0,2.6,21.0
6e56b9ec1f38a79373a0409095dab0fefe5d75c4924e546e5c3cad025d843606,,,0.0,,,0.0,0.6,0.0,0.0,7.2,19.0
47672f7f5184c34df3dd3ef6a6bbb4015e47be69ee962ab8d8a76192b6aecf50,,,0.0,,,0.0,0.6,0.0,0.0,9.6,9.0
7faf9ec36eb87278f957330ac855b56ec15380c4f1848a1f94f6a05f091a2e5d,3000000.0,,-3000000.0,12416100.0,,-12416100.0,1.847,6.0,2.0,5.9,580.0
d0a29ec3ca13ba5822d0a48d3ffa9f92088911ee5e6e45cf5b0c69e58a804659,,,0.0,,,0.0,0.6,10.0,2.0,8.1,12.0
4b92dcd0898e0120b67bb5e8a0c5ac131065391be40c4514f838869d3cfa3e65,,,0.0,,,0.0,0.657,4.0,2.0,,35.0
0d7ae2a4bdbd3e5951467686c48b6e3dc68964720f96b5ecd1aa27d05af21db5,,,0.0,,,0.0,3.332,6.8,,6.5,984.0
e3fc4aebeabd8112960bac68d374417b105d116d1ba375c5724474c4a83ef9be,,,0.0,,,0.0,0.6,0.0,0.0,7.2,14.0
acedb98b55c2356876ecfcf6401518526f8b1b304f3be6f61a9e930551ebb3bc,,,0.0,,,0.0,0.852,0.0,0.0,9.2,60.0
b61e6aed0991e219a4b59f7b72abd890d52ba4b2a37ad17dd467e10110fa3301,,,0.0,,,0.0,0.6,0.0,0.0,5.8,24.0
c8c3e47276904e6b3bb813efcd11feab2401f5cde90bb9021232f799e88db0a8,,,0.0,,,0.0,0.68,4.0,2.0,6.5,
e0ccf0e41c8d64ba33f5b75ff32790d0dfb43e1af6f0c6e0a993808e1def9c6f,,,0.0,,,0.0,0.6,0.0,,8.3,9.0
000f65a96c97d5e1723b46203d0802be76501d43476e4fbe32e46fa5bb1dbd16,20000.0,,-20000.0,63284.0,,-63284.0,1.127,6.0,1.0,3.2,167.0
842f2c03b48e363e84a876b6b3c189e95066ce69edcd9c4dc7a11b4faf76a524,,,0.0,,,0.0,1.154,9.0,1.0,7.6,48.0
b5fe7da4cdbdb9fa1641d96beb37cd533c79fe4b9579d2f4f6b9e70e5d7c7032,,,0.0,,,0.0,0.6,0.0,0.0,7.5,6.0
d8dd93eb1d129a176f0ba0f1e95b0554f35e59e7a60e2c8166f52d01db3d6f30,,,0.0,,,0.0,0.6,1.0,1.0,9.0,33.0
01d67aa40786caa7f9dae32a19ef347f659a68ca9860801810b09916785a48a4,,,0.0,,,0.0,0.6,1.0,1.0,7.9,9.0
3a5730ac121d74b4f219abfa0ab5815499021c9f698b5ae0405fb0bf57f91ab2,,,0.0,,,0.0,0.6,0.0,0.0,6.0,22.0
35d31b56cb27f5718dd15d143cc8ef49e5f785ea805ae574c58e33462c5ccfdc,,,0.0,,,0.0,0.6,8.0,1.0,7.5,10.0
3321969a869010167e06b84736c7a598e61b571d4b447393b32547644452bbe3,,,0.0,,,0.0,0.6,0.0,0.0,6.8,6.0
12749fc0e961d4a30b334d0ad33ccc5a520682790ec736ef7cbfe9205e0be849,,,0.0,,,0.0,0.6,0.0,0.0,6.0,
1196577a59e58888e1b0770a28ef1b89d54e56b1c67c455e4213eaea31ff4eab,,,0.0,,,0.0,2.047,4.667,3.0,5.1,77.0
3d0986c4ed9059654b57a4a1d67b7c807c3ad2f13bfc04b661a16f6604566c27,222650.0,,-222650.0,827612.32,,-827612.32,1.88,5.2,4.0,7.4,46.0
72dcb1e819d973d34704a8104a1fd5c2cede4ed7f51908c56f36775e76c30b6a,,,0.0,,,0.0,2.52,6.3,11.0,,
f2f515e1332e78ffa1d9ef780f5df1246b0d3861085eb8ff10d4d1542031ff77,,,0.0,,,0.0,2.99,5.909,11.0,5.4,683.0
2072f3a6709a00ceac1cb2b2063fe33a8bd7580971e1fa87083dddf12ff92271,,,0.0,,,0.0,0.6,6.8,,5.8,21.0
d4f5afc434f2699fc9ec2f7357c74b8ecd212952e605793ec54e5309a3968bf3,,,0.0,,,0.0,0.6,9.0,1.0,7.4,
62b22423ae2aad6bb02627da5171e44a4f42b59dcbc37f5995e40f221a440072,6500000.0,,-6500000.0,27127100.0,,-27127100.0,10.26,6.962,131.0,6.3,43889.0
4949b0dae44ece55fe083f975533e8518550a49914ace75e37a3b7f9c58d21bc,45000.0,,-45000.0,183834.0,,-183834.0,1.249,5.2,4.0,4.1,583.0
965d5a686ad2e904ff995480b7244e8cc45d321cb7ede688d20a5bd7a953b44f,,,0.0,,,0.0,0.6,8.0,,6.9,10.0
916d701d66bcee44c3949e5675b2460c97962270428da8bfc35b96d96c9eb850,14000.0,,-14000.0,57034.6,,-57034.6,1.684,0.0,0.0,3.8,175.0
ed14c56eafa7f8be6a1448124cde8d77b9a358498a6c540331935f2482dff6df,,,0.0,,,0.0,0.6,0.0,0.0,5.2,69.0
ee00cbbc3ca599b0bc1de4025002ed09e8093d2d81f6008cfc29bab7f1d47b25,,,0.0,,,0.0,2.626,5.9,7.0,4.3,402.0
1536c78f4d7f50f55371d89f767d21ee6cf2656e242ef748bbd7518090bb29f8,,,0.0,,,0.0,1.133,7.0,1.0,6.9,177.0
84b49056e7972b72e387ed8c04be23b5c1f426d27062e8f57bd62ab5b2f13b54,,,0.0,,,0.0,1.102,0.0,0.0,6.9,23.0
6fe4e8defe0348b778ecca1c32e269205c06f318910033749e7bc95b2996d8c5,,,0.0,,,0.0,0.6,10.0,1.0,8.3,11.0
ee9eecb39d32711e2c49ff085749733d58ac32a520aad122accaece5c1a19b4d,,,0.0,,,0.0,0.6,0.0,0.0,7.8,20.0
35083f1ce19bf8fa0780edcbef570f107b04fd162682b507b97d944ca6f4a32a,,,0.0,,,0.0,4.808,6.4,205.0,,1663.0
a2711957d970f04faba9e001ecc47f0764fe30aab543b320ee014f79857993e2,,,0.0,,,0.0,0.602,0.0,0.0,7.8,18.0
9b99f7bb5fabf1101ad112f237d1add9aa8230153384e4f8910dea4ea876948d,,,0.0,,,0.0,1.414,10.0,1.0,4.7,26.0
35ec97841aeae5dc38c30926aeccce2ba306268e802498471b0c828467549fd3,,,0.0,,,0.0,0.6,0.0,0.0,6.0,8.0
3d2d44b8985ba8fa0a361ed7efb0d1e67b7b6c7b8694d7d3ff55be6934d95942,,,0.0,,,0.0,0.89,0.0,0.0,7.5,33.0
f8d2915c4069fcec8eac96d6493145f620cff850c2ebd49531f9ee84b5e610f8,,106645.0,106645.0,,559992.9,559992.9,10.531,6.719,274.0,6.8,20960.0
15f1a84def13830d833b5c63452f81ac3bef6678b42948349d8acd2fc1c15be0,,,0.0,,,0.0,0.6,4.0,1.0,7.0,
4ef42a0b223e1572309b2cbac11001b5c1c9a8881ac657ca2f0d9a38a36121ef,,,0.0,,,0.0,0.6,10.0,1.0,8.7,11.0
f4b1cbc6223aa69a0704ac2c9c3909b57e5568a09ef9df5899ebdeeab34daf68,,,0.0,,,0.0,0.6,5.0,1.0,,39.0
569dcc00da2775714ab6c5b90c8bc4181b1ed4096b99a568ca908d975bea523b,,,0.0,,,0.0,2.875,7.0,7.0,5.5,308.0
738bc25127651b3b1fef64f2f21cc6fd723505a394ee549aa11f6993c58b6c5e,,,0.0,,,0.0,0.601,0.0,0.0,,5.0
c32d6655b5a133130fbf645032ee8a709386d4add457235c4b6879b6db4d86ea,,,0.0,,,0.0,2.66,5.0,2.0,5.0,
d356415d3b428ba6d61b6cc3d596725430187214eda69e025a77ae54fb6d2299,,,0.0,,,0.0,1.194,6.167,6.0,5.6,124.0
552faa4407556e1b44acc1e0b356a665692e34fb5b302eed4e4a824f167554ee,100000.0,,-100000.0,316330.0,,-316330.0,0.6,0.0,,7.1,17.0
cf73c9d7565a839036bc67f172f6fdf8fe76323ff8f6a2139b1b3321df4c329b,,,0.0,,,0.0,0.6,0.0,0.0,6.4,47.0
656989b7ae622e20079a0dff04cec1924b77fd39c5f07484059767b32078ed7b,,,0.0,,,0.0,0.6,8.0,1.0,7.1,528.0
44f9dbdd5b466b7ce861209488a16512902da166cb475e774cd9653178552025,,,0.0,,,0.0,3.694,6.986,37.0,7.9,3412.0
e0b9305e46734513326c62f61e9bf53f38882daf9d342788a3267bab6b9551aa,,,0.0,,,0.0,0.6,5.5,6.0,5.2,373.0
f1dbf857dd33a33e31ea1ae32fa3a53eb090917f6092a6f8eafe6197c8e1fca9,,,0.0,,,0.0,0.6,6.7,3.0,7.3,11.0
18ba806eb63819961a27e6dc9e3c1b9d4c7b082e7769c93ccd6540aea029faf5,,,0.0,,,0.0,1.839,5.5,9.0,5.2,261.0
f936f2121dd7a958e2c121e284a3a27cd5e82f2fc57908c784a961c67b4de4e9,,,0.0,,,0.0,0.6,4.0,2.0,6.8,30.0
4389f3fd97db3580a84bae48ba7ca67eca2e51f31c439f5f5f60387f1b673ee3,,,0.0,,,0.0,0.6,8.0,1.0,7.6,28.0
82080ce81065a60895b65b2f993f8d6c207d97030e764af44af427d6dbdf506d,,,0.0,,,0.0,1.243,5.7,16.0,5.7,12.0
bdaa4f7a9269d9596a394d91aa00bbe251bb12a68ac6702197278cc5e1426410,,,0.0,,,0.0,1.446,7.1,7.0,6.3,
b64f7c671fdd4e863836675139febea5c97b90aca0ddb88980a354624e108b58,,,0.0,,,0.0,0.6,0.0,0.0,7.3,72.0
b92295f54fc2df2de529964133512fe5df967cefb1ea62b726202867f6d46322,,,0.0,,,0.0,0.6,0.0,0.0,6.4,15.0
9def9aafb06d94780c63d16b13a402f657a8fd6aa08ab1097dcd5d5021535fdc,,,0.0,,,0.0,2.578,6.9,23.0,7.5,1520.0
8035193c70202833399d99f6a8e698559ba11d2fef5923e53cdeb298b0364ea9,,,0.0,,,0.0,1.109,7.3,5.0,7.3,80.0
a6dc3de2d8e1dcef69a7e04a07b6c9b58addde0f8c5575c737831ca1a087e8d7,,,0.0,,,0.0,0.6,2.0,1.0,8.2,6.0
196649df178ddeda122747e1e109eef0234de1d272297c408b10a5801d93b130,,,0.0,,,0.0,1.434,7.107,14.0,,1040.0
a746200a64bb8cbc9a9c9bd94bf371fb6fd780e0e001508516a064e865e74112,,,0.0,,,0.0,1.932,8.0,3.0,,39.0
faeddcbd6dec42c2c7595374e0e1ea983cb2211e67ed5e616d0d7e4deec1dbfb,,,0.0,,,0.0,13.467,6.665,258.0,,6219.0
046b1bfe54ae8edc6715a9d9e76347c836abd7e3f074560870ce7e7946612994,,,0.0,,,0.0,1.745,1.3,3.0,2.2,204.0
586779c3d1742ae5146b4c7a73b78eb4cf9a8f95df6d3bd776d5bf5cef6a140f,,,0.0,,,0.0,0.789,0.0,0.0,6.2,
761357254ab61c5bd6c955c471c3727f49de6504c53d55367b3a62dba0e2194c,,,0.0,,,0.0,2.582,5.667,6.0,6.1,
5980881c1df9059b501a6524000a6560bc265889fc8307c4b78cf815a367cf0d,,,0.0,,,0.0,3.259,5.564,47.0,5.5,438.0
7d16bc0fe59c4ac4f76876a818b617785e52f0a916de0a81d3260999186b6cfe,,,0.0,,,0.0,0.604,0.0,0.0,5.4,23.0
9beeea76e3e1c5c9e94b9b3d24a26b4dce0422fb2d50dde26370417340dddcd6,,,0.0,,,0.0,0.6,0.0,0.0,6.4,9.0
814ed60abb498369f6fbbef682177e507c5f84a00c2ff857e87f9cd86efad025,,,0.0,,,0.0,0.633,3.0,1.0,4.9,52.0
1ce4df66b465fa25995ef75dd9e5761aa4c80e012989d44e7f4989a702cff4a1,,12841.0,12841.0,,66807.87,66807.87,5.542,6.6,47.0,6.0,897.0
6051c662c59258741b0ae25398148e56aceb147ea459970040648361d8daccff,,,0.0,,,0.0,2.877,6.563,32.0,5.0,421.0
f82e95ac44c47a68bb0a7e73045792a9ff7e15360e9a6567e7b6c496f89f72ec,,,0.0,,,0.0,1.253,7.0,1.0,7.0,67.0
52f9fcc8db4be52d256fc84915829260e1e31aa95c9f5a0bfdbe1b3c3c7c5cd9,,,0.0,,,0.0,1.645,5.5,2.0,5.2,102.0
56fe8e75985fee08ae0bbc34220642ac5166c8679fb65644b861b882a1641abb,,,0.0,,,0.0,0.913,0.0,0.0,6.0,19.0
f0674c94a664d9d41b51a95506e9a9ee97e8658ed63aa409004c2f1c5e394361,250000.0,15065239.0,14815239.0,1300050.0,78342255.85,77042205.85,84.833,6.832,1393.0,6.0,84460.0
4b00ab5f7d776ba0e5e7115209e7f3378f0d7947546d2d43f7a4b5628048cd07,,,0.0,,,0.0,0.6,8.0,1.0,6.3,25.0
43928f8d780cd956a8ebccbbb870c91f1d7e5608eae0caa4545cd10ab4b32250,,,0.0,,,0.0,0.749,7.3,5.0,6.7,153.0
49ace877d874c29002f0fe123d84ea1754ee09d5ad4d111d660986d404711195,,,0.0,,,0.0,3.51,8.4,14.0,,540.0
e81276ce9fc82770969ed0f4740037abb9af55bcbc18677d27565d53d0eaaa0c,,,0.0,,,0.0,0.6,0.0,0.0,7.3,10.0
e2f3251fd43db6661c770d723348fdf23f3017d08180d722c3933838e67ce8b7,,,0.0,,,0.0,0.6,0.0,0.0,8.6,8.0
5a742c2ad516b414d6f4f6464dc2627fa21f0186cbe7df09c32cb6a0164f5bf4,,,0.0,,,0.0,0.6,0.0,0.0,1.6,33.0
8ed35126ed5eb8803b667af913687b49c342362cda8ce232a6eb55468632e4a8,,,0.0,,,0.0,2.863,3.5,6.0,4.4,339.0
eb3180bc59fa66829c4752d46c1610cd9d17f2496565d45b987f3ba00175eda2,9000.0,,-9000.0,37586.7,,-37586.7,0.6,10.0,1.0,7.9,16.0
d4d4a7549ea2e86179959d81a0d64f452daf2e5bdc4977bab75de73d0efb6eee,,,0.0,,,0.0,2.026,0.0,0.0,4.2,33.0
3328634de9eccb595c8e129616aabddb2c6c92ca56c22e5aeea9cadd703ea60d,,,0.0,,,0.0,2.776,8.3,6.0,6.6,200.0
f008b6518bdbf12821ecf2cbb9664b777f64e59050175fc3a2905d87279b49c7,,,0.0,,,0.0,0.97,3.2,4.0,4.9,
9d36dddf995cf2020475d15437993afb527879d3cee1d826809501ac518faa4c,,,0.0,,,0.0,1.96,5.0,2.0,5.2,56.0
ce87b91d358fb923c8cffd62745f6171af4a6d07ba8f4b429e5d4d17271314cc,,,0.0,,,0.0,6.386,7.5,4.0,5.5,234.0
c4bd03aeb22a66020a05f299a2430b481485ae2c17909e3ce79cc665d6f21cae,,,0.0,,,0.0,0.6,6.0,3.0,5.3,57.0
2e52059fa1d52ba98180dd99f64303ee0c9fb0d6a0534780546d06a6b3d36ad2,300000.0,,-300000.0,1253310.0,,-1253310.0,0.84,0.0,0.0,8.8,45.0
8fe14122f3c27e2a23fa30414a5c5733ba8b791ef65bb850af6e72ee558aefe0,,,0.0,,,0.0,0.6,0.0,0.0,6.1,12.0
feeb319ff6a3cf6de08792499de67d62712fa15579f1ce2687105f8f15778419,,,0.0,,,0.0,0.658,0.0,0.0,7.3,14.0
a6877dc4b66c6a32c81e23ee9c19e385105b80081eb8683d72639021ec78e2ac,,,0.0,,,0.0,0.6,5.0,2.0,8.8,
23c7e4bd6b5532e7fdfb4a42ed3eff6331ad758b3b6ba397a5599d2bb90a038f,,,0.0,,,0.0,0.909,2.8,2.0,5.1,65.0
5e1289ff8d64dae4ab6338307fe0ad94df1443ad458d168aa24f68c24fa8a86c,,,0.0,,,0.0,8.824,7.402,260.0,7.5,33579.0
45207779d97d41950b125bd829414f19a819d6eba7615eba6443e33be95742bf,,,0.0,,,0.0,12.837,7.167,657.0,6.8,34172.0
e3233f29ad75e68fb951398e1ba3dcb3133015627b0122dd871f06c49ff8477c,,495268.0,495268.0,,2490554.19,2490554.19,17.345,6.75,,5.9,31774.0
ea93c588f6f55715fe26d0c9e5c4a9a6db63e7bd600728b40b88d88a71d171b2,,,0.0,,,0.0,0.6,5.0,2.0,5.9,29.0
2e13f3848f169944864255eee116322252c47820ea87e4b2840b201891f6a9fc,,,0.0,,,0.0,0.938,0.0,0.0,7.7,25.0
d7d588866f8e53f1daf66e805b66efed7f43c5f00274b9dffa7c19dc8fce2657,,,0.0,,,0.0,0.992,2.0,1.0,5.7,108.0
7066a11f16a7482ee3ec605e5b54aad93fe8c7e0544877c57c7060d2d361057a,,,0.0,,,0.0,0.6,0.0,0.0,8.1,20.0
71752b23b9b442c9437c3ad6e836fb8ebf0e493ed8385077895147ff7ad693b7,,,0.0,,,0.0,0.6,0.0,0.0,5.4,23.0
41b68e9a9e5345d1a0a5760fe8e4392444acaed2b1305b2f030d703efb669965,,,0.0,,,0.0,0.6,0.0,0.0,5.8,133.0
813d84207c68ed900065e14d39015305ac4ebfba14406a9803efa3689a6b5e82,,,0.0,,,0.0,0.6,6.0,1.0,6.0,27.0
646ff3795cb60ef2a6f6f341f9356b39640e97ebc3f37975af63908c048851ef,,,0.0,,,0.0,0.6,4.0,2.0,5.2,18.0
585324faa331a48b9cd79d663a4e15106eb8ff64d157f3e1e599509d37d4c6e1,,,0.0,,,0.0,0.6,0.0,,7.3,
60004762325e3353c483b579858ee36b16013f04ad1843cb9a067181772cc304,,,0.0,,,0.0,4.899,6.9,23.0,6.2,1093.0
8b1691b4db798dab15cf776aa252c698d63cec7320feb76b67abb863b2f71cf2,,,0.0,,,0.0,2.655,6.724,29.0,7.6,10943.0
7ea6849fff8533389da80858509333e2a7aa6a0598fcdca1f3fa6198ef282d1b,,,0.0,,,0.0,0.84,4.5,,6.1,2319.0
96b2a1b167b76a5bd4de0541ba6342bff1a8f1e899596275e19a409cfb2030b6,,7758221.0,7758221.0,,41962665.74,41962665.74,2.061,5.294,17.0,1.7,1564.0
f284216b431294b129ed11c15a6017d057cfda9f7091a003afb9bb1c1df2dc56,,,0.0,,,0.0,0.6,5.2,2.0,6.6,14.0
f541a83e7f6d6e6d4317b41d6e0453920450cb1b2dea68f1a40d676c905a11db,200000.0,,-200000.0,784380.0,,-784380.0,1.838,2.682,11.0,2.3,727.0
d918bdb5588b80a37b3db49ed38ee15406ff677349408585c1a159add8e2004b,,,0.0,,,0.0,0.921,0.0,0.0,,31.0
64e7c4a44be32079e939c4fb01095e9015bceb5afe487b16c714eab139e78dda,,,0.0,,,0.0,0.6,7.0,1.0,7.3,14.0
b30a4f742aedcbec5d39e537daa7a68678615a06c1e0bee490eb9cfb90827601,,,0.0,,,0.0,0.6,0.0,0.0,7.8,13.0
256c675e7602d34d40942959c379b44d612fcad78a7b6042f67150f8dbd87138,5000000.0,,-5000000.0,20679500.0,,-20679500.0,1.449,10.0,1.0,5.7,100.0
60860668fa1991502e048d6019d2f9d16976025b949a506dd6162cd17949b5cc,500000.0,,-500000.0,2825200.0,,-2825200.0,3.469,5.0,4.0,2.5,200.0
e9be305536b508a784be7447da7366aea41eb2750b5326564965e062ac395532,225000.0,,-225000.0,848970.0,,-848970.0,0.6,0.0,0.0,7.9,81.0
f4de931fdccacd9f1ee08306bb2a102a2923ca96c357af3d7587c33aceea2ba5,3000.0,,-3000.0,12765.9,,-12765.9,0.6,0.0,0.0,3.6,21.0
4f987a78100d0577c52009628b6656769339003ada0c42372ea0aeae5440e8fb,,,0.0,,,0.0,7.493,6.413,126.0,6.9,6691.0
4f45371f49ed1b21b1d4f1fa09a35252632057b9be035fe168971af949703f37,,,0.0,,,0.0,0.6,0.0,0.0,8.3,125.0
1750b70e18c16718a2012bcd1615661c1ecf89f9debbad9c3002c960a8e2a2cc,647000.0,,-647000.0,3418877.4,,-3418877.4,3.359,6.3,12.0,7.1,787.0
9e1a2033bdc1cde04e484ce466ff900d762a1efe13adc44419a483de4fcec36a,,,0.0,,,0.0,0.6,2.0,1.0,3.3,124.0
39e7588c834b1dbb52604884c6b577a70f5f1c914eed89ad410f68bbcc4fe43b,29250.0,,-29250.0,95887.35,,-95887.35,0.6,8.0,1.0,6.5,15.0
9c593c1d4ef5fa45132270e7164a748e456624cf60ec1a143f60efb672b52a3b,,,0.0,,,0.0,2.164,6.6,19.0,,72.0
3dc6be57514f664252acbee70fa78b4980c0f3450bcfad5eea7e7cc2e5c3f5b5,,,0.0,,,0.0,0.6,0.0,0.0,,18.0
3d6971774a49fcb8378b16d506f6b0cdbc1a4936ae0c9b0aa5b523d98b43edff,,,0.0,,,0.0,4.946,5.948,29.0,5.9,1250.0
1ba9145b3f615c3df67e228999ed5798d3abec66a79ba0295d9a00579811dfc9,,,0.0,,,0.0,0.6,0.0,0.0,6.6,36.0
5e45c6de0fb2c67d0b06d81f925e98ff6bb2b8a254b435506e9317cece3e3a7c,,,0.0,,,0.0,1.719,5.5,1.0,4.7,71.0
b6396380ad4e4eff6ac9498b4ac5b18cf090e2f312ecfc6c97d5d4b8ca1c1333,,,0.0,,,0.0,0.6,0.0,0.0,5.6,
516db527ac9e1306806e18d60bcde8766940b0526d3291dbdfa67b6911d6e7e1,,,0.0,,,0.0,2.898,4.125,8.0,4.8,256.0
8a4e2a22c9e6810847eb023a901a22684223254b1dcf4fdef64ebb8f31ddb94e,,,0.0,,,0.0,1.4,10.0,1.0,,68.0
4ac2cdc791c3f7275e279a6b3d3bae3dad4b6090dc080d6542ac3c662bdfa9ae,,,0.0,,,0.0,1.104,0.0,0.0,6.9,
1af2f7bafedd5ef7da7f5f0ad41e02a5636b69b5f65008b9aa8224d1708db95c,,,0.0,,,0.0,0.6,0.0,0.0,6.2,27.0
df80e0aa855e2de6b95f65d93856b1a52e57ccbe7e86497d4dc1d955e77723f3,,,0.0,,,0.0,0.6,0.0,0.0,5.8,26.0
c8b9badecea183e1f5b6dde56819aeda42a9ce61348425d4d106c7946df60112,,,0.0,,,0.0,2.737,6.9,,5.9,568.0
019975c189afb6b027eeb2cf6f5b9dc8178055cee9581920fa323f628dd8d3c6,,,0.0,,,0.0,6.618,6.2,48.0,6.0,3828.0
3c5e3c7962c9f7bfd9940e5eb34c7145c66ff255fee4c2aedbafc27ddf1cc509,,,0.0,,,0.0,0.6,0.0,0.0,,17.0
b5752f794fab8d94fd4c3046d3f753efe736512371e3ad72e3cb795d332cf028,,,0.0,,,0.0,1.4,10.0,1.0,2.8,1255.0
05af9c80ffa37ace9f0ee7c333a8233ac945a3400329761f968c36df7be005c5,,,0.0,,,0.0,0.6,8.5,2.0,6.7,15.0
1e9ccad02733c8b4348f74418daf5713d2bc05d10b8e0fe2d3b2dc21adc344fb,10000.0,,-10000.0,31957.0,,-31957.0,0.848,0.0,0.0,4.0,26.0
b1f28043de9628ba2d58bca5fab65b1c0e8230667399ecefab92a19e4ecfeb32,,,0.0,,,0.0,4.102,7.3,31.0,6.2,280.0
4e5583a14d17ce3ab688633b8f663ead0d70bf08e3296ead7a2426d035e85250,,,0.0,,,0.0,1.265,8.0,1.0,6.3,80.0
35b4b33ec1b81662982bdea18c57751aebf2f2dad30e9c40d721f91fb6154889,,,0.0,,,0.0,5.211,6.17,53.0,3.9,943.0
08b3624d37ab364d672c7cda82f2f94f63927b1b14c10519ac09e5965ebb3a1d,,,0.0,,,0.0,0.6,0.0,0.0,6.7,26.0
1c0a3d0c9f0d1be3796a4caaab26166f353d1487c56dc35dbd2d9227086acd86,,,0.0,,,0.0,0.6,0.0,0.0,6.4,9.0
1cafbbc68057d43f2589ef5154d759bcf81edb85a540abf584d17a1a2939de02,,,0.0,,,0.0,1.123,3.0,1.0,4.2,172.0
652a6d58bac7c68b6458faed6dc299fb10bac815188082cb34533e6fd297bab5,116000000.0,,-116000000.0,582888400.0,,-582888400.0,39.813,7.052,3799.0,,261994.0
b9038a6cd327ffff839ee406ebce7ac463f125f9da97133ad17485332c6d44c6,,,0.0,,,0.0,0.656,6.0,1.0,7.6,49.0
ad95cfa3692c2eeb871440fc8d53a17f648042ad24e02028d1599d403b60664c,,,0.0,,,0.0,1.4,6.6,4.0,6.9,269.0
d021b850f448068e1c59dde0a4ed257634418de582b787f0c49815e1da996863,,,0.0,,,0.0,0.7,3.0,1.0,6.7,13.0
6c4d2c5e7e89209507b6c144f07d2ab256fc6c1813a8d9f1fdbf8ca39b1f82f6,4500000.0,,-4500000.0,22682250.0,,-22682250.0,19.514,5.962,236.0,5.8,14890.0
9b72046efce3bc8c6db14899973aca0aec26c122a3fc72de4921377dc2b86310,,,0.0,,,0.0,1.463,5.0,3.0,3.8,4307.0
98796abd2e35abc7dffd8115342c91f3ce37d0d60f9768b0d0ff20dc897a4b55,,,0.0,,,0.0,0.893,7.0,2.0,6.2,22.0
7a991eb747e431e9a95251e96260f3d63e01db543ce432b5cc55580ce61a85d4,,,0.0,,,0.0,10.843,6.9,79.0,6.8,3740.0
d1f203e993cd7719f93ce0980338d1fde89ae03d2be3d830e155f2f704e22e72,,,0.0,,,0.0,0.6,5.7,3.0,7.2,104.0
4e824b5dadbb17a5ae5f9a186b438fbb979513f1a4291c8b1b404b094a4863bd,,,0.0,,,0.0,0.683,6.0,1.0,,27.0
287f7983e06f870aaf8342c61e8c08aa80df98ae69ad4c419ea5fb400513f57f,,,0.0,,,0.0,1.333,8.2,5.0,8.1,21.0
6fa660a32839ba5304966c178481b2ec3f3dda1d79020afd53cc40861038cbab,,,0.0,,,0.0,1.515,0.0,0.0,8.8,10.0
512185a38007d1b4e48f67fc3d5cbd6097c81f1f20890f3c688e5a6b67b5957d,,,0.0,,,0.0,1.62,0.0,0.0,3.3,96.0
e2d61354550e630e73f16f77cb3134c5d158549af7e9a4d78963812fc00d4ab9,,,0.0,,,0.0,0.852,0.0,0.0,5.5,13.0
133135654f48174ce102b6e9daee4814e52447f098461d64fdff015d3c6fef0d,,,0.0,,,0.0,3.575,6.179,56.0,6.3,462.0
08b5643c14f610e299b1358031c62978682de203d5ef97716a10a145a2218e79,,,0.0,,,0.0,0.6,6.5,2.0,7.6,
5e75a078ae73e4b38f3f0b2614b20d876f089cf8db7b8f2a2002dbd314226cab,,,0.0,,,0.0,1.071,5.7,6.0,6.5,127.0
da143cc5fde6b16e71cda2f1f8519af7be4ddba4bb6529667405b6b692df9bfb,7000.0,,-7000.0,27166.3,,-27166.3,0.91,7.0,2.0,6.6,95.0
df7fa497b434b3bde1c19fdae6fae9087b8af12814b2a159ca4e37d89ba19091,2000.0,5000.0,3000.0,10692.0,26730.0,16038.0,0.6,0.0,0.0,8.7,8.0
603f0b39e72be591ffe5e9821558039e4852025b37eb92439ea5dca39b51eb10,,,0.0,,,0.0,0.6,0.0,0.0,6.2,21.0
e0ef2105a76f7bfd486729a238e08c492585ac9df4e10a567633090707f2eeae,,,0.0,,,0.0,2.717,4.333,7.0,,275.0
1a8fbfb1a17a97470f640c573ace30228cf1f6ffc15481cb8b6634d4e1eb8cda,,,0.0,,,0.0,0.6,0.0,0.0,6.4,24.0
51c3021a5eae0bf95a862b1859a79463d878f48a0a27d3cf0d1d38e275c054f2,,,0.0,,,0.0,0.6,0.0,0.0,7.8,10.0
015d4533f1aae61947d692c29dd6fcc49d75504b91d271ea073481cf2cdd9f3c,,,0.0,,,0.0,2.274,5.0,20.0,5.5,230.0
3c89c18df3cc9469f39e3fa85c9294b9f35a9d9202d6cdbef6ac578afb37a4c9,,,0.0,,,0.0,3.927,5.8,34.0,6.1,1166.0
7905f7c952efc5fd3f94ab0ac6f5ec95f2c69e42c43204680f9b087900671a6b,,,0.0,,,0.0,0.6,0.0,0.0,,24.0
913729d5d1ca17373e981a0e3a483bc0bf9d2fe888a2871cd452f86937f8d9d5,,,0.0,,,0.0,0.6,0.0,0.0,7.0,19.0
3e59766404a55e65d2cea69450ac06bdbf902273a884c949d8af4af734ff7d49,,,0.0,,,0.0,0.6,0.0,0.0,8.0,16.0
afcdb99aa50d5764a59ed853d33fc7aae264f9a48a14449e6ea640ecfe17575b,,,0.0,,,0.0,0.6,7.0,1.0,8.1,9.0
d4a95ccf17f00f70a2d4c8f64505d9815e5dfe8c5d2c2e048b2f78eed0f149d6,500000.0,,-500000.0,1653700.0,,-1653700.0,0.6,7.0,2.0,8.8,97.0
2961b5d805ab94a3110a53fad4a1be2c5ad3553ff42b502fb90d15e8f4e9d308,,,0.0,,,0.0,3.622,8.0,1.0,7.8,46.0
6d9679fcaebbda64d343ace9a6542ac3c6a621e400e74951357e9aafc9f8d786,,,0.0,,,0.0,0.682,0.0,0.0,7.3,9.0
881b68f4cbe2bee8be3c9fff2845f05566bb22bb1cc72ac9b4a571bf9c5ed8f3,,,0.0,,,0.0,10.925,6.571,7.0,,73.0
6bc160e109d8b6978dc64480921ec50f0602152cd92fc1c0ae1191aa16f972f2,,,0.0,,,0.0,0.68,0.0,0.0,7.7,88.0
6c2f502f717f80c97853618e20911a49fddd3dfe23c65e524695e6ef5bd35725,,,0.0,,,0.0,0.871,0.0,0.0,3.2,79.0
774a00e038d366910055cc9e0daf6d4ef7249ac991ffc5f3afa28cf888c52fd1,,,0.0,,,0.0,3.571,5.0,12.0,5.4,634.0
7be897e56fac7237af41a9d584e5109d88800e5e35ea0847f78b3007d8474a03,,,0.0,,,0.0,0.6,0.0,0.0,4.5,23.0
c8d7a9b9bbb7279649c6ef39967ef8625c0a25d067c78408b6ce6a5e5b690e54,,,0.0,,,0.0,1.596,2.7,3.0,3.2,259.0
bcd55a854a4e5863e26ca08a5e8672c71955623f842aa0b6b3bab6b4e7ad4c3a,,,0.0,,,0.0,1.4,0.0,0.0,6.0,6.0
7e968b309ad8b4f6587e009df41e6c0c7c1f9cc967390e1fd03dac2647d330d4,,,0.0,,,0.0,0.863,0.0,0.0,5.8,52.0
ab4cffc0b35e4ecda734e5e689ae293462154d7ce6eb608e7dcd98539e3e6693,,,0.0,,,0.0,0.6,0.0,0.0,6.4,34.0
faa8e67af939fe79a85bf5af8784f1595dc20e5569280a2cd14149e08ad83a20,25000.0,,-25000.0,134115.0,,-134115.0,0.6,4.3,3.0,6.7,92.0
f172080a0022c1ec791778ab9388021ca61dc7eaeafa28f10151a332dd124f72,,,0.0,,,0.0,0.6,0.0,0.0,8.7,51.0
92a9261ddb1493d342a8e9bb28505686883e0905406120cbfb4b8d85d72ac28f,,,0.0,,,0.0,0.894,0.0,1.0,5.8,12.0
c7ed12f55bd09355af2d8dabf858eefa650f0db91928b81618a50bb7cf32677a,,,0.0,,,0.0,2.25,5.8,5.0,2.9,2483.0
8388f719f161a066455121732d399e92e891c3b6295e8438d9814d801403bbb3,,3044720.0,3044720.0,,16358062.67,16358062.67,7.018,6.344,231.0,6.4,2371.0
1b2361ba0963d890bc492a8325161f54cdfab9dc4037c1263cd18c692aadc08a,,,0.0,,,0.0,0.98,0.0,0.0,7.1,117.0
52e9c3f7219de51f200ae2a2aaa0fd6144a477bee7e2f621e55488f948664057,,,0.0,,,0.0,0.6,6.0,1.0,5.5,123.0
b58bbbdd432ba8a89c47a71f99e10cd3f37776f3a0789149e6c013296c081eac,,,0.0,,,0.0,0.6,0.0,0.0,,34.0
a291a55e773c8266a2567d0b48755483eb5c1cee92859e1a8ad237c5b7753b74,,,0.0,,,0.0,0.6,2.0,1.0,6.7,43.0
1625fad5abf1dce28f509efa909e3168ad2a46280996780c1080ef76102bcad3,,,0.0,,,0.0,0.891,8.0,1.0,6.7,42.0
d962761cac228a6cb0206879a8fc2515dfb6732404601de1c2e4769d6b88984b,,,0.0,,,0.0,1.149,6.4,5.0,6.9,212.0
1ddddd4ac2270e830ea0f6a9e520f572ea03f08678284bfdae054f000f63e8fd,,,0.0,,,0.0,0.6,0.0,,9.3,49.0
0201e4cfae2c11d0dc6449e3da1a6a339bebf7bd58e7bf17b3ea1146c2b12bb0,,,0.0,,,0.0,1.271,1.0,1.0,5.2,6.0
7a56bcf94e4d37ae008edd568fdfe3c15065b9664160e7b0b62e2b5c132d7914,,,0.0,,,0.0,0.6,0.0,0.0,5.9,13.0
2416199e2c7bc909c4a2301a77ff9c9fbe7b5aa34a514833b1b48a7ef7a8e056,,,0.0,,,0.0,1.562,0.0,0.0,5.2,42.0
415a4afaee153f6a51ec9d0a493a96331c71cddeae8a54e3f68074d87dd3d1d1,,,0.0,,,0.0,0.6,7.0,1.0,8.6,13.0
a5fbd44ec029fb38e5aee1868d2839842e421b59bd6e350cd7320fa006aff854,,,0.0,,,0.0,1.292,7.0,3.0,6.4,820.0
36515c4574832f948ec17dd2d16cab0f67b4b7bbbb94ea550958da36931eb664,,,0.0,,,0.0,1.938,6.4,7.0,6.7,69.0
985e4842d08c86db7cec0c0d2dd8cc6d434df4cd205c3f98ada40c36d68be7d1,,,0.0,,,0.0,0.6,6.0,1.0,8.5,25.0
97cdec8a0dddb69bf91eaa1f4cbee1b615b8f054695e1385904bfd0d05537c09,,,0.0,,,0.0,0.948,0.0,0.0,5.2,3384.0
871a0d1bb54953e37acd305afb63efb40f29cb3830bb5a189e28003548f227de,,,0.0,,,0.0,8.608,4.768,28.0,4.3,859.0
7ba043f95e83e56973667c46c12a23a8623e803dadceda3630bfb3b961293208,,,0.0,,,0.0,1.96,4.0,,5.8,
4d17e8b9f038f08d16d2762125549d9ec209844cc709b294303c6dc0e5027288,1121.0,,-1121.0,3622.18,,-3622.18,0.632,5.0,1.0,2.7,55.0
f02c66feb207d9b1597afa6bcb3da339a91208c42a3da5edc966245f0df52809,,,0.0,,,0.0,0.846,0.0,0.0,,93.0
a4e096b9ea7f976f97d7a00d63b9cd53ef0cb063a4eb79ecb806356b21c4cfde,,,0.0,,,0.0,0.605,0.0,,4.3,
4763470d4aa1ae4ca9548413181682c0a64896e09cf43966d3bf7b890b6747af,,,0.0,,,0.0,0.91,0.0,,,44.0
4ce601ae503f4c1b24fb66867f972ae4ec20d0e46ea0918bb4e72a4bb73bc8bb,,,0.0,,,0.0,0.6,7.0,1.0,4.2,43.0
0fc726452fd9aebe0a0bb296afdd72e3728a94eac63a18db7e91bda5dc36859c,,,0.0,,,0.0,0.6,0.0,,3.2,41.0
a1740c40038d3b74cd86ea21d6c0091757c12544ae1e2f37fa951007f1d760a7,,,0.0,,,0.0,0.6,6.0,1.0,6.8,6.0
6a543e4d5a4d8dbc362d8cc352bf8caad9ef1fff85b92c0bcdc584b07ed872be,,,0.0,,,0.0,1.514,0.0,0.0,4.6,87.0
dd6034f86d3587cb394f53df48e700de753875ac310da8c858c718f70a9c703f,,,0.0,,,0.0,4.001,7.0,2.0,6.8,169.0
8818d3060fc14a661f7394dfd46c93b6fa1fdc5175785dd7dd784f1ffa7ca27a,,,0.0,,,0.0,1.905,4.0,1.0,4.2,87.0
855930dc6cce6ebc35365b9db09921f116c672958d69262c8fff8c5d9a84e997,,,0.0,,,0.0,0.6,5.0,1.0,,24.0
7e54428abefabfd77c677a80df812d3c50bfc83ede11c728847ef196f6010a44,,,0.0,,,0.0,8.401,6.58,,6.0,955.0
cf11514e0e8a17be30100f6642066456cd172e39cc63107c680170cac30e937e,,,0.0,,,0.0,1.04,6.0,1.0,3.4,67.0
fb98a16de0d25c7a749419c201eb33e1d68c74b1de5ee83b13e3e78f2e1820d2,,,0.0,,,0.0,0.674,0.0,0.0,8.3,50.0
5bec24708a0062c4ee892906aace3b75f7ff642fc460bd99c8960657d480148f,,,0.0,,,0.0,0.6,0.0,0.0,5.8,7.0
aa994dfd4da265182ef268d8f105de19cbfea643608be6e7d5020cab63deb85e,,,0.0,,,0.0,1.604,6.0,4.0,5.4,121.0
ea8a38f2b549d88a3bb0cf4f1483109635b775b5a56424e6364804291c08dfff,,,0.0,,,0.0,0.84,6.0,1.0,6.4,47.0
b46760ee6ecd91935f10afc9b9c3b6d26d0e4dbcf47da0fb93ef6bf866d26502,,,0.0,,,0.0,0.929,7.0,1.0,8.8,7.0
d6620ecb93eb7394a1145c5bfc1bc033f7d5f15a6d1eba79f49bc6c5de517b04,100000.0,,-100000.0,518830.0,,-518830.0,2.38,1.5,2.0,6.1,151.0
b8a1851f402b1e12930fa16d625da0df532178f4a3cc583c6aa78505ca160c2c,2500.0,,-2500.0,9668.0,,-9668.0,0.6,5.0,1.0,6.2,12.0
b787d10a81b3301ab405c8a0769d8a06f9b0412f7a66c9b2955735ae65d2ff82,,,0.0,,,0.0,0.6,5.0,3.0,5.8,11.0
dda972878e8fd4bfeecdea2884574108cd059bccee17b01ddd036d51078f1093,,4702781.0,4702781.0,,25216311.72,25216311.72,8.3,7.522,23.0,7.2,
796ab1736d969fb940ebdf338c2f2886431a0e97397746fd03d5f26bee8c300d,,,0.0,,,0.0,0.6,0.0,0.0,7.6,9.0
5a31c7ed55e8751415b656f70cc860a3e33bd11573b290076a77f2d750c29ba4,,,0.0,,,0.0,0.6,4.0,2.0,6.0,25.0
42fb35fb8fdcb7c9c7017b33ce3bf97adfacb59d367fb0262c35a1ab5282f69f,,,0.0,,,0.0,0.673,7.0,1.0,5.2,32.0
77c615859c8957c7ac08133b5bebefddc7be9fc689b1957446f2f38fd80186b6,,,0.0,,,0.0,0.6,5.0,1.0,6.6,67.0
7a73824d3cf39c471fe8daa578d6245b9d644166761ea2dd15b803adc4250cc2,,,0.0,,,0.0,0.6,10.0,1.0,8.6,6.0
38037a6936bda4ff52312643bdd62629d23926639bf1b74f0c5da5731d83bd10,,,0.0,,,0.0,0.856,0.0,0.0,6.3,21.0
3ed37802ffc5f1d4d9e90b9c7ae9715295566d8907cea40de71ecdcd7cacf635,,,0.0,,,0.0,0.6,0.0,0.0,7.0,7.0
d0d21733b2b4eb9251a6b09d4dd7b678bbbbb87a3e77c1894ee3401babc2461a,,,0.0,,,0.0,0.6,6.0,1.0,6.3,74.0
3d92b29ae855157a843db93dda7ff12f97e921860a766b778a41245ed52bd5e9,,,0.0,,,0.0,0.6,0.0,0.0,7.3,13.0
b8970b93e32c72875d29f0c985691e872ad0a3d2ce4e8f895c50d11721c951da,,,0.0,,,0.0,0.737,6.5,4.0,6.9,98.0
fe0b5cc3d2808af492fa9e975ca9feb9e72e18615e3d9e4e85038b0269cd05b3,,,0.0,,,0.0,0.6,6.3,3.0,6.1,158.0
b355d9ae4dd1ad8d93daa14b4d6679d54b8c9f4a79ae4065151f510a3578b729,,,0.0,,,0.0,0.884,10.0,1.0,3.9,87.0
97d2bd349a1bf9da222ac2d94d2865527952219ad948c303868a21e7bf42155b,,,0.0,,,0.0,0.6,0.0,0.0,5.0,43.0
5f3b03e97f9a49554f36f79b8007daf9bcdc6f4e3f9d6becd3c3f0954513b4f9,,,0.0,,,0.0,0.6,6.4,5.0,,388.0
e5ac0ef48998aec14e83261d281b7562cbc9b95fe752b59211a19aa4a1cceea7,,,0.0,,,0.0,0.6,0.0,0.0,6.9,23.0
8dc9e3aaf2121900e97ad9ac7bf84745dc24e9a7256282b0adfa1b447467899a,,,0.0,,,0.0,1.667,5.0,5.0,2.3,144.0
15f765a28ee7c8af6ffa722e2a77242e4fd726a56e3e1ba312a936af6888977d,,,0.0,,,0.0,7.572,4.417,139.0,4.3,2758.0
83e0f97255fde448df471234770736403bebd86b8798c0e2b2360f41ee0727f6,,,0.0,,,0.0,0.6,0.0,0.0,6.6,16.0
72892f1566fe256a1bf734bad5882ff95cbc403edd41fa3f6a32cfd95afa40ac,,,0.0,,,0.0,1.127,2.2,1.0,2.9,54.0
399c1404a2e5967a3fa3dcd445dd0b347f3e38d491dac3579855f6e76a931723,,,0.0,,,0.0,2.115,6.0,1.0,6.7,132.0
c62674c750d8ce1451c8f0d28ba17ba719975f1cd1217f4528374ee68a72c78a,,,0.0,,,0.0,0.6,0.0,0.0,5.6,16.0
6cccced5850f56113adc57900013c2c5f0a2839f5f055bcb789874af55599d9f,,,0.0,,,0.0,0.666,8.0,2.0,,16.0
63cd9fc1dff215feeeb43b3b3dba4b1399b5d90ff960cde254c9d352c493e756,,,0.0,,,0.0,0.6,0.0,0.0,7.4,30.0
50c1eba92234a664189cfe4deb9ca874b8934cd7b601209aeb608d47234c882c,,,0.0,,,0.0,0.6,6.5,2.0,,136.0
9f393680b699136a561df6681b63f135fd79269bc4cbf54ad502981436da747b,,,0.0,,,0.0,2.019,5.3,9.0,4.7,370.0
5b46741c9c54efbc0d0a469141bb215f0b0fd18b0acb0dad4f78ae963b59d293,,,0.0,,,0.0,2.559,8.0,1.0,7.6,4279.0
e5c8cc0bd85d866136a7daa2735f7562650271b5caf1371214e969b3317b5a1b,,,0.0,,,0.0,0.6,6.0,1.0,6.8,19.0
8004680a1fd63b4eeef8bc6ded3a4d0a58f607497ea58d2b8b87cb98237eb63c,,,0.0,,,0.0,2.529,6.0,5.0,4.7,258.0
b31103d6e461c246409efb6d8e7a0354b045a134bb0e9ad4f5bbc03a21224f69,,,0.0,,,0.0,0.6,0.0,0.0,6.3,
27eb92284ea25b6fba66cc6a6615cc9823bfc3db98f146ab0ac019d9400b8406,,,0.0,,,0.0,1.942,6.0,3.0,5.1,267.0
35be9c0eb0201713d8a0e5d6a48af85d0720abbfd7ee64a62fb20ed4aa2def24,,,0.0,,,0.0,0.6,0.0,0.0,6.4,
f611fcc2c423e2ba2cd0d131c698ffac461a600ef00c4b1442e1a374b1c668d1,,,0.0,,,0.0,0.6,2.0,1.0,6.7,26.0
019fc7bd5cb361098d942f004ced265c4a89558927ec9781605e81f7f0307edb,,,0.0,,,0.0,0.6,0.0,0.0,7.4,11.0
2a443ef8ed61ff95ab0c50c0df2a71292a6887e1fe19b4df0a6be7b06e596c9b,,,0.0,,,0.0,0.74,2.5,2.0,,121.0
7f75acc582452c87822cd1eec7d655e69a357c21b3ea63cbb07bdb5b1fa1c50d,,,0.0,,,0.0,0.6,0.0,,4.5,97.0
aa7a0419e012580752e8761a7ec9b720f1089c39f0e7d0fa97c703518e63f4b2,,,0.0,,,0.0,1.19,6.5,2.0,7.3,319.0
f4bd9fa67d9f8e62f010ea93a93497b09cf85793ebd2659fda92bffa627c05ed,,,0.0,,,0.0,0.6,0.0,0.0,9.0,13.0
ad12bc842ed9f0a8f7f16718831c5e6da35a0fabaf9cbbb0ba19ce5aa6931edd,,,0.0,,,0.0,0.989,0.0,0.0,8.8,74.0
243db9f81baec4500625a6144c8fe5e8b644ce846d7b79e2fad65028e6caddab,,,0.0,,,0.0,0.6,0.0,0.0,,18.0
a4d814ba2f918345f8d509072ff597661c23e7b61cee0d764eb88ba4358e5890,,,0.0,,,0.0,0.6,0.0,0.0,7.2,18.0
798b2f783d8c847e9f27eea331701e558e816088b74520fc61cb8b80140b0444,,,0.0,,,0.0,3.15,6.802,43.0,5.9,1703.0
611ff4d4a0666ef87f6c35bfa949badd0ab0ceb1491bad78a69032c09fddc037,,,0.0,,,0.0,1.318,4.6,5.0,3.7,241.0
5d772a96b85321f66223c0b9913cfad5522fd95782e3c91abddbd9adc466fae0,,,0.0,,,0.0,0.6,0.0,0.0,8.6,10.0
b4da6f800ab5786ca30af3310c96550e9e3e9f750b5308980d7ddacebffd8467,,,0.0,,,0.0,3.723,6.853,17.0,6.1,1452.0
db3ea15a87ce18b4ad8425ac181de4c3443265de109805733b37ad3e3eae4e29,,,0.0,,,0.0,0.766,2.5,2.0,,72.0
9b32c701dd885bc163391870f6b5c2f0d8daf1856529dac4fde29d737a3e0f7e,,,0.0,,,0.0,0.86,0.0,0.0,7.2,12.0
0692f0e748da3b32b000d15cc3cd67cde7ea40a5401167fc213b6b138637c976,,,0.0,,,0.0,0.6,5.0,1.0,6.0,32.0
2f5764c635977736ebb0d7748fbba015f104f392c7ea657b72a1e9417c187a91,,,0.0,,,0.0,0.6,4.1,4.0,,64.0
743be015489437e849981127fb26419d93959985a329a26d21bc7cd09e793e9b,,,0.0,,,0.0,2.906,5.581,37.0,5.9,409.0
467b773241d5f8fe4eb4c25c9f1eae47697273f35c5e72a6bda21af7cef11594,,,0.0,,,0.0,0.647,0.0,0.0,7.4,28.0
e9a2d38b92ba5e87b750a32556d84fa000cf97a3a25995ac3c11587b20a432b5,5860.0,,-5860.0,32038.38,,-32038.38,0.6,7.0,1.0,7.5,73.0
12a8d300dca37540693126864979d2c597be4693a1077ed02e1d8d4ead8224be,,,0.0,,,0.0,0.642,10.0,1.0,7.4,11.0
79ca5d46393f316111e8bd185e36612eaae274d4b2fad11701d1c3177113a615,7000.0,,-7000.0,38152.8,,-38152.8,0.6,5.0,1.0,7.2,27.0
c79d2ae26a92ec8e2ba6b882e76127ccf2509a4f3334925bb95babdd4cea724a,,,0.0,,,0.0,1.4,6.333,,3.8,408.0
be9ddfe8471bae18664d0913def106183957f175b55a9d4eda88f4a8f89c04da,,,0.0,,,0.0,0.6,0.0,0.0,7.4,14.0
9044b83efc400307ac936afc23522342a4308f560c8c7280c9a6b8564325c9b0,,,0.0,,,0.0,0.6,0.0,0.0,7.0,27.0
011c396c80ce5a7e6d93ce28a486f182f967c5028a65add30baa7e9282dec07e,,,0.0,,,0.0,6.84,0.0,0.0,4.7,304.0
6608b000bd3de899d8faa03efbf23a5b8829629be6e5c6d3707917a68a32949c,,,0.0,,,0.0,0.852,0.0,0.0,,298.0
72e138072ef5cc1c4f6a2eb5e6c271971c3bafbad613dcd6404aecfa814d763a,,,0.0,,,0.0,0.6,0.0,0.0,6.8,8.0
1b089a412e4e85ddf539067e6bde320503e15f51b1d4634f21ff1cebf7680d37,,,0.0,,,0.0,0.92,6.0,2.0,5.6,47.0
f4ff08e3e20b4e418cb4e4d1ea94d9524bab6586f7eb20918671d88063c7c040,,,0.0,,,0.0,0.6,9.0,1.0,6.7,
dda8cab6082a591a6ed0d9a8e2a62177653f42a03f230770949347892fbee4bd,,,0.0,,,0.0,2.008,10.0,1.0,6.3,27.0
5e58316d73d3b0f6e56955e675d515a3a2845a1da1f12ec818aead48154ffcbf,,,0.0,,,0.0,4.222,7.289,19.0,,587.0
2899e6138505825e9c3c6c5c520fe8e4a1dc86dd201f3edd1e6d879c0e028b3e,,,0.0,,,0.0,44.644,0.0,0.0,6.3,190340.0
8167110434a0d706c9001315b2f2c3f70222a64cd16fb7131c083b6d0a033399,,,0.0,,,0.0,17.044,6.164,354.0,5.6,17622.0
12868bb344ebb14fc48a5d7be2c9fcceb99ad19a9253ee801a75b81b170ab238,,,0.0,,,0.0,0.6,0.0,0.0,6.9,29.0
fd1e73ca1a3287e072e83e33a3b3ba9e2d9b09f28c4f41d9ce7857e5cc977a30,,,0.0,,,0.0,0.67,3.0,1.0,,
d25538eb698115183572abf608f9beba3ae4d5ef71983381c17af19448020d20,,,0.0,,,0.0,1.202,10.0,1.0,6.1,104.0
f46a0ce4de5265e36950223af4bef8e3cc2df30142adccb0342e46272cf8290a,,,0.0,,,0.0,0.6,6.2,4.0,,23.0
1a9dbd8672e36b34f3315ce8e2fe580e2766b85716e86e658a98ce13fd2aa573,,,0.0,,,0.0,0.636,6.0,1.0,4.9,
3eb6dd6f1e6d19f1c0ed2eb9dcb91e14a99d465107242fffc2ad0185284da37a,6500.0,,-6500.0,25939.55,,-25939.55,0.808,0.0,0.0,,
4d1a3d2d3785c6370ee706ca269dd18518510bbe4479e5df7caf7fc64a76094a,,,0.0,,,0.0,3.53,6.6,19.0,,910.0
3b3ad93f48fc0657bea86dfcddb626f36def6ae5ce15dbcb83fb1967d1e7e8d6,,,0.0,,,0.0,0.6,0.0,,8.6,34.0
715e7f58845f76061861d5ff028709ad74416a8cf4cb66f939a2ae1f01846148,,,0.0,,,0.0,2.265,9.2,5.0,7.4,341.0
e8789739745ebe4254329f3c3eafa36c907c9ff92e927bb21c8820c7f1e11012,,,0.0,,,0.0,2.903,6.3,19.0,5.8,475.0
9c8d9c6ffb8ca287c28538f88b8357967fec90dcd0d3e4fa6fc12e97cd966079,,,0.0,,,0.0,0.768,5.5,2.0,5.2,81.0
aba9455151c61220d970e7cb606ea3ab133348690430e434f3a87b086172fe16,,,0.0,,,0.0,1.771,6.0,2.0,7.5,48.0
37085f3ee8d14990ec612699d66df8333c7930c73f2a9c424e9f7aa50c34d713,,,0.0,,,0.0,3.41,6.0,7.0,5.6,784.0
21df6a3f563668d2ca7b9713d79b6a8aae2498cebc5beaa027ee3a183c147af4,,,0.0,,,0.0,0.6,0.0,0.0,7.7,8.0
b467d84916e23a3756e21933abe8c2b27b30a063fea8c7e246d9b15242fea838,,,0.0,,,0.0,0.6,0.0,0.0,7.9,29.0
3ed0cc467260d888945f3b7a23ef31407b92e36ce29c20ac895f8bc3a5f002bf,,,0.0,,,0.0,0.6,0.0,0.0,7.6,11.0
0cf38fbb84dbfdc225f90ba8825d00c992d91981c75cf2fabaebd7b20c2cf36e,,,0.0,,,0.0,0.6,0.0,0.0,,7.0
5401dc8957248f83e3dacab328b622d3d5ea8c895af113b448990eb2d818bc03,,,0.0,,,0.0,1.52,0.0,0.0,7.8,10.0
004fc5f5120e240cb5bb08bb4b2e26335cf21db7fc993067e90e6eb42a1d2375,,,0.0,,,0.0,0.6,1.0,1.0,7.2,15.0
d4a97f0394a26f3879ab52ccbccd68683f8311e5580f714d2700d07ac288080e,,,0.0,,,0.0,0.983,0.0,0.0,6.7,31.0
c21f6f57955b7da323cf2953656bce4415ab29a0cf29b8a7d17ab8a2ff1edd62,,,0.0,,,0.0,7.045,7.381,67.0,6.6,2132.0
6fd08a96de8087309dd4a8b0c7c924fa8345bb9136b88ab6c102a69a7275ed80,,,0.0,,,0.0,0.6,6.5,2.0,6.3,12.0
e96dd2a6db0a00b1d970375f378ec8b870b9ec55c8625ccb9c7e14299f28e2a7,,,0.0,,,0.0,0.6,0.0,0.0,6.4,16.0
805ebe4a85fad700b5732b50c8d6ac4e7a7c16a3da0f52e8bb1cb1fd649a94fa,,,0.0,,,0.0,0.6,6.5,2.0,8.2,27.0
77b5da65518ba442c860911190b31e63d3571c987048bfeacaef7509e86f9b8e,,,0.0,,,0.0,0.6,0.0,0.0,7.8,73.0
bf0b2e4f0c693d98a63598491e33117341853390ac9d95b84a85090055815fcb,,,0.0,,,0.0,3.298,6.3,20.0,6.3,1829.0
a07f7761d5cd2c5f55484c5c1dd5bf6930063f8cfd52c8166f43ec7ac826ed10,,,0.0,,,0.0,0.6,0.0,0.0,7.3,17.0
fe013050c7ea14c4d8674e82e8577468dfe9a8a0a9a31cf7e6ffd3166bed69c1,,,0.0,,,0.0,0.6,0.0,0.0,8.2,7.0
8bac785b07cbed9da5ee536389a788f207b28c4dc0531ae448e183ed77d0d04d,,,0.0,,,0.0,1.165,6.3,3.0,7.3,36.0
f22ac9b919659e0d6ee3f1910cc4f632589f78b6b1dc7f45b96b2bf2cf71d5e4,300000.0,,-300000.0,1237710.0,,-1237710.0,1.098,6.0,5.0,6.7,110.0
ea818d1051907a0a5e8bdb414c4765090dbbd81f80b008591716e0271c95354e,,,0.0,,,0.0,0.6,4.0,1.0,3.7,74.0
8fa424d5d8de47102efda360129941009c9cb8a489e0d729f1337aa4ea54fcb9,,,0.0,,,0.0,0.6,0.0,0.0,7.1,44.0
192f477115c77a54c62eed78ac9f6bfd836f91bbfa4d1b4246f68caa951e917f,,,0.0,,,0.0,0.6,0.0,0.0,7.6,63.0
8942523c741fae1217c95ecc3af0600a3da95ef6b05fa5f4254920c91456381e,,,0.0,,,0.0,0.6,0.0,0.0,7.2,14.0
90b2630391e03cb7b5aa6f9eecbd06348eceb91031c94af54ecc131f133b742d,65000000.0,,-65000000.0,340099500.0,,-340099500.0,154.579,7.762,5821.0,7.1,277100.0
c45dada9c5a8d30802836d87802ead5df17f2ca5af7f72eeb8a0662e59921185,,,0.0,,,0.0,0.617,0.0,0.0,6.1,11.0
74973f695e0538baa6c31d0ff353770ea361bb6cbc96ed0dcf1216c260f09788,,,0.0,,,0.0,1.391,9.0,3.0,9.8,10.0
13ac0928a1e4a96638df5c2126da7beeb589d86cfd4e04bbe27a63b18427fc8f,,,0.0,,,0.0,0.6,0.0,,3.4,21.0
089a872e68a3c9e134495071cd57c2fe132add8af6a3b9032b821ff5fc435382,,,0.0,,,0.0,2.329,5.1,8.0,5.1,201.0
c3af7ee51930b1f50c2fef25d79bdade7328cc4c71d75909dc7b1e53c1572760,,,0.0,,,0.0,0.6,7.5,1.0,9.4,6.0
cd1326327d9f28c41c350d9045745bb2bdaa7302910a5429098f99f3b4dfc99b,,,0.0,,,0.0,1.018,7.8,4.0,7.1,121.0
21f4f87a828f837848e9caaa75ef0609869498e2328cdca67dc7f2188a0ee165,,,0.0,,,0.0,0.6,6.0,1.0,8.4,13.0
8364b7929aec6ddec5cb3ee6e18254f31166e0f21c235949af5905ef03847e64,,,0.0,,,0.0,1.122,3.7,12.0,3.5,371.0
bad207aee6e760719bad0965b9a9257d33a3629296df139f5d9b23f03090ac31,,,0.0,,,0.0,1.518,5.917,12.0,5.6,569.0
b9c4e6f788bc9fbea063f40ba5f975f165cecc4843c3208273c355127df5f8d6,,,0.0,,,0.0,1.351,0.0,0.0,6.9,11.0
50af7b882accdef758dbc479e3be11df39451d38c698219f385e80e833c0d12e,,,0.0,,,0.0,0.865,0.0,0.0,6.4,31.0
6a0d90449580f1d8a6846b150f3055d51b03d6f85e5b48e57f7d0491160d08ef,,,0.0,,,0.0,0.6,0.0,0.0,9.0,6.0
19cf4d11fc5552f30552ef0f9cf5a1e1629259cf472fa12658cabd981df1ac7c,,,0.0,,,0.0,0.6,0.5,1.0,7.2,
b4768eecee6faf6e40ef4ed78d9e7440989156af8de9b55118a6237688115d31,,,0.0,,,0.0,0.6,8.0,2.0,5.8,48.0
d99ddb850f90a27eaa983f2f767bde72ca04726fbae5f0cb6d519107d56ce2a4,468000.0,,-468000.0,2423538.0,,-2423538.0,1.709,5.2,5.0,3.4,804.0
cf86825c636df84c6b2c1f46b2d18377434147cec6205f59497498cfd00f96e4,,,0.0,,,0.0,1.496,7.5,4.0,7.1,1305.0
ec8241c067c0867e0db6b348351039183cade3a13818c9558a198394a64e96e9,,,0.0,,,0.0,3.646,6.5,17.0,6.4,1080.0
330a241fa08dcb8ae0af8eaf03c690513ed66fda56e42e7711459bdbe12d6528,,,0.0,,,0.0,3.054,6.0,17.0,6.3,
b5d46c15b32523aa7643559358d894f172d71b84bfbe63178ef350b8938decf5,2500.0,,-2500.0,13461.5,,-13461.5,0.6,0.0,0.0,7.0,11.0
e9f97e14d66fcfd4f9dd32015f11662678801c1e938d71cb649a418a0fb0a6f0,,,0.0,,,0.0,1.131,6.0,,,286.0
94fadc5bfe2a89d1339694d010769601f23f686d8d0976b73f593f6376a61778,,,0.0,,,0.0,0.6,7.0,1.0,7.4,13.0
6d2e94d085ff49bb0dddafd2e44cf6e0d3a488a0763310d28e470e93c3880d5e,,,0.0,,,0.0,1.476,0.0,0.0,4.0,79.0
6be6b818f5013bd1b60cdb16398c38479ad932d4ec98613e56c82d61afdb5acf,,,0.0,,,0.0,0.6,0.0,0.0,7.0,26.0
85d1020c64dd7ae2e11207eee6d982851c80340f94e6bdc72ad645ce2506512e,,,0.0,,,0.0,1.959,6.4,4.0,5.2,288.0
c0bed3d0f1d23395ea3ad287246eca491fd7c61f33f5a12cf4db04c6052f3296,,,0.0,,,0.0,15.126,6.5,35.0,6.8,3290.0
a96f0a726e6ce0499cc4e5883dc672193d8fe063d882349aefa290ea5607b203,,,0.0,,,0.0,0.6,6.0,,6.7,47.0
c87f3322dc638ae3193ec5548af1823d07864aac09c342622cac98b8fcbb9575,,,0.0,,,0.0,0.6,0.0,,6.9,17.0
c1c687125c8df183ef51219995ba4054ab1a8d952101354c38e93d916ac4a498,,,0.0,,,0.0,0.6,8.0,1.0,6.8,28.0
5d8aa269ce30a2ca5c466ef198a393c23fe8be798db7bd4f3ce66368afe00364,,,0.0,,,0.0,0.674,2.0,1.0,7.0,156.0
e9c28f5ff6f59f80967bf568b451df2e4514a8d0dec83d8955ce27c5b341d75d,,,0.0,,,0.0,0.6,0.0,0.0,8.4,11.0
42b652ef65f892332a6ff54626f8ce3ed7a71cc4ea80a373ce7a4f47879e6f2f,,,0.0,,,0.0,0.6,0.0,,6.3,14.0
ea669e0e980812146bf5c34059743244275ac3763046b86f11953c759cc1d81f,,,0.0,,,0.0,0.6,0.0,0.0,6.6,18.0
d56b85fb169f73239aabaa79112f0a97326d72fbdd0c09929fab928dafb5bfd5,,,0.0,,,0.0,0.6,0.0,0.0,7.4,31.0
e100f075daccc290f4f0eef524c455dec61e59447dfd807810caca026cf10502,,,0.0,,,0.0,1.315,7.8,4.0,7.5,63.0
e2509910cfc01ebe8243251c649b042363174619d6ced83ff9dfd9794efae981,,,0.0,,,0.0,1.244,0.0,0.0,,26.0
eaf7d178ce4a8bade402a349c92de2d2d92aa59e6cbd8793a35a81124d3ca958,,,0.0,,,0.0,16.674,6.0,102.0,5.1,1211.0
c67331bb07ab428cab12793b760a1794032f3b592ff15ba44c0e16973be44748,,,0.0,,,0.0,0.6,0.0,0.0,5.3,30.0
cb781186492d634cf461efd2853bf9850d26541650f312b06548f79bfb87f1a7,,,0.0,,,0.0,1.73,4.7,7.0,4.1,1541.0
ef1ba5173231e9755d7dd0d646baeefdd712bba218773e440d76d5292d9c0384,,,0.0,,,0.0,3.154,6.4,25.0,2.9,154.0
197caf0e6611c8e9ae1cc46a5968aeb40609619160101aeef575e3b79f9eb695,,,0.0,,,0.0,2.796,5.25,4.0,7.1,10404.0
80d514ac67e22fab68cd2b3c0b2af0ac8eb76da5a4e4edb61c4202677143ad71,,,0.0,,,0.0,1.504,6.5,,4.6,50.0
1135eecaed8dfa6f6b1a91c0895a8a6fc68e2e8b857a4820417855970ac70ea8,,,0.0,,,0.0,1.135,8.0,1.0,6.8,27.0
9058c9ac5ba0677ed74f1891a8feb72c8c03f1c461537eef925091162a356ea0,,,0.0,,,0.0,0.6,0.0,0.0,9.4,21.0
7267c76d0a733a17c69860a5748999c681c761e191b502ae500c4f6418a1e739,,,0.0,,,0.0,0.6,7.0,1.0,8.1,15.0
c117e610f0a606988e429bcd9fd9d0e9960cb76c58345d484277e63a96446651,,,0.0,,,0.0,2.138,0.0,0.0,6.8,181.0
e7342526113a5bbd5cf1a189964ab224d111ce7c796f05fb8d936a6ec1374b07,,,0.0,,,0.0,2.971,5.5,4.0,5.6,37.0
395886ede25b9cdb4a8c0a2c16008fd2cc945ac183484c40d3ea6ec128c45080,,,0.0,,,0.0,3.37,6.0,10.0,5.5,367.0
b38e467bc87d99d883253d9edc13c1e069af002f502fad92a7d0bd04c8e92929,,,0.0,,,0.0,0.6,1.0,1.0,4.7,13.0
c83c9243368568535cfe73fddd433e72f65dff1028ad6fb892093b0d80a88084,,,0.0,,,0.0,8.572,5.605,43.0,2.3,274.0
283ffcd1e0b4cfbfd6aee4d0ec651972ceb16898eb574c94b73315b2ceb37462,20000.0,,-20000.0,103922.0,,-103922.0,0.663,0.0,0.0,4.6,98.0
cd805ca289addfb1df9e2f16a0fc0be184023f7e7e55bc5fcc2850d1330b90d0,,,0.0,,,0.0,0.839,3.8,5.0,4.6,274.0
ea58307974ec2ff9d7c152b51c521abbc350c788c43c80bbc890aa9e16e36837,,,0.0,,,0.0,0.616,0.0,0.0,5.5,415.0
951eaff42967a63a979bd781d3574c1d5ff0a219ae490e58a8243cd2403898d4,,,0.0,,,0.0,3.553,6.3,28.0,5.9,1073.0
4196ca4a6cd502114826a02d1523da1637443179ae3e905bef0b419ddb5b9102,,,0.0,,,0.0,3.886,7.4,17.0,6.6,1492.0
089f052e973c2aa7a3ca89e14c38b04b0726ae0e299ccdd1b93466236f56d83d,,,0.0,,,0.0,1.001,2.5,1.0,6.3,443.0
3a21ee6e5aa932c406cce849d2817a7b6d39acb772d92d2eda9ce9c9941eab4c,,,0.0,,,0.0,1.785,2.0,5.0,,483.0
a3233928fea9663986f824ea52a12a23663517d30a261d6cbc120b24d00ff96e,,,0.0,,,0.0,0.6,0.0,0.0,5.2,38.0
123f0f6cf243c440bff7133dd504e1c541bb6e52e1e66b771377b65998e3cf3f,,,0.0,,,0.0,2.052,4.5,9.0,3.3,1683.0
5d4f37b7a6413401aa13f3d279f20f461f705bd4d6df131d5d306349f304e9ce,,,0.0,,,0.0,0.863,0.0,0.0,6.9,111.0
dc355cab28b4634879be8f45bd91c5dbecf3a2804d955b37e90dbc617ffdc16e,2550000.0,,-2550000.0,13969155.0,,-13969155.0,15.594,7.9,19.0,7.2,
752024a475b12e7980ecaf49c087c9bc3dc00c9700621abb4adeacf98be3fbd3,,,0.0,,,0.0,0.6,6.0,1.0,5.1,39.0
01f6a2ff698f1849ec7e63ff0cd911798fa6978a4433f7a513a36e1abc35bf21,,,0.0,,,0.0,1.741,6.6,14.0,7.2,750.0
f24bc51ec4211d408127a487109b85fadaa77d86432b834e23a9ac8a48d384f2,,,0.0,,,0.0,0.6,0.0,0.0,6.0,13.0
4a0701bc3c618027b6100b465caddd6060b87ab932a44267cbd64ae56cb77b71,,,0.0,,,0.0,0.6,5.0,1.0,6.4,10.0
731ab082894d4e457ff7cad41e4f1d591dfc1fe0a03cd6b99fca945a73e041a7,,,0.0,,,0.0,0.6,0.0,0.0,7.0,35.0
564e1a09c46b25d2459b2bb26b63283ecf6bd6aa322c1ffca0390142a20da728,,,0.0,,,0.0,2.157,6.75,8.0,7.1,3989.0
1d2ef222b157320672eccb95d1a18f462eea055ff11aa9d443ef6300c7670615,,,0.0,,,0.0,0.861,0.0,0.0,9.2,35.0
eceb48ea560638cf35caacde44653bfa355a2d067462e576ca40759acdb499f5,,,0.0,,,0.0,0.6,8.0,1.0,5.8,13.0
227cfa334f593011a40df281cfe3b1ae7703d32791983912fcf1f7b11ababc4b,,,0.0,,,0.0,1.916,0.0,0.0,7.9,76.0
1dfcfcaf2e12fbc61e03f570939bb0b1a26caa266c7adcee59d8239dd431a02f,344227.0,,-344227.0,1884746.09,,-1884746.09,0.617,0.0,0.0,3.2,
6591d2e8e9e9738d66a33fbc064c7b4c86f606ad6317d63c25e8b551c4def9ff,,,0.0,,,0.0,16.422,6.557,716.0,6.4,60801.0
76224d66cc3593a73125b2eb3e3e4aa28baa7d35c65c6bdf62a1d2131ad2b20e,,,0.0,,,0.0,5.466,6.905,122.0,6.9,
0447053c971c21735740651fe0c0f81752ee0a5aac1ba4b2e3a2071ec04d96f5,,,0.0,,,0.0,0.6,0.0,0.0,5.4,8.0
87026dc7b3c40b662a11e46b196a7ae42fec574a8ee56959dc8b2e1a782125f2,,,0.0,,,0.0,0.781,4.75,4.0,4.4,52.0
ed3c2d4d65abe25d5620971f58e5646cf3845df18249983241c1a50a564ade78,,,0.0,,,0.0,1.076,8.5,2.0,5.5,
4ca6d8ea8c8f2723546aaccac1643d6a231461c3a3775614ad36d70ffd30856a,,,0.0,,,0.0,2.49,6.682,22.0,6.4,1689.0
0f192966b076d53498ce0716477cb18cb2a04fddced28b06c1496e0d2ac3e476,,,0.0,,,0.0,1.27,5.25,8.0,3.2,4145.0
7e04e3e653874ba561565f812f4b2b8e6ebdb71a6843346532e58d8a15e169b2,,195189.0,195189.0,,998743.08,998743.08,48.006,6.377,297.0,4.5,2069.0
bb80013a534f9e9fab3bc52d2cfb4e939457015742c8ad4355df352641986dd1,,,0.0,,,0.0,0.6,0.0,0.0,3.6,6.0
1098a1ccf340502c388b85a1e38d870f98678eee91be4cf63dc7d12a9fb6acc8,,,0.0,,,0.0,39.477,7.759,561.0,6.3,19530.0
d79d443870188e868419214660a0f9a93e9c754067ece8150eb1e100b6c479ac,,,0.0,,,0.0,1.291,6.1,7.0,5.9,160.0
1f24702150c4eaddb44f090ff763d0ae7e9cb2f7d3ed64f52c4fe8865d907398,,,0.0,,,0.0,1.914,6.8,10.0,6.2,3371.0
a4a556a8cc0aeea956666a335d429f0a5b8b9035f3a60c5d1234e6a37a67bfe6,,,0.0,,,0.0,0.6,5.0,1.0,4.9,43.0
69a40b83d55a4aad2d1c637fdc37b306e83ba1324d03aba0ffa00726c6114fa5,,,0.0,,,0.0,0.897,0.0,0.0,,50.0
b1855c98891a001a838078bc3207dde2af08d07795504b4c808a9268aa16f939,,,0.0,,,0.0,0.6,0.0,,5.2,28.0
ff07c34398648cd06e1f99f4f268acf71fbd02b6a4bac5cc28b54bf0d8ff8971,,,0.0,,,0.0,17.437,7.538,92.0,6.2,
90282026da8bff419181c5ccc96586c99764d604f4279f2f679c613cd4dd0d11,,,0.0,,,0.0,0.6,2.0,1.0,8.4,11.0
a9f3b158c0ea702f581ff3ab5a812cb6f139f9c302127b97c86c4e47abe24adc,,,0.0,,,0.0,0.898,7.0,1.0,5.3,394.0
d7f0f05c599085c6ae30fe7325af936ea4bf5ce68c8474c8a5aafa3f5d0f4aa3,,,0.0,,,0.0,0.839,3.6,,5.7,50.0
af532c18cc70115e42d84d0f6bc2d32ed983ef339d518740863cd398419b7140,,,0.0,,,0.0,1.628,7.0,8.0,4.0,399.0
c2f02046ea22dc7c7bf8a618888f95baf1336ea2943bfd66906aafcb9721ac6b,,,0.0,,,0.0,1.639,8.6,5.0,5.5,1083.0
710b5a47ce7cd49782bf66e717b6f51895911a5c790eba4ebb3ab30286ffca63,,,0.0,,,0.0,0.6,0.0,0.0,,15.0
14ddb3ebed6afbc242c18f5a3790e9b988ade28208f8e2cf18db78a22cb82b81,,,0.0,,,0.0,0.6,4.5,2.0,4.6,
42b0b6de0bd742827bb3520a826ceff8260fff9588a5d9f17579806bdc8bcecd,,,0.0,,,0.0,0.617,0.0,0.0,7.0,8.0
e19a614d36720ad36dbdd9ec25c7032d9e803cdc0f30f64ff24a5eeea8fdcb5e,,,0.0,,,0.0,7.122,4.127,79.0,3.1,4798.0
c07224b27601e440869c1c9a0568aedf636ff78e2ad547cbed5fc9fbc4045533,,,0.0,,,0.0,1.389,7.0,2.0,5.8,150.0
464f27223d7dbf556fe86888be534c3a0cfe1fdcb777e4ed8b1d49db43a825ca,,,0.0,,,0.0,23.318,7.054,392.0,6.4,6143.0
1fbaee14d0f5a7ea510006d12df4a88062d3093cd3e5cdb74aa76320a522f052,,,0.0,,,0.0,0.6,0.0,0.0,6.7,8.0
1c0bf2cc6a54e654e2998054de32880ba1d5aa013b033c56f22afd9ee08597e5,,,0.0,,,0.0,0.6,0.0,0.0,7.7,10.0
6abfad26e9e50f7671b6b97f8d3e5c5311c3d6271e051e555a447e6047112040,,,0.0,,,0.0,0.6,6.0,1.0,5.6,
d8a14afff13d99f706383c1f2fca87ac5cb84b95359401dd42ad183b39987019,,,0.0,,,0.0,0.6,0.0,0.0,7.6,35.0
e4d00dfd7635238eaa9630c1cbbdb16d4cac255bc257b65bfdab53a2e304ab56,,,0.0,,,0.0,0.748,0.0,0.0,7.5,186.0
7c2501de83f0cc139c3c99179033cb4cc7c364da992f852e7297ea20200dce1a,,,0.0,,,0.0,0.6,6.0,1.0,8.7,10.0
e935ac367c6275cf0d92492c7c54ad7c1ce3b7f07e743f90dcf22e3a82555e03,,,0.0,,,0.0,0.6,0.0,,6.6,55.0
8f6ea9e01579e3e83af3f3571ea151334b50bbad61978c77752649617f1a28e4,,,0.0,,,0.0,0.854,7.5,2.0,5.5,6.0
d5e34fa2ad4c54eb5ed5010d80d7cbdd463d06332c176d24a50078465c71c541,,,0.0,,,0.0,7.218,6.5,43.0,4.0,1090.0
e687cc6418a641c7c83a8e11486db9ff9e45fbe8a6823f2c57e1cff42d62c8cd,,,0.0,,,0.0,2.938,6.3,,4.8,49.0
904ab92a8cc3c3dfd58bc81301405449bee801d876f0b8bba3a3d0d15b26641e,,,0.0,,,0.0,1.065,3.5,2.0,6.2,22.0
b005c6e6950babb92b175b7a644108b88b91559f50b33c21769d97f017e25e55,15000.0,,-15000.0,78411.0,,-78411.0,0.6,5.0,1.0,,31.0
189ced0436f9dea5270d9e55d80427aa35cd560bceb5dfd86b983ca30559ceb2,,,0.0,,,0.0,1.124,0.0,0.0,,26.0
ecf27c0a136431b0d219722599382f7a5bb1bcc6864a41100777e8d9a8b0257f,,,0.0,,,0.0,0.861,0.0,0.0,7.6,26.0
2aec350d7d31d34d15d8ee640e8cf9a44a9a61aeb846e54c3fef2f0422524fc9,,,0.0,,,0.0,0.6,0.0,0.0,6.9,22.0
3efdb60fdf5fd937110d2cfb2ee9fb6c8b9145982f7d1166cdf407719c4e0cd4,,1099.0,1099.0,,6253.75,6253.75,0.698,2.0,1.0,5.9,55.0
4e6cf275b7f3c84aac52bf8dc1602651ccbae0aafdba9f6f9770145d700fd5b6,,,0.0,,,0.0,0.6,8.6,6.0,3.4,58.0
73c123b6ab7c8e3713ff33cb72bde95a770c42074c96c12c870dfcf8b8fe335a,,,0.0,,,0.0,5.206,7.4,33.0,7.5,1526.0
dfec2d104d2b622116d33c34ee1e2657dddcda8026a3a3655c46fa1355377803,,,0.0,,,0.0,1.107,0.0,,7.8,17.0
5c658b7495f2e6d24c241db6c956050a6875e2ad175631a7ee8924bb3b5aba09,,,0.0,,,0.0,0.6,2.5,2.0,5.9,75.0
3595a4ed0d978f6cbfaf413c3e85e017d11e5c139bca5bc4a823cd1a91fe22aa,,,0.0,,,0.0,0.6,5.0,1.0,6.6,11.0
5bd4662e0e479e26ec8903df4f90bc43f2dc03138f73b1ba51eb7128de169d37,5000.0,,-5000.0,20133.5,,-20133.5,0.6,0.0,0.0,,
fae9bf7a8ca8a578c8c251eb0ae3d6d7a5c869e6f43dab30f1bb3d408f6e380b,,,0.0,,,0.0,1.996,5.846,13.0,6.1,1201.0
1fbf953f92bd9741c55956220e315450d59d82eb86dc00ff34f6f36a07cd6cff,,,0.0,,,0.0,0.614,0.0,0.0,6.5,87.0
dc29c35f6bede633edc3e22e5b940dcaa1cbc065454ce735fd4e39bda62b157f,,,0.0,,,0.0,1.259,7.0,3.0,6.7,217.0
61b9085f7da7e8c3cf12405e7ac64b9f6eb665ce8a567ad667dda72806949a4e,,,0.0,,,0.0,0.6,0.0,0.0,6.1,7.0
92d419a6968a962e793e88672b674dbd4bfb60c776b00488bc3639a26dd858fc,,,0.0,,,0.0,1.849,8.3,,7.4,
41bc220bc7bc1a328f2e1ab9d7ab9288a46f278ea5d9938f8ffab38bfe6af570,,,0.0,,,0.0,5.365,6.1,4.0,,206.0
50bae8a1793f3627b67d56c9383c4a6ab5e7a20d599e1511b39804f3e9a7a769,,1228459.0,1228459.0,,6713405.59,6713405.59,31.789,6.067,394.0,5.4,
02a1a954c251e43ed7cbd3c0ee587a2d258c4bf93636138d348ce3ec42e8fed6,,,0.0,,,0.0,0.6,0.0,0.0,6.3,18.0
a16162e228e28444954a170011a77e4d01ff7dbe0039f6b618228bf0ecc1a4a2,,,0.0,,,0.0,0.6,7.0,1.0,7.9,68.0
3cf3d9c7c2d36feba00dc2af89f39e1385b9408055884770c5430144bf233770,,,0.0,,,0.0,0.611,0.0,,5.3,39.0
079ada55f58e980a667980fe7859a6da49cd9e125546d1384052eb6678342647,,,0.0,,,0.0,0.693,0.0,0.0,5.8,114.0
08175ac34f94e5bfe16ff79363fadca50274b137ab1f84a3cb382670e9edcbe9,,,0.0,,,0.0,0.6,0.0,0.0,6.9,24.0
e35cfb3aa0b649d89fa711e51a013c5049e39c74c495391915aff7082a0a084d,,,0.0,,,0.0,0.713,0.0,0.0,4.1,26.0
0074daf92d2e3ae706256db3357acb8e7d4b1b46fc7b0b7a58f9bf0f0c6f03a5,,,0.0,,,0.0,0.84,0.0,0.0,7.1,7.0
3439bfce680ade7470749855b66a01298e1546c9cd3f26507b6111225ca4573c,,,0.0,,,0.0,0.652,0.0,0.0,2.8,47.0
349f8392346f8625a20efd39b367aedb4562d671ecdc66c5e58ab477448572f4,,,0.0,,,0.0,0.6,0.0,0.0,3.5,43.0
98bcb417c2abb4f8d41259e57ca1022d7cd2bfffe7c998ffa877873c32511faa,,,0.0,,,0.0,1.138,6.0,,6.0,94.0
cbc5dce0bdabaaf6e4bfbeedcc72b2ddf2f0df61c5e02f96492da494cff2adc9,,,0.0,,,0.0,0.6,3.1,,4.9,32.0
ef35ecb6d1a71b7ad5693fc7f53118c878797843398815305ba3ab65357e6c18,,,0.0,,,0.0,0.688,0.0,0.0,5.8,54.0
82574487b0bc45edc59d0e1db06b4f7ff29906a2e2da3e1362ac19900bbb4c54,,,0.0,,,0.0,0.688,9.0,1.0,6.9,22.0
3554fb92b826fb5ab54b70942fd574e4a34e9524c7ca35b418477a3c3fd26584,,,0.0,,,0.0,0.644,6.5,4.0,,229.0
40e7f9359dea38dc2df0527d7276afe2867c7514548154c10d62ad21fdcdfd54,,,0.0,,,0.0,5.971,7.25,17.0,7.3,3824.0
8a44659967e2d2a2f32a7df749bb2320fbfa98f7ec388d6dddfa7dac9bf7171c,,,0.0,,,0.0,1.048,9.3,3.0,6.8,25.0
748ffc708db3613c31ee5b475855a8ae2da62857be7c481d0116b1cb9829301f,,,0.0,,,0.0,0.6,0.0,0.0,8.2,23.0
a611f9ebe403e3e26d97e2698c73a27a36f9e73443cbab462d2caaa1c8ffa1cb,,,0.0,,,0.0,21.083,7.2,40.0,6.6,902.0
909de89051f9af4e4cbcd543bc1b2e0298b2ec3982e549aed350663bb180a767,,,0.0,,,0.0,1.884,7.75,4.0,6.6,
c588a318687db2ffc0e543a7d3caab074eb15e77982b4466f21e3482601ca31c,,,0.0,,,0.0,6.583,8.012,85.0,5.5,1595.0
fade9ff0153639fddbb7c6d62eeffbb38581349b2c991f147ac939589f3cccc2,,,0.0,,,0.0,0.6,5.8,4.0,6.7,44.0
e560536c888712cea0c39c5154c171ea484f43d1e31a26656ee5e442e101063c,,,0.0,,,0.0,0.6,0.0,0.0,6.7,540.0
eb4d0680652cbdb7917b862dc14916c760333ffacd393f424e48c2d1461602c1,,,0.0,,,0.0,0.6,6.5,2.0,7.5,23.0
4de8b002200aa71ba7ee0a6349d421d52352f7498b0e45c33ca69be5dd47762a,,,0.0,,,0.0,6.204,6.6,24.0,6.4,1158.0
e7864e7d663d7c4145dacfe639a35bdd029b97e89d3393b4ad68d240c38f5077,,,0.0,,,0.0,8.313,7.2,100.0,7.1,4437.0
c0c1982a85c62bc9377dda12e1a52cbf390511e2d512a3c6a160cf301d0b482f,,,0.0,,,0.0,0.6,10.0,1.0,6.5,73.0
7a78ccdb340c8d6212a000c72308d2720ba09b69cd4e2c9c24d46ea4734785bf,,,0.0,,,0.0,0.635,6.5,2.0,6.3,
d6c5931fc9df4bc834f80fcad80dc9d941df8a8d9d014d6987a6cdf18dc8875d,,,0.0,,,0.0,1.4,2.0,1.0,6.4,21.0
876db10efe697c2f6dd0fdb3a849abc0cd89494242147c1ab6dea4c254d22be3,,,0.0,,,0.0,0.6,0.0,0.0,7.3,24.0
db98b62680562acacb462690ea009a2cfe97a713430306d2fed5488e3c94bff7,25954.0,,-25954.0,143912.33,,-143912.33,0.6,0.0,0.0,,30.0
26a42ef86aeb5fa4bc2d10b6ff39daa0363b549a98d91eaa68eb19008d9a079d,,,0.0,,,0.0,0.6,5.0,1.0,8.8,37.0
f5c4f234cd3d059d02f3509239f9869f416b29b344f3dd03ccbd6fabc94d0f40,,,0.0,,,0.0,1.624,2.5,2.0,4.6,240.0
29cda9f6029eb697c5cba377c8c7311f8d95d67770b0257c22d1698ad517e82a,,,0.0,,,0.0,1.307,6.0,4.0,6.0,118.0
9331e3eb36980d1fcffd4f5c198d6611ea78f51e160d392b407454381c30a962,,,0.0,,,0.0,1.14,10.0,1.0,8.0,32.0
53912ddd702378d988cdbdd9920172cb8a861c3983625e1f2ecba922b923ffde,,,0.0,,,0.0,1.267,8.7,3.0,5.5,21.0
6790bd53b75b6cc060ad5eb443fe116cc482f157f006dfde719d046073b30c00,,,0.0,,,0.0,6.31,7.781,90.0,7.8,3527.0
ac9c33f501763c986036190ccfe6caf0d8b1f1602d8acd7586af5af2ae02825e,,,0.0,,,0.0,0.739,1.5,1.0,4.1,36.0
b01c611e21cef445b83ee854c2affd4c29026d7de7adb97d7836a81facd1b4f3,,,0.0,,,0.0,0.6,7.5,3.0,6.6,16.0
db8610d746f51f5217bdfdcac18658f14891778e1b4418521d189adf3ddd4666,,,0.0,,,0.0,1.601,7.2,2.0,5.3,
1b07dd3072d6693c7ce0fdde6541ba7a59bc164a06a7584f70baf835b1c52f6b,,,0.0,,,0.0,0.6,6.0,3.0,6.7,92.0
578b5ab26ba0dac147e811afeddbd64406002f5f729a015b5a348fe1ff53bf71,,,0.0,,,0.0,0.6,0.0,0.0,,16.0
a071648367230ef5e9dbea949295befb463684ee14423074f495b497841d9ca3,,,0.0,,,0.0,1.84,6.0,2.0,6.3,184.0
f1176fe7e39ab8f3698171536b7bb79efb54e091c0d54dd22d5732cdf3431a9d,,,0.0,,,0.0,3.265,7.05,20.0,7.2,2220.0
9a754cb8fbc53ebe0a59e3a177702d52c248782388d90d93ee74321690a51bbd,,,0.0,,,0.0,0.892,10.0,1.0,7.8,13.0
0bbe417162d5afc5fc223e35a9089d8331eceba9210db51a4aee024b6c234c88,,,0.0,,,0.0,5.222,7.364,11.0,7.8,335.0
4ada8bd3abb86097762037d45d2226366115567d9462eb2a89e5587fbcddbc7d,,,0.0,,,0.0,1.904,7.9,4.0,6.2,762.0
6aac106b8d90d063185bc8a602d2268b55d38f8d7df346c6443a7ad981279fe5,,,0.0,,,0.0,0.6,0.0,0.0,6.9,7.0
7897761c28b08de9a0b008b24bc8851333ec1b84df016a95165d4810607792ac,,,0.0,,,0.0,5.183,0.0,0.0,7.7,
8a11883f47ea282edc0ab7ab924a648c0d02bf02f9050beee11acccae9532869,,,0.0,,,0.0,0.6,0.0,0.0,8.4,24.0
762e2443fa1921ad2d32e6105586f56e99b1f5bd857dedcf3d33c7189fb1f437,200.0,,-200.0,750.38,,-750.38,0.6,7.0,1.0,7.0,7.0
57c8fcf0e3a35591827ddebba72e5584368b776e8654e9c86cba8093b3bd3f19,,,0.0,,,0.0,1.112,0.0,0.0,6.7,9.0
5bf6d5303df0c340d092ab86196b245a6f3edd5ca3c03c648b58d06a001c4cef,,,0.0,,,0.0,1.036,5.4,4.0,4.3,598.0
107dad237e326691a250715fbb216b6190f78d068988cfe92f1a16706708bcbb,,,0.0,,,0.0,1.228,3.0,2.0,5.5,131.0
1d7887fae6b9814c3bd576121855f9191625867443e19d93c8f0b95cab86fe83,,,0.0,,,0.0,0.607,0.0,0.0,7.4,13.0
b7040ff0038a98379df049102ee690452a1ab35ed9007a2fb31bd767129d836e,,,0.0,,,0.0,0.6,6.0,1.0,8.3,58.0
86aeef67fc162b085705007b1b1e95b129b897e09516c7b538345a4ebef37bab,484000.0,,-484000.0,2587996.4,,-2587996.4,0.6,0.0,0.0,6.6,71.0
09067be27b3eead090165f444c0b47a44c64f64c145326973751d530c08c4af8,,,0.0,,,0.0,0.6,5.0,2.0,,64.0
7dd9b4571da7075b6ce7c6bee818a8efc21c3a00e226e0eb0fac7f690205eb3c,,,0.0,,,0.0,0.987,5.0,1.0,,67.0
07bc084a09f8d4bc761669b985d6ce6647c9283421e3172b7708a04ed9ed269b,,,0.0,,,0.0,0.638,0.0,0.0,4.3,76.0
42929523e2920f7f05338349943b27480a3c34a22858a8144f498faea0f3881a,320000.0,,-320000.0,1653472.0,,-1653472.0,2.138,9.0,1.0,6.7,
a80ae117c3fa744958f717cc2de5c90692f660de9b57e7890ac5f83d34785a7b,,,0.0,,,0.0,0.6,0.0,0.0,4.3,31.0
bb24b3fd7215b30cca72336c7f932f2dc2552b59eb0da0f3163698805ea419ab,,,0.0,,,0.0,0.6,0.0,0.0,,21.0
4566baff60c25e6dda28a0563af3273822de5e049762c3bb0a7b3b6bfe7035eb,,,0.0,,,0.0,8.734,2.071,7.0,2.6,813.0
524d75c4530f9f6d004677dfe9564f59d8e08793e476f33f77c2912c1c66f430,,,0.0,,,0.0,0.808,8.2,4.0,8.4,701.0
f1f9b1b0c42ae3209752cc102aa2fd703e7452da9f8d71c99b04caa50754ae5e,,,0.0,,,0.0,0.6,0.0,0.0,8.0,10.0
096c7a851725496e881b7a1e8cd94359fb8224f82add914f9e7e25fdab96db40,,,0.0,,,0.0,10.405,6.277,,4.6,987.0
006f7a263bb17d77eaffbb8672d837ee3fb708269daa45fa817a0101fb89e543,,,0.0,,,0.0,91.328,4.25,2.0,5.1,363.0
7b86c7443f09b59f84da05e3e02e5214760ef8f530317babedde37e13ece2805,,,0.0,,,0.0,0.737,0.0,,7.0,29.0
704908b5824c49b0a760b734256a3aca6d2a400e923cbb313b2cbd025fbe7459,,,0.0,,,0.0,4.457,6.962,13.0,,2300.0
aa7016431555e48b0b27de51f195ea80687b99985cd17b2d1c1251d9917988d8,,,0.0,,,0.0,0.6,8.0,1.0,7.7,19.0
908fecd994b12a3eabb488d0613a78f266eab11603241d469eebb3bc4611cb3a,,,0.0,,,0.0,0.6,0.0,0.0,7.0,620.0
57b74b1a3c02908f794b553e0966915e1d23c9ea2e9438598e62b6de38c6bd08,,,0.0,,,0.0,0.6,0.0,,6.9,31.0
8b25bdd16473373aa4a3c95105f9d5a0ff4241a112c76424d1f8f839b74ca6ac,,,0.0,,,0.0,0.6,0.0,0.0,5.1,8.0
e6e980047c7da7a5cced38c2073a7003d5160ea917490a8cf1f2c8997cfc7e9d,,,0.0,,,0.0,1.651,4.111,9.0,4.1,182.0
cb72d5ec85a0931637190a49b0df4f12c38ed5821ffbd8c2b14423a6dd701755,,,0.0,,,0.0,1.024,0.0,0.0,6.9,76.0
ccc6b911dc86253e87bedb86ca42e5872e4592f3d367b03d12ccd1cf53d9aca7,,,0.0,,,0.0,1.325,8.0,1.0,6.6,54.0
7377609d2a9f01699abd915c44de55986188786a39c184b5936b6eb4baafccbe,,,0.0,,,0.0,1.558,4.4,5.0,4.5,221.0
0d67cd4413ac56a286072c3d3caa049cfcb60f0da3904cfb9df1f750e75f57df,,,0.0,,,0.0,0.6,0.0,0.0,6.3,39.0
9d8f7dd93b9c7202fb8af11e0fcf7918bf888310e5d4f8fba89aad4692886348,,,0.0,,,0.0,0.6,0.0,0.0,7.0,12.0
a2faca423047e8c1c31c1c5db5e895659b51e845144af5f36204f5ff3b8d8fde,,,0.0,,,0.0,4.028,5.25,8.0,6.3,746.0
b4f7469e3ab7f3dac60b79a4d5da2de9e793710d7c4fe831bcdd279e6fa349b8,,,0.0,,,0.0,0.6,0.0,0.0,7.4,11.0
d841468ad796107c872c522eacc09bb8319e4a7f08c6457e7d795f3081b86d7c,,,0.0,,,0.0,0.918,8.5,2.0,6.5,377.0
64d39cd0578ad3fc3be16e64b86a0fb3511ea29a878d348705d9742acbc99ccd,,,0.0,,,0.0,0.6,0.0,0.0,6.7,11.0
f279ec73bc44f3146f4349b8aaf74259d6c43656cbc21c13a0e73a4ec1260bfd,,,0.0,,,0.0,5.659,4.767,15.0,5.0,1322.0
b0380863182fe61522ea04c955ad6e43635c6702b13bff26e76e7cae5526c4b2,,,0.0,,,0.0,0.6,1.0,1.0,4.3,35.0
bc8f5eba6d350fca8d38771e054f52477af797a729fa0c920cfd168f02672a55,,,0.0,,,0.0,0.6,0.0,0.0,6.3,44.0
7a5b13f551f1707f66947cd7573f31baff12430085efd7c3918572404015f587,,,0.0,,,0.0,1.4,0.0,0.0,6.0,954.0
038c4be49db8402a00bc77fb60cb3acfd686bd97954a1bd725c3b10c34eab650,25000.0,,-25000.0,133567.5,,-133567.5,0.608,0.0,0.0,9.0,13.0
9963a8353eaa1cdb9d384fb8f62aeb2b6f9fabfd49cfb83ad416fe50e44b481a,,,0.0,,,0.0,1.398,0.0,0.0,,72.0
e11d7dfbe3e51ed1b254ac3929cb32e0221463bd2f44c764f166fab3f948e660,,,0.0,,,0.0,0.6,0.0,0.0,2.8,78.0
5c40fabf3c16ad4e27a8ee1d1323dfa59d65b52dc6b4b22befb34f2a6b8cd29b,,,0.0,,,0.0,2.227,6.0,1.0,5.4,66.0
168ece52b832f7b6e3c62fc089e99dac77e71dfd51a2aba692b8cf120faa8fe5,,,0.0,,,0.0,0.6,0.0,0.0,9.0,18.0
4e312c92ee479ba407cc8f008f62e91d99de3fe1f47dc673fbdeb79f9db6eb38,,,0.0,,,0.0,0.6,0.0,0.0,7.3,9.0
8caa7cb25929bb6eb38e8af31396326fd27dba88143cd05a08a8b416900f9bc3,,,0.0,,,0.0,0.84,4.6,5.0,6.7,1053.0
e3409872a1eda8de57af50693fb64997ff77f5864ca960b098dbf1bb0cfed28a,,,0.0,,,0.0,0.886,8.0,1.0,7.3,11.0
0fab9e448b93219de0a43322fa2cbbe75f4e3b9bf4d74f1dbd99e921d6aa463a,,,0.0,,,0.0,1.022,5.5,6.0,5.8,
b5b6d4f53544128acda4a86bbe71c76c67508359239966e470c8ef2640dc3e11,,,0.0,,,0.0,1.532,4.0,1.0,6.7,86.0
85894875f0f6765bb15c2e7b08961b28fc53b2f252aac19bb6afd688bb6cdbf3,,,0.0,,,0.0,1.458,0.0,0.0,8.1,390.0
c6bb38fe3debae78f813f40110dc59e61392adcbc12a9180905af38940b68aeb,,,0.0,,,0.0,45.089,6.543,23.0,7.0,1492.0
c1c594c488ffe995887e453420aec8c5bf2570a3db8a0e5cb0343314a36b4b84,,,0.0,,,0.0,1.914,5.219,17.0,,225.0
22128432edf2bd4c0aeabc159bc930dfa9d2a1f1fba673eab0fd248c3bd96b5d,,,0.0,,,0.0,0.609,0.0,0.0,7.2,5.0
2f51d357da99f3b5b2fe2f8517086329083584c25e1c7a64dc578202c1a2267c,,,0.0,,,0.0,1.4,5.0,5.0,4.1,37.0
0ae01eef9bfbdf6617b7b7054d2b6a77776efbf33e9be790c925ee827e3ad940,,,0.0,,,0.0,0.612,0.0,0.0,7.8,9.0
ca1f7c095a91ef864d18608d0cc496c72d53539bcbd79a9fa5fe720cf8284f3f,,,0.0,,,0.0,0.6,0.0,0.0,7.8,180.0
9cea5e5540dd848a75cdda93e67166f17985757d2116f86ed105a7785e53379a,,,0.0,,,0.0,0.6,0.0,,8.4,
955f2aed8327924221eea37418ad3d7001142dcc10f47edbbf23fa88b79a63cd,2000.0,12000.0,10000.0,10332.6,61995.6,51663.0,0.6,10.0,1.0,5.0,63.0
1719ccce90779ee6fc9c2b7937df2da61fe1fce978b11655b9c7d17cd1816ffb,20000.0,,-20000.0,100244.0,,-100244.0,1.359,0.0,0.0,6.7,54.0
9e173c5b917883b8f8ca3316c3d404a366aa05e6e94207d4989a4998c842fa66,,,0.0,,,0.0,0.6,0.0,,5.6,22.0
eb1597037bb55dac9f2048f8203463da0f56a81beee7f7edbde0fd21c5321146,,,0.0,,,0.0,0.736,4.25,4.0,,46.0
6cd6c83510c30a5a9d3178cf4ba855c58d210fdbc928fd5ac2dd0858590cd26a,,,0.0,,,0.0,4.64,5.9,24.0,5.6,1217.0
cd0bb7545e2de283b51dca04d4a4d9f7c4f46f6326904fc495893b3ec1b3ad6d,,,0.0,,,0.0,1.512,5.0,15.0,5.0,208.0
af897c4962ed1bb51dc7729d1f01d2b085ad2aa4778e84af0e78c88c219f98bc,,,0.0,,,0.0,2.067,6.0,9.0,,254.0
cadc117619b052fcf6c2aaa6a73d68d3da6857b1e5eefecffade551d4fe5a6a0,,,0.0,,,0.0,0.6,6.0,1.0,4.0,10.0
2c558e588705487055d26e26c856239e993934cfa9e7c6bc0557f49bfe1ad7d3,,,0.0,,,0.0,7.398,7.15,167.0,7.9,29808.0
22929e155f32ffc2e3c6d7fa80b3f6041a82d344a71d97ec97b0b6488372690e,,,0.0,,,0.0,0.6,0.0,0.0,6.9,48.0
39d407edcdb72ed0b280b7fe0dcb053c76086194c70570fd661421b0a7bb2526,1000.0,,-1000.0,5040.5,,-5040.5,0.6,0.0,0.0,4.3,23.0
1a05b7f22ba37c25e7c70303a5e4425cc777cd86234effa5501ef9375331bede,,,0.0,,,0.0,1.237,10.0,1.0,3.0,197.0
1448c603ad658883d4ed6a3770f03a5c2e1fe8b42fd17a5862a267ec2ac2e9d1,,,0.0,,,0.0,0.6,7.0,1.0,,27.0
6b1a93d3616cb37ae073699638bb97f2689cd0614c9f3113f2af66594c71db5e,300.0,110000.0,109700.0,1126.11,412907.0,411780.89,1.317,4.3,7.0,4.7,457.0
6b33f73f4bea06362d0e25d3c02377001f254671e397c028ca6f2f13831ee65e,,,0.0,,,0.0,3.847,6.375,36.0,7.0,33842.0
c65e3156dbd3c7b137939bfda9bd427aa5e3fcdc76d7f3a139b0695e8d7bfe47,,,0.0,,,0.0,0.661,7.0,1.0,6.9,36.0
2024a82d1f33e1f1e1688d629b1604850a487f02573427ba83dc143510a7296d,,,0.0,,,0.0,1.16,7.0,,7.5,61.0
d4af9b1e9f523278d1bfcca65343ed2c493cb382ccbb2322fb500a9771408707,,,0.0,,,0.0,0.6,0.0,0.0,8.1,11.0
7303dc19bb3cbc2995eb965d129fee7a1af6402bd7874639046a6d0b12909497,,,0.0,,,0.0,1.092,4.8,6.0,4.5,
c167de389afa48edca2ccefb920b1dfb39b8dd1f48b25b0e34f6c2006774c403,,,0.0,,,0.0,0.624,0.0,0.0,5.7,18.0
657fcc15f7f1bfd6ffbfd1cb20e004a266204bcfcf73b59e56dae1d47fb19987,,,0.0,,,0.0,0.997,0.0,0.0,7.7,47.0
37e70662642f278e4d31945ccb6c1330be6b9bde2bc695959ab2df412fb661f0,,,0.0,,,0.0,0.6,0.0,0.0,6.4,57.0
ec762bd47c54ab524cf1aed78e7b3c2d2966204010656555a0c744ad62bbbba5,,,0.0,,,0.0,3.554,7.293,46.0,6.3,210.0
b62d781188e983af96175ac6b4d65986ec55208c04b34134d59652722266c67a,,,0.0,,,0.0,0.6,0.0,0.0,7.8,
455b8771f9b3d612c0ba0a043ef33f0c0b1c44d5ca4950b6e0b6f8abeeb73e67,,,0.0,,,0.0,0.849,0.0,,6.4,28.0
66fcf5366ed98290bf683852e88fb67ad6934a151716b42cad44446892b05e62,,,0.0,,,0.0,0.6,10.0,1.0,9.0,10.0
009d5b0c923954e219e479f2dc51f6e3aefbabd990c2b11365d963a9378f84d1,,,0.0,,,0.0,3.652,6.68,25.0,6.6,1241.0
a8045d9ea16e2cf63730e5cedb8fa5d5c1e2b4894734902dbc210dc1531a2f4d,,,0.0,,,0.0,1.905,3.333,3.0,4.1,
8f68f89ad995038a5349402dfa660f687d5bbe24a4580cff7268305dee992e00,,,0.0,,,0.0,1.126,0.0,0.0,3.2,180.0
4c53a77e0090ef2a8b5c6b4ee3ab38cdbd9b0edfe74307685babdc093f541d3c,,,0.0,,,0.0,2.204,7.7,8.0,7.8,1094.0
93794ea5c626368da6cc42093012600d04942e4586e85d3c6a54aa52638a9c66,2000.0,,-2000.0,11068.6,,-11068.6,0.629,0.0,0.0,5.8,26.0
117d85a2445fec730925ce474c18f49fd78a1b9564f2d359ca98bc05db20c7b9,,,0.0,,,0.0,1.4,7.813,8.0,7.1,1662.0
632e831a529677c9c24d508bef58420896bd1eb6d58c4829ee70cbe6f3a80502,2000000.0,,-2000000.0,10406000.0,,-10406000.0,1.155,8.5,2.0,5.7,139.0
e7640fedd72d83bed160cb1d3f9f4ae0eba7ebc56115c587f3090f6172b66662,,,0.0,,,0.0,1.4,7.0,1.0,9.1,103.0
b08c42fe0a63ebfbf49b864c6c540d4f4f50c80ec17d17d9aaea241410a18125,,,0.0,,,0.0,0.6,8.0,1.0,7.7,42.0
2a067a2b6e1196f0dde9a21bf074c176fd669ba48b005e308a6fad94d684a551,,,0.0,,,0.0,18.343,5.901,91.0,4.2,11044.0
edc98b28d394db249e03cea0feaa68cccf3195f2a38b26cf04e2b4dcbb66f08b,41000.0,,-41000.0,230083.8,,-230083.8,0.6,0.0,0.0,6.5,100.0
210a740c90d316a9ed3d1c5536e0edefaff7e8f559f3f2f087da63d4f2290f2d,,,0.0,,,0.0,16.061,6.538,208.0,5.3,5292.0
013ececaca675f51734f4bd77e7dce8cfe6e3c2562a052ab3727affc90c26f09,,,0.0,,,0.0,1.158,0.0,0.0,5.7,93.0
fa74c0d3a785e3028f913468d5ff4b953bc6dbf9fb6e4c07fdee494e1ffccea8,,,0.0,,,0.0,1.17,0.0,,3.8,17.0
a6f39aadbb4c2b48e3284814593eaeadaa0c1d62747282713cdcb3507460de52,,,0.0,,,0.0,2.156,6.0,3.0,5.2,
ff94373dc3b67566fc42b16b973db15c03b7c4230c44942a40da8da7632390d2,,,0.0,,,0.0,0.6,8.0,1.0,6.5,15.0
684344ccc0d0f745f3edbfa32d1e9c28b4b3c792f03401872909e989fe5f39b4,,,0.0,,,0.0,1.12,0.0,0.0,6.9,10.0
54dbe2c13b8f100f64d6db146f54a603bb21502a84ff226a473863e47fe7a935,,,0.0,,,0.0,0.881,5.0,1.0,5.8,9.0
a8fbca1fe3179ec0a120f69b99b4c4f50a514c3218b574ccdf20d8e33a9f27fd,,,0.0,,,0.0,1.935,7.0,2.0,6.3,99.0
bab98fc00a654c0841fad357c34d4ac2527ff26b8621a9feaa8b89c8bfe9948f,,,0.0,,,0.0,1.1,0.0,0.0,6.7,82.0
4f9b036d7a6b73dc3b34c4e06bb1cff5dd9fbaf3803b01e257bf15d6f22aeeaa,,,0.0,,,0.0,1.931,0.0,0.0,6.4,38.0
a5e0ebb8c02270c734acc85318128a55318c6419251178120207d6d1e906891d,,,0.0,,,0.0,1.149,2.0,1.0,7.3,64.0
7b8476d8ae397d5ddc5e672f857696d6f09a23512ad521a85f0cd14e527ad85c,,,0.0,,,0.0,0.946,7.5,8.0,,1708.0
3ce729ddbd3d134c0c095b57779580334289450b38f4d7cdcd705a086545f1c8,,,0.0,,,0.0,0.63,1.0,,5.3,137.0
4f6dac480abf56682381f312d483288d2275d5a2085eef6cceb71a7968ad5ed9,,,0.0,,,0.0,0.6,8.0,1.0,5.7,31.0
582127ac168d877440b65336a80afef309ac39e50a4cf8c9a0c260057048434c,,,0.0,,,0.0,0.6,0.0,0.0,6.9,15.0
975432bb0f7623ceb75d1c41acff320897a684cbab41d4449a9f3c6dd206dd96,,,0.0,,,0.0,1.4,6.0,,4.5,103.0
b1a49f9fe524f9e51a786f1c69b8334635624df4dcba7c5383b2c9a26fbff3e0,,,0.0,,,0.0,0.6,8.3,3.0,3.7,57.0
f61568eec49aaf34eeeabb6f4b8a95d2e175d037b3f8f64440781ccfe40c5197,,,0.0,,,0.0,0.657,0.0,0.0,,
a5b64b63e781ce063fdd16ed05594621fa83fcedf62899ef919856108315d1e4,,,0.0,,,0.0,4.513,5.714,7.0,6.0,542.0
33360c156dc9bee451b9f547a3560da16990b1440f2c13894e438747b92bd334,40000.0,,-40000.0,159120.0,,-159120.0,0.826,3.9,8.0,4.3,183.0
a24db52c148bceed6b8e35042495e91fa3dc0d1c064e04d1c54226723ead3dd5,,,0.0,,,0.0,0.6,10.0,1.0,8.7,16.0
af9cedda69741d46418198ee4db7d7a014fd6943aac79a8f9ac043eae01b289c,,575385.0,575385.0,,2999942.31,2999942.31,11.505,6.917,54.0,7.1,3732.0
40bfca98ad159060afd4e2722a0694274b93d7038642d0ce8852c751e6e77d85,,,0.0,,,0.0,1.055,8.583,6.0,6.7,85.0
d71a5e65408290042b67e581e000819a344d0d9aa0896c5416e9b21462212870,,,0.0,,,0.0,0.612,0.0,0.0,6.0,
86c4a4c39bfedc164c7b263323c6b1d0945fd56200e786c15acbc60acf6de565,,,0.0,,,0.0,1.278,7.7,3.0,,132.0
ebeaba7c1865bf0a398f2510082ad1a46c9f8ddef3aafa2b0a19e51ef03252a7,,,0.0,,,0.0,17.349,5.382,102.0,3.9,3832.0
0f8cba653af5168d740a6608ff1868f199a98f051579d7785020d34ce49ed5e3,,,0.0,,,0.0,0.6,0.0,0.0,7.0,15.0
9c28ead347d3d9ee723ca77d6979024ab5b2027b2cdbd79a7ff227b5d46c06df,,,0.0,,,0.0,5.594,5.6,8.0,5.4,416.0
c132c89fddf4c437735443b89d053555508b6acd69c8450a31298d6862e5a984,,,0.0,,,0.0,6.704,5.281,15.0,4.1,2721.0
6809e739cdfa8c42ad501145ccadb8472f13c84dada82b72bdaa2fecf6f4b37b,,,0.0,,,0.0,0.6,0.0,0.0,,31.0
0d6a0e28d993520a387f2af257145ad72862be2d1ae34cc36fe9b95aa42b59dd,,,0.0,,,0.0,5.789,5.2,36.0,4.6,4010.0
c97703809d935bd659e0f356be3d850af99042f5ecd5fde61f4b4ea20e59f8ea,,,0.0,,,0.0,7.418,6.5,436.0,2.7,653.0
60e8ac5b0f33b8e9fe1390344eb65700d9c1edfd5d086a001cae79622929b9da,,,0.0,,,0.0,0.6,8.6,5.0,7.6,88.0
0417f30b46b861e07a3d0460ed0f90c0e6e8f407c5c0a8d7df1ba7650bb7cd9f,,,0.0,,,0.0,2.918,0.0,0.0,8.1,116.0
90d6409bc9970e27bc896df473049cfba3ea388942a96115df7b9dd0aecb383d,,,0.0,,,0.0,4.231,5.5,4.0,2.9,321.0
4e384ad8da9a9a90fd148bed377d1af79464f22371ded0ca8bb6732f7c6593b2,,,0.0,,,0.0,0.811,0.0,0.0,6.5,20.0
f25782127c0674583c7a85b6798d1b44ff9b3bab2d78fcd0982892388bd3d2ec,,,0.0,,,0.0,0.6,8.0,2.0,7.2,55.0
db18329faad1f9bb7513b219e0fde1f90f48e110f3861637af53169ba396c530,,,0.0,,,0.0,0.6,0.0,0.0,5.4,7.0
ff9780fa7d1c3d5af545fcd1298a19a91bd87793af53fcc18bb77db4aa6b118b,,,0.0,,,0.0,1.759,10.0,1.0,3.5,63.0
4a01925492da73328c5d98876d6d4b36f5bfe8f0c87bcc5692dc2ec2613afea2,,,0.0,,,0.0,0.6,9.0,1.0,7.0,18.0
12deb317cebf2f15dc49927f53ad9343d82a3a61bad754782ffa8e66bdaeb55c,,,0.0,,,0.0,0.6,0.0,0.0,7.7,
4cf727e511945644472c3fe41c331822bf7a051febad28d0d8b3ddf3ca2c9f08,,,0.0,,,0.0,2.002,6.647,,5.8,453.0
3e5f58e06c03a943654d0318b1846dedd7a2404cfdd40eb3aca071fe109b52f3,,,0.0,,,0.0,0.65,10.0,1.0,7.2,67.0
be7c5641db9242729a75ecec05382e37937da986b1c4a6e0c8e8f7b17d06dba0,,,0.0,,,0.0,0.6,0.0,0.0,4.3,33.0
3f843825f993dd6fad0f6f179b282410b616ac66f1905831f6769a15f8e9ca33,,,0.0,,,0.0,1.209,6.0,1.0,4.1,26.0
23c0d0f333d4e7a53f7182f7340d11cbb70581abe8484e2271dbb12282f8ea69,,,0.0,,,0.0,0.6,0.0,0.0,5.0,16.0
2a7890f24c346e744f67a4d46a5e5f3af32d87df61eebe9fa5fbf1e6deb99a16,,,0.0,,,0.0,0.981,6.8,4.0,5.0,138.0
0119613a0646be3cdfd3bb2deca150558f585bef66f86e3f4cc34406d2d5b266,,,0.0,,,0.0,0.84,0.0,0.0,5.2,12.0
2e0b065c5b7ddb59138691f6d8432b76580508dbd4b5666ee61cf83eaa376614,,,0.0,,,0.0,2.079,6.75,4.0,,318.0
679e488bedf0a2277022f1694b944cba319a5ab21a843d14033ddd03a302dedd,,,0.0,,,0.0,0.6,7.5,1.0,6.5,45.0
3c35c85d3a3e66d544b86eff09b2c937166ab39ee9bf4137f77202b279e28dd8,,,0.0,,,0.0,1.946,6.5,3.0,5.9,
7aa70420c8ea41e33d1b8d4f0e814a8c92142c4d2affd373a9ae8229b9088484,,,0.0,,,0.0,0.6,0.0,0.0,,14.0
2544ebc5a747fcf12c73e4e29f5ea8bf03e340e042137fd01e4f13be7d7cb156,,,0.0,,,0.0,0.6,5.5,2.0,7.6,11.0
fd0a0b5eead5b1fc498015d1be3eb06736ac24b51a775eb7eceddb79275e6369,,,0.0,,,0.0,4.643,6.4,49.0,6.9,3324.0
f67efdc96612a282f771072ad6acf075ad889311d266562bd7c87ed08ade5c15,,,0.0,,,0.0,13.76,0.0,0.0,6.6,48439.0
350e184c90319341481cb6de7c7725aa5d3ed487a7d956fd065a03c244ea2c51,,,0.0,,,0.0,0.742,6.5,2.0,7.9,9.0
6288b42757c33a1dbf3ed911dee62c23a2abd29fcc1fb922212a700bbb7191d0,,,0.0,,,0.0,0.921,8.0,1.0,6.2,445.0
8edfcac77ff5f89f7b2ebbfd3443ddc6226679f1a53c1492aa6d4fde161148aa,,,0.0,,,0.0,0.6,4.0,4.0,5.0,163.0
03d98fc970734c6fde9bc2b2de30002ff15508099761370be37ccfcdfaad35b9,,,0.0,,,0.0,1.264,0.0,0.0,6.6,19.0
4ce5a2f3b28b91d41580ab5435aae202076b65001514e16ec82383720c434038,,,0.0,,,0.0,0.798,9.0,1.0,8.5,72.0
10a2c5e3b9565e9e8332bb443d992b08acd5fb2c8d5bfac3a43dc2f3d2ea702e,,,0.0,,,0.0,4.59,6.15,,6.7,10812.0
d119a17c2b0b0b50e6e0136fef1840f4c423a1e0b12050c5cdf72a15df6f4f24,,,0.0,,,0.0,0.6,0.0,0.0,6.4,45.0
b0caff459c8ddaaf11ebf470b75583d43a0f7cc57fd5f6c29fcbdaf1b0186192,,,0.0,,,0.0,2.325,7.0,1.0,7.5,103.0
ee05beb793a5893be5fdae45d55a00956b6ae569e5a2a8baeb442eaf7579e4b7,,,0.0,,,0.0,3.191,4.714,7.0,4.6,295.0
6ec375ed9c84264f03ab9eaa11865a884592c5ef8a3262e88e617eea178e43d1,,,0.0,,,0.0,77.957,7.294,525.0,6.9,44741.0
6894051a175ec19877d688bef802663414f5afc085a671bdc3be8a9885b396af,,,0.0,,,0.0,0.6,5.0,1.0,6.6,20.0
392d16ea10e06b74e52521152ee89cbb42c9376d4478d12a5049100ade8aeb7e,,,0.0,,,0.0,0.89,0.0,0.0,9.4,14.0
2dffa80ceb7049e2c1770f560eab8e8c36d6f249ad21b0d68ba39b711be516c7,,,0.0,,,0.0,0.6,2.0,1.0,6.4,21.0
da2b6142bfe39d0a60073970c5aeca41721660fa44ade7105755d1916595de60,,,0.0,,,0.0,0.6,4.0,1.0,4.8,13.0
982a5f1dcfcb1a4b3ade8f3459911778d2a9cd86c170e9472e3184874d55fc58,,,0.0,,,0.0,1.621,5.75,2.0,7.1,102.0
7062cd829c976c41a999e91821dddc1130d40b62614f1e291ebdbf2ffca8fc46,,,0.0,,,0.0,0.6,0.0,0.0,6.4,43.0
e663e4f44bbcbbdea26186163222a89669169d96dfb9c23cefaa1d23fc883ad8,,,0.0,,,0.0,0.6,7.7,3.0,5.9,13.0
3d147049b8e59f05dbee1ffde1fe2a7705ed42df2d32a2b7b4ae28dfdd5274c4,,,0.0,,,0.0,0.633,0.0,0.0,5.0,150.0
77f22793a5924392e0278093fdc46d021d5163a4d93218f9e4078a5500c1e31e,,,0.0,,,0.0,1.797,5.0,2.0,4.6,698.0
fac7be1fe3a57618c9328a21d6e6367087f76f6e4bd56432800321af528ee3f3,,,0.0,,,0.0,0.6,0.0,,5.9,10.0
11ba0986b75639496bc5c58dad366a16b4c803d4391eea209f1e9b41e0c0c8a7,,,0.0,,,0.0,1.547,3.5,2.0,3.9,243.0
a786208c254dba5a0ef146411c8b999e3f4a7ef493d4764079c6a1ddbb9d142e,,,0.0,,,0.0,2.096,0.0,0.0,5.1,29.0
9de99580037118f3cb00730db29405f7603db526be2bcd2ee3b094825b62aea6,,,0.0,,,0.0,0.6,0.0,0.0,6.9,26.0
cd2141556b70cb7f2cfcd245a143192c35c4d6d3b810aabd80418f8b39ea00ca,,,0.0,,,0.0,14.827,6.432,,5.8,4167.0
17fafa400b51c761b1829e5c28b77708b920a0d367a54c896e68109bd0b3a3f1,,,0.0,,,0.0,0.968,0.0,0.0,7.0,12.0
be24fb67aeb8525cf6c46257c88215c256b6031f6ddd8446bd7ae55d75bd6892,94.0,,-94.0,462.34,,-462.34,2.159,6.6,4.0,,81.0
d5f7a0e49675792916f3c88790012baa8055fbcbdfb425f30623dcd9d7e72728,,,0.0,,,0.0,1.468,0.0,0.0,,270.0
4f5881a3dbb5a8872a1a9014d38485cdb1d07c7544a2267f1de8e818a727b116,250.0,,-250.0,1201.52,,-1201.52,0.665,0.0,0.0,7.8,35.0
2e121f2e8ecf599032537b7b9bb093c0f329d808cd9cbf9d2701f99904139cd9,1997041.0,,-1997041.0,10318910.55,,-10318910.55,1.15,0.0,0.0,,211.0
5879a260d75f1bba0d2e96c7be4b14f1bd9673bdac52dadef64acef17d0b2124,,,0.0,,,0.0,0.6,0.0,0.0,7.1,93.0
67593ccf6be18a025cd3ce1cfa4d16443a16535257d32e195fb6559b101842ff,,,0.0,,,0.0,58.437,3.6,5.0,4.6,195.0
dc0f783f61c83f88ead609745cb4774c88cc36dfa1af60bff8e82576d030cd60,,,0.0,,,0.0,5.184,7.283,30.0,6.7,2243.0
75c7e03720ef47504754f629a657578b910a46d9c9c6b85df70369874ccaa3eb,,,0.0,,,0.0,0.6,3.0,2.0,7.2,11.0
e620ebe65c8f122acd77f84f0b2914f055e7bf9185291672838d8f339e904fab,5300000.0,,-5300000.0,27575900.0,,-27575900.0,4.417,6.4,25.0,6.2,533.0
27f183d550e49d48fddbd25b922ef481303428ce598b8ade8a66877a11f1e92e,,,0.0,,,0.0,0.6,2.0,1.0,7.1,13.0
6c4b18b77c81961850640ce998ba395e44c9ce2f404d544121d50764f77b4c2f,,,0.0,,,0.0,0.6,0.0,0.0,8.5,
1ee932b40e3359999e5ea462f3e3160c73c407d5106c49247a299f7ce574c6d7,,,0.0,,,0.0,4.312,7.2,28.0,5.1,271.0
20b6604c5ebcca3d5694b4b6fe6fffc15b0e7640b66cc40aba1c1fdc7f972f4c,,,0.0,,,0.0,0.912,0.0,0.0,4.3,148.0
276ef5462c1bf524e1ad81c35fb924832eeb81d78874cba6e7fd871cb56dfe53,,,0.0,,,0.0,0.6,10.0,1.0,,53.0
e0092cc7d9a0a5a386a80b28f7aa136308115d5cba72d452f15f79683ab9a877,,,0.0,,,0.0,0.931,0.0,0.0,6.9,24.0
9d3b540ae2b2502210c0e3281769f384e50907be79bccb1a5760f977e4101282,,,0.0,,,0.0,2.495,2.0,1.0,4.5,101.0
bb104d13eaaf83c63633d9655270aa57c6fe16afdbba40f293626e7145133b46,,,0.0,,,0.0,0.6,0.0,0.0,4.6,10.0
4aa8ffb609424c5e654ad28200e380cd00fb3922d6daab1f989dafa17f08f7c2,2600000.0,,-2600000.0,13572520.0,,-13572520.0,3.33,7.0,32.0,6.7,1534.0
c58e57bac3981918ce5435cbd4c222fc4091533b00b031642b62ab5e01d96ab0,,,0.0,,,0.0,1.624,6.8,12.0,6.6,703.0
6f7a465b31bebc8f11c23b2441441ea874b2b59a926dc473a107113621160f03,,,0.0,,,0.0,5.499,5.8,13.0,4.8,268.0
2d2214d89f3cf2efced13733b0175d9306a28ac8f117a624d25871805a1ae7b5,,,0.0,,,0.0,1.4,7.2,,6.7,
1b59d7fc633a2c5a5511bb55117c0196b390877d9fdccaef2e45722f57b15cb5,,,0.0,,,0.0,2.608,7.1,7.0,7.2,938.0
6f659b2cf3d04e8a9b6dead0b30f7737f0727951a3ea624cc9c2a6c80424afff,,,0.0,,,0.0,0.721,7.0,1.0,6.5,54.0
a18bfcb865aa5c007b19ff4dc0fbc1d185e1f155cc7d7fbede64aaaeea773d00,,,0.0,,,0.0,0.6,0.0,0.0,7.9,15.0
e6840865bb2232ee1dcaffb460a39ded889daf16b8427375537ad0b669e51c11,,,0.0,,,0.0,1.4,0.0,0.0,7.2,11.0
0e3cbbeab873b931987b8a2b4b89b70c504f320e227293b5a7901af8d16487c6,,,0.0,,,0.0,1.4,0.0,0.0,6.8,29.0
00bb8fd0584557d1cda8274bd5880be856e5b06e0d6867c38a21bc81d016e15c,6300000.0,,-6300000.0,31004190.0,,-31004190.0,12.211,6.5,2.0,5.4,
c9e7b598d294616ca314f27facc64b6491a23ec78cf8d07dec7a3e36d209026e,,,0.0,,,0.0,1.028,1.0,1.0,3.8,108.0
24528832d17fb118c0ac7eb4ff7340d748d04f050b4459b6d9ac59a5766ac84c,,,0.0,,,0.0,0.94,8.0,1.0,7.0,36.0
98d9c02eab806107192414097a959339039457c5f0a3d96690e05238a5fcf788,,,0.0,,,0.0,0.632,0.0,0.0,,218.0
f5447704418d6815680db009c4377b78c627c2ea132078e60d0d3c7de70e99a9,,,0.0,,,0.0,0.6,0.0,0.0,7.8,10.0
6654c7af187912487fe29ecf774f6e9daca76877475b3fcb7619938fb22de56f,,,0.0,,,0.0,1.128,0.0,0.0,,25.0
ad90f93dd59ed7e19b17345c94b354c7effd72dcd9639027d9b52cadf6fbbaaf,,,0.0,,,0.0,3.544,4.0,2.0,4.3,509.0
d42bb38e710c034eb93c10877e6705b60709b173b4bd0d30f4bdad549b4d17a0,,,0.0,,,0.0,2.869,7.0,1.0,6.6,108.0
034ce02a55dac39dad6af57fcf3aa818fb0f46e609510e845311398f59d4a20c,750.0,,-750.0,4012.8,,-4012.8,0.6,0.0,0.0,9.9,8.0
97b04954ac78188ca6e15af4a27f5edaea3cc480931d2c4efdf64fcbd50714e7,,,0.0,,,0.0,0.6,7.0,1.0,6.5,42.0
8ee4c935452f2623e3650963f026bb9a20ae6e846bf93e289924ed36e8cf7f57,,,0.0,,,0.0,1.4,0.0,0.0,,8.0
8579ecc275998b4d6bee6d209d39b3ccc09e303c794405732c3ec5147aa2a1d5,,,0.0,,,0.0,0.6,0.0,,,39.0
aac207b120b2e830d92cf4b4b2aa15c7ec8bde13a3af3f8c34730ddd2b77c715,,,0.0,,,0.0,0.6,2.0,1.0,6.5,18.0
8938db6a37619c35fbeb1205bc356abb4c9ba48e010dd9dd896a2e8e1686727e,,,0.0,,,0.0,2.1,6.3,7.0,5.3,215.0
4ac46bea29eb1f12cddf27a7cf8ea68b59d50cfff9cb046aeef3b6525bcf0edc,,,0.0,,,0.0,0.689,4.0,2.0,,188.0
61be8724c3bf03d5947cabd0eebb29c3e72f9865614253b98d11031ee0283a52,,,0.0,,,0.0,0.6,0.0,,4.2,18.0
f0cec13fd54d2ea9aab8f921b73600439e61139a93631cbc5fed55621c54cccf,,,0.0,,,0.0,21.806,5.85,127.0,4.2,1247.0
24856d6e6f8b78bc72a66dbeb0cd61fe1771b8a4b34a4c1a03e7dd1e736ea514,,,0.0,,,0.0,2.42,6.8,5.0,6.1,602.0
185e6376479a50ea8c867167aa3e23bef7b4e6a310afa4f65d20a7814beeb958,15000.0,,-15000.0,56181.0,,-56181.0,0.6,0.0,0.0,9.8,67.0
b0cf04350f6cacb777303ac602c5cb5e5b608e9ba475fc7c690c1031c4e3c0b4,,,0.0,,,0.0,0.6,0.0,0.0,8.2,6.0
14088e5c16cd891a291b2025f1bc61b875fb261147f6e2737e93a9b5e9f010e8,,,0.0,,,0.0,0.6,9.0,1.0,6.3,14.0
7d8c9b6227fab257b925439232cb71e48d788ada97bb4c52f42ee20c6b5eb9b5,,,0.0,,,0.0,6.404,4.667,12.0,4.1,842.0
abcbab0459773df75cce79e0989c8f1b110520a0dac564f885ce7d1b1051c857,9000.0,,-9000.0,46764.9,,-46764.9,0.6,0.0,,5.4,9.0
53593161635d16fb7a2048e22c166b9c6ef7313be355250ce735bc32fed97391,,,0.0,,,0.0,0.6,7.0,1.0,7.4,9.0
a14c98aeed0a6c684a498838a2d887e0cbc1f630ae21651e753aad3780e877b4,,,0.0,,,0.0,0.89,6.429,7.0,7.9,292.0
08f1cade2f28b03eaa8e1641ff2d59eb2c3365e587304961c1c2a92316e28db6,,,0.0,,,0.0,0.937,0.0,0.0,,36.0
adcc822477d8f4e38b189a956256e63fd387de2f36f5a36ecf3585617ac08499,,,0.0,,,0.0,1.874,5.294,17.0,4.9,981.0
273e3fd60a7adf3458facc025dfccb4d012990de7a2c394e23490c11910f3a1f,,,0.0,,,0.0,1.857,4.0,,,63.0
7a36e5f5391e7c25f241ac0eaef8c4c2824db28c1b436e6a1b92dcf836ec65a7,1480000.0,,-1480000.0,7371880.0,,-7371880.0,10.438,7.042,,7.2,37309.0
fa3296dc55874280b8e2f17b2598a97dcfa3ec651c52473f094b6ff93828e7aa,59000.0,,-59000.0,245622.9,,-245622.9,0.6,0.0,0.0,,25.0
57b21145dcdd8d9ff6b47c4ffa002ef03f10468e45f4fcc5834cd0f437442f14,,,0.0,,,0.0,0.6,0.0,0.0,7.6,7.0
10a27cbc0040f25037c3605ba165cb699c0b655e8f72884fb67a46a52d96c720,,,0.0,,,0.0,1.4,0.0,0.0,6.4,51.0
84c85402e8c6288f97af6a4df33bbff853e6ae32c3e51223ab792b98460e9f23,,,0.0,,,0.0,2.042,0.0,0.0,6.4,104.0
9b1a48a4a2db871112efc2928aad42382b2dd2f5eb2449c2f2af1a8d15b56494,,,0.0,,,0.0,0.6,0.0,0.0,7.3,435.0
df302ef73e34b1c483f27f8d76fc06b1726a475054c67424dd4a7e1a8cba7cf5,15000.0,,-15000.0,81012.0,,-81012.0,0.744,8.3,,6.3,113.0
427b431b3a874287d7864a109b61a6017fd4e33ce420bf51b045e3970c7616c5,,,0.0,,,0.0,0.898,0.0,0.0,8.3,19.0
0de86ed1baf2264790451ca726d498ffa03350ffe7856ee2c9e1d571503bdb36,,,0.0,,,0.0,0.6,8.0,1.0,7.7,24.0
02adbb16d2172b3b8542dea648dee09beeba5d694b9f9bdca8048b6084181e95,,,0.0,,,0.0,3.808,0.0,0.0,,128.0
d3edfd4be3a61b78d950a2bc669ca0c7675cf646eb024d608a80ca3aeec4bd8f,,,0.0,,,0.0,0.632,0.0,0.0,7.4,
c63fa6f5f4ae49377eb827e72e7bcc5232dad333b6060499896b99f4d235dfe9,,,0.0,,,0.0,0.6,8.0,1.0,4.8,15.0
8f5d67aff17443ce6e64c2623c31f70a4986798c74f5d4bfd35ecf814058fd83,,,0.0,,,0.0,0.6,0.0,0.0,6.4,41.0
7d931f5a985e2a0885f06cc3f854c829cd82b7e6d1388c62a591cc283dd54470,,,0.0,,,0.0,1.539,5.0,2.0,,64.0
bf7e0628dba954dfee8d8f37a27470a79e54fa1dfa49d66a5781b33a4d83a11b,,,0.0,,,0.0,1.499,0.0,,6.8,1361.0
f5cf3408e6307f04ce1b748725f3f644eb84de5f4999ba4856ad9985c490820a,,,0.0,,,0.0,1.753,0.0,0.0,6.4,26.0
491baf13a261b8d8e60649835eab755a1bd1eacdc18617bda8e01f994bb7c623,,,0.0,,,0.0,0.84,0.0,0.0,8.5,7.0
fbfc67d8a0e0d89028218a483503c22ad452b5f717b808d201da24ae6e99115b,,,0.0,,,0.0,1.539,6.5,,5.9,107.0
deb87a1a67540813df4510ae153c68319b1b9ac7074db387ac97ecdf7f5ef923,,,0.0,,,0.0,7.107,6.474,170.0,6.0,2278.0
875dcd1d06fc1b0af4c89abd846da1b15225fd724a2f3f2f8856d2f29411e5cd,50.0,,-50.0,270.04,,-270.04,0.688,0.0,0.0,,38.0
2b94cf52bef18b91cf1c976ad9a8af1460a1f0f05ddb54a93c7bf81f460f3254,,,0.0,,,0.0,1.905,2.0,1.0,,573.0
7421f80d9cc2bc88313d39ccdf7fa5090819c728f087b95b773b05b4f8632caf,,,0.0,,,0.0,1.466,0.0,0.0,,87.0
ad257ca85303ab315ab3da1247d5aeb8c3d21277779dbc7fc325ab92a9d81a91,,,0.0,,,0.0,0.6,0.0,0.0,8.9,
b818efe09fe8bab858461a4e10ac1dcde8b7e029adcad086641da3417876839c,,,0.0,,,0.0,0.6,0.0,0.0,7.3,26.0
d6a69e6e88db512f5a9e1cba35dd4672ec90e6488f7ee434c46fe8eb65f008aa,,,0.0,,,0.0,1.712,8.0,1.0,6.9,29.0
5816d6c2ca8999d935ac47f68ba6543a894af394006a9428518f28c5bc93a099,,30189.0,30189.0,,142633.97,142633.97,2.218,0.0,0.0,7.1,2006.0
c127fb81cc969ee0d3cbad66214883ff5236156de7dc8d88f04de144bc2d9179,,,0.0,,,0.0,0.6,7.0,1.0,7.3,27.0
3445cafa926339e616a5c275a1775b325f6f7668c7bb9cf76132482c9de07082,,,0.0,,,0.0,0.6,0.0,0.0,7.7,9.0
4ecdd6572c2dfc2ddc5807ac11ceea2c0ea8693ff96736824dea097d3b0bffc9,,,0.0,,,0.0,1.4,6.5,2.0,,513.0
be22ef28bcdce2c8ba1fa781cfb1d647304f6d145e6608c7b269d717afd8c1b5,,,0.0,,,0.0,0.84,0.0,0.0,6.9,99.0
f19d4ba18e645b5b1938c34d6225106b6ec7f1cb8564b2989244db9aef09b248,,,0.0,,,0.0,3.063,0.0,0.0,5.6,528.0
65b7c77cc6a36271f7332d5edefaecd812b8702a2334fe542bff11c15e1d53b6,,,0.0,,,0.0,3.465,0.0,0.0,5.4,167.0
abf213f544813abbb93dbfc3d270b900d8261aaa18ec23cad3c7f597754ad6d2,,,0.0,,,0.0,1.521,0.0,0.0,6.0,
2559848c05d2cde023917812c51c24ba68c18d9559d10d6423dcc7576d283877,,,0.0,,,0.0,1.74,6.8,5.0,6.6,130.0
be2fd515d18e9110491b77ae3ba8e7e8761d8cf82b2fd413c57ca57c1c0b5ded,,,0.0,,,0.0,0.939,5.0,1.0,5.9,113.0
7cc63e5434bcacd9ad9ea2164cee2a1db1edbebbb41e3251fadd0fb84a12aae2,,,0.0,,,0.0,1.4,10.0,,9.2,97.0
d5b16e36adb19abff76b91872534e8cd0118e25a289d29c1195504c909be9075,,,0.0,,,0.0,28.638,7.302,235.0,7.3,
26fc85d1526691e15e80642dd49aa9c68b4fa0be2ef1fac2604145e9ec7fd077,,,0.0,,,0.0,155.351,5.728,,4.6,6135.0
d326b615873518cd0c83c1d3c88cf7cd01906ca93c6fa1479925c78aecd315f0,,,0.0,,,0.0,0.84,10.0,1.0,7.1,51.0
0a5a04596b28eabd9cb7ecfd9f6a5b588e3c73c565d3afb82e07922bb15f0354,,,0.0,,,0.0,1.4,8.0,1.0,7.6,1117.0
30c1620ab95ce85bd98d818ad8ca8c45442754e8f7ef5ee166d06a225bc10a23,20000.0,,-20000.0,103826.0,,-103826.0,0.6,0.0,0.0,,
0c9898ca78f957529d5fe1a33cde61d49b80e3a3c57f2d8f249552707007c69b,,,0.0,,,0.0,1.277,10.0,1.0,4.8,60.0
9feeb6211355c64d507ba546734870e7ca328dacaccf01f3ad685426dfa12361,2200000.0,,-2200000.0,11758780.0,,-11758780.0,189.706,6.783,30.0,4.8,8849.0
aeb3c76d064c36494e7e3c316b18ede0a1dd8f05db075604b6444909d47b93cc,5000000.0,,-5000000.0,25914000.0,,-25914000.0,28.508,7.196,180.0,7.3,72532.0
a70fcd34fe6f99956291b1d7feb86c30a40bcf77cf400598942e363a34eef9d8,,,0.0,,,0.0,1.167,10.0,1.0,2.4,2665.0
0d36f23c0584af92cd164bd39b42b29c48743d4ba4bb5cc3ff0c39da2513e823,50000.0,,-50000.0,259565.0,,-259565.0,2.367,4.0,2.0,4.2,176.0
f9dc96c6244286b1272727c983753e5b12af83aed81551b6b4c500cec1fabe97,,,0.0,,,0.0,0.6,0.0,0.0,7.3,33.0
9ce1f60b4e480e77e582f24c178cfdb45310305fd2de1dd1c3fe80be05d11517,,,0.0,,,0.0,0.6,0.0,0.0,7.4,30.0
05059a82b1042082b7e62154ff2c70cd03ab09b322725f0994309dd5162d353b,15000.0,23000.0,8000.0,78322.5,120094.5,41772.0,61.984,5.9,86.0,3.5,1256.0
75760475fadf9bf381013cb880f5d21c279645897f73d879fdb932c88199e2e0,,,0.0,,,0.0,1.4,7.0,3.0,6.4,351.0
50b038e728b2676fbb1d694288aaba486901e1d06eadb0059e61e3f882f40044,,,0.0,,,0.0,1.054,0.0,0.0,5.8,36.0
f2b2db78deb10977206240f3649346068d3e5cc1032c327215d269f1aed5196a,,,0.0,,,0.0,0.6,5.6,5.0,6.5,624.0
fc0e68b0baf0f26c6b1c8b87298f17b3656eb8460c53ec591dbc54b1d17878fb,,,0.0,,,0.0,0.6,10.0,1.0,7.2,21.0
378b566d6bf08352851c8b2ba10dbf11fe4a4195a4f00c88c3be92b6a80941af,,,0.0,,,0.0,0.809,0.0,,7.0,53.0
7fd7d17db66c439a6d66c7d6d722ccb05792f776c270c7dd559f9dfeb391b13b,,,0.0,,,0.0,1.347,6.5,2.0,7.7,157.0
9b6a01d23af9677d87f2de719d6ba4b91f6071ff39f23d728bc26ad4f3c15fe4,,,0.0,,,0.0,10.932,6.022,23.0,5.6,2206.0
66de2cb9040fc02db32060051de3a9b8359eae4bf69ae64f39b100377e28a48b,,,0.0,,,0.0,1.165,0.0,0.0,6.7,86.0
7623cb88429d6fea4e7f60067d24057aae0b039690c37633bec3a62eac22d983,,,0.0,,,0.0,0.6,0.0,0.0,8.5,10.0
9b9bef8b67f01cde703c318711d76799ac5e9ca17182ae5eebfeb923ce1a7f10,,,0.0,,,0.0,2.785,5.5,2.0,5.7,83.0
472f3f08d30d95ffaaf3b20c4b1c9e2a20e160a13702f2ef6b4a2bc25a0fbe48,,,0.0,,,0.0,0.918,4.0,4.0,5.8,
bb469f648f56f2f10fc3b18a515cbcb3d1eb73db17e291456ce58750ac75052e,,,0.0,,,0.0,0.6,0.0,0.0,6.3,50.0
93f2f0ddc9db0bd74108bfc8761abbcafdca21b3dcdd703daa663c21d2705c73,,,0.0,,,0.0,4.451,6.6,18.0,7.1,187.0
38c96f5e62ac37f9f17328f0aa1645a8a1543c5af74338f15c9e7d0ad6051897,,,0.0,,,0.0,7.929,5.0,7.0,3.7,470.0
33cedb67c1369a3fbcff7fe7f7f787aa5b292265bba562da936a979fa209788d,,,0.0,,,0.0,0.6,0.0,0.0,7.8,9.0
0d1a62a7dd3ef610ee08bd5eef30d7b82afced47a0785c9fdad3e956a6e7205e,,,0.0,,,0.0,0.958,2.0,1.0,,133.0
ed72d2622c4ef62f2c0411697d343d453c72b83da14c6e3759707cdfd758c5d2,,,0.0,,,0.0,0.6,4.3,3.0,3.9,22.0
abaa87f5d5c6d505cb562b773484ac3451500cb9cbe58ecf3ad7cb5ed2428e04,,,0.0,,,0.0,2.652,0.0,0.0,6.6,89.0
ed28ea1aff29483d83fdf4cf8eb18d9b8cf3b024556c33456fcb0bf8ce1549d2,,,0.0,,,0.0,0.6,0.0,0.0,,
a520ce51a62a6c67183ce160e9d695cd5295c3f15a906d1a92728f807562be04,,,0.0,,,0.0,1.528,0.0,,3.3,69.0
9e3a85d162d5858ddf9964c556418c876e5a2b8d57f32638a59ab963fcd393b0,,,0.0,,,0.0,0.6,0.0,0.0,7.5,24.0
de8d909cd036525a0ebe3c1ce7c5c0d972322594593e0467acfb579ed3fd891d,40000.0,,-40000.0,196740.0,,-196740.0,0.6,0.0,0.0,5.4,18.0
c179093358093677b8bbbdc67b015de6ed924136e1eaca60755f4bf9ba23f9ca,168000.0,,-168000.0,892684.8,,-892684.8,1.186,0.0,0.0,4.0,43.0
f5444bfece72db700c97832f68a6e0f212b9a969054cddb71bb4634d848eed67,,,0.0,,,0.0,4.164,6.333,3.0,5.8,417.0
b1fdc404a03c9b6640b327b339e229b059e41ea5781eab01657f8b4cc4a84191,,,0.0,,,0.0,2.655,5.8,4.0,5.5,2046.0
f85910b739f7d545bb12ec81440836eedcda1d8d2495ba68caab2985b454c1b9,,,0.0,,,0.0,0.6,6.5,2.0,7.3,135.0
6c79325eab75fbcd7d371cadd0ac8ec404ac94acfe9925b96dd373df17985cb6,250.0,,-250.0,1338.55,,-1338.55,1.201,8.0,2.0,6.0,19.0
cc300edb97b85cc12ad18c1b1ea8b1ac45f016f4d6a5c4d811eb1e7ee6a79887,,,0.0,,,0.0,2.22,7.143,7.0,5.1,1166.0
6573851aec75657382cb879cd7bf854146e121d95716aed578b58c89df70e5d9,,,0.0,,,0.0,2.304,6.5,15.0,6.1,679.0
c7cac25c425a7cfad18bd8b430f346808fb51464af1c8f0d8379b90cf430f476,,,0.0,,,0.0,4.806,7.6,5.0,6.7,413.0
8d65ce31f8a17d5defaba71c5560592537888fae50d708c63c001045464e9eab,,,0.0,,,0.0,0.602,0.0,0.0,3.5,28.0
bf1f1dcad3ae451d8f16558c9afdbd8310a7289a681ee6a2708305a8fd20c0c7,,,0.0,,,0.0,5.333,7.0,30.0,7.4,2646.0
5b4510bd8641fa84f80d6bc8354b8e6f6d4961f2a67cd691de45a6548fe50b02,,,0.0,,,0.0,4.084,6.1,11.0,6.4,1421.0
0d0f62149936909516aeb3fdbcd280b03b095d5e7b5e2b2d3cebd290376ec9e4,,,0.0,,,0.0,3.242,6.333,6.0,7.2,1579.0
3a05a1e7bd53e61fb6c9eb7ea9f765827c2b3d632ef29faa584ef5012234e936,,,0.0,,,0.0,1.384,0.0,0.0,7.5,20.0
4390c59b48ca548b7475f1079b7f5feff576de0bd49e01b02bb6ee71dc7a5ad3,,,0.0,,,0.0,2.401,7.0,,5.8,268.0
ae9c6f61f4e0ca7308210882ed4b5c787f25c581325e6960e50f1a8a979b11fa,9000000.0,,-9000000.0,46771200.0,,-46771200.0,3.85,6.3,11.0,7.1,4927.0
cdf57c6c63a82a1cb1df241b62651fd9820299fd70689874607b544bf3ce1847,,,0.0,,,0.0,1.388,6.5,4.0,5.5,396.0
634dfee2deb639eccb79b3bb6eb98cfe780a066380becd786aa090200dc871b0,,,0.0,,,0.0,0.6,0.0,0.0,6.9,17.0
e3407cf6c73f0dcaa84102c41eae6f7232d5f60523cb77805ae861f7ab359056,20000.0,,-20000.0,104502.0,,-104502.0,1.96,0.0,0.0,8.3,14.0
93e275a4a2ee3789ba8e72572f45dcb8e8c95744c95a7f070f6f3ac903a9d06b,,,0.0,,,0.0,0.84,0.0,0.0,6.4,18.0
d978f6644dbea249bc13f1bf5415f7364d277889f5e49d7154695b323a0a8f3d,,,0.0,,,0.0,0.6,10.0,1.0,4.2,21.0
05f9d5c61c83a42b4da57a01ef938c0a89bc2e4a8755dca5fbc03f5ee1517c67,,,0.0,,,0.0,2.943,7.2,4.0,5.9,346.0
8d44ab46591bdedcb6bdfdb4380490310a8800fbcd267a5167eb45444719847a,,,0.0,,,0.0,0.6,0.0,0.0,4.4,45.0
fe5d7cd34fbf25d52b603a7304eb64147ef01cdad04ba93834a3c17674d30779,,,0.0,,,0.0,1.644,8.0,1.0,6.6,33.0
308dccff0a1769af0e0df704c99703036aa3c714f4c498eb5d00c81a44e41ba4,,,0.0,,,0.0,76.867,6.025,,2.6,526.0
e9bcdee433f789948d6fca9f84df444cab1b7629587ac56cc757fc3c4c93b165,,,0.0,,,0.0,3.815,8.398,50.0,8.2,
84f7d8a01007537c2fa94a7d74c831c92e91bcbd3fe1de7b356febf9b76dc90f,,,0.0,,,0.0,1.476,0.0,0.0,5.3,2094.0
e29cb75ad471b89470e962517e8eeeeb594f6f113faed72ebd0dc72185d56c9b,18000.0,,-18000.0,94051.8,,-94051.8,0.6,0.0,0.0,7.3,15.0
717ece06237ba6fc0ac4b61629285c6ed9f497c8d450d52fe5e57cbfc37ac602,,,0.0,,,0.0,20.684,0.0,0.0,3.4,561.0
8b184e1024e36e41d22028099ab1f35506cf1a2d32ebf7b5c7414627d7856ab9,,,0.0,,,0.0,2.075,0.0,0.0,4.1,134.0
9c405a4f9ec590342ebd9e1189f8f2b4b9dc12ed9d0e4ebf4ff6e03da1742202,,,0.0,,,0.0,1.4,8.0,1.0,6.4,40.0
b8acdaafe15a62e1e28b227ca7f497a437d35a2853db454263105dbeab999cf4,,,0.0,,,0.0,0.6,0.0,0.0,7.3,10.0
6d3fc437cbee7faf2058ed7c160a9c104faeb6a7633857c9a9b24e407e1ee1e3,,,0.0,,,0.0,1.966,4.688,8.0,5.8,111.0
a07d94df5824549a13189e62920f4cade336cd2492f572235434b193c2f48f70,,,0.0,,,0.0,1.4,5.0,1.0,2.7,508.0
6175d67396450608cbac45c3f21ed41c467021771cd8b5d223fdf5617df62266,,,0.0,,,0.0,0.734,5.667,,5.8,26.0
cac09bc0cec4e4a8446c952516f40071892ef3f8e703a145bc2800b348e05aa7,,,0.0,,,0.0,3.378,5.0,1.0,5.3,197.0
8aa00c63eda0f7377ca75f379329d560053202bb39d4c660239c741556479f91,,,0.0,,,0.0,0.6,4.0,1.0,5.9,
8908b5be4d6372921b986a02b4528f2bca48c8cde59d614d65d7372dbd4dd213,,,0.0,,,0.0,3.156,6.3,3.0,4.9,200.0
5c925eab0d0ab6c4254b59fbfd70b3f5403544f51ce1efa000e8f04db22ef53d,,,0.0,,,0.0,0.6,0.0,0.0,6.4,22.0
f2bffe9efc96ff98b1936ae23935015ab41bf4cc65208fb931b210f1511d623d,,,0.0,,,0.0,0.639,0.0,0.0,3.1,
a6b9612064a467c1eb8a5ccf441247a06fd32f93b191c71d63be119767245095,,,0.0,,,0.0,5.755,3.5,6.0,,1960.0
c0ca2e7fe3c5cc3a85be0a93eee6d73d201a9d72a1c3bc6f8313de35c5667d22,,,0.0,,,0.0,1.138,0.0,0.0,8.4,13.0
e1d8a564b015b21f728c06ab18ef57dcdaddef4cf790b7d5946904166fffa1d2,,,0.0,,,0.0,0.936,3.5,2.0,6.8,85.0
17594ef210b05728193b842f35ce82dad8c79081a11cd7940831e53edda1da75,,,0.0,,,0.0,1.4,0.0,0.0,7.3,31.0
ed2119211bc375dbe7a4118ca8ebf77a03053a0d42763e7268ffbe734d2a0b55,,,0.0,,,0.0,0.6,0.0,0.0,5.8,13.0
6085d0bf9a668c13eef8eaf36952d1f24fb2f6dbc1c99aedd6ccc02622257281,,,0.0,,,0.0,0.895,0.0,0.0,7.8,
bd6c8e0e6b155701656b4022510f688ca247f904eb47ab95a8af4f5e2638cfb7,,,0.0,,,0.0,0.6,0.0,0.0,7.3,11.0
1e7d3dce17cfee15caf321dbcc0be8fe88ed7cf0d58549a4cc1cbb58cbf0cda9,,,0.0,,,0.0,1.146,0.0,0.0,7.0,5.0
9cc0f2d7298e86344fdc1d1f1f9233414f253b4ca692db7aa4cea355c0adb79e,,,0.0,,,0.0,0.609,0.0,0.0,5.6,32.0
917c25a6cbb2f8e2e1728539fc3158926a2b520900adfc20d2c1339428da4a71,,,0.0,,,0.0,0.6,4.5,2.0,,62.0
a033d7f4a083f6c936fb50a974fb16265bb81e01691934002b28c162b53e8832,,,0.0,,,0.0,0.722,6.0,1.0,7.5,8.0
2c37d2fe4b15131e82d8832a455f9ff6b2ced3c01f953dacdf62d1c870ee1e2c,,,0.0,,,0.0,0.6,2.0,1.0,3.6,123.0
be5e20728179cd5759882062975fd9af1dc9d1948684ba1c3006f986bfcce21f,,,0.0,,,0.0,0.6,0.0,0.0,4.6,82.0
b08e317b87bba2d1eeb7d26cef76dd5a302e50b922753117a58a5d7f8091776c,,,0.0,,,0.0,1.96,0.0,0.0,7.5,62.0
4d62b0fcfa692f0886b0afb9af14bce544ea4e4242fe53f0b4a8039b15934233,,,0.0,,,0.0,1.618,6.3,3.0,4.9,
fffefe3d2393b9d46a19376be0071b092a4369f5e19302636f7574ab4be5bd40,,,0.0,,,0.0,4.426,6.808,13.0,,499.0
3c33f26b0d7c522a559db9ffed63db047a9643198deee1bc243fceaff215b469,,,0.0,,,0.0,0.6,0.0,0.0,8.3,11.0
35a19d928c387b82e0055209ea6c4ae0d9c558942c5249436de74087c5d7fdda,,,0.0,,,0.0,0.6,0.0,0.0,9.5,18.0
27bef54de1c09149275d9e33dcd2d7ec994392267a8e37fdcd9493fd23916eb5,,,0.0,,,0.0,1.898,5.5,4.0,4.7,518.0
2d4741a073114b633eb0c960deba8d454fb0fe5a5c5dd85cd48247c46f62ebdc,,,0.0,,,0.0,0.6,0.0,0.0,5.5,13.0
8b8f633e35315dec07d82a9c1971f23e543454486bd51766ba9ad02727cbfb7a,,,0.0,,,0.0,1.933,2.0,1.0,4.9,248.0
f85764f5f6e63dbd9adbac25ebc1ee057a3f528f67745701228277a79fc39bf1,,,0.0,,,0.0,0.6,2.0,1.0,5.9,
e2e16085a39474adc6be65c6cd946e8d428e8671044268b61597cb96ab84ee46,50000.0,,-50000.0,270300.0,,-270300.0,0.6,0.0,0.0,7.9,16.0
04d6d8daf99bf9712485d27e1b15b853245d99d706345edf4fc65dedfe9cbb86,,,0.0,,,0.0,1.618,4.0,2.0,4.2,411.0
13f07dbf735564f9b6420e2b03a45c2ca3db9780bdfb329308526e8a504ffb25,,4600.0,4600.0,,25419.6,25419.6,3.545,6.667,3.0,9.6,5.0
f1461e3851e47c0504a305f973d8f905e59690457c698aece43aacd80827abc6,,,0.0,,,0.0,0.6,0.0,0.0,8.1,13.0
a1b2fa985e78a0c87057bb73f3542e3c23099f1a640cf7433524105637359bad,,,0.0,,,0.0,0.6,0.0,0.0,4.8,5.0
14c475a84ebe495effb0a77cf5761cd14075e8c73ee8f261baca9006e0d7b5fe,,,0.0,,,0.0,1.279,10.0,1.0,4.3,13.0
0daaa8c91ed7803bb42c0d64f3a8509b4ddae731c2dd46da22bad2c6192a6d07,,,0.0,,,0.0,7.172,6.1,95.0,,15181.0
eb410f61a54b02a556e9146d8c27c18c9bb144a465e05ea8f364316c0dd6513a,,,0.0,,,0.0,139.713,3.75,12.0,,1747.0
b0277662adaf00ac0de07c3945464d0a5ad2a65db26cf48b789ecef327996a0d,2126.0,,-2126.0,11118.98,,-11118.98,0.692,0.0,0.0,,19.0
d124a1106eaa5403374ef4cf7945656d1791ebc8cd2b23278853ccd00b7bc2c9,,,0.0,,,0.0,1.37,7.0,1.0,8.1,11.0
5c8aa7c7edee51c8d08c97ff988858b6b56d2451ba97fe718f2ea6a36c8e12c2,,,0.0,,,0.0,4.817,0.0,0.0,6.7,269.0
dcf69cd55780f75a37e1c4ce593a23a82b32b1b1cdb06e1648019eb0ff3c2aa2,,,0.0,,,0.0,0.665,0.0,0.0,5.9,
eff25be77a063a3ce26a37ad26c1c5c58e8f15dca1317c1a9136f6fb3e0f61a2,,,0.0,,,0.0,7.497,6.0,13.0,4.9,149.0
711e2796d71d43fdb0b2d04eadceb7b64b90096c9b6a4fbdaf2d29ecc77490f0,,,0.0,,,0.0,0.6,10.0,2.0,7.4,9.0
117e30c4614196438a20d9fb49952a515f9a5a27ad2779abe1e8eab356145620,,,0.0,,,0.0,0.6,0.0,0.0,,
66dd751838b0e94944aeab0cc00a8a43f118296053227646ea1da4543a2aff18,,,0.0,,,0.0,1.162,6.0,1.0,5.6,86.0
508870340f792102a353b74d5f4444f029536f3edc31ac92338a9a607481acf6,,,0.0,,,0.0,0.878,6.0,1.0,6.5,14.0
3004d74d5d14e5dfe6af9f307e98941dcf1a09beb5c8c57282229d1caefcd067,,,0.0,,,0.0,3.302,5.188,8.0,5.6,571.0
8266c1b804ef0437a619401c86e04f2d7477394a26f32b4aa1d83f05c1c77006,,,0.0,,,0.0,0.6,0.0,0.0,7.2,27.0
4a3ab543044a345cddd1aabde2304b3c6eea33a96318d3b251159d721b8aa7b0,,,0.0,,,0.0,0.6,0.0,0.0,6.0,28.0
525a5ef66d6aca0dc448e77b44b2618f2b7f6889deed8344d9a1968734420dfb,,2000000.0,2000000.0,,9702400.0,9702400.0,62.301,7.8,62.0,6.8,19770.0
f1dbbb7bc88b3c090c74f8d390b5b497d1ecc4132341a5fec1730a13e4869c8b,,,0.0,,,0.0,0.6,0.0,0.0,7.8,24.0
81799c788d408b441cc41fe5ac13737b31e5d11e0ea7fdafbd4b1a183370067f,,,0.0,,,0.0,0.6,0.0,0.0,,44.0
4e8ba78645f5415a83afdcb4f5f9e220500a55ceda165f637eaba48a12e62925,,,0.0,,,0.0,0.6,0.0,0.0,7.8,
8080a7597cda5b647965375c3467446e860202fed61adcef1aef19d0a6cee4b8,,,0.0,,,0.0,1.4,0.0,,,
ea1294b96f54ce502c420a0ed2148783d36eac71ab5e7581adb6984cc39687b3,,,0.0,,,0.0,0.698,3.0,1.0,9.0,9.0
ef9f562633b8d5bcad59cbdf022f434cebefb441109d7296d77ff35b4f471f77,,,0.0,,,0.0,0.927,0.0,0.0,7.1,118.0
595ee5b2040fb75b46c7113a94ceaaf68f797745405e4c9c919da9f3430bdfff,,,0.0,,,0.0,0.6,5.5,1.0,6.3,
d69db822e43e413bb3947f923e2a73a5fca216405b1cd15c2fb4ae97d038d514,,,0.0,,,0.0,1.793,0.0,0.0,,292.0
eec4052ed117680d89f03400a3b6c8c319b9e75126c8d015ef2ab3fee036fdc7,,,0.0,,,0.0,3.64,3.846,13.0,6.6,193.0
e809a1cd3deabf9610fc0f18fe5736a2a5b3c8a1561e53507d83d5c428a3b051,,,0.0,,,0.0,0.6,0.0,0.0,8.1,60.0
6dd583480b44c75beec6e328b8d9a4638eb5a75fa4912d9e63fa02b856179682,15000.0,,-15000.0,47511.0,,-47511.0,0.6,0.0,0.0,7.8,22.0
ec4709a1eabd7d6e3ae6b82d7bbf65fcf21fe9a45b1e5cd22d0f5731cd8a2e22,,,0.0,,,0.0,0.6,5.0,1.0,6.9,81.0
f51b089e5ae5b522c64e0dea649d6da1ecdb2c946ea1b8efaded1b33472c2eda,,,0.0,,,0.0,1.353,0.0,0.0,4.8,153.0
ad2d2e42219855e49acf1d582ea699e29d59ed2462bfe8712f7f2914a33d4060,,,0.0,,,0.0,0.66,0.0,0.0,5.8,36.0
82b57fca517baa37129e197a65c2cf412890ef7626b697efba7eb63ae808c56d,,,0.0,,,0.0,2.544,8.5,4.0,5.4,82.0
0dca204f34a25d67102dea27d345eac2044de3287be7536c809a61db8489b67e,,,0.0,,,0.0,0.73,2.5,2.0,5.2,940.0
e9a0bf98899f61240c2f4d2198ad9440d07a62700c737794df5778e8445c3758,,,0.0,,,0.0,0.6,0.0,0.0,6.3,34.0
c1826a9f450e6e0562cdc4f496d7bcff3827020358819ccd650c8de43ff2c176,,,0.0,,,0.0,4.626,0.0,0.0,5.6,1713.0
456849a3f21ce549943ecefc841384926117cc1b598498ae6b9032a2e1cb439e,,,0.0,,,0.0,2.42,7.1,5.0,7.0,546.0
6661826ff5dc285e84adeb8fb7742db73d17adfc1c3198816495c43daf4abf7d,1000.0,,-1000.0,5280.4,,-5280.4,0.651,10.0,1.0,8.1,7.0
accbd211f04a70235ed738eb3ed10d8e0e501ada9e0ff6198d4814c00527ad33,2000.0,,-2000.0,9889.8,,-9889.8,1.4,6.0,1.0,8.2,17.0
7d96b87c274220bdb6bc8cf40e2bacf9c9a35dc6a80e6a9fea8f6ab153e3ae75,,,0.0,,,0.0,0.6,0.0,0.0,8.5,29.0
2edcc45a8e7630dcc011536efff7749a31b21bffe8e1a7b8df68a191bbfe675b,,,0.0,,,0.0,1.024,7.0,1.0,6.7,119.0
e6c93c2e21687e63f11cc09f8bf31ac80e77cebac9525d3d773b31179eb9961d,,,0.0,,,0.0,0.952,7.0,1.0,5.9,948.0
426a051bc69e80e5780d38a700335dd157a116f22e8bfe75ea8e86e9b6a03fec,,536.0,536.0,,1918.5,1918.5,0.6,0.0,0.0,8.0,12.0
897f3f5d86e017e9567f5e29e9c121877d72572eaba582b915afed84c3d203c2,,,0.0,,,0.0,3.926,9.0,3.0,5.5,204.0
188d7bc75c4585cedf32177f14bfb4cb57bc33fe8c78d30d489279d88a02781b,,,0.0,,,0.0,0.6,0.0,0.0,6.0,20.0
83126b40aa10fab8aeb69cab26b5fee2473a42a4559cb2e3bd380b1ed31251c2,,,0.0,,,0.0,0.695,2.0,1.0,8.0,52.0
bc64d3c26bed2845727156b22f936033e7fd0f886be1049daa6cb5fe572243c2,,,0.0,,,0.0,3.09,8.0,4.0,,306.0
0e9c6bdfa04406afb51b694c0338efab8b84a8f423761e672bce28039adb73ab,,,0.0,,,0.0,1.87,0.0,0.0,6.7,33.0
b30a04bbe17ab531d4c4668827da4bee8bb43828766601837fbb7dbf813feb6a,,,0.0,,,0.0,0.6,7.5,3.0,6.1,310.0
3a40b105a2c080353a6e0d7737fe31b5ab4dbc446ddfac5c3aced84090e28556,,,0.0,,,0.0,4.459,3.5,2.0,2.6,386.0
623bfeb5e79a03a8579f9961eb9060d03bb4228926350d697bfda59664eb210a,,,0.0,,,0.0,0.84,0.0,0.0,8.0,8.0
e0909865fe4f9a9170ebdf3c711dc54e9d653342f689c100e5037e94236be13d,,,0.0,,,0.0,1.65,2.5,2.0,4.0,227.0
cf0b7fb5155b913c4984651a38945cbfd6b14f66db17b8a0e19883b7e8734982,,,0.0,,,0.0,0.6,7.0,1.0,6.3,24.0
2006167946d9ec01f169e8023b2bfe95231e1a229c4282921c57456b498ae37d,,,0.0,,,0.0,0.659,0.0,,6.3,32.0
e9ea8305dee03814d0b2c4e2ff004e36dcf1a89ab5a219152b4a7f57aaa3587f,,,0.0,,,0.0,0.6,0.0,,7.8,
616796edd9cb5a6bb5e55cc3ddd85493630ca22e32ff730c0bd7d2f528bcfd64,,,0.0,,,0.0,1.663,0.0,0.0,,
3b8343a1d72dda67be0ba3165cc524d38c0ae6d3cba4cae361d995d31bd52b21,,,0.0,,,0.0,0.6,0.0,0.0,,62.0
3dad6e7e835c3b35f34ad3da4bc06cee9ad6c3b2cd72dfe04ba253afd1df19f4,,,0.0,,,0.0,0.808,0.0,0.0,5.9,44.0
32a11a7138c054c83d672ff9ec0af50b560922ef3fc39d66cb351695de3eb1cd,,,0.0,,,0.0,0.6,5.167,6.0,8.8,
f9378877cfb9cc8e69c21cc2c39d48839d9756d8ce7886b0cb22ff8d7b6f00d6,,,0.0,,,0.0,0.6,10.0,1.0,7.7,8.0
0a867dc052750f16028ee57e7fecee2a450546d1ec8f692fd67777f61bb40f47,,,0.0,,,0.0,0.6,0.0,0.0,5.7,9.0
f58ba40de764ba719ffc6834dae7d8259f34c8c349f8fd31bc97c85224e6fe9a,,,0.0,,,0.0,1.711,2.0,1.0,6.4,9.0
e81193957c20d59d556f9abc6dd0f1fa0f5471c17fb37feb30b4316d5a568745,,,0.0,,,0.0,1.537,7.0,1.0,6.5,525.0
fcdd2a45fddda0dded363488f0305d92020a5884b80a24bbd5b1bd40e340db1a,,,0.0,,,0.0,0.603,0.0,0.0,9.7,7.0
5438fcb48e51ee69d681872a989dd68ad488db7a639b693892d405a00cf9b0da,,,0.0,,,0.0,0.76,10.0,2.0,6.6,98.0
a4c3c4ab6b9e0ae27bdb10e6a692c00e0b69231edbc3412d13555cd05897aa29,,,0.0,,,0.0,0.718,7.0,1.0,7.4,53.0
273c851e70883a62bf7c55cf5553132466994a91c5a3f4f3469a92df5fa73c14,,,0.0,,,0.0,0.6,0.0,0.0,5.7,29.0
2da450168c44d4d6c3a312030882e9b225711605c68d505dd9c198b6a95bd2fb,300000.0,,-300000.0,1537440.0,,-1537440.0,2.271,6.3,3.0,5.2,778.0
c2c83afb4d0253aa5f8dd8550e8bc179cb35101adb094f071e1d82757b5481aa,,,0.0,,,0.0,2.008,0.0,0.0,4.5,127.0
261a0d54095bee35216b26e8d0653623668a0fb7c881e44faf553c05369f70c9,,,0.0,,,0.0,0.6,0.0,0.0,7.4,27.0
c04d4f6792556a44220c0929736b2334bbd3f8d8d51d2c0bb2da0723c12f8fba,,,0.0,,,0.0,0.714,0.0,0.0,5.1,156.0
59e2b5c0d79bffdc121faa24f435134baf2993e55bb128317209df3228eef8c4,,,0.0,,,0.0,3.417,2.0,1.0,3.1,276.0
bd57121e9dcc502b733679368416c2bbd8f6aa8183f027252daf2c5b9fe11308,,,0.0,,,0.0,0.6,0.0,0.0,,72.0
17f1c3a471aaebae5720d96c855c961c3735c2ac2d08ee4d2e262db7c8db72f6,50000.0,,-50000.0,253990.0,,-253990.0,0.802,2.0,1.0,4.6,28.0
99d0b6e9a3ef1b544d061b8778d22b48b244a9a9f76f974bf26bde9d5853d1d8,,,0.0,,,0.0,0.6,0.0,0.0,9.0,
1a194e9469824f5804bff9be9b5f466a0881213bea2c58d2aeabe2d2c0d4a391,,,0.0,,,0.0,4.013,4.7,6.0,6.1,772.0
a71a58cecd5236a72a87dde71b6b039949fe2ae70ff788dea5bb3a0e84b78dfd,75000.0,,-75000.0,365782.5,,-365782.5,0.6,0.0,0.0,5.7,11.0
90839bb747d9ff79252c1e22ead112fbb015d23d4ab0d097d887e0f9c3b45e85,,,0.0,,,0.0,2.628,0.0,0.0,3.5,440.0
78158de07cd8aabea97c652da40b3edb0425d3a6caf23a7a724f040a29bf7496,,,0.0,,,0.0,0.6,0.0,0.0,8.2,27.0
3561f89aa80a318095594a3402db3129fbeb721a76161a78908d7cf50c98e6ac,,,0.0,,,0.0,1.637,1.0,1.0,5.9,83.0
ba24dc3b66e6eb11befd8f8db696e77347518ecf0e79b50a52e887f2fcde58b3,,,0.0,,,0.0,0.6,4.5,2.0,7.6,52.0
aea8a5f60a61cd655ccce402ffc287c22c1458078042326b65833d9a1789644c,,,0.0,,,0.0,1.4,0.0,0.0,7.0,12.0
2a3fdc1ae76130547dd4f19c439d0f8095074edbf940e0b603041321d9ca9499,,,0.0,,,0.0,0.6,7.0,,7.4,25.0
9065818667c2e37494c483268e59119ccb6cf5bb2804ba88ac0c5949c3f93b13,,,0.0,,,0.0,2.94,0.0,0.0,,2143.0
b0e3c997cd49f3621bd9aa2ace28420e3c8df5bbd04e4c3f51cb3e3a1a8d9344,,,0.0,,,0.0,1.521,0.0,0.0,6.9,2266.0
afd3bf1ebc0b1b461756f32be53f08c3b9c600d5f7ec966591603cc6887eadd5,,,0.0,,,0.0,1.397,2.0,1.0,8.6,21.0
29b50665eaf85eb6bcca1045f36f34e273752a3db70aac2c21c713c15ebe1333,,,0.0,,,0.0,1.4,6.0,1.0,6.4,97.0
ed37bbf7d5047823b16831a41ad1fdf7507615ee47560d88925bb57a840a06bc,,,0.0,,,0.0,0.71,0.0,0.0,5.0,88.0
82c9a786dfb72d9ab739ec9664182207c5cd28ad5fdbcc564cd582be60b78c53,,,0.0,,,0.0,32.166,6.929,7.0,,
8ffd4eb58154d8ac4060fbc0e89092968c8c053c0f75081fc0144bf0e0a59139,,,0.0,,,0.0,0.6,0.0,0.0,,24.0
0028972c0655d53960b691b1d16ab6107bf235a904147ed94b524c119c3ac70d,5000.0,,-5000.0,27096.5,,-27096.5,0.6,0.0,0.0,4.2,43.0
2de8fcc7a77034dabd066a341a259138bec41ea63225fccaf0ebcd9b9b649821,,,0.0,,,0.0,3.063,7.333,3.0,,1361.0
0abec6eb64f5af62c8b3e4ed0382882e375b9aac88fef92364d77dab38745274,,,0.0,,,0.0,0.627,5.0,1.0,4.6,291.0
71930f434df0d59ee1d45aa3be25a28f283f94fb3437c832c47d3831abc1076e,,,0.0,,,0.0,14.473,8.2,35.0,6.2,75.0
d0dde6953506a9716109ec47630b93aa0ae286c711140877c1fdf90935b58f2f,,,0.0,,,0.0,1.148,6.0,3.0,6.4,46.0
22b76625ffc90a7198fc91320218ea6168212b9790b7759dc5140b433bc44589,10.0,,-10.0,52.59,,-52.59,0.6,0.0,0.0,5.7,31.0
469cf70a07674a42398b3bf2a89773a4a7ee8877ca1ad2a843211472a985c7f0,,,0.0,,,0.0,0.6,10.0,1.0,7.7,108.0
159b243190b8f4b60a3868f5c4ea772ed23d0b802a167998da6183f90a4fad83,,,0.0,,,0.0,0.62,0.0,0.0,8.7,26.0
1532c2dabf35dcfc6416e47af73c60aa6a18714dc4dd74d2dac37e7704299158,,,0.0,,,0.0,0.6,6.5,2.0,6.1,28.0
fe413cee042df6d1ae630e46de567693bef832d166cc097e12644e9c8324cc2c,,,0.0,,,0.0,0.6,0.0,0.0,8.4,15.0
aa8aebb755863c43fcb07016dd93409f3041e642d6e4987f41083ffa635286c0,,,0.0,,,0.0,0.6,4.5,2.0,5.5,254.0
c2063f4318eedf471e3c1d13213fce5e7aa7610e3b1af4a795ce665316321f2c,,,0.0,,,0.0,0.6,0.0,0.0,7.9,38.0
fe660c0133f116a07a1d39c7b3650d7a36b4e75bbe68ac7cddadcd3bb2104218,,,0.0,,,0.0,1.4,4.0,1.0,5.8,71.0
e52c21f86d71e58019a75b46cd747f67f583dc2fa434af65420f1cc2f944d745,,,0.0,,,0.0,1.713,0.0,0.0,5.6,108.0
dc8fceaad441c782bf1878d3ab5c3ce7809f3d46dea247ccdb7dfa591e456eff,,,0.0,,,0.0,1.4,7.0,1.0,5.7,327.0
cd6fedf40cf24524f7543c911ef7593301d725b1c0bde2d93832d4adf86e13ce,1000.0,,-1000.0,5143.9,,-5143.9,0.6,10.0,1.0,8.1,8.0
cece1a5d9730ca0dc0c1558dc96951066f9adb0604ec60acd73994e7911ca0f8,,,0.0,,,0.0,0.6,0.0,0.0,9.0,12.0
58d51b98df169f24101d0fde355019c9bc295e09f2f36b3caab187e39ce7bd8e,,,0.0,,,0.0,83.547,6.447,94.0,3.3,1862.0
91a5eec5b04b07a8368fe218ff71f0e82761c95c9a78eab0c9e54cb0837467a5,,,0.0,,,0.0,2.923,4.9,5.0,2.6,401.0
f5490d582148be65f7444df807ed065436f799aefe160dbd92dd52d9cf5dd829,,,0.0,,,0.0,3.781,4.4,5.0,5.5,1048.0
c63d699d3bd69485493a10235e136ef5babee08b480924db1a08da5f658a0b74,,,0.0,,,0.0,1.4,0.0,0.0,7.0,95.0
25d1a4dd899f98b9e4ee5e47f9af65acc8780be3415515578cb77147f0026c50,,,0.0,,,0.0,2.478,0.0,0.0,7.2,39.0
1bc35087f95e2896deec129eaec5b8a28c65cf9a0eeab2e1b7dd98264be785cb,,,0.0,,,0.0,0.6,0.0,0.0,5.7,2088.0
cdd86fe680abbe214d3087debb4195bc886e8f86bdd41caea1395948eaba7d83,,,0.0,,,0.0,0.846,2.0,1.0,,
d4fa32c3a59d93e6d14675a1e59c5b812f9dfa63f431524bde96abb16fea098a,,,0.0,,,0.0,0.6,0.0,0.0,6.7,491.0
559905f6093aad94f29e176b4dbaa2bfe3d0fd7409048bab26b1557229bdd5b8,3000.0,,-3000.0,14464.8,,-14464.8,1.051,0.0,,3.9,
247943cf3173e5ee4ab62a8e58f5d1de3d210a7d3c5d8322a178ab7b67c706bb,,,0.0,,,0.0,0.6,0.0,0.0,4.5,15.0
61f0ac76f5d21b8a839ca5d48ee8e37c6b1abe8a90acdb060e70d2cfc8b6edbb,,,0.0,,,0.0,8.379,4.7,6.0,3.4,44.0
9f29c447f695da21201cb842d21564ff4f484863c9ed471588422c48570d0f9c,,,0.0,,,0.0,0.6,10.0,1.0,7.3,58.0
234a7ccbec2d79ec38e9f0d39d14edb694d819eb626ea9659ecf5d5ad10d6055,,,0.0,,,0.0,0.6,0.0,0.0,5.9,88.0
76a32cf18fb7704c7b3cdc952759f669dd5eea1c076ac3f0c5c3b253055b56cc,,,0.0,,,0.0,1.96,7.0,1.0,5.3,63.0
b747857be406690c89de89a00d81f78f9c1d29ff93086a4316146c1febb87ac0,,,0.0,,,0.0,0.6,0.0,0.0,6.1,8.0
075ecd341cec10fdee945bc0ebc139dab8e5084935634db2268800b98e147354,,,0.0,,,0.0,262.437,7.4,5.0,4.8,509.0
fe4d0d0a37bd825072551b27a559d16069a629778ebf42d96a40830c4926023e,,,0.0,,,0.0,1.764,7.0,1.0,4.9,468.0
c7ef16a2003698fb2840f9b797bfb4116ad27630d7ee58d1839113bc04e8b2c5,,,0.0,,,0.0,2.117,0.0,0.0,7.2,58.0
33c9c6f423fd6c873fb651542a18b97e4ef9d3009e719895838e337e16fb2db9,,,0.0,,,0.0,0.921,0.0,0.0,3.9,96.0
f2cef9f65da92230733cb2abbb85911fb25be194e1ebb9c0b30cb23cf1a3c1cb,,,0.0,,,0.0,1.05,0.0,0.0,5.8,16.0
9e56577ccef0f1b618c8cf98ff8b57938426ec00621fb189c5e78ad36e423fba,,,0.0,,,0.0,0.6,0.0,0.0,7.2,
dba5eaee1412aa893eb1c0b0bf775e84f6745d8db51492efcb401578e84b94e6,25.0,,-25.0,121.51,,-121.51,0.7,0.0,0.0,,20.0
6427536c9b0348612a39c664bd0c5aca58d8e0f0eb7909680aee2f85b49cbb7b,,,0.0,,,0.0,3.099,5.667,,5.8,256.0
02275441760c409c616de50fbe98a07fac61c4c28a556cc5636a635c2d7cd553,,,0.0,,,0.0,0.6,0.0,0.0,6.0,594.0
d50a74781590470093bf625156a4f20f23890053dd74286a926e206bc95727d5,,,0.0,,,0.0,1.01,0.0,0.0,6.5,88.0
3354d1396572a706ef55d32e3dc7284de47ecf5e9381d5d9aa3166e5d85a9ecb,,,0.0,,,0.0,1.237,0.0,0.0,5.6,1279.0
9c3abf737ca94702fbf122a7ebff8c275c7edc0c6f7cdb58e9a9c09a4db9c3b5,,,0.0,,,0.0,2.923,6.0,1.0,8.3,19.0
7166fc01b29656784c70f9135b0984dd5f773fff2f6075c7dd4aad3118271f2a,,,0.0,,,0.0,0.6,0.0,0.0,6.8,6.0
50b299d52fa3505bc8390bfbd485133811b06f4f3ab7879c0c77b3ffa35e0786,,,0.0,,,0.0,1.591,4.0,1.0,6.0,6322.0
21ad1bd7b4067720987c2f4eaefd32e4cd15af784b9e7ac69ba3ba0c987d21d8,,,0.0,,,0.0,0.687,0.0,0.0,7.6,906.0
194f1539ab22b4d97edf48e06423651cd309680df8195ac0f11ef1006a11918f,552.0,,-552.0,2065.8,,-2065.8,0.6,0.0,0.0,9.9,11.0
30832ed9f20e69496f941e8b24842a0cac0395e51410e720a5c3f573cdfe0c31,,,0.0,,,0.0,11.424,0.0,0.0,6.4,52.0
2ebc1e0d3cc26043e288e9b112e0406a994a31bc377e7ca204c45422916032fb,,,0.0,,,0.0,0.6,10.0,1.0,6.5,28.0
d2e42ade071aed6b3571e3951c571b6047311d59e36bf2b33b8bcec808202047,,,0.0,,,0.0,0.6,0.0,0.0,8.1,
85233d2d523123160b2149619bc5129649c266ecde338921b873b7096728383b,,,0.0,,,0.0,0.6,4.0,1.0,5.6,
8416f77b5707ebe93852d78b355ef19bfb6e3e484d732f2317c538f662c08173,,,0.0,,,0.0,1.029,4.0,,4.4,59.0
66ab2ea01bfcce5e016b7775d814c8d523652adceea9c5db6de63a578c9ece3a,,,0.0,,,0.0,1.067,0.0,0.0,8.3,10.0
9b83e6bc83f63de2102ada1eb3f9cef1701a98a5b18593e198cb72eaa3cdd330,400.0,,-400.0,1987.96,,-1987.96,1.11,0.0,0.0,6.1,18.0
0019ddcd5a49dc7c49799e4e264ac3957bfeb4d5a8db48731f366603da9d0366,2500.0,7500.0,5000.0,12362.25,37086.75,24724.5,0.6,0.0,0.0,9.2,15.0
f823e05688e99cf02162ea4ab02990248eb7e773b46fed7da715f5372c46d8b5,,,0.0,,,0.0,1.316,0.0,0.0,6.5,27.0
dac49906bb5538a321b7dc7c2f3904155cb5c4b07f1ca3c35b80d320a352e367,,,0.0,,,0.0,3.084,0.0,0.0,4.9,135.0
b6916540fa74fc753cae3e78133d5a07f0cb4fba7073f5b0d4e908f21f1b34d7,,,0.0,,,0.0,0.6,0.0,0.0,8.9,20.0
dacd493bd6c58e0e7df58d029418dd9b2eeb76719349866e2fa83b53d8b90b5a,,,0.0,,,0.0,0.6,0.0,0.0,8.3,8.0
cff079c10bf953f637a46112cf39ef67487fc8155aecbb76ee399885f272d396,,,0.0,,,0.0,7.422,8.0,1.0,6.4,783.0
f7526bfc3e99c2b074726c2c47e48b7b729bdf9cc1e044d22223b016d99ab1e9,,,0.0,,,0.0,0.6,0.0,0.0,9.0,157.0
e03ac6864a1fdcbea521db7a1df66175ea757a266e13cc0cace65557082fffd9,210000.0,,-210000.0,1045926.0,,-1045926.0,1.062,0.0,0.0,6.6,463.0
ebce745d690c4cb65cd26854b109d2a4de86b91fcf6d6b6ed4cb4ebc90e4dc89,,,0.0,,,0.0,2.983,10.0,,7.7,1450.0
bcc83a24a50579afe15388bd1359a41a816003b533410ea91720c726278db70b,,,0.0,,,0.0,1.334,6.333,3.0,5.7,81.0
8d07c05c9cf9ecc42be7a3b73131cbba78e074165ab7930926babacbb5f9df3c,,,0.0,,,0.0,2.353,0.0,0.0,7.7,75.0
2b7057d0bd0c981ac040af9a0a4de336522f160d9394cd2f09e6a424df7bd1e8,,,0.0,,,0.0,10.404,3.0,1.0,3.2,829.0
237d85fd808ef484a24c94a1203471112f24c0d2d2d688f1426fcdf566cb1d7c,,,0.0,,,0.0,2.629,0.0,0.0,7.1,85.0
672fb5ef18bcb8b793a60fe4947d83b34f08fb91a2ab95661431f55e782664eb,,,0.0,,,0.0,1.223,0.0,0.0,4.0,339.0
9d3630baf41c4986db61062cb75d7f4d15c25817211fb5b57e0fa6bfb4e1d603,,,0.0,,,0.0,3.497,0.0,0.0,3.4,258.0
97bcc3aae811d08018dcc0de2abf59dc648cad0089473fefddbdc25d4712e225,,,0.0,,,0.0,0.814,0.0,0.0,,82.0
afb1f089751ec781536606afdba568d18ba07f0d230363430865e4181e7e9c15,,,0.0,,,0.0,0.6,0.0,0.0,7.8,
0cf08c3fb3849602056eae125a314ce3fc57e4f3c3176d73ea917818f4247112,,,0.0,,,0.0,2.363,0.0,0.0,7.7,50.0
97256f16198e16996b148f34ba0f4b2393ab54a8a3bb931b9b903ae8e837cd72,600.0,,-600.0,1956.48,,-1956.48,0.6,5.0,1.0,,
a6df5b992f85f2ccf294e073eac7a934a31738992369be97395aab21519e5fd2,,,0.0,,,0.0,0.6,0.0,0.0,6.6,178.0
e3aae58bf7f587e2d74a50bbfff093128c60e3db25bfc30a86562c67713e1a80,,,0.0,,,0.0,0.6,0.0,0.0,7.0,301.0
0c4ec960156b7f082473289875178c0e5b2662657afc6160b83f4c9796dd1825,,,0.0,,,0.0,4.298,0.0,0.0,5.8,1522.0
e80821390e98fd974a3fca59261ea4313289621fcc3329a31adfcb9931f86060,,,0.0,,,0.0,1.4,0.0,0.0,6.7,37.0
47bcbf833024ad0b18e0d469be73a5552547baab32fa3395cd0ec16cdcc56728,,,0.0,,,0.0,5.379,0.0,0.0,6.4,
91078691aa065c10559eb169ccf5fe14e6890e0666c36c3ad6c37a72ee92673d,,,0.0,,,0.0,1.4,0.0,0.0,6.9,54.0
c1223d35e6eee9500aa1c092e075820f10ca289a38d75abfcfebab333a9321bd,,,0.0,,,0.0,0.6,0.0,,6.5,18.0
196ed87ffa7912a895998a102e3a877802af88f6fdbcd94c5bf95ee3e777b0cb,,,0.0,,,0.0,5.379,8.0,2.0,4.3,156.0
39a095135912b043034c0d5b203455a0dfb61860e298ef54b0e1598d082f63c4,,,0.0,,,0.0,0.6,0.0,0.0,8.9,38.0
04875d6ba33b03f0d2efdecf1b07349a2237ec50435146fe7a96fbc237ddca8b,,,0.0,,,0.0,0.6,0.0,0.0,5.8,23.0
32553eb112e7e9c1e4a9ed1b50ae4e490eac6006c9697374718d35b35be19022,,,0.0,,,0.0,0.6,0.0,0.0,6.9,20.0
44f91c2fcdb4061f6979320f8ada3be2f18ad6b6c8b112a4b9b66442b1c1705a,,,0.0,,,0.0,0.0,0.0,0.0,4.4,14.0
b0e55303a04a62f18352cf3b8b8fad0746456a90d104f32d8f4c20b3d64c4d6a,2500.0,,-2500.0,12200.0,,-12200.0,0.0,0.0,0.0,9.4,10.0
d50c0248cbe2bd28ad6d1c9142c54709e524e9f0423051268cdbda4f927231fe,,,0.0,,,0.0,0.0,0.0,0.0,,41.0
b1c3c5495f96b126758351b75e73fbeb84a1df986c559008c445927b25f2f128,,,0.0,,,0.0,0.0,0.0,0.0,5.5,10.0
4e086f70a6b376b4d74f0ff7cc7b0aeffc2a5598a0e9d1bea9583f5723f4fa6a,,,0.0,,,0.0,0.0,0.0,0.0,5.3,131.0
c20b05749ec316e9b7f559668af3718a749c02ca446e28811fa3ff0bb383337a,,,0.0,,,0.0,0.0,0.0,0.0,6.7,12.0
a46f2eb6e1351bd731f9b0ba5d383d70bfc529c5ae499485c34810c6e5338c63,,,0.0,,,0.0,0.0,0.0,0.0,6.0,28.0
c62762aff7e15c28a46af033a445b2acb7e9bc16e6d7d6a1a33cee7a5d4caab4,,,0.0,,,0.0,1.4,0.0,0.0,5.5,
e877fb85381db0adfde6219ba4f0b69362bc709a04020ecc1a8a0bcf53b14541,27566.0,,-27566.0,99540.83,,-99540.83,0.755,0.0,0.0,4.5,78.0
13f7cc902ef8c1198c8ac12a45475a1c68ce6321f01cec70fb9ae33ae17fd4cb,,,0.0,,,0.0,0.0,0.0,0.0,7.7,95.0
e5d5719b9de824cabae50152f9b48a0c5c08df0b4d4688e421e6bc93d11dc88d,,,0.0,,,0.0,0.6,0.0,0.0,8.2,14.0
4166ad0861361006b27d8ab1dd8a3a1a539a4fa2f557c6d67c2d005aebdc8a73,,,0.0,,,0.0,0.0,0.0,0.0,6.6,202.0
b5c2b6deb59cf9eac39365b1faf5d38def6508d8c37d0fbf035484d6ce4778a3,,,0.0,,,0.0,0.0,10.0,1.0,7.0,768.0
965fec3095f28869765fdc7b0940310d9aac4121b99062c472636329ba3ae30e,,,0.0,,,0.0,1.4,0.0,,7.0,34.0
7de1e1b3ecfa57ed9def7c13ecc9c1688bf06f4d509c88aecc9ac26755297885,,,0.0,,,0.0,0.0,0.0,0.0,6.1,643.0
7eef344e1c2f049d96ef2f01be9e26e2b7726a174f6e4c3923a538b14044f4ac,,,0.0,,,0.0,0.0,0.0,0.0,7.5,14.0
ca9d8f488f4f3ab4073e0c4834829680341df29b2afda1a5588e997c3cbbaa2b,,,0.0,,,0.0,0.0,0.0,0.0,5.8,123.0
cec0d9476f2c948ec879d13c547c3f0f77eeb0a14f628063de3c430f814f08c7,,,0.0,,,0.0,1.4,0.0,0.0,7.1,18.0
b0f8e4b075a71449107816cc73fc3c4936f93fdfbaa99eb281f212644c4883d1,,,0.0,,,0.0,1.4,0.0,0.0,5.8,37.0
4017f0045f90cb90ea2f25f6ccdeb1c7e4b386045f89739f4eb4da57813ea362,,,0.0,,,0.0,0.0,0.0,,4.2,48.0
2365eb3906f88766bca864cd6ddbbb6597ea06d134d1460718310c625fefc42e,,,0.0,,,0.0,0.0,0.0,0.0,7.0,28.0
0f8db69c5a809e8aaf368fc82ecd60714b065000095d721f0eff02e1f83bbcc5,,,0.0,,,0.0,1.061,0.0,0.0,6.2,2584.0
f9f67c0912da8851e4898a9e05154114ec18e323c32a27640cb443aaf584427a,,,0.0,,,0.0,0.0,0.0,0.0,7.8,614.0
7853da9f97e2127ee248d1db8111fbf9f99291eaebe79a9c5dc33acf4dc40257,,,0.0,,,0.0,1.4,0.0,0.0,4.8,
72c3e1950d35b7fdcce689431460155f7b9bd7f57868a676fdf7f49759febdd0,,,0.0,,,0.0,0.6,0.0,0.0,8.3,308.0
15c2e0e28014434bec78a0c4b5d0437e03c5a7f531e9abb23a8e5db74940b377,,,0.0,,,0.0,0.6,0.0,0.0,4.3,143.0
862da342fda877e81f81570f316db45a0cbb5399c8758eeddc62aa05284d8b53,,,0.0,,,0.0,1.4,10.0,,9.4,33.0
9b076195028ed5ef7da856a706ed73de222c08790fc896860263a60e07b2e709,,,0.0,,,0.0,1.4,0.0,0.0,6.0,20.0
1d6611600c146deaec001c411ec1a4939e860eeefd7ec23192182220279090aa,,,0.0,,,0.0,0.0,0.0,0.0,7.7,43.0
dd9ee1146aa46b0c5a8ebd4a4244004ec583c3b0dc05d1307f26291f4f773397,,,0.0,,,0.0,0.0,0.0,0.0,8.1,23.0
110aa5053aa3b77fa364d044720e2ac0c5caca3c23212972b8cd975b4873ced9,128994.0,,-128994.0,663506.44,,-663506.44,1.4,0.0,,8.8,10.0
beb7590cfddd9a0f2846a0d9aba01cbd9480a7e29a6195c7f11ca58bca16c415,,,0.0,,,0.0,1.144,0.0,0.0,9.2,
0334157fa75a33f6e183ef7c07a99f01772a96e3cf991ffd9f0c673b3f0db2c4,,,0.0,,,0.0,0.681,0.0,0.0,6.5,37.0
f32ae8661c0174a47dc059c40c912a8a359db09c09993cfb1d8ce525d86695be,,,0.0,,,0.0,0.6,10.0,1.0,9.3,11.0
29cc9af681d85bedc304026121c5212b922978e0e60409dbab48ee8f60c27227,,,0.0,,,0.0,0.0,0.0,0.0,8.7,31.0
e854d77be577f439550bb5db04fd9d79c458755d7dd614d23be3da3e7fa6fd7a,100000.0,,-100000.0,528990.0,,-528990.0,0.6,0.0,0.0,9.4,10.0
00e02dc1f826258f454b2af49666c9fa32259ad47d465680dc189b403e7e9dcc,,,0.0,,,0.0,1.4,0.0,0.0,7.8,7.0
83393615de55f5a0b9d2e1ce6bf801280ae991b410f24db1bf0d9df335a5d06f,,,0.0,,,0.0,1.4,2.0,1.0,4.3,6181.0
cb4a34dd2060bbbc23206c2ff78a47c632d87e452ba8f7540153f3205a17ba77,,,0.0,,,0.0,0.0,0.0,0.0,7.2,5.0
73f42457720fc6bf5bc8ddeabdccbafb5a7f3d306a36f96857f9ca721d2d7eeb,,,0.0,,,0.0,0.659,0.0,0.0,7.7,9.0
64e6494d1a560e2cf86d49ca8139d96536d32d25c628703cbfc24b3a274a59fa,,,0.0,,,0.0,0.6,0.0,,5.9,752.0
e2b5b4962068de5bc19308b9456d822a15302c06493670cdea27b3fb5adc060d,,,0.0,,,0.0,0.0,0.0,0.0,,
6a4a78e161a051dc1c137a14a2f894f9b73f2811b3c3facb564e0b7852be7a0b,,,0.0,,,0.0,1.4,0.0,0.0,5.9,123.0
600033fbcc88ca67e8e39e1d6ba089b0d86d4b82217b600fdc7d8739e558562c,,,0.0,,,0.0,1.4,0.0,0.0,,
080cb1e2ef35059f76a83857c6750348100f64f7069b893ff776267d03fb522e,,,0.0,,,0.0,0.0,0.0,0.0,5.7,119.0
36a69bf154b391991aa6e8e2be160a5635fc6742fa3f25a73d7bbf8c9680934a,,,0.0,,,0.0,0.692,0.0,0.0,8.0,
a6a0ee8385b16d3ef67b4aef223d3fab585cc0ee5a34563a3e3ec0d1453c3ac8,,,0.0,,,0.0,0.0,0.0,0.0,9.2,11.0
3d00f96119f16c0541bc9275ef1fe596a1e146ea8d9a2969c31ea06a8fcbf3f5,2700.0,,-2700.0,13379.04,,-13379.04,0.692,0.0,0.0,5.4,13.0
50a0149adca2cbe1c2e9ac0d5c11f7265b4bf1fb524605447b63881f8f39773a,,,0.0,,,0.0,0.916,0.0,0.0,6.4,4767.0
fe44e3dd8bcb86d61641509d6d6d4d4574bd49ab9cfbc71adb32a3ca88d1834c,,,0.0,,,0.0,0.6,0.0,0.0,6.3,3318.0
a760fbafcd3403e0188874ff6d39346274c4162e48cbe0b427914a31699fb652,,,0.0,,,0.0,0.906,0.0,0.0,6.5,10.0
9b99cd6b0b5647d8edf49c7df9150096d2bc62718b9d58da8eb15cc06028bac8,,,0.0,,,0.0,0.919,0.0,0.0,7.4,35.0
5e846aee2b8aeed5efb3597c4fdc1de11a8629f9431253b3e7952d7b99cf4b0f,,,0.0,,,0.0,0.663,0.0,0.0,6.7,10.0
b2188a311fe1bae88d22928aefb076ffd47337d7b54d41ad602dcd55c5019c95,,,0.0,,,0.0,1.4,0.0,0.0,3.0,57.0
5f98af01b5eb724b8ce4f26c12cac4cc4bcbe82cdcb26ede5bed8c59adc9e153,,,0.0,,,0.0,1.4,0.0,0.0,5.2,7954.0
c56070e5824fe673220faef99dc4ba5271ef6bad8af1d96e464b9e043c2fc555,,,0.0,,,0.0,1.4,0.0,0.0,5.1,224.0
442156933068f72019dcabd3bcf5931db2fdc5189db2b9349d6f0a6206153bff,,,0.0,,,0.0,1.156,0.0,0.0,5.5,66.0
5a31dd9e96509950568863d9c7fb89b279f75ef6d5287b27356d07c59819c82a,,,0.0,,,0.0,1.4,0.0,0.0,,1640.0
35d623ee76919d3e6d39fcc1c8592fec53f3174b3ddb71ed80423163cdc182ba,,,0.0,,,0.0,0.6,0.0,0.0,8.8,8.0
9c729c8e65492a6e02f53d1a705aae821c5f1d2951f173b39552efd850e52bbe,10000.0,,-10000.0,56752.0,,-56752.0,1.4,8.0,1.0,9.1,9.0
7af63e246f63a62cb21af6c676863a1f1d5e9831f9b896636e90f289fa44967a,100.0,,-100.0,489.33,,-489.33,0.946,0.0,0.0,8.7,37.0
85e0a8b6c44bc1fdaa7a8de01011b75a3d7275bac33eaddf96e00ab6318bdacb,5000.0,,-5000.0,16212.5,,-16212.5,0.655,0.0,0.0,5.7,66.0
d98fcf7d879dcc49c86828f31927d01cb93a05b336d4513301dc63a7211b22b4,,,0.0,,,0.0,1.4,0.0,0.0,8.1,23.0
2c4fc1fbb3d615ec9a1ebf6d789bc9778b479386119cd18ded22eb4f30617b51,,,0.0,,,0.0,0.6,0.0,0.0,8.5,27.0
ecd5d0c637faf2aa77ea2bd181aa8a5468ac35225b26471c3c8750cf6e8366de,,,0.0,,,0.0,1.4,0.0,0.0,7.2,
553044d36b0185977564b5ed682f8d3037f80ea02742f0539a54053be1949afd,,,0.0,,,0.0,0.656,0.0,0.0,7.2,
2639111d74378088ab9246290e3ea93d67a1ed5e97d10cc9ea55851f9f267f0e,10000.0,,-10000.0,52708.0,,-52708.0,1.4,0.0,0.0,6.4,12.0
dfebab7ed3b1a1c40ca35f73fed8a0b3fd4f171beac5c5a343e98cb845e2c813,,,0.0,,,0.0,0.6,0.0,0.0,8.0,47.0
b9a44a7bf089f9fea33cc865cfd673f30f9cae97ff54e6e2e36e749c7a67470a,,,0.0,,,0.0,0.6,0.0,0.0,8.7,83.0
738b341f2eecdbe721aaa1537f45f111169165934b7541ea02aa1c3696aaedc4,25.0,,-25.0,92.96,,-92.96,1.4,8.0,1.0,7.7,2880.0
c9ff63299c4f087798ab1d40b7baa20dbb7b59c10dd7bab98746b74db035063e,,,0.0,,,0.0,0.697,0.0,0.0,7.5,262.0
3fec30a5979c79900ca79d387090921fe18bc76a4f53d3c42f9fa2f522b3cec4,,,0.0,,,0.0,0.0571,0.0,0.0,4.3,
9a2e397cdfad61c8e5064734d323340c1151ec4760b63d0f4168545bfb67bd43,,,0.0,,,0.0,0.0143,0.0,0.0,7.7,1940.0
4ff5445297ea30d5e715cf2c7312bbc4553e36aac44c6f5e9ade8274399ba8ee,,,0.0,,,0.0,0.0429,0.0,0.0,4.9,66.0
1a48c2ec28f97a2e1131e6dd81212e0411b9cb3ec80652d0c420b1b8a104743c,,,0.0,,,0.0,0.0071,0.0,0.0,6.1,139.0
d0f5c2314f68b9514912b8702376d56969c244030cbc94f904de2f3a9d1225fd,,,0.0,,,0.0,0.15,3.0,1.0,4.3,6181.0
d12f13e58d9bbe586cd0d71dc27bf753013f235d00d9a052460de203736bf196,,,0.0,,,0.0,0.0,0.0,0.0,7.6,171.0
b585fe1befec36cb8dac92da2d82a9e5c16c9bef6e4a8be888e9f3feb2da3412,,,0.0,,,0.0,0.0071,0.0,0.0,7.6,171.0
43824e5f3f7300d9fe9c21c580308ed9037f713f00df5e4d6ba8c8e9b1655215,,,0.0,,,0.0,0.0143,0.0,0.0,7.5,779.0
75c43f9e2c8dde68ee712335bf13535ac8a9dc16c7cd12cf52a0f883d7a393f5,,,0.0,,,0.0,0.0214,0.0,0.0,4.3,6181.0
353c9d0e932c0d695719edb5ed3a507ec6ff50da4cc84d1f92a59f0620cc43c8,,,0.0,,,0.0,0.0143,0.0,0.0,4.3,6181.0
e44328bb7c22957ebbc0f54b204f20524314e3de9423f1c7b73d7791c0fda94b,,,0.0,,,0.0,0.0071,0.0,0.0,6.9,739.0
6d7f3d81b002c9f289952fc91e8b3b3af19fd75e97072b6558dbadde79567741,,,0.0,,,0.0,0.0214,0.0,0.0,9.6,1462.0
6325b3d89244c936a3922d281675fd42452bec1ec1ee91f9550d651967ab0cc0,,,0.0,,,0.0,0.0071,0.0,0.0,7.9,2420.0
5e410dc3b25a2d6ea0e2df8263cf8af6722826daf8f3683234529a2c4bbcb9de,,,0.0,,,0.0,0.0286,0.0,0.0,5.4,445.0
8db7db44c59f87852ca30631f1f50163b5ad78fa8cce60591cab0d816328e6df,,,0.0,,,0.0,0.0143,0.0,,5.2,6632.0
61b6dac72ab6df93aa883703e3ae2e97e75a065a2bc057be248e4045934ea97c,10000.0,,-10000.0,32632.0,,-32632.0,0.0,0.0,0.0,6.0,152.0
c7a8f7c0140ac8bf23096bf812df6ffde634c34e2414a9bbbf73aaeecccd0764,,,0.0,,,0.0,0.0214,0.0,0.0,8.1,181.0
