sk_movie_review_id,sk_movie_id,nome,nota,comentario
df4a836d846a7e6d4dab49f0df28c047dba8f232089218f59dd7318cca763242,4d81da0bfeaa92b62a76ea12295933ffee06fda2fdbb3a69e95ac09b6879e480,Sandra Nascimento,3.2,"Decepcionante, esperava muito mais."
23ac0e028f0eefb926a64cdca8c935a9461e716099dcaf495359f413276e7e7f,908fecd994b12a3eabb488d0613a78f266eab11603241d469eebb3bc4611cb3a,Isabela Lopes,2.3,"Que filme ruim, não assistam."
fc5e8e2289269fa9569ebd03d1b6b61ca58de6822179248a61bc590fc09486ac,990fa2cac3ae0cdaf01a0d4172fbe67e302e5a600bd4de2bc02b99c3f0d074c0,Patrícia Barbosa,7.5,Muito bom! Vale a pena assistir.
cad9475aa45b96879d83a129f25bb792e32dfa276bca6ab7b77839487f13c2d7,84b49056e7972b72e387ed8c04be23b5c1f426d27062e8f57bd62ab5b2f13b54,Vinícius Cavalcanti,6.9,"Filme ok, nada de especial."
f2a268fd21cb280d8c4e2d5e72e8516a4da9c9ba84bf341bc0d8140eeb6d5016,bd09bb88cf7997e5b5bf0f519c087d228fcf4a9366d1dee5bd33927db522c54b,Luciana Fernandes,5.3,"Aceitável, mas esperava mais."
0b3c41133b15b052c60450baf168d1827715d29a69bc26089900ab44e436ecc5,8f1d64122f03ab882bb1ad25967e9d3a690dfaa2d0e4f4a1a6068f5072c67850,Marcelo Lima,0.8,"Terrível, um dos piores que já vi."
615edf2b0ac4f5f0b7802d67ed3bd17d4437d44fb4a0eb2513a5cb619465c47c,4e086f70a6b376b4d74f0ff7cc7b0aeffc2a5598a0e9d1bea9583f5723f4fa6a,Gabriela Barbosa,6.7,"Mediano, tem seus momentos mas nada demais."
53a6c6c34a5f8bce3c51dc9296e989e0bd1e0e20fbe34b856fac7c23f82f6b3f,4d17e8b9f038f08d16d2762125549d9ec209844cc709b294303c6dc0e5027288,Adriana Fernandes,8.4,Muito bom! Vale a pena assistir.
5acd815cbd96ebba52818c1db0236ebafbaab16f0e15650c44718159f7703fa5,d070a2eddec34ce3bb3a64236e5c6830afdc930b1dc2105d613cfe7b6580197c,Ana Cardoso,2.3,"Terrível, um dos piores que já vi."
851d3a7fd9535d8934c7cf0a7228e50319cc583c30934292bf768668c69c42d3,177aecdd6dbdde6342ca6b868de4d1dc96182e1eb9278361334a632dff84e346,André Moreira,5.9,Assisti até o final mas não me marcou.
50faa413d9af7040f37b3a004efb7b218d1c601072e4b8b8808f95ec1be94407,0137dbbbaa955fa1c0772044de8a19c8d1dab97d2c3b15c1671667a25a1b7c35,Mariana Correia,8.5,"Adorei cada minuto, uma experiência inesquecível."
97d4f4f55e0ae4310cc51e19a2a50be61237e1bde8388e066c6007a4380b2ec7,b467d84916e23a3756e21933abe8c2b27b30a063fea8c7e246d9b15242fea838,Vinícius Cardoso,8.3,Filme interessante com boas atuações.
0c025e0f2442bd541ff06da37ba7a8d751deec4a570a2a67a6e5e3c3313a3dc9,64e6494d1a560e2cf86d49ca8139d96536d32d25c628703cbfc24b3a274a59fa,Renata Ferreira,5.3,"Filme ok, nada de especial."
0987979d3c5dea83b4206903f19f16a0f75486cefc4ab739b91b445686bc73c5,fffefe3d2393b9d46a19376be0071b092a4369f5e19302636f7574ab4be5bd40,Daniel Ferreira,0.2,Horrível! Perda de tempo.
afcc6e6df8e6dc5033ea328cdcd8f6224f8757f910d6ca304a596b6115516685,2c98246dedd025a348c40b1cdce48dd7d8e8d74374229e40bbfc155273afa49d,Thiago Martins,5.8,"Poderia ser melhor, mas não é ruim."
51a41aae06b5d589a9ba5c2b23866393764637a2497a07944e3562c8858c9287,a92999422ab7d3195e25f2ae6b661dfdba6ddd01a98576198bba79b56d188ac2,Bianca Teixeira,8.4,"Gostei bastante, recomendo."
dd5441fc40d4c8776d4a684a0e4eec8fcb2408dddb581fa04106e5052b24cb3f,2ebc1e0d3cc26043e288e9b112e0406a994a31bc377e7ca204c45422916032fb,Gabriela Fernandes,4.0,Deixou a desejar em vários aspectos.
d495aa2de874338db5ca7b9059be8367254791632b4d56e9b64ab862b54ac955,71f4228d360b3f285a6a4770f10d8298792a52e5ace9200273134487a41aa1dc,Bianca Martins,0.4,Horrível! Perda de tempo.
c62f1c093edc85c848ac754f861a23d33e7f44a7b0bc8ee2e3ee529c2bef2953,bc64d3c26bed2845727156b22f936033e7fd0f886be1049daa6cb5fe572243c2,Beatriz Martins,8.1,Filme interessante com boas atuações.
d4662b3a7932d030a413bf08ec811fe726ed1d9a615e4a87a2a7cc216c2dce02,8f2da2c7d6d5718f5578c29d8631d13a7ce5f7b93cc0cc9eabad8ca24e84ab19,Adriana Lopes,3.5,"Decepcionante, esperava muito mais."
07a324d5b2c096f9478531f55a69b6d5b910b59cb8602c483f18b3e8f27bc6dd,7f7c8ff1d9b2e67be04921e3120803def8eaa61bfa0963e9e4b2ac274148e06a,Patrícia Barbosa,5.0,Assisti até o final mas não me marcou.
7c25644f79f6bbe649db4c111990e49198570b56e2ee00fc2eac10829b6ab497,559905f6093aad94f29e176b4dbaa2bfe3d0fd7409048bab26b1557229bdd5b8,Diego Santos,1.1,Péssimo em todos os sentidos.
0e845b5b588cefe6531b4f14e2ea1a94d7445a64f0d3f0674ffd9f2e6ed69b7c,22b6c181759922cba0d9757eb8db8dc8b6daf49917ffae4e7cbe65d83a20578f,Claudia Barbosa,0.4,"Que filme ruim, não assistam."
ee0f15398c2a0edd53cf3f135709997e61433a7e13d51bbbb3502589c27b0231,b5752f794fab8d94fd4c3046d3f753efe736512371e3ad72e3cb795d332cf028,Vinícius Teixeira,1.2,Péssimo em todos os sentidos.
c7871e7bf265904325405953884acd74e42b72a5903e25a41df45d15d07835db,748ffc708db3613c31ee5b475855a8ae2da62857be7c481d0116b1cb9829301f,Vinícius Cavalcanti,7.8,"Gostei bastante, recomendo."
7ea04478f01258b1e0739d778f2f06c15a74fadd3793c400a16d9b90445f335b,0028972c0655d53960b691b1d16ab6107bf235a904147ed94b524c119c3ac70d,Sandra Souza,3.7,Deixou a desejar em vários aspectos.
5ad4debe9a329d18107653320c28f8fddc3b85f8b97b073a78f80a6b8fbd08f9,e2b5b4962068de5bc19308b9456d822a15302c06493670cdea27b3fb5adc060d,Daniela Pinto,4.3,"Ruim, não vale o tempo investido."
cf800da403a5e11e453b2434756cd8bf9722428cf182db9dbe662979fd4dd630,5b95d873d8dc7331d86ff082ece480e5a3231f362732d5629552fb986dcea2b8,Ana Dias,2.0,Horrível! Perda de tempo.
bfe0d53d48adcfde3099bf51a695321032efa815afd4120d5611e348a93de0c7,7a56bcf94e4d37ae008edd568fdfe3c15065b9664160e7b0b62e2b5c132d7914,João Nascimento,1.7,"Terrível, um dos piores que já vi."
0c0cf38e57427b5519f8cbfcbe1bb82b136ec48e1cff167a0c57b87947a6d482,61623278b7f38f163210ebeff2a42d30b59892996cfc9c59b0b233bc81c64009,Thiago Ribeiro,1.6,"Que filme ruim, não assistam."
e9440808dd8fafd5fe05e64513ebe2c0920011b7e5a39cf26695c3f353746269,d58124a9f36574fdffba0cfa894de3c29883b44e7ba6e19ab08d5aa91ee68a45,Juliana Ferreira,8.7,Excepcional! História envolvente e atuações impecáveis.
f0facf6cb2ab192a82415431133a6b8b3692a6392f2d40971b60c732c6e8213f,285793af66f47ff6ed9a65eb91810584bb411d5184face9362b0752a096dfce2,Larissa Castro,3.4,"Não gostei, história confusa."
0251c2736ada78c18bc95091bb6eae8184d52c40667cac01ecca8602064d7907,c614ce56ffb138738f64d1afed5687d7f9f2302f0437c5d936879771f2123c82,Daniela Carvalho,3.1,"Decepcionante, esperava muito mais."
7b1a28c8486704ffea0a7a8ddce8f6f758e132b6c6ef8a43ecb579865fbcf38b,a07d94df5824549a13189e62920f4cade336cd2492f572235434b193c2f48f70,Maria Reis,10.0,"Obra-prima do cinema, simplesmente espetacular."
09a83d9175a08c0040caad8b7bd34cbabf8afe3568a1b02392bc324e53346c02,30832ed9f20e69496f941e8b24842a0cac0395e51410e720a5c3f573cdfe0c31,Juliana Freitas,4.1,"Ruim, não vale o tempo investido."
064ff0fd0ad55d83f6616d7d8cf2073b3a3a7089e9f983c77c110342a1dc553a,e44328bb7c22957ebbc0f54b204f20524314e3de9423f1c7b73d7791c0fda94b,Diego Barbosa,1.8,"Terrível, um dos piores que já vi."
a299790d5d4e172c9590ed9fc8ade5cd8efabd8afe3e06e2394953271508689d,159b243190b8f4b60a3868f5c4ea772ed23d0b802a167998da6183f90a4fad83,Carlos Castro,3.6,"Ruim, não vale o tempo investido."
68b734d2361efa9dd3440890963850269d31843d856a67a1eafcddee03010eb3,7905f7c952efc5fd3f94ab0ac6f5ec95f2c69e42c43204680f9b087900671a6b,Diego Silva,3.8,"Fraco, não recomendo."
a44cc96a95451eb401f8ecc2e059fa367b81e40f7faf0427225f17748fbce8d8,e96dd2a6db0a00b1d970375f378ec8b870b9ec55c8625ccb9c7e14299f28e2a7,Rafael Cardoso,9.2,"Adorei cada minuto, uma experiência inesquecível."
7f11ba63c92c8a8e8e6cee488242018d974263778798ecbe8984096ff0df5ea2,c21f6f57955b7da323cf2953656bce4415ab29a0cf29b8a7d17ab8a2ff1edd62,Ricardo Castro,0.4,Horrível! Perda de tempo.
31749881c4d3cf64672c516d7efaeeaa01dc0e87460e9c040c0125a1b99803d1,d0f5c2314f68b9514912b8702376d56969c244030cbc94f904de2f3a9d1225fd,Daniela Cardoso,8.3,Filme interessante com boas atuações.
ec6be506879b36b2f74c260b4b3f27686aa7503beb77e2bf52f706bcfdcc537d,9058c9ac5ba0677ed74f1891a8feb72c8c03f1c461537eef925091162a356ea0,Diego Dias,9.9,Filme incrível! Recomendo muito!
2dde5fbf51cd0fcb24bf9f1f50ff29f94189b1520b336744fd2e86373a2c5d0d,481aa762996522e4a866ed2022066333ee25f1ca3277884cf0edb19869b5d23c,Natália Barbosa,4.9,Deixou a desejar em vários aspectos.
5e55ee6dc5e8e97a827b055e82696231524f653d45610a568fafb2fa705a6483,5a36828eca9d64d445f84ff68ad7e9d29004aa7b17b7937fef7891a47b6b9935,Juliana Gomes,3.5,"Ruim, não vale o tempo investido."
255f1e32d588baf2987f0c411c38de72e9125819193916d087d143a36af28d82,3554fb92b826fb5ab54b70942fd574e4a34e9524c7ca35b418477a3c3fd26584,Marcelo Rocha,4.8,"Decepcionante, esperava muito mais."
3685eb879458534f84fae9c51631c2edf5c13c383060fdb07cb55210294c6640,67e579da5edfc042b1d3ffac9ccb1633b2e70b5610e748f6e7eb5850e41f53ad,Mônica Rocha,5.3,"Filme ok, nada de especial."
78fe989f8aeb34dc9b267f9a46284a74b55be262984d9c3f64b5b52c07013339,9fce992e4bb995d16c4cdba155fca02a6b7c210869fbfc52d5eabf750c1767d9,Marcio Nascimento,0.7,Não recomendo de jeito nenhum.
23e26b81de80d4684a2e0d6325f30dc9266f284719f08c9da0c882436c8c6328,da03dbe250a3cdc4b14112866488bd51ae09e296fe49d89bc3ef526288cccfd1,Vanessa Monteiro,7.5,Filme interessante com boas atuações.
5d8388203f501c2f303f7d47e2795c3bde29ef0f514249be8f6f91faa39d3d03,965d5a686ad2e904ff995480b7244e8cc45d321cb7ede688d20a5bd7a953b44f,Ana Monteiro,0.9,Não recomendo de jeito nenhum.
3f00525f94777f01969d87dbda802574b86339d7f652e6996d15fd91305a382c,fa9475423610316e31f78edd536a76e1d6b3e1462b40030863c9afe7071c59ed,Amanda Carvalho,4.0,Deixou a desejar em vários aspectos.
aa375c431ca408dbf30362a77fbd1a67e8192180715b2d6d1f55aeffecd556c1,842f2c03b48e363e84a876b6b3c189e95066ce69edcd9c4dc7a11b4faf76a524,Pedro Castro,3.2,Deixou a desejar em vários aspectos.
8d834999d9c1c93ed6e617b668a99b1e09357b67c8afb46ff3bb06ae9dd2e801,96eed61edc0e70d968e54ef40b02ce2ade789975362f7eb88c3439018d89964a,Letícia Almeida,6.1,Assisti até o final mas não me marcou.
819b81503b5d8c287ef72c7cb0d0b558545c71fc12b2147468c36bf35e2ea471,715e7f58845f76061861d5ff028709ad74416a8cf4cb66f939a2ae1f01846148,Vanessa Pinto,6.1,Assisti até o final mas não me marcou.
76421bb5234c645e6e49ef30038543d2afbbf5f907bc4a59de9059beddb0d37b,ff9780fa7d1c3d5af545fcd1298a19a91bd87793af53fcc18bb77db4aa6b118b,Gustavo Ferreira,3.6,Deixou a desejar em vários aspectos.
2c2f8e739eecd21d5817baa4f86268fb0882fe8598dabaeabd97cc54e9c8c687,d97338017a291efb30cdfe85ff18900df3e758a268b1bb3f15b53332f6cc6fcb,Ana Cardoso,1.1,"Que filme ruim, não assistam."
c4833a8de012a67de9821dbb5efc2862e59938076d83a8d9d4334d82817d3e4d,5a31c7ed55e8751415b656f70cc860a3e33bd11573b290076a77f2d750c29ba4,Beatriz Freitas,2.2,Não recomendo de jeito nenhum.
6a156577f4df135c5eef1ed2490a307848a1677aafa6a5d4c51afea1c396905b,ad8947586a238637c788235c99111fdad40bf8aaa6ef224ac3bda1db175f4b81,Eduardo Lopes,9.8,Perfeito! Um dos melhores filmes que já vi.
ad935ac086f11ed69541143995651208c1b658c50f1a96e1c6bcdd05c9668e04,5358bf4c01e48b8fb3b126df0b70007bc47459225c93a19ed862d6e095328c91,Leonardo Ribeiro,0.7,"Que filme ruim, não assistam."
51bd6ca1846090dc0f4ec76ffeb049b36bd7d2eaae00fdef2e20c9805782c92e,ad2d2e42219855e49acf1d582ea699e29d59ed2462bfe8712f7f2914a33d4060,Tatiana Gomes,10.0,"Obra-prima do cinema, simplesmente espetacular."
1df6cd80bf9ca9019fdb20aa674ee35b48064f245ef34bf1168d21e5706afc32,c6b67f8eb8a63b3a89225182a968f084211e97c2d7718b43cb28fb996c76f19f,Rafael Rocha,9.2,"Obra-prima do cinema, simplesmente espetacular."
3432b8db60231c29982c47faf5c96b624f968569c28837d5e467756b7e23ed51,6790bd53b75b6cc060ad5eb443fe116cc482f157f006dfde719d046073b30c00,Priscila Correia,5.6,"Poderia ser melhor, mas não é ruim."
defb43e2a9983647577b9e063b5d45331ab459fca880cb0b789e2a025fe6c619,ebeaba7c1865bf0a398f2510082ad1a46c9f8ddef3aafa2b0a19e51ef03252a7,Mariana Carvalho,6.6,Assisti até o final mas não me marcou.
6d2ae2dabcbaa816cfc3e24c39df11cea78e6b1858eb1a8a4806f6e7fd0b0e96,3561f89aa80a318095594a3402db3129fbeb721a76161a78908d7cf50c98e6ac,Marcelo Rocha,1.7,"Terrível, um dos piores que já vi."
5f0618e9b0065a3d85d5a6020e9c0e141e6e97b6ebac7caaa0596328781bd505,2edcc45a8e7630dcc011536efff7749a31b21bffe8e1a7b8df68a191bbfe675b,Natália Reis,2.9,"Que filme ruim, não assistam."
673b71670dd30c7c98b87365290f116390ec2f308fe7a9090f5102f1b898986e,d2bde97825f7f36f41ff6975fa036a6aaf7661546d98f87815822d39b29178b3,Tatiana Oliveira,5.1,"Poderia ser melhor, mas não é ruim."
6a6ad52df8ff1386856791007bd3320c04d537728adf0d429e980c8923e620d9,e7b181d941388bac260ca207767bc24a83dc16820c1b10106e0e5a40d361ecd6,Claudia Mendes,2.1,Péssimo em todos os sentidos.
9f01d78261c241f0eee62df2cd8eab059775742859fbecde092982752a0c353c,d4fa32c3a59d93e6d14675a1e59c5b812f9dfa63f431524bde96abb16fea098a,Bruno Reis,9.0,"Obra-prima do cinema, simplesmente espetacular."
5701042a6a58e09d5ec4ef42bb67c2443c5c8d60851a5c31bc768a43626170a9,8a4e2a22c9e6810847eb023a901a22684223254b1dcf4fdef64ebb8f31ddb94e,Alexandre Almeida,2.5,Não recomendo de jeito nenhum.
f38326c9f0d1f4827b81386679566adb6397ddfb253543ff526d884187fe102a,bc856bf1ad0f6bb513cbe10070400328763f7058504a8181d6627d0b07c0a9a4,Mariana Correia,9.5,"Obra-prima do cinema, simplesmente espetacular."
d79e2d0d7928ea02ddb604bf154dd268eb4fc4beeed80223b4688ec29d09500f,d070a2eddec34ce3bb3a64236e5c6830afdc930b1dc2105d613cfe7b6580197c,Priscila Correia,8.0,Filme interessante com boas atuações.
6dcdc8f918827eceab090760a9c8fb0ea84337467555b3a3c280cc4f9897a62b,679e488bedf0a2277022f1694b944cba319a5ab21a843d14033ddd03a302dedd,Larissa Gomes,7.4,"Ótimo entretenimento, não decepciona."
eb474446501c8df4aba2fe3f9d3d80d3cee5d9ceaa1c99f516b992d6f27e89cd,8e44a2d6703eb31d8af7a1675288a92922ac981850c5b2da926f453400111f06,Diego Silva,9.7,Filme incrível! Recomendo muito!
60836f6e766a3b078e6c060566907db63f7ba33e053ed2d1299b07168886bd7f,6f28ea4b4f96f1b7eb1be2c7fc8ce984824f7df341514fd7dafbfc5b1fc29f31,Lucas Pinto,7.8,Legal! Uma boa opção para o fim de semana.
ffcdcdeeca3d34bfbb058f3163496c7d2b9f3c593e3df0cc6ec8a367b089b551,e3d8e5dbd542c8b039986e53028bee97e259705533a7de6f107b48c090b11055,Beatriz Pinto,0.4,Péssimo em todos os sentidos.
d24ae0d878237f06d21572926ba7387968ebbe2361e79fa25e76c3f11ef83591,c83c9243368568535cfe73fddd433e72f65dff1028ad6fb892093b0d80a88084,Pedro Pinto,0.8,"Terrível, um dos piores que já vi."
2d80d52696fc909c20315774f789ae75ec9bb7bae53efe5026354fce9931613d,f6eb7f4bb8c8fc9a69d5ccfefd88c3b16a9d6993d7e7b82c225fa3e4f3147f35,Alexandre Santos,7.2,"Ótimo entretenimento, não decepciona."
4feea304b531040d4e723f4c21d9f1e037ef09b9967de051779a49411c50c17b,6d3fc437cbee7faf2058ed7c160a9c104faeb6a7633857c9a9b24e407e1ee1e3,João Mendes,4.7,"Ruim, não vale o tempo investido."
903049b02b56b030d20d6654d973a3ee96513d1276268e46ef7d168c5db374a1,e9a0bf98899f61240c2f4d2198ad9440d07a62700c737794df5778e8445c3758,Vanessa Lopes,8.2,"Ótimo entretenimento, não decepciona."
46a957a0af67a2b855a9987dc4142c03e35c74b91fe0721cfbd1a3706f073aa5,481aa762996522e4a866ed2022066333ee25f1ca3277884cf0edb19869b5d23c,Carlos Cavalcanti,0.0,"Terrível, um dos piores que já vi."
312f63ae906c154aaa05088ca576cc1f82462f3d35fe53494c79c8ce33d246d4,06b60ebfebc3a85fa968d80d24204553399b9c756a9ce5997ad7daad22151780,Fábio Almeida,5.8,"Aceitável, mas esperava mais."
ae872669758c93c1a449931bf967e10159df1080126308dd773d311ceb731dd9,eb4d0680652cbdb7917b862dc14916c760333ffacd393f424e48c2d1461602c1,Carolina Silva,2.1,"Terrível, um dos piores que já vi."
d0ab3898817cf91b2d47c9e46b268713fb1bc36674c9b0eb8320924fb87e1c7a,66ab2ea01bfcce5e016b7775d814c8d523652adceea9c5db6de63a578c9ece3a,Mariana Correia,4.1,"Decepcionante, esperava muito mais."
488c825bca1c52b051cb0445e1dfc4f1dfc092841742665934e62c419bb31fcd,730c6b20e33b7d4450c5de7213b7a0e2b84e8019e9c36bb5cec14d1d28dfb2fb,Matheus Rodrigues,3.8,"Decepcionante, esperava muito mais."
42a67675df23d3f923d905c5076f1a258ca711d53672a1c5cec4cae014d0ccde,75c43f9e2c8dde68ee712335bf13535ac8a9dc16c7cd12cf52a0f883d7a393f5,André Alves,7.6,Filme interessante com boas atuações.
60dedfa0b6a12d025a295df535c003fb381f4c1008a95a7a4ee6e6de5298c1e8,e280d4574875e89aafbb3f5cf92185f25bc287aa05846b9b5348abb5740fee7b,Carolina Monteiro,0.1,Péssimo em todos os sentidos.
16115f4f2602ea7b1289d92a273fc77d69ccb6449f8435cb3cec77071af9cc66,5c2d8b159748c2d7e14e598d2aeeafa97ac7bf74681ff47bc0165c9b88cc5bba,Natália Rodrigues,7.1,"Gostei bastante, recomendo."
9ca1a68b2a01220cdcbefc3130eb465cc5a6f7a5b538ded9e8a3482f6f5cb82e,ceb2bf6fc16fca433b3ffa1b3ba3c6bd5f8f4e19689d9752a3828d7f2f00c19b,Gabriela Monteiro,9.8,"Obra-prima do cinema, simplesmente espetacular."
f4f83bfb4efa645eb716025ef871be2b366a727ad3b5177df53d68972aa8412a,d562b7e01c5e235dde8ebccd1d3c23627d2c7afc0d23b2c2c373652045fbfbed,Larissa Barbosa,4.8,Deixou a desejar em vários aspectos.
48ec4e9cce8f5b01f7843e333f4d1bb339d3edfc70cf12db5a72e3f057bfce8a,9c14f2ea133196203c1d64c1679937e4639fa1c92840ac05070d467df68a80bd,Carlos Reis,5.4,Assisti até o final mas não me marcou.
9d4fb75c5b4b6ce11cfa031b25cbf598e348fb5bd6416c4627cacbe325bf7389,82c9a786dfb72d9ab739ec9664182207c5cd28ad5fdbcc564cd582be60b78c53,Mariana Reis,0.1,Péssimo em todos os sentidos.
4712b0c6f0e3b163e398d420816aba44d07b904416124cf1ef71524c0f5e3d49,45636736e9120a74c54bc700197f4d7cf4395d9e6e47bb518f1b4f9b74609459,Gustavo Freitas,9.1,Perfeito! Um dos melhores filmes que já vi.
b1dc41563311aa00663a6e9c07db3f258b827bd5697fb49ea4642dcef6b62d94,f8a336676512d2fdac857a7c4fd40d05d83008680000ef3c3bd8b08f9d887590,André Dias,8.7,Filme incrível! Recomendo muito!
8b9c2220fddc7b74ca07228728030ff42c020d39a9c5eee703750ceef21464ea,4aa8ffb609424c5e654ad28200e380cd00fb3922d6daab1f989dafa17f08f7c2,Amanda Monteiro,5.7,"Filme ok, nada de especial."
d64e7b962f2e96710b5af6ab51af108b979b80c0c10155fac1d2f2da64f23a11,a71a58cecd5236a72a87dde71b6b039949fe2ae70ff788dea5bb3a0e84b78dfd,Diego Gomes,7.2,"Gostei bastante, recomendo."
1acbf59c7189302bc6ac88162171f928128892149cd3d12945b7f32b51008858,dc355cab28b4634879be8f45bd91c5dbecf3a2804d955b37e90dbc617ffdc16e,Renata Gomes,0.4,"Terrível, um dos piores que já vi."
ba1f4151992eb4665b88cd33e53b28fc6cd5873b9a188699a03e2f36f4cf1d53,85894875f0f6765bb15c2e7b08961b28fc53b2f252aac19bb6afd688bb6cdbf3,Bruno Castro,0.8,Não recomendo de jeito nenhum.
a9f175044971d3c674ce82d2591d17b46537b815beb227cc5fd7687c55e997ae,c2c83afb4d0253aa5f8dd8550e8bc179cb35101adb094f071e1d82757b5481aa,Gabriela Monteiro,8.9,Excepcional! História envolvente e atuações impecáveis.
773932964ce456d3cd12280a055fdbe2daabcc397121a654921a6cb601f5e642,2180bafba1e7f58438e48a581291e2f6065406a83103a5c2e36bdfc9cf68072f,Mariana Cavalcanti,8.9,Filme incrível! Recomendo muito!
c2b57759c3651c9518726b35fb5f371612e6c308836409747a7419f4b0b26c86,908fecd994b12a3eabb488d0613a78f266eab11603241d469eebb3bc4611cb3a,Larissa Gomes,0.4,"Terrível, um dos piores que já vi."
2a2447d64d9906b44ae7e716f4889741ea86a0f338ec00cfa359d0bf28b5f49a,effe9cafcefac490f0f1417c78033fb880db400ad4e8cbf4673ee9a8ecb000e1,Claudia Teixeira,5.0,Assisti até o final mas não me marcou.
1926e21985efbbc7245170e56b8d3c4c09094e1e598ff8596746976975c058c1,84c85402e8c6288f97af6a4df33bbff853e6ae32c3e51223ab792b98460e9f23,André Castro,0.7,Péssimo em todos os sentidos.
4f5e21b9252d6be26cc555faa01a2926dbfcc96c57a4d50ece804e8b5c145cb6,1f8df9b94487089fc3daef2550a28c54edbf341ad8ff786093df318ab2c8fbce,Thiago Pinto,8.4,Filme interessante com boas atuações.
196f0a6f2d03e222b10c23b2335b44a2a0226c7d74d22269ab99ff558beb2260,738bc25127651b3b1fef64f2f21cc6fd723505a394ee549aa11f6993c58b6c5e,Vinícius Alves,1.4,Horrível! Perda de tempo.
09d1176f4ee7980eaefd4d9c191e2f5a98b8d8c15757b61212ec766469b3c4d8,33e99ea3211eddcc2fe4e305190e411ae35440223a9c58277d4edab56306a711,Fábio Castro,7.7,Muito bom! Vale a pena assistir.
336dfa05e17df4f8ea34836de1423c5db571b45a3f8366d50ddb912737251532,98796abd2e35abc7dffd8115342c91f3ce37d0d60f9768b0d0ff20dc897a4b55,Felipe Oliveira,7.8,Muito bom! Vale a pena assistir.
4705bf0a9206863a410ed02cc42a0f4fc5a5dbbe277cd323ed57b520cbe7e8cd,b0e3c997cd49f3621bd9aa2ace28420e3c8df5bbd04e4c3f51cb3e3a1a8d9344,Mônica Costa,5.6,"Aceitável, mas esperava mais."
47e83b82f34d022ed64365a8daf5a92148bdc9b1bfe3631f4fc4ad8d3d7a8084,d3344ced5ac63afe7d0ac1133ccec0cfbdf35b2a61ff60bc5257b4eb5138521a,Matheus Barbosa,6.9,"Mediano, tem seus momentos mas nada demais."
4f5f40a815a5c997fe8b0a01fd0e7673af5462fe6cd51aa97103c30768c1f28a,1381a1ccb9ab53e7d3c166fd60567b27324d322856fab32c8703d320e062a888,Felipe Fernandes,0.3,Não recomendo de jeito nenhum.
b52fbfc5bdbbdbc09b7fb34fbda0d378640a07ee9fe672bf1a00ae00bfed69d8,fe0b5cc3d2808af492fa9e975ca9feb9e72e18615e3d9e4e85038b0269cd05b3,Sérgio Fernandes,7.3,Legal! Uma boa opção para o fim de semana.
847f4eec7ea1a7c21e47132cb2fb1491d16a7626324bd8b89f7c08cfa3f71815,1d6611600c146deaec001c411ec1a4939e860eeefd7ec23192182220279090aa,André Moreira,3.8,"Fraco, não recomendo."
2aefd4c454d5acc9a5b29dfcdc502961e25dff1381881555dda78445171dae38,b37bda70795a5b901a00d298b7be735a1cdd34e47145434dc34c78b518507102,Diego Rocha,9.8,"Obra-prima do cinema, simplesmente espetacular."
9897b395bfab5436cbcadf9cbf100b6789019e617f3c9e84d9048fd51954acc5,197caf0e6611c8e9ae1cc46a5968aeb40609619160101aeef575e3b79f9eb695,Leandro Rocha,3.9,"Decepcionante, esperava muito mais."
153da8cfee95021cfc3ed4cf3b1bf0bb7e4e3ea8fb2d32ded69c8b57d2d67cec,c1826a9f450e6e0562cdc4f496d7bcff3827020358819ccd650c8de43ff2c176,Matheus Araújo,8.9,"Obra-prima do cinema, simplesmente espetacular."
4b25944e1387dde5b128a1d0bdeca563ab6966879b55c100a78553e2ba930719,d769e0ca9d6d4b7115d0d1e414e1dbc5dd8c37f10a54f2d4732aaec005722ed7,Vanessa Alves,8.4,"Gostei bastante, recomendo."
a1101d0b3b68d92b6f2981cdc4472686bb69345c71451031895d31c00080f53e,32a11a7138c054c83d672ff9ec0af50b560922ef3fc39d66cb351695de3eb1cd,Leonardo Araújo,2.1,"Terrível, um dos piores que já vi."
6ccdf9ecb4f5bd7f7852c2770760581d68cbf116e606cbbab878df44466e7a9d,97d2bd349a1bf9da222ac2d94d2865527952219ad948c303868a21e7bf42155b,Maria Pinto,0.5,"Terrível, um dos piores que já vi."
0c5dd4ef64017e90fcd1c65367f63b86a05960fdd50d9a6e28849ddc84fc9f01,ba6f40cd0d6d1853375962d7d2a68891176b8d989568ba7265c9aff229487cc2,Matheus Barbosa,6.4,"Aceitável, mas esperava mais."
2e0bf5e8c86f9fbec4d1494ff999855b9c92da154d327d58974ec89f22e92d3b,22b76625ffc90a7198fc91320218ea6168212b9790b7759dc5140b433bc44589,Mariana Costa,9.3,Filme incrível! Recomendo muito!
f3b03718c518aa0a4e3f53f9ee7d4cb2740da5b1bc32d0141dbf77aea4a99e71,1e074ad606ad2b108abad94c82f9bb6fdd3ded2faa0f2b85080ad0ad6654c2fa,João Ribeiro,9.0,"Adorei cada minuto, uma experiência inesquecível."
9d851aa7c6c29dc206c5662a034b36430f440b0796bd8032d5a06bf234c3cf0f,eb3180bc59fa66829c4752d46c1610cd9d17f2496565d45b987f3ba00175eda2,Tatiana Freitas,8.3,Muito bom! Vale a pena assistir.
852170d2a28dc1a18bbd0652bc7fe0ada42d07aaf96af4f31e0fd621cfc80f32,ad95cfa3692c2eeb871440fc8d53a17f648042ad24e02028d1599d403b60664c,Daniel Alves,3.0,"Decepcionante, esperava muito mais."
a7900e9126e208da3c6fcfa213a163ecde704f3fbc9b358de7cf05dbdfe9b11e,e9be34f637b9cc97b4e438d906efbdcd58ebf8681ad20ac0b078734bc133c7cc,Marcelo Fernandes,8.9,"Adorei cada minuto, uma experiência inesquecível."
6cb4ef94059edb993871a1a54e09433ce397a42c744aa6ec02378d6cfd3000f1,6b043e5b07efdef0311745d701126cdaa7d058994d4b4b8998ce728f0f126c0b,Henrique Ribeiro,4.1,"Não gostei, história confusa."
b5e57d2ce3505554906d9e6c199966a5217cc147a20b4541cb9f129e4c5872a7,904ab92a8cc3c3dfd58bc81301405449bee801d876f0b8bba3a3d0d15b26641e,Amanda Dias,3.4,"Não gostei, história confusa."
a32794c89c0ef43b012f68aefe445c33a4a566489112e7ba18e1edf2304906e5,aa8aebb755863c43fcb07016dd93409f3041e642d6e4987f41083ffa635286c0,Henrique Pinto,1.0,Péssimo em todos os sentidos.
9f6a6c270e05c29bd85c2eff011b6354b875f12a5856c16346b747d2f48a5a8d,1098a1ccf340502c388b85a1e38d870f98678eee91be4cf63dc7d12a9fb6acc8,Thiago Silva,6.9,"Poderia ser melhor, mas não é ruim."
2b4582efa2c10a54529a0abe3a4cdd079b9f06d1f22c656ceeeec66207d0038b,84c85402e8c6288f97af6a4df33bbff853e6ae32c3e51223ab792b98460e9f23,Daniela Ribeiro,3.9,"Não gostei, história confusa."
1044e9aa6f894df086d9af4fb22c630f92ddba7d01f070ba39dc58b8354f2d71,b30a04bbe17ab531d4c4668827da4bee8bb43828766601837fbb7dbf813feb6a,Leonardo Rodrigues,1.9,Horrível! Perda de tempo.
bc23567525e040360176348384f6328e8ed5727947778a167514996fdafc732f,05198f84ec850977d4fd833a51090b3a4dae18913b5b9fbb4b974401a8f5f919,Bruno Mendes,1.3,Péssimo em todos os sentidos.
21f5b233e1fbff3ce3e1ddfb74972eaecbdcea453e6e8d537433092f607f9dd0,43824e5f3f7300d9fe9c21c580308ed9037f713f00df5e4d6ba8c8e9b1655215,Leandro Pinto,7.6,Muito bom! Vale a pena assistir.
e155f1cd9c421ba5a927f03bdee78203671e864d2eca9370d685b1570982c741,e9f97e14d66fcfd4f9dd32015f11662678801c1e938d71cb649a418a0fb0a6f0,Amanda Martins,5.2,"Poderia ser melhor, mas não é ruim."
cc546e4ed2f2f9905156d0bce1baa34f161cc5b2862e34a51ef3ff855924dc96,cb4a34dd2060bbbc23206c2ff78a47c632d87e452ba8f7540153f3205a17ba77,Bianca Martins,6.9,"Aceitável, mas esperava mais."
8a3b76f11d9865e0f81f19d253836ff560bc0422b8bf186e063000c4291394b9,0dca204f34a25d67102dea27d345eac2044de3287be7536c809a61db8489b67e,Maria Gomes,2.6,"Que filme ruim, não assistam."
5069f993cbd5baef0c2508548d805ef546c15fb76c15d9a7b06880967df3ec82,ec8241c067c0867e0db6b348351039183cade3a13818c9558a198394a64e96e9,Renata Rocha,6.9,"Mediano, tem seus momentos mas nada demais."
e21a04f7935be481ac3b51cf8b0ddab778f58536d1f98a112baf5bb8147fad67,c1c687125c8df183ef51219995ba4054ab1a8d952101354c38e93d916ac4a498,Leonardo Barbosa,0.1,"Que filme ruim, não assistam."
df6a95e7bc9236021a1ab5529e718651d173f174613c69ec1ef3dcd1ac8278cf,1b59d7fc633a2c5a5511bb55117c0196b390877d9fdccaef2e45722f57b15cb5,Ricardo Lopes,9.8,"Adorei cada minuto, uma experiência inesquecível."
36618444133372cac2d064cae3232d7e99682d75e397064eb8d7ebae41f81180,887157a5841fe89e86a22995bc5c3c69b48f134589fa3a36ec2c419a94e646c9,Vanessa Alves,7.8,Legal! Uma boa opção para o fim de semana.
ba7f7867662d12cd40e1b3b96f2f3d6a148c9029c83423e3d604e4916c8e3c63,2a3fdc1ae76130547dd4f19c439d0f8095074edbf940e0b603041321d9ca9499,Luciana Teixeira,3.9,"Não gostei, história confusa."
e60208402b9b2a46d25dfc955f92caa653d0e948013bba3d912da7c37266d2fe,591ab035b3b8e94c2855b8081921f99da3c4f02c66ef8559c375a426c773e041,Henrique Carvalho,8.6,Excepcional! História envolvente e atuações impecáveis.
72d6cafdf49bf9e8987713430f035a9c450b1ddd10fcb4f7167505f75e572ec4,e5ac0ef48998aec14e83261d281b7562cbc9b95fe752b59211a19aa4a1cceea7,Pedro Souza,7.6,"Gostei bastante, recomendo."
45b7d669d89966d2ec82736b9a78f15f0be29fd2aedd1f5d7a46b0a2f5e73f44,0abec6eb64f5af62c8b3e4ed0382882e375b9aac88fef92364d77dab38745274,Leandro Freitas,8.0,"Ótimo entretenimento, não decepciona."
f4b26096b3f4b154eb84923dd60e5783bc623b2174e8eb6d9e81ee175f1891d6,6b8be00a236f70733349afffa10980a6086396e6467b7a3605f5b6f1c0ced932,Bruno Castro,9.9,Perfeito! Um dos melhores filmes que já vi.
4acecaeef1be025d3d32c3c9209e57e34c69cede7b9bf38a656228f47c8fe0c9,353c9d0e932c0d695719edb5ed3a507ec6ff50da4cc84d1f92a59f0620cc43c8,Isabela Lima,7.8,"Gostei bastante, recomendo."
809d4d7dedf3f862b0767cd5392aab4f3fe50da06f6c1a48129897f42a42ef2c,a5b64b63e781ce063fdd16ed05594621fa83fcedf62899ef919856108315d1e4,Isabela Lopes,0.9,"Que filme ruim, não assistam."
be0fe97779a0aee135c5b55bdab7c0c7f99957e0b76916743ba06db5ed412e32,7c02e643490192828f18e2fcf803f015d86d3b7f7c7efeec7d60944e670c3f9e,Eduardo Correia,4.7,Deixou a desejar em vários aspectos.
c021ebe2d63c628ac675ccf7bf3353fad45143122b2777561900c1fb62f3623f,2180bafba1e7f58438e48a581291e2f6065406a83103a5c2e36bdfc9cf68072f,Tatiana Ribeiro,9.3,Perfeito! Um dos melhores filmes que já vi.
03594a302be8af1cef333543f7d6d7f077dc00e6533d273c2685c0fb19c042f6,b005c6e6950babb92b175b7a644108b88b91559f50b33c21769d97f017e25e55,Vanessa Souza,3.8,"Ruim, não vale o tempo investido."
8b348f28a75f7d22f34e0704b87671275846b7c4d0aad8036cc331a6701bae5d,3d3eeae83e6f557fd8f87cbc5b3a64952ddea70af7b3f1815499ad93f1c7fc27,Matheus Carvalho,7.1,Legal! Uma boa opção para o fim de semana.
94b5e09d989f0e3e9bb48337b85719356b31fe16e50ee0616b95aad51794741b,fa8928f5d0ea2bd982e758ebdbc766eebd26d7c499f1be71f55fa2d578d9c5f2,Sandra Reis,1.4,"Que filme ruim, não assistam."
61a303b490cc2a554fe7c324bc6c0b6b7c23cdce02f11fc91e248f84505ae330,8bd739b057ef220b8be238cd7a4e1c14a4c59d4ee4d0003a0e71da2228df7e6c,Adriana Ferreira,2.3,Não recomendo de jeito nenhum.
3f5159a267127b7cd28bee51418433e827365d61c0160a945f85f80cea1d6fca,a6a0ee8385b16d3ef67b4aef223d3fab585cc0ee5a34563a3e3ec0d1453c3ac8,Rafael Cardoso,0.4,Horrível! Perda de tempo.
b1cb1fa36b9fc684f3c9318ef392963bf39db8dc54144c10b10b8e325db9c341,b4da6f800ab5786ca30af3310c96550e9e3e9f750b5308980d7ddacebffd8467,Fábio Castro,2.0,Não recomendo de jeito nenhum.
037b051b5ac8d8850bfd3c27ef94eb7408e4ed2fa02e1ab218974ddd5beaecaa,42929523e2920f7f05338349943b27480a3c34a22858a8144f498faea0f3881a,Maria Carvalho,3.3,"Fraco, não recomendo."
c97fe05e170a57268c22665d58af4819e7ff79420f0a3dc6aa5852db26d03f36,06a7bcacb6a69c57df797aa8511bf9a3dbbbbebbd7467be9e7c952178f8277cd,Luciana Teixeira,10.0,Excepcional! História envolvente e atuações impecáveis.
6c39c7d5dbf4f034bb140a52c44fcd991483be228c2b42ed5c2520a8d8ec1269,3431243f59c246d73829d4a3eadc513359dd295b108af7e657deaab4916ca1e9,Camila Souza,4.8,"Ruim, não vale o tempo investido."
13622e5a91896211725ff5a93bdda2d342892fc71c2e84a073d2d0c99080d31d,c0ca2e7fe3c5cc3a85be0a93eee6d73d201a9d72a1c3bc6f8313de35c5667d22,Mônica Pinto,3.2,Deixou a desejar em vários aspectos.
daa20ca60ee63d90879daa7dff48694a5c4e3b4afdc5d2ac8f96394c61aad740,353c9d0e932c0d695719edb5ed3a507ec6ff50da4cc84d1f92a59f0620cc43c8,Sérgio Fernandes,7.1,Muito bom! Vale a pena assistir.
1ae54458b50b8fcb91330f9a404e8c0e8e39ede65a803e079da3d13bab858f69,9b83e6bc83f63de2102ada1eb3f9cef1701a98a5b18593e198cb72eaa3cdd330,Amanda Carvalho,9.5,Filme incrível! Recomendo muito!
fdb450d06df95e57133b75ca23d0113f1fcaea28c634f4b083c36e45fd12a7be,908d12dbd97c28d7b4c71b9233babdd7947499f95a98f9fd1cfa5edccb428498,Carolina Nascimento,6.4,"Poderia ser melhor, mas não é ruim."
b86b722a593d9cd1c5dbfbe1c1f5df1334d935a396c78221db51254f5c56b5dc,13ac0928a1e4a96638df5c2126da7beeb589d86cfd4e04bbe27a63b18427fc8f,Marcelo Castro,0.8,Não recomendo de jeito nenhum.
f72c183448247925d47579f7ef0b07e7db441a29a191f3b1d8122e5400e85a25,985e4842d08c86db7cec0c0d2dd8cc6d434df4cd205c3f98ada40c36d68be7d1,Juliana Barbosa,1.5,Não recomendo de jeito nenhum.
20f18b71ca2a20f9b0830f85696071acfeb15cfa5cfc3989b01ef39b01f2722c,0074daf92d2e3ae706256db3357acb8e7d4b1b46fc7b0b7a58f9bf0f0c6f03a5,Sérgio Fernandes,8.3,Muito bom! Vale a pena assistir.
2146027ca5937dafbbb7fa793c346d9b8a1b870a3ab37fb266947084267e68e9,2d4741a073114b633eb0c960deba8d454fb0fe5a5c5dd85cd48247c46f62ebdc,Leonardo Moreira,0.9,Horrível! Perda de tempo.
6cecaa6f10ebd95f7d0481ee0f0f3447b30cfaef863c76b51a1760721a76fc31,85d1020c64dd7ae2e11207eee6d982851c80340f94e6bdc72ad645ce2506512e,Daniela Gomes,6.8,"Aceitável, mas esperava mais."
327f27d0499f11bb2205cf597cecf844f05934075bd762556e9feeb7ab492198,a033d7f4a083f6c936fb50a974fb16265bb81e01691934002b28c162b53e8832,Lucas Mendes,0.6,"Terrível, um dos piores que já vi."
c07683b6a5a869746275bae349de92c0a5e3263c01cb9bcefb7fd0cb1f726060,a7882f4135d33cdf05bb17eb55b7124b181e239bf3b3f44c33ed98b2973dcc03,Mônica Rocha,5.9,"Mediano, tem seus momentos mas nada demais."
1b1a93b1a81dbf65bebdbc45fee733923da6ccc554046970ea457c19d1863e85,25864e1e680238240bd8a2f9d53d843c16d27dc669da4097420c74e7ad137a66,Letícia Oliveira,8.0,Legal! Uma boa opção para o fim de semana.
b1e8135674913c76d3128c62da423f99cc14f966cc14f7bb4029e9c83963e0a5,30e9c9e0ec2e34a23e24d5c620ddf2acc9ff91e78b811221917380fa66912f6b,Maria Pinto,0.0,Péssimo em todos os sentidos.
dcfd077403b75cbd404593010f60b5ab8f52945bbe7ba4f3b6880065fcfa634b,89ddf274801ebec39855170466ac6c286b830e5ffbeef771b474d477e7ed10a1,Lucas Pinto,1.4,"Que filme ruim, não assistam."
a35afc300deee59d3f300c30f513f68027b0cc9cebc1714fbce685a99fe550c7,d5e34fa2ad4c54eb5ed5010d80d7cbdd463d06332c176d24a50078465c71c541,Mariana Reis,2.6,Péssimo em todos os sentidos.
c7f8c86a00ffa756ab50f2fe11b821089de2a5d67d79bd377cca07eb1e3c0bef,58a0f29c78331b7f6c25253bf53788285f01ea90c7b176c842e9f86b1019b6cd,Maria Reis,1.0,"Terrível, um dos piores que já vi."
9440b6a1d32e6282e41188edd0af591011604419e84e2e54f030ec89c35c4743,aa7a0419e012580752e8761a7ec9b720f1089c39f0e7d0fa97c703518e63f4b2,Diego Silva,1.0,Não recomendo de jeito nenhum.
3d2eab8342f3332696bcb103833216896206d787c93e7806badfae664a3375c9,123f0f6cf243c440bff7133dd504e1c541bb6e52e1e66b771377b65998e3cf3f,Juliana Cavalcanti,9.1,"Adorei cada minuto, uma experiência inesquecível."
2b9a98645d41564c1a22663c76f492f2727c2390d682db8d9dca1bf195f4861b,2a7bad30aec6da12f14bf723aaacad4bf9cb6697ea37722c28c9005aafc519f3,Renata Cavalcanti,3.5,"Decepcionante, esperava muito mais."
e4736a75cad71de6d7af744d1618bee29747ff1236e2749dfcb7060dd7760827,1f24702150c4eaddb44f090ff763d0ae7e9cb2f7d3ed64f52c4fe8865d907398,Matheus Barbosa,2.5,"Que filme ruim, não assistam."
84fd9500a3f617206d32284e5a11667e1bffbf66affbccbce40ebd5b0aad794f,3c89c18df3cc9469f39e3fa85c9294b9f35a9d9202d6cdbef6ac578afb37a4c9,Sandra Almeida,2.0,"Terrível, um dos piores que já vi."
655b568fef7386259a445678cffc011628dfa0cf85f1b234f429e5682c8690fd,5fb8d887cdb46a20c80bbcd3316dbec805121e287730824fe0ba07a39fe45f67,Leandro Carvalho,8.8,Perfeito! Um dos melhores filmes que já vi.
8c8ab88e4a10e6e6278730e98d61d1685475bdb9042323b14273a36fe3efd399,392d16ea10e06b74e52521152ee89cbb42c9376d4478d12a5049100ade8aeb7e,Roberto Silva,5.7,"Poderia ser melhor, mas não é ruim."
ebe2246864e933cea8e78a4a18d687fc0f311bc66eae8bbb68caa0d574a23577,8a11883f47ea282edc0ab7ab924a648c0d02bf02f9050beee11acccae9532869,Bianca Costa,5.7,Assisti até o final mas não me marcou.
3dd5e72f43ab20b67a62f76644ec3f16e747bc88732a056f873453cc9f70a378,9f2111265047e506b06050a6b875b4f960ae69ef5c6bb601dcad7eed92435d82,Vinícius Martins,8.2,Legal! Uma boa opção para o fim de semana.
7746c046ae9ba96aa3ff2d11552d0b75ea0db319dd100c19d046027d155e035e,d326b615873518cd0c83c1d3c88cf7cd01906ca93c6fa1479925c78aecd315f0,Juliana Ribeiro,7.8,"Gostei bastante, recomendo."
511068d6df39bd67bd0800bead2444806c4e84b30f56af8bb916aa796c80f737,0b5de68b61a24f55d8946ec62ede1cd6fcb7a068aa82370d6d489b785514f713,Leonardo Barbosa,6.6,"Mediano, tem seus momentos mas nada demais."
e5c61cfb65d4f91bfea61de0f0444cba37efb8baee94a6f236ac923dcb2ee28a,d2945f3ea0cddb1019cbde0b8d05278e137b6793feafed2962914e102365f333,André Freitas,9.7,"Obra-prima do cinema, simplesmente espetacular."
4d1b914be5c62eafa57514a77f7df4f976f0b33eac89a6218a8886d0d8124448,e3fc4aebeabd8112960bac68d374417b105d116d1ba375c5724474c4a83ef9be,Vanessa Lopes,3.3,"Ruim, não vale o tempo investido."
4a7e10ea43b725e3a6eab6f56c9d9cde97a523672bc0da3dae88b30368f5b26e,83393615de55f5a0b9d2e1ce6bf801280ae991b410f24db1bf0d9df335a5d06f,Bianca Rodrigues,9.9,Filme incrível! Recomendo muito!
d7e798e65135a14755b1a467a7998e3cc33bbdef86d66c9257831e50f2608f02,612c3d9c4a5d774fff5a2240f2e4a5e2f964e20c6ababe53ea1fd828573e9084,Luciana Fernandes,4.9,"Ruim, não vale o tempo investido."
7db7315d8d9edfa4f46414c54e9ec5f92d42dc17b7b01fe557a6697d4e0d258f,abcbab0459773df75cce79e0989c8f1b110520a0dac564f885ce7d1b1051c857,Aline Mendes,1.3,"Que filme ruim, não assistam."
fc7e46907dc33d116392a06517e7c86af9e0f6c1550928417e6e17c8b137edf5,4e312c92ee479ba407cc8f008f62e91d99de3fe1f47dc673fbdeb79f9db6eb38,Diego Oliveira,7.7,"Ótimo entretenimento, não decepciona."
43fd106eaad072b0c6764e3336b869d735c4a56de5278a1dd23dc3d4ce89f6f7,7518a427524b0a6f0da518275ed5a4d47c30fba25006217990ee84de7ea08b68,Gabriel Monteiro,0.1,Horrível! Perda de tempo.
fb4670f28a40472b133cfe4f04a3b3f009d7dfc4f0cee24ef8ffe8bbe93ff3d1,dd9ee1146aa46b0c5a8ebd4a4244004ec583c3b0dc05d1307f26291f4f773397,Isabela Souza,2.3,Horrível! Perda de tempo.
7c6add7b44df3cb8291ba1fadebfca3aafcc79fbc756b0de2ecfad8cf1e59727,bb469f648f56f2f10fc3b18a515cbcb3d1eb73db17e291456ce58750ac75052e,Leandro Freitas,6.8,"Aceitável, mas esperava mais."
5b6bed8d8136980e6781b454cf1344811473979a1a4ddc79cf6b3e499d449a7d,0d8c672f99caeb5db75ee41e32a8039393ac8167b40e99962b7b788c21edf260,Juliana Cavalcanti,0.5,Não recomendo de jeito nenhum.
6f6669f208f9f2e193f9f8faf8f25e624d8bf6b02c0337d0b9a41d59e7c74fd4,61221cbd351beb372c7345918c1fb149b84c91905b0e283a1d679dfda65bcf08,Isabela Moreira,3.7,"Ruim, não vale o tempo investido."
63b204138579ac97ee6b2922e1f33510487451bfe5850d856a66e7903b80753a,95c1045033afab6cb5ac517e2f505d7da9dc4274260683eb895f993a65595264,Rodrigo Carvalho,4.1,"Ruim, não vale o tempo investido."
a64bc08097fd1c062c6c92d50ea2187d0f8cd0afc17e54eb9fea8fcf32cc9759,83126b40aa10fab8aeb69cab26b5fee2473a42a4559cb2e3bd380b1ed31251c2,Thiago Cardoso,7.5,"Gostei bastante, recomendo."
9741ecea64377a5df0464d1528636142b4919999b66f1c2de5e8b37fd906ab76,dda8cab6082a591a6ed0d9a8e2a62177653f42a03f230770949347892fbee4bd,Letícia Nascimento,3.8,"Fraco, não recomendo."
a24e639de60a8cecfef545668bb040b8619d7c6364c3f3b6870aa77e3d8fd394,1e7d3dce17cfee15caf321dbcc0be8fe88ed7cf0d58549a4cc1cbb58cbf0cda9,Vanessa Alves,1.4,Não recomendo de jeito nenhum.
328055cdad24b61e5387885b28d818456af0bb83005c46f024c7a91e3f931d21,26c37906ce1f4785971b9abfef7802c1c5bccc12e582242618bbb2ec1cc43bb1,Matheus Dias,7.5,"Gostei bastante, recomendo."
a274b1b484fcf1ce61d4d473c5c3e2a23dc0da23fbeff04134c52302632768b3,a71a58cecd5236a72a87dde71b6b039949fe2ae70ff788dea5bb3a0e84b78dfd,Vinícius Cardoso,4.8,"Não gostei, história confusa."
6d2af29568ca1940c04536986a5b07f358a4ee96ecacc95233a88198db29bb18,5f3b03e97f9a49554f36f79b8007daf9bcdc6f4e3f9d6becd3c3f0954513b4f9,Ricardo Castro,5.4,"Filme ok, nada de especial."
22d38a1ca68828e03472e2581b52896d7ba9f5e72a4fc1e8d6e0a13129b68829,a3ff336e1be75a174bffc8733a6fbf456a40ebd001912f6fd453adf3edb5d108,Juliana Ribeiro,6.3,"Filme ok, nada de especial."
ca29fd40ef112d34fc92bb335905d8131d5074c9780fb3474308399b84a96679,e7433385a3be1329881d68ea0c61f8b97727471ed8c0ba3a78837ca6b48f0491,Luciana Costa,7.3,Filme interessante com boas atuações.
f0cbc85ce2af975057e4ff6a173730f535a372a6ae7871cfb8dbe4e52b0a7c2a,33fcda25aa753b4cb1319162bde5e138dcc76e6a68efc0422679db51f959942d,Amanda Reis,8.0,Filme interessante com boas atuações.
284f1ffca1b2079c1d5a594e7f00969a3463366f2b5ad4e54995e3a656650398,4f5881a3dbb5a8872a1a9014d38485cdb1d07c7544a2267f1de8e818a727b116,Eduardo Martins,6.2,Assisti até o final mas não me marcou.
e7c9f584242d46099d99d6913140aad57502b3eb5b96d37f157451c1750f2b9a,855b209a1f9fcd67de80b37aab239cb78af829cb988bba5128e5c237b1e5c02a,Thiago Oliveira,0.7,Péssimo em todos os sentidos.
80029623f78571bda1277a0067fbc317d87812faf72a259e09b31ddf767804a4,33cedb67c1369a3fbcff7fe7f7f787aa5b292265bba562da936a979fa209788d,Patrícia Silva,5.5,"Poderia ser melhor, mas não é ruim."
435df28d5c8058d66f2ca61dafa28dee563f523769c528d10aa6276450317232,b787d10a81b3301ab405c8a0769d8a06f9b0412f7a66c9b2955735ae65d2ff82,Maria Alves,2.4,"Que filme ruim, não assistam."
250460521376d290ef3cde189c43ee2a563600e20dfae600b0f05e2f39915d24,c97703809d935bd659e0f356be3d850af99042f5ecd5fde61f4b4ea20e59f8ea,Daniela Silva,5.4,"Poderia ser melhor, mas não é ruim."
0c42760b4a2596eb032ef165208e860a0251320a16e4019d125a27988775d7ff,f1461e3851e47c0504a305f973d8f905e59690457c698aece43aacd80827abc6,Lucas Pinto,9.5,Perfeito! Um dos melhores filmes que já vi.
e355b2ffe1e215d37cec9eeb92e85baa9ebba368442ae424943acc72a9b12099,a2cddc48fc8d3199565660c1dc4c73eaac993fc77b2bf804ddc9e179db8966af,Amanda Monteiro,8.4,Legal! Uma boa opção para o fim de semana.
4f6ad6f9df6b7b4d608f7a719118cdb8b41eb8e3fe37773d6c287b7a011895b3,c8b9badecea183e1f5b6dde56819aeda42a9ce61348425d4d106c7946df60112,Henrique Carvalho,7.7,"Ótimo entretenimento, não decepciona."
fd6349b03d9f5bec647062870cc452086c0d81781b82213ccdc70722718f7bc8,7936f0ac04ec0f1a4d3d40b1159baa992a09aa3a185e59c22cacd99c0ab6ce34,Mônica Rocha,9.7,Excepcional! História envolvente e atuações impecáveis.
ec5977c52cb55a8c344b7717a384f618b894e6969f148c28bd4e78731dcdc40f,4e384ad8da9a9a90fd148bed377d1af79464f22371ded0ca8bb6732f7c6593b2,Daniela Pinto,4.7,"Decepcionante, esperava muito mais."
8d4d9442d62c8ee0515b58232a230dcacb1b0cee4191b8f5b2f3a78d00c95aa1,2b7057d0bd0c981ac040af9a0a4de336522f160d9394cd2f09e6a424df7bd1e8,Roberto Gomes,1.4,Horrível! Perda de tempo.
624878a753b2b99262347081b1e294bf3105335ef3a50921391776b0753b206f,4949b0dae44ece55fe083f975533e8518550a49914ace75e37a3b7f9c58d21bc,Maria Ribeiro,3.5,Deixou a desejar em vários aspectos.
6ea55083a2a34a22e149672412ae4fc177fdb16fefd40fd9e6a6289706b8f6a0,75c43f9e2c8dde68ee712335bf13535ac8a9dc16c7cd12cf52a0f883d7a393f5,Tatiana Pinto,5.0,"Mediano, tem seus momentos mas nada demais."
05dca0c61eaa33a05f8fdc45ac7b069d55fa03fa191af913eee31499e374a8a1,33cedb67c1369a3fbcff7fe7f7f787aa5b292265bba562da936a979fa209788d,Ana Correia,0.8,Péssimo em todos os sentidos.
df09bd5a9b0052ea6b2415a2bc81439d3b21576fab04c8299059aff7c12678af,6c2f502f717f80c97853618e20911a49fddd3dfe23c65e524695e6ef5bd35725,Luciana Almeida,2.5,Péssimo em todos os sentidos.
753f63ec4aae6fdb7632c65ddf1d0d1722d13be5541da3b891a47aa6d81d088b,e2b5b4962068de5bc19308b9456d822a15302c06493670cdea27b3fb5adc060d,Marcelo Castro,4.8,"Fraco, não recomendo."
b9fe1ebf298a53a2445d601de8a6f9a2bb9bd28ba7b59fadd008e52cc571bfe9,9e56577ccef0f1b618c8cf98ff8b57938426ec00621fb189c5e78ad36e423fba,Thiago Cardoso,0.8,Não recomendo de jeito nenhum.
fbad3e698e5c4dc84d6f57e3d747b62c713fb01db60cdc7fbd2a236781c1b8ce,87026dc7b3c40b662a11e46b196a7ae42fec574a8ee56959dc8b2e1a782125f2,Ana Nascimento,7.4,"Gostei bastante, recomendo."
b04074e8c4228e240ca07c4fb2c6e1f387f3b2fdd11416af62c33952a59a1f06,ed5c529489742bc703b5f8aece99eafbd9fddac8fd81d8a40c4c81e9fc75ed0a,Tatiana Gomes,3.9,Deixou a desejar em vários aspectos.
364e13fb7cd2879395d4caff6583c7b033d7e6374cc4fd28907aeb5601d38a0d,fb98a16de0d25c7a749419c201eb33e1d68c74b1de5ee83b13e3e78f2e1820d2,Patrícia Rodrigues,8.5,Perfeito! Um dos melhores filmes que já vi.
c78024592051b0ad64fb9f15795a1ccdb70e29ba0203cf917ffbdbad37c4573d,e2b5b4962068de5bc19308b9456d822a15302c06493670cdea27b3fb5adc060d,Paulo Costa,0.8,"Terrível, um dos piores que já vi."
8de6e3bd12410f6a8e0312a66583c4803a353565ecbfe61ccb206edb2ba3e400,d56b85fb169f73239aabaa79112f0a97326d72fbdd0c09929fab928dafb5bfd5,Beatriz Teixeira,5.3,"Aceitável, mas esperava mais."
87120d9b2b3135b12af0bdeeca031e03bf40854958a67ffb5fbb89fc3e810d82,f51b089e5ae5b522c64e0dea649d6da1ecdb2c946ea1b8efaded1b33472c2eda,Gustavo Alves,4.4,Deixou a desejar em vários aspectos.
4779e7703d8f86344396377528cbc99b6eafcf4305e1f9b65f4ad720091df083,6bac71dd124086a163db10e3a3ab28b8b83b1c77c296b63e050aa8afa7bdfc8c,Fernanda Lima,3.5,"Decepcionante, esperava muito mais."
cf257392c6e708825a724b4b14dc2b05310a195380ba936cd76de4900c5ddbec,d3edfd4be3a61b78d950a2bc669ca0c7675cf646eb024d608a80ca3aeec4bd8f,Claudia Mendes,8.9,"Obra-prima do cinema, simplesmente espetacular."
f3e1e221b130aef2e5be68d0a3fafd7b0c9a0a2606cfc9b53a7778afe22d9213,ed61f3551b4cb16d8ab6ddee9efae50738121dc49f92a0d8d90a49cf3e3a3e13,Adriana Ferreira,2.2,Não recomendo de jeito nenhum.
8823c6c6ebe7486de0ee768e06ef1c428e004b248be3bf8ed55902d2985d3e79,3674d2abf431047a7fe3bbb1cb55551edf05a578786b799ad40bc9a75b0a0002,Vanessa Correia,9.2,Filme incrível! Recomendo muito!
aaa596689385a29f94988e22d4595831e6744d46cfcd895f0fe60de7740bdf50,7ba043f95e83e56973667c46c12a23a8623e803dadceda3630bfb3b961293208,Leonardo Araújo,3.0,"Ruim, não vale o tempo investido."
dbef9db8efdbcbf7e7cbb01dc1f93b8446f1e349cc3b03d22583257148b5114d,c099d9babfd08a066b426ca5400c7fd1ab2bd263c4829dbfafd0dc5f0783ea07,Daniel Santos,7.9,Filme interessante com boas atuações.
cfca1c211fb7b2422c230f77f4ea513b77c9cffc9782791d3b694f6b0cf4b583,c07224b27601e440869c1c9a0568aedf636ff78e2ad547cbed5fc9fbc4045533,Carlos Ferreira,9.9,Perfeito! Um dos melhores filmes que já vi.
6e829b4f849ff8ab65897c4aa3183185113b3fcb426a1d4e60cc1fcd705525c3,4a01925492da73328c5d98876d6d4b36f5bfe8f0c87bcc5692dc2ec2613afea2,Juliana Ferreira,5.1,Assisti até o final mas não me marcou.
a57716cf2cec687c5cf0cfaa7e47ad09e0c37ff0aa0c512f85366d770c93cd53,b92295f54fc2df2de529964133512fe5df967cefb1ea62b726202867f6d46322,Sandra Oliveira,2.3,"Que filme ruim, não assistam."
dfbed5da15544930cf71f56b521bd304a94ec79196ff97d3e91e5fcb61183d6d,6bdbe9444eb53574987474afdcdbee3393a76df0979182a3eb5ceb8e1e892b69,Maria Ribeiro,0.2,Péssimo em todos os sentidos.
052cc8743dc2542efe068128d62e79afc9b87781895a5a9063d996f3ce0412d6,35ec97841aeae5dc38c30926aeccce2ba306268e802498471b0c828467549fd3,Renata Gomes,1.3,Horrível! Perda de tempo.
ba3ca50d658e1ffd318608c0aa3f1f6e07b3e01771cfe6d90e8c297b6c9446d7,8f68f89ad995038a5349402dfa660f687d5bbe24a4580cff7268305dee992e00,Marcelo Araújo,9.2,Excepcional! História envolvente e atuações impecáveis.
0ff74ce68afe88b9accfb8993a3611aaa9ff347c395501a75b7fe83cc47a3629,f64da48dd526ce77f01c3ed06e9cc5d548e4bc8198572ecce1975ae024db983b,Juliana Castro,8.5,Excepcional! História envolvente e atuações impecáveis.
864e8f7174d30f1bb7cb7bb943b6a1469c483d38759f47c16dd754ff7b2231f8,1bf289b0ad7912d24e20a55025f7757396a5d6aa97b819271ab0b06946f9e997,Leandro Nascimento,1.6,Não recomendo de jeito nenhum.
0931c089f3b748fb1d5a44126c165693a26bcdf1acf77e00a0fd4dcc7be01982,7bc9e844bd1d53aea93c6f96e7a7c03d49be1fc61d3abaec25aa72b057e8d945,Bianca Rodrigues,2.5,"Que filme ruim, não assistam."
b83680e20152a03176b6c5702c14af2755dbc01216506ccdc296ce04a8a3947c,dd76cfbdab95636e3dae36de47a33fb8bb352cb7095948404a3abe7d0d54490a,Ana Dias,5.6,"Mediano, tem seus momentos mas nada demais."
b9d7c54f2b70f9d8a08983d97ca906904c0bdc392beeb569aa052ac3b405e0cb,8080a7597cda5b647965375c3467446e860202fed61adcef1aef19d0a6cee4b8,Camila Correia,3.5,"Não gostei, história confusa."
9d3d32a9344a539fe98657cb4755bad039cff46b07f2843b97fbd1bf4e4a35c5,8aa00c63eda0f7377ca75f379329d560053202bb39d4c660239c741556479f91,Daniela Almeida,3.9,"Ruim, não vale o tempo investido."
661763bdac0ee95b0c680ce61c52c81268a49b84b918358dfae8a15c31349e01,6325b3d89244c936a3922d281675fd42452bec1ec1ee91f9550d651967ab0cc0,Maria Carvalho,1.4,"Que filme ruim, não assistam."
d2178bc50221e29114ae224532b3739d5e5fb8bb6516904883f666c5bb602a0e,47672f7f5184c34df3dd3ef6a6bbb4015e47be69ee962ab8d8a76192b6aecf50,Camila Teixeira,0.8,"Terrível, um dos piores que já vi."
923670012b9249d20885a040bffc5d470f821a216785ccee0b4136cd58a73d64,876f901fce37f61b13428c95d85e93c82d73bf0fd111a4f3deb9498e50fd932c,Camila Reis,7.3,"Gostei bastante, recomendo."
4dcfc27af289a87a9d12f244bb812aa2e76ebd619ffa49063a08f641656392f1,daee07fe7f1256cfb40532842ef0c64c29eb8fbf6e649f0d6a51068b10e3e777,Marcelo Teixeira,9.6,Perfeito! Um dos melhores filmes que já vi.
db9bc3b8fbc75dd576eaaa019cb9a45b7cb2195a412fdc6a7d50ed5746d928cd,417ca31a5d07e587f5d8d0fb999fce3342b48c0eb669baffb470e3479a24abaf,Maria Ribeiro,9.6,Excepcional! História envolvente e atuações impecáveis.
c9e2f90f8174dc25055d4367e81b180c452802dc83f4fdd8a349b4bb6a634655,2f1ed9ecac60acfd46e97b9fc917cee5239e60221f13e6624e7744e245564311,Diego Oliveira,0.5,"Que filme ruim, não assistam."
72e4aa254b119906c62502ea173938f5c69d628e25a20f7acb71fa51e2b6150a,6661826ff5dc285e84adeb8fb7742db73d17adfc1c3198816495c43daf4abf7d,Tatiana Ferreira,4.5,"Ruim, não vale o tempo investido."
6fc650d4566697e15a1321a8d37e4640344146c0c1e81283b3fa5a5e17dc25b5,1af2f7bafedd5ef7da7f5f0ad41e02a5636b69b5f65008b9aa8224d1708db95c,Felipe Dias,0.3,Horrível! Perda de tempo.
28eb091847bc2a2697372578132a820cfc2b24a44bf15c61f5012bca0f3d92ce,d0563f8134a2ab23c36c8ba17b7da87ea642eff56979ee7f635b931c9c647cbd,Mônica Rocha,5.9,"Filme ok, nada de especial."
bfa14242a78ea59920c3d1b3ace342c8460859fc5a53264dc7ffe679913c74f4,eb4d0680652cbdb7917b862dc14916c760333ffacd393f424e48c2d1461602c1,Sérgio Alves,8.9,"Obra-prima do cinema, simplesmente espetacular."
b2718cf9e53c2ebe99146ead271697ca75a7fa6d02182e4e8be23bdba13ff362,8363dc80642f95b8d71268c5fc75296d4cdd3b7f358aca1d5f6860734f59129a,Bruno Cavalcanti,0.4,Horrível! Perda de tempo.
d05204f694e5fe25de22a83c63ab1a88b353c8dc7e801ac5a4e846a7b287711f,7fd7d17db66c439a6d66c7d6d722ccb05792f776c270c7dd559f9dfeb391b13b,Paulo Cavalcanti,3.8,"Ruim, não vale o tempo investido."
e00b34c807c5a2df22077cfca2e58a5d7adf0de874e397529f514510a8724622,97b04954ac78188ca6e15af4a27f5edaea3cc480931d2c4efdf64fcbd50714e7,Ana Monteiro,4.8,"Decepcionante, esperava muito mais."
a386b7dc03d6baeca1d8164775d4bde965ea3b316cb3bc8fd1b670ff05997d64,642728f704230cc5b300c6a7fba357b1d491c48124c6a6a66cea9003745a0836,Bianca Teixeira,3.5,Deixou a desejar em vários aspectos.
444c819762aa8912a5df7a197f99bb2052fdfa3bf2354d53351fde3b7b24a359,65b7c77cc6a36271f7332d5edefaecd812b8702a2334fe542bff11c15e1d53b6,Gabriel Cavalcanti,6.2,Assisti até o final mas não me marcou.
745a6693255087b3419deeee44cdaf9346fab71441e2baf910b43e782beee627,aca12401dc6b939c15e56bbedd74405b350ade98f6d10c4d7523ad9b417fa2c4,Sandra Oliveira,6.5,"Poderia ser melhor, mas não é ruim."
d7247465d68fe7e06f74766574fba1f0fa39d4f6d53937e93e58f22e55b51239,a071648367230ef5e9dbea949295befb463684ee14423074f495b497841d9ca3,Tatiana Cavalcanti,2.5,Péssimo em todos os sentidos.
3be1626de104853d44f478691d17dbd42670428289df1a2b277cd1a06686f694,3a21ee6e5aa932c406cce849d2817a7b6d39acb772d92d2eda9ce9c9941eab4c,Leandro Nascimento,0.3,Horrível! Perda de tempo.
4869db0a226ba2baaf1879242e7a5ebe2fd7ff9f5351f95ad504e0385d2f1b67,09067be27b3eead090165f444c0b47a44c64f64c145326973751d530c08c4af8,Maria Alves,4.3,"Ruim, não vale o tempo investido."
8d484c040d5b52329c731b216ff3bb2bbda049d93d02b6f9e7edfd99662a189e,39a095135912b043034c0d5b203455a0dfb61860e298ef54b0e1598d082f63c4,Leonardo Moreira,4.3,"Fraco, não recomendo."
5e5f9920636a44d112d29b431a603bd4b0ab633897b93881fb2b3ab09024d9e3,abe221cf79611fbb112a4bb3918c10760c8efdef8be83b6ed0a3c96d0db6df19,Lucas Pinto,6.9,"Filme ok, nada de especial."
30495ff112be019af7528c3be3499ecce8a724c43e0ce0910697510327aebdab,0d67cd4413ac56a286072c3d3caa049cfcb60f0da3904cfb9df1f750e75f57df,Natália Ribeiro,1.4,Péssimo em todos os sentidos.
107915e7dba7a49072dab3b6db27ce4f0e555ad7001253cf4149d9986d55ae4a,83393615de55f5a0b9d2e1ce6bf801280ae991b410f24db1bf0d9df335a5d06f,Marcio Nascimento,4.4,"Fraco, não recomendo."
448d923573f22764542aa33332886e077fe5bccbfa438b5f67cc94118bd3bfe2,634dfee2deb639eccb79b3bb6eb98cfe780a066380becd786aa090200dc871b0,Lucas Ferreira,6.4,Assisti até o final mas não me marcou.
c34efaa6c6a42bbe9fdf6aa3d3957339d71a6bbbb70952f3d8f68c77edc58623,c179093358093677b8bbbdc67b015de6ed924136e1eaca60755f4bf9ba23f9ca,Marcelo Fernandes,0.4,Péssimo em todos os sentidos.
a3d5e5d6633d00bc3782f83767a1c64068606ac28e171cf65a18092181f5235f,eea8f9d2863ab2305ec55b9f99223431d68cf530bf1a38e89ccdff506d1ad72a,Sandra Nascimento,1.9,"Que filme ruim, não assistam."
e8b8747f26c326bbd997428549a1f46940832ee6af92a9471eaefcbe62049fc8,813d84207c68ed900065e14d39015305ac4ebfba14406a9803efa3689a6b5e82,Rafael Mendes,2.4,"Terrível, um dos piores que já vi."
eb9beb7df97d1fbde9dabe8535edfd4a7f2530e841608f9c548d246f6215bb5a,6218346a30f3d1229da8019dc54653aa85b6b288e773641fae10532bc466470c,André Costa,7.0,Legal! Uma boa opção para o fim de semana.
de1937afbcd29f41a2bcd9bc2d6551667f6ee05b9924557ecf1a7db2ff6ad31e,d0f5c2314f68b9514912b8702376d56969c244030cbc94f904de2f3a9d1225fd,Diego Gomes,0.7,Péssimo em todos os sentidos.
0ec26314d3c5a9dc7907f13d5eaaa45c6a6a3bc89867a3e0075dec257d539d74,0d0ada61ee3584d0e543b355a8af351db8a2fc30ba5e7e7fa8fb948601b4aa4e,Gabriel Pinto,3.1,"Decepcionante, esperava muito mais."
d7cf31e0cd778037e86ecd99f6432de0906a771ad13024b1738fa4ea1d4ec143,e2509910cfc01ebe8243251c649b042363174619d6ced83ff9dfd9794efae981,Patrícia Rodrigues,3.6,"Decepcionante, esperava muito mais."
ce2e3a3439611b6195cfd4f6ca5decbe3e5b10f50cad612b7d0b3c2ebdfef878,c20b05749ec316e9b7f559668af3718a749c02ca446e28811fa3ff0bb383337a,Gabriela Dias,1.3,Não recomendo de jeito nenhum.
8ee3219e83c25de144631ee2b5a3c0da03c2362bcb34f8c192cfb39ce43c966f,6051c662c59258741b0ae25398148e56aceb147ea459970040648361d8daccff,Isabela Souza,9.6,"Adorei cada minuto, uma experiência inesquecível."
2f52f5decef59de8af34ab20e8a63869e78fa83e8b62fa9f5fc3ae842e5c0088,cf11514e0e8a17be30100f6642066456cd172e39cc63107c680170cac30e937e,Aline Martins,0.3,"Que filme ruim, não assistam."
cba90e634c4cc6afbd29f5a4f9b5829f01a562035514f1766e4228f832a488be,353c9d0e932c0d695719edb5ed3a507ec6ff50da4cc84d1f92a59f0620cc43c8,Marcelo Rodrigues,4.6,"Fraco, não recomendo."
f7db43d05e2eb36fc805b6f079ac92da06694e676a90597f574ed62b04618f80,b46760ee6ecd91935f10afc9b9c3b6d26d0e4dbcf47da0fb93ef6bf866d26502,Maria Correia,7.3,Legal! Uma boa opção para o fim de semana.
3916e7574c4201cbd60daabf6cb8437064b2da3d3b0ee9991962d0745d2511c8,04875d6ba33b03f0d2efdecf1b07349a2237ec50435146fe7a96fbc237ddca8b,Patrícia Mendes,0.2,Não recomendo de jeito nenhum.
fca3482c9bc73d40269cc700148a901e320ce84331138828084b74342f15992d,8a44659967e2d2a2f32a7df749bb2320fbfa98f7ec388d6dddfa7dac9bf7171c,Juliana Ribeiro,2.4,Não recomendo de jeito nenhum.
3d5bda70da249a180f9bc3df25602c32c5d6ed0860533f2b4d1bffe72eba1f16,35be9c0eb0201713d8a0e5d6a48af85d0720abbfd7ee64a62fb20ed4aa2def24,Natália Martins,9.8,Excepcional! História envolvente e atuações impecáveis.
944dc170f385a09283104c915a2ab513e75d6a04d5acf0c8697636d7ab68faec,de1f9c15755b6fdf713b024085630e1ab5c696703ac558788bb5dd5f9e4b795f,Bruno Mendes,5.7,"Mediano, tem seus momentos mas nada demais."
ed2f50d5bb5460c7d912282e56ec4b206ddc866d9ccb4b8acb661df106f50acf,5890ad14c09d4727ebd3c7150338c28bf875e37f0e3818c7ef67edbdc2faa8d3,Bianca Carvalho,2.8,"Terrível, um dos piores que já vi."
21aacc4ac2aae7aadb04d774d3ac17b411cf750e2ac2fe607c0cf3431a140b0b,c37d9f190a72ede3aee4b1bcab57803ef7f0fbb8a5423e6a818681cba92dbafc,Ricardo Almeida,2.2,Não recomendo de jeito nenhum.
17206577857f7dc9c1c1aec42e4a52bdec91acc9d2e522875b07b9b4c137bda2,7623cb88429d6fea4e7f60067d24057aae0b039690c37633bec3a62eac22d983,Isabela Lima,2.9,Horrível! Perda de tempo.
e8789ee18f4313ecbed46a022847e1a23c9241a32e0207724aec03a0dcb32ddd,c127fb81cc969ee0d3cbad66214883ff5236156de7dc8d88f04de144bc2d9179,Renata Martins,3.4,"Decepcionante, esperava muito mais."
5339b364975ba6a4c3888e928fe6aa657cb2b335f0fd16889361591462294b00,451f9daad710a7312d04306185330f699c88fec598bc7b73471605557c6c293b,Gabriela Fernandes,9.3,Perfeito! Um dos melhores filmes que já vi.
49501e704b5cf41cb725950f8e50bb190c7dd1b32811dc43fec5eec22b8726e3,0d6a0e28d993520a387f2af257145ad72862be2d1ae34cc36fe9b95aa42b59dd,Natália Almeida,8.7,Perfeito! Um dos melhores filmes que já vi.
0f72c1df31faf8daa08051ba455deaab3432e738dad3a2091d18c779a7133c07,8ea5e69b93ca54401cbe135139f48ec3ef3e15c1a098e32b35ae2bb4a0ffa53a,Patrícia Barbosa,4.9,"Fraco, não recomendo."
6e2ff15f2753dd4c7e5af573580d219807b648062c67df214634b50788251b69,cd6fedf40cf24524f7543c911ef7593301d725b1c0bde2d93832d4adf86e13ce,Rafael Alves,2.6,Horrível! Perda de tempo.
3b7f690e053128bba2deb88d55e875112c0ab3c087657ce00b64d460090ffaf6,e2b5b4962068de5bc19308b9456d822a15302c06493670cdea27b3fb5adc060d,Natália Almeida,5.8,"Aceitável, mas esperava mais."
63bc73d4845519a12fd750d7a39110ee51ed3e13a671551514dd08fd42926c8f,129b3d2df7002203b7bc12218496f0f9ae6ced1deaea87af668a9d23eabb5d78,Sérgio Gomes,9.0,Filme incrível! Recomendo muito!
f035038bc6e90dffd3666d15de08716ea6bf08e19d5d632e01dd02ab23f97f90,deb87a1a67540813df4510ae153c68319b1b9ac7074db387ac97ecdf7f5ef923,Gabriela Mendes,3.3,Deixou a desejar em vários aspectos.
a7db2daf17b2eb2fefab1c6085dcaab6a34247015d2e4d0a694f01e360a02259,b38e467bc87d99d883253d9edc13c1e069af002f502fad92a7d0bd04c8e92929,Ana Carvalho,3.8,"Fraco, não recomendo."
dedf2b2ce6d066750d448554ecce73b4849cad4572b60a08d1b661ac4a7a2c4b,353c9d0e932c0d695719edb5ed3a507ec6ff50da4cc84d1f92a59f0620cc43c8,Natália Reis,1.8,"Que filme ruim, não assistam."
a01f08d3449a5866d1e6f8db298051ed8be92f940eeae8e8773e582e1eb72ef7,908fecd994b12a3eabb488d0613a78f266eab11603241d469eebb3bc4611cb3a,Gabriela Monteiro,9.1,"Adorei cada minuto, uma experiência inesquecível."
e9e66ef4faff690dec971bb3c83097bd394bc451eca23bfb8d038d4ad1389c69,95b24b7f5d3664feeb74daf192bf230263b04f2c7d1e9dd3570d3ca544b57167,Isabela Lima,2.3,Horrível! Perda de tempo.
892a75b76b5ecbe11164e470980426738ee161789d1244a2445ac6583413f8db,77c615859c8957c7ac08133b5bebefddc7be9fc689b1957446f2f38fd80186b6,Renata Rocha,2.7,"Que filme ruim, não assistam."
60c51b9f002b5ea956fd34236ba7fe934b35dbbe395a74e590cdd0ec08317d0d,a46f2eb6e1351bd731f9b0ba5d383d70bfc529c5ae499485c34810c6e5338c63,Luciana Freitas,9.7,"Adorei cada minuto, uma experiência inesquecível."
48e8fa0d228e2f95de50a0202685d57d2e02b98b65c32dc0cd5a2a501da81b56,9f29c447f695da21201cb842d21564ff4f484863c9ed471588422c48570d0f9c,Larissa Carvalho,1.3,Péssimo em todos os sentidos.
9529e364eebc2b48b536df73680620201b61bc5fa96ad2aa387308ae83059466,a786208c254dba5a0ef146411c8b999e3f4a7ef493d4764079c6a1ddbb9d142e,Juliana Martins,7.6,Legal! Uma boa opção para o fim de semana.
ff6a2844631bccf1d44c622636406ff64f9786029ce761197e332fea39577cbb,d962761cac228a6cb0206879a8fc2515dfb6732404601de1c2e4769d6b88984b,Adriana Pinto,7.4,Filme interessante com boas atuações.
3fb811ad9deb1ee900671ee60c7d3381d11c1e7005cc8e77d81e2d0e4e691633,33096d33b1d5a9f45c0adca8d39101d47615c32684d9247d1bd5eda21855997a,Diego Dias,7.8,Legal! Uma boa opção para o fim de semana.
93bd3a234abe05380ff2defd7844f71e9eb111d367d44e5bd048de599862cd5b,dacd493bd6c58e0e7df58d029418dd9b2eeb76719349866e2fa83b53d8b90b5a,Fábio Pinto,2.2,Péssimo em todos os sentidos.
7ae77be5c0f1780ca40a4484069ca019969fab072e385884afdf124ec4b20654,6b9954ba4fecdc399c5014e278a459ccea1c584d393b1ac1f004469c6cb06684,Camila Gomes,5.1,"Mediano, tem seus momentos mas nada demais."
7ed7c87fd8416cbd12d075e5035f3c595b12db3153f1a7f153bc2fb6c10e082f,b1855c98891a001a838078bc3207dde2af08d07795504b4c808a9268aa16f939,Camila Nascimento,8.0,"Gostei bastante, recomendo."
6ab552bf781911c13e9db8651fdf1d3a63bc7c628bf894769d7ae62e4af48270,27f3e14b2039ea9108189267ebdee4b571d443544c054cec7251a3d27d04d6e4,Letícia Teixeira,2.7,Não recomendo de jeito nenhum.
ada9d6cb89ae74e4d59943554c50af63aa3b7f34543ff6cb22b583129b0d0e7e,44f91c2fcdb4061f6979320f8ada3be2f18ad6b6c8b112a4b9b66442b1c1705a,André Martins,7.1,Filme interessante com boas atuações.
caed237f63df4e1348e9d20673c49b27d3facccfacd4476e0a5bdef20e7ff102,bc61540720f094b4e9123d9afdc6a11cb8c40209d2df48617b2861b91abd661b,Priscila Pinto,7.4,Muito bom! Vale a pena assistir.
a152ed75f65021c8995c5c53a6b63279b12ba66d589fe3d700337f2e8ffb0936,e35cfb3aa0b649d89fa711e51a013c5049e39c74c495391915aff7082a0a084d,Carlos Reis,6.6,Assisti até o final mas não me marcou.
fc6adff1f473eb33cec6749cb6e2060f40009e944e1f765fa8c6d0bb45e9eade,807c127bbfc2784e4e2ce5f34932638d4d60e5cee70314ab7d8bf4e1578d64ea,Amanda Ferreira,4.4,"Não gostei, história confusa."
0bd49fb5323afbd568fb223397db4acef52ad2c62947e4bb9e39e318f5de7530,a6f39aadbb4c2b48e3284814593eaeadaa0c1d62747282713cdcb3507460de52,Roberto Reis,5.5,"Aceitável, mas esperava mais."
aaf84c4d76d386ffa9713451a60bdcffae2f0f2adff2594304105e4dafd53327,871a0d1bb54953e37acd305afb63efb40f29cb3830bb5a189e28003548f227de,Alexandre Cardoso,7.1,"Ótimo entretenimento, não decepciona."
905233f34e8bf4c347f0eb22743da746077595ea0452b21fb7038f3b64700049,7b86c7443f09b59f84da05e3e02e5214760ef8f530317babedde37e13ece2805,Camila Teixeira,0.1,"Que filme ruim, não assistam."
bc624d9b465cdf8789f7cd8a7f420e8b78fe282bdb9b5ef8c217816857e0fab8,8fdfe51d0089889ee3f99f848567b34d0eae6e48e52e2b8c980d727c00a9dd5d,Larissa Martins,5.6,"Poderia ser melhor, mas não é ruim."
6f93f32eaf3bd9f5f73b4778cdbab78d5c3d775512892c0bc1ac2181b1ae9663,17f1c3a471aaebae5720d96c855c961c3735c2ac2d08ee4d2e262db7c8db72f6,Lucas Gomes,4.6,"Não gostei, história confusa."
3484dd02d1fb2c6639cc72b69138933f16d9e7cf191a6ee01e06c9e8f1c5e9cf,b7040ff0038a98379df049102ee690452a1ab35ed9007a2fb31bd767129d836e,Camila Nascimento,5.9,Assisti até o final mas não me marcou.
adfa6a198b8954fc58ba9af1fc0742ae456553417cf92affb70f88e3b37a8313,59e2b5c0d79bffdc121faa24f435134baf2993e55bb128317209df3228eef8c4,Rodrigo Ribeiro,9.1,"Adorei cada minuto, uma experiência inesquecível."
8bdeec222c8e578aaf1bb1c82f6532dfaae8532aa811f51c2721962c3d008da8,a291a55e773c8266a2567d0b48755483eb5c1cee92859e1a8ad237c5b7753b74,Bruno Reis,8.0,Muito bom! Vale a pena assistir.
600df7e65068d1657c0a000fa1174c83492c5c78a3bcef2cc984515eac487214,e6c93c2e21687e63f11cc09f8bf31ac80e77cebac9525d3d773b31179eb9961d,Roberto Martins,3.1,"Ruim, não vale o tempo investido."
ac4f0721e79dadf468af5636c79577bbd1924ae55dc994c45dd737e15cff8e17,6dd583480b44c75beec6e328b8d9a4638eb5a75fa4912d9e63fa02b856179682,Cristina Pinto,7.8,"Ótimo entretenimento, não decepciona."
0fd968905f277fd8dac45eea43aa4629af280950b67b81aa9dc0202b2925747c,1a9dbd8672e36b34f3315ce8e2fe580e2766b85716e86e658a98ce13fd2aa573,Cristina Ferreira,3.1,"Não gostei, história confusa."
0098f4219c363e841d06fde1e31a64a2976fdc52053c0ed25e155419536c819f,b0e55303a04a62f18352cf3b8b8fad0746456a90d104f32d8f4c20b3d64c4d6a,Carlos Reis,7.5,Filme interessante com boas atuações.
6d44f21138c63b296f27fd6ece3af610be1c0d1780ab3a10fb87951f93d6ddd0,0039cf64d3190556005848fe28bf5e9efe71a59ac7a09c08e2c6f3422bb799a7,Ricardo Cardoso,1.2,"Terrível, um dos piores que já vi."
0da7d29003336ef3c5e7e951186cba8b21d9d19cd57c062934ba70b15dceee84,4ada8bd3abb86097762037d45d2226366115567d9462eb2a89e5587fbcddbc7d,Larissa Martins,2.8,Não recomendo de jeito nenhum.
704e3c5131b647124119efd92fa43a3760a0ff6d776c251db5104cb6e8cafd31,6d2e94d085ff49bb0dddafd2e44cf6e0d3a488a0763310d28e470e93c3880d5e,Natália Martins,7.0,Muito bom! Vale a pena assistir.
b6201b4f1921444973760fbe4be7f97e5a993e49ad9d659a5be6fa038d0e6d7d,8a0558d8cc4dc036d87cd437d3a301ac946bbbe14b062a3cf4d2b97808ee5c45,Larissa Mendes,7.3,Filme interessante com boas atuações.
61473057557069dfe9a90e86e4b27c81dc002049fd95cc5cc305b2152f6f4a16,250a6c3bf968726e8fd2fc84f7d4b8e897378a54b462f093aa0cd3b65f54bdbf,Ana Rodrigues,5.4,Assisti até o final mas não me marcou.
78942bb2be6d7f3212e9c3f53ff52f1badecb301d8e16fb1cf9b16071a81c1a2,e620ebe65c8f122acd77f84f0b2914f055e7bf9185291672838d8f339e904fab,Luciana Ferreira,4.4,"Decepcionante, esperava muito mais."
22c08dfdc4afb980ffada5ad2915f1546652d53c9b7c1af41cf9055ed28f1ec5,fc0e68b0baf0f26c6b1c8b87298f17b3656eb8460c53ec591dbc54b1d17878fb,Vanessa Silva,1.5,"Que filme ruim, não assistam."
965734f801d2896f317dace6ce8c4d18016bf9ce3546f8d6795c55edb684969b,aed405d04b367c677eee26577cc05a0740aa0b2daf986d0cea92d5e218506683,Ricardo Almeida,2.0,"Terrível, um dos piores que já vi."
86f44e3452bcbddab866de230427c0171a5c797d54b708e8cd7a2cf8ca52b562,71206905ea47e3f28820eeb5f86eab734082c50f1df6bed9b07013ff7bd1cbbc,Fernanda Santos,0.5,"Terrível, um dos piores que já vi."
9bc82880ebdf357ed2d465a5d8a8ccf0a27963a464ccb7fbe45912ddf08da4ce,f4b1cbc6223aa69a0704ac2c9c3909b57e5568a09ef9df5899ebdeeab34daf68,Carlos Ferreira,0.7,"Terrível, um dos piores que já vi."
8af4ebe16362f58613155ba33d90bf42117e39845bae932c20c9af553fbe196a,f15928be56f612fd72d4312116d2e17ebf9ac399bd4cd315d234e21146b51480,Thiago Silva,9.1,Excepcional! História envolvente e atuações impecáveis.
40301b140eb3cb11bddbb6061b804cf47fc4c54425d1ea90caba0fbfca13ab90,c85de25611d382d2cbae039c4f401dd4a2a4a2f75afe2c9003ce730aea79b0c1,Fernanda Costa,6.8,"Poderia ser melhor, mas não é ruim."
42dbade4d94ed1367fa10f95739a531455ade576213236811b3156b97b5994c1,0409f585b393c59279a55551b84e634b67d88c5a1acc43d635a3af2dad36b3b5,Henrique Dias,3.1,"Ruim, não vale o tempo investido."
a40f26115fb1d20d42013e7071774a7655eb5ff9a5bd90c7da2aa1a62776adc6,9b72046efce3bc8c6db14899973aca0aec26c122a3fc72de4921377dc2b86310,Carolina Reis,3.5,"Fraco, não recomendo."
f56dab41e986dcbe7cfe034f71b49424108599ee9107def4582a51b8842fb24c,761357254ab61c5bd6c955c471c3727f49de6504c53d55367b3a62dba0e2194c,Roberto Lima,9.7,"Adorei cada minuto, uma experiência inesquecível."
d32f9ed4d7bf5fe27ebac5a71451f126f2975a6e54a0ea90630896f81441c589,02f57b12018847fe35b51eb34bb3d2acb284f3aed55ce3ad141b288648afddd7,Rodrigo Cardoso,3.0,"Ruim, não vale o tempo investido."
80f29e9fd56a1ed6d5daef6dfa91a578da20c1aad2d2afe397425a12a3a8bbe8,b0cf04350f6cacb777303ac602c5cb5e5b608e9ba475fc7c690c1031c4e3c0b4,Sandra Gomes,5.4,"Mediano, tem seus momentos mas nada demais."
0c0ebd9f23239599a2c2ce163fab674c3ebde36b4181f9094708c06420a47262,ba6f40cd0d6d1853375962d7d2a68891176b8d989568ba7265c9aff229487cc2,Gabriela Costa,6.3,"Poderia ser melhor, mas não é ruim."
4c7f9da421d8850a65003f647de57107b567120cfacd3b16dc1fb669daf08b3d,cdd86fe680abbe214d3087debb4195bc886e8f86bdd41caea1395948eaba7d83,Tatiana Freitas,6.3,Assisti até o final mas não me marcou.
5dc82eaebb07a2ebc471ec52a878c29a147753ae7b8a4d1ceda233cb30fdb1b1,c13d7b5cef4965125cd9b97fe6f4c3328c56d0dcdbbc771960ee457cb64b5ccc,Ana Nascimento,6.6,"Filme ok, nada de especial."
10f6e74d3226f3eff1eaf5723c372df2d12f4ea2009acdd0586f435df850ba9c,75c43f9e2c8dde68ee712335bf13535ac8a9dc16c7cd12cf52a0f883d7a393f5,Rafael Rodrigues,4.8,"Decepcionante, esperava muito mais."
3b067be6081fa5c1773073da90f0346d6b32e4c263b03c3450cd7b33ba4bd929,6325b3d89244c936a3922d281675fd42452bec1ec1ee91f9550d651967ab0cc0,Ricardo Gomes,4.2,"Decepcionante, esperava muito mais."
540b47c6f69761e58d0054631984dab86f102428f624851dd6cd3eb965204c78,1750b70e18c16718a2012bcd1615661c1ecf89f9debbad9c3002c960a8e2a2cc,Roberto Santos,8.2,"Gostei bastante, recomendo."
db0b631f9ffaed12843caf9b8f8e4a6e5a00d8ba019d97fd1db63a6b6f4a53c0,13e356f03307aae6efcdabe3e6a44391dd60c4f2e4bc4f2400e08081ea39535b,Ana Ferreira,2.3,Horrível! Perda de tempo.
6ab42ff271b8c980c29aaaf5e69ee5fa7612ded023663e109ee188a2d5b79f89,90839bb747d9ff79252c1e22ead112fbb015d23d4ab0d097d887e0f9c3b45e85,Camila Castro,0.9,Péssimo em todos os sentidos.
6872abb96b837d76eb7dc8d6ca74e8f0b06637238cdc267716b141c7bce5fac7,00140cb793cbe495d1d3b88bb8ca98dbbd69cf51c8fd68997c1d0b6af647abee,Maria Barbosa,3.0,"Não gostei, história confusa."
44911a04cb57db9e9196dfb310860f0aa3b1dc9de09a74b1b283f39d147a953f,c8c3e47276904e6b3bb813efcd11feab2401f5cde90bb9021232f799e88db0a8,Thiago Monteiro,2.4,"Terrível, um dos piores que já vi."
b4299bebdc5ea37abd64f24ce5250936ad145390b7d1587bde695da109ce0e3c,9df76ef7abfeb205f9d01c58088e1b2d54c43702a21330c575784265cbef704f,Eduardo Alves,1.9,"Terrível, um dos piores que já vi."
3ca0edeaffb559c6f2f579dc8d8426ca4e7598f685bf0a6180ed13cbc0a98d1f,9b72046efce3bc8c6db14899973aca0aec26c122a3fc72de4921377dc2b86310,Isabela Barbosa,0.5,Péssimo em todos os sentidos.
e69ecef1e27bfeb72cfc7f1740e766efc618a7dc1753e35816221d8efe379bb8,b0380863182fe61522ea04c955ad6e43635c6702b13bff26e76e7cae5526c4b2,Daniela Dias,8.7,Perfeito! Um dos melhores filmes que já vi.
5719d5bbd4f49c1f3b82d38f7c233566f432cd2f660187a7cc3e5d95ef518bb5,5a31c7ed55e8751415b656f70cc860a3e33bd11573b290076a77f2d750c29ba4,Vinícius Cavalcanti,0.5,"Que filme ruim, não assistam."
c4d6857eb46dd2ded1ba652af2b9327eacd3a09773820b3d341e42fbfbf3f425,d4d4a7549ea2e86179959d81a0d64f452daf2e5bdc4977bab75de73d0efb6eee,Carlos Rodrigues,5.0,"Mediano, tem seus momentos mas nada demais."
7f4759ffdd122078e81b20f50b1735498bb2339fd88c5af978e44b9e32dc755b,5e45c6de0fb2c67d0b06d81f925e98ff6bb2b8a254b435506e9317cece3e3a7c,Vanessa Silva,7.1,"Gostei bastante, recomendo."
4afac494aeaa53c8b594bd02486555deed2270b750e0bd8783f82f104e85be7e,0ee48d21779c5151168a3a929fcfbb236d8d7a4dbe6efd541d5d88af8cdd533b,Mariana Cavalcanti,3.3,"Não gostei, história confusa."
133c5203b148679662c38e68d3776427769150cfb60c21efb468a2fa17b49540,38017229f9c2cad2dc07efdb66abadcc0613aafec406e28c24acdb3786429964,Carlos Moreira,3.7,"Ruim, não vale o tempo investido."
82dd7f242bc3c4e1f472e5cfeb7f61aebeabd57cd9539815d71fb8cebac2fba6,cb72d5ec85a0931637190a49b0df4f12c38ed5821ffbd8c2b14423a6dd701755,André Alves,8.4,Muito bom! Vale a pena assistir.
94e14b20680ecaa6f4aa6d017d9bf3bd8da3633d952e29cd17925cd913944d37,32a11a7138c054c83d672ff9ec0af50b560922ef3fc39d66cb351695de3eb1cd,Carolina Rodrigues,1.3,"Que filme ruim, não assistam."
b45a9a658f1199b4c65a9aff986d6b5ca06a3bb65194e88bf92f02c0dbefa4b8,e9f97e14d66fcfd4f9dd32015f11662678801c1e938d71cb649a418a0fb0a6f0,Thiago Lopes,2.0,Não recomendo de jeito nenhum.
b34f03d1f2552215c805cd7d69abd7c6010b3a228739484e667901e02658f2e0,ad95cfa3692c2eeb871440fc8d53a17f648042ad24e02028d1599d403b60664c,Bianca Oliveira,0.0,Péssimo em todos os sentidos.
2b21f05465b10878f00231362f84f8606e7dac7bcfc4bec62f0fac9c46b659b0,df80e0aa855e2de6b95f65d93856b1a52e57ccbe7e86497d4dc1d955e77723f3,Tatiana Castro,8.7,Excepcional! História envolvente e atuações impecáveis.
f86ae0e8eec897b19f0d6cddac0ce8772faa3c38d4a1a14afc1020472f3640e6,bd2970e4af2b46ab7141614ca43d84746acf590ef8da2cd3625628fdb2aa3558,Vinícius Cavalcanti,1.8,Péssimo em todos os sentidos.
4ea59f75022492cb61940afe8f174f43c4fa4e55cd816799394e2e2b612145b4,7c4f8b2a86983cc09599d7ec329946a2caca973474ace3cf18eb1e6f6f598826,Vinícius Alves,5.2,"Mediano, tem seus momentos mas nada demais."
f9d4dc08068b5349ebe12fd48966f6373b5db0ca01e2017094572e42fab53f44,d99ddb850f90a27eaa983f2f767bde72ca04726fbae5f0cb6d519107d56ce2a4,Amanda Correia,2.7,Não recomendo de jeito nenhum.
22518095b9eb7ae6ad0cf6e008d6ba7c69348241264a15dca6e5d57d16f9fc9a,35d623ee76919d3e6d39fcc1c8592fec53f3174b3ddb71ed80423163cdc182ba,Daniela Ribeiro,0.6,Não recomendo de jeito nenhum.
6eccba601feadc3d58cff2434ac203ced3e86c8b864b89b60316fbf2bf389e3a,a3888d19adaae7f692d4107bb4cf49cc7f62b0ad0e92531156337720b094ffc4,Marcelo Fernandes,7.1,Legal! Uma boa opção para o fim de semana.
a6e4c8407e3ebd3351fc9de14c7493214edacc7ed9999695353b5d23f72d908d,0f8cba653af5168d740a6608ff1868f199a98f051579d7785020d34ce49ed5e3,Ana Carvalho,3.0,"Não gostei, história confusa."
9fe2fea147075ab168edce422e1eefee0834416c76d6d0a43e89db9b4b825c19,d635a58cc1b0007552ee367f2c22bdb88aa39f37c1752f9974ce3c1645b6d6a8,Mariana Lima,5.2,"Filme ok, nada de especial."
14be8f7d8e9320853f85e6e1f40c158ce72bb9c15e7fcc5923b3b194818e4cde,e9e69db60a943ff186018a01ce28aa819f1d685b1c1dcd319411115447b9bb23,Carlos Reis,1.5,Péssimo em todos os sentidos.
704cd5a508f839df6ae42ee81912d6b1c68ba85e71ccffff2807105438944883,d16659581d92c33089478882bdb8d16f6023dee806a27a120ff6e67d909e8c17,Natália Barbosa,1.1,Horrível! Perda de tempo.
99f57feee37c061bb8e52c170f5588a3cabac9df7da078092b48e873bf26f2b6,a6df5b992f85f2ccf294e073eac7a934a31738992369be97395aab21519e5fd2,Marcelo Lima,8.9,Excepcional! História envolvente e atuações impecáveis.
7f6511c8acda6f5d8359f87aa7fb3b180da1705306f158344fcddc467315e3ff,53912ddd702378d988cdbdd9920172cb8a861c3983625e1f2ecba922b923ffde,Sérgio Gomes,8.2,"Ótimo entretenimento, não decepciona."
b867f6c3052a4783c302c80e7f3165ff049610afa2d1ae0d56f47b41f77e5e45,4e824b5dadbb17a5ae5f9a186b438fbb979513f1a4291c8b1b404b094a4863bd,Tatiana Oliveira,7.4,Muito bom! Vale a pena assistir.
f08683410a869c510d800e7fd213e35ce9756710ed69316361d614606c598eda,104776c120de998a1477fb1971dec73803e8a7edcb2f2f406ed0abfdc1f482f3,Matheus Mendes,8.0,"Ótimo entretenimento, não decepciona."
3ccfa7f7435e0f886c10f8adb1fb208ac8a88e627d10a06bd75b7e30b59c79d1,589a1bcd94982b3f5c0cbcee556344a79f593718d87c44783f16c036b9d702cd,Luciana Gomes,0.6,Horrível! Perda de tempo.
52f4984a8a56522f548ad3149537767d0175e609f7b915a1baf2b87200a1ec66,fe7e03d62968232dc231b37d13a1f4b70a8813e470bfbfd4f9bfaef1d0dfd920,Thiago Martins,8.3,Muito bom! Vale a pena assistir.
3034e7e3053b10a97f327da7cfbb2c3ad30941477a201c551e7b6c1100cc8c7d,e6840865bb2232ee1dcaffb460a39ded889daf16b8427375537ad0b669e51c11,Tatiana Araújo,1.9,Não recomendo de jeito nenhum.
1a571c76a9aa074367b45a2ac707248db833a5cbe6bc089e3b18f35fc225f26b,8db7db44c59f87852ca30631f1f50163b5ad78fa8cce60591cab0d816328e6df,Henrique Costa,5.3,Assisti até o final mas não me marcou.
a073a1ef1d8c5c43fa58032950090bd93b0b080e8e9fc45d97029391a2b19ef0,004fc5f5120e240cb5bb08bb4b2e26335cf21db7fc993067e90e6eb42a1d2375,Adriana Ferreira,8.5,Excepcional! História envolvente e atuações impecáveis.
fc7144a4262c67d5c3b6468d32d493ebd04a87cfdec3ad58107219e648cc20c1,516db527ac9e1306806e18d60bcde8766940b0526d3291dbdfa67b6911d6e7e1,Larissa Gomes,5.5,Assisti até o final mas não me marcou.
1a0729ed32c7b04657fcce9119d83c0e0186ff898d4160bb4c17f43b4044cefb,9df00f89389993611ba6e788e91075190e579e03007075607333abc9bbb79edc,Lucas Correia,8.7,"Adorei cada minuto, uma experiência inesquecível."
6f6dcc11b7b50a892715d950273e749dff8dcbc19b44321864d5c8e2e5c4d16e,535d1c7d606de946014da6364a32f90f36c6690204b804025225530f916231f1,Marcelo Gomes,7.3,Filme interessante com boas atuações.
2d8bd362ddf359c2710aca8a0e97296e7e6efa7cc9523016793c0f76def7c66e,1ba9145b3f615c3df67e228999ed5798d3abec66a79ba0295d9a00579811dfc9,Bianca Martins,7.4,Legal! Uma boa opção para o fim de semana.
27a5cf2cb6b5a66ed920734b043754e9b84876b584750fe50b0cd072d9889932,c9ff63299c4f087798ab1d40b7baa20dbb7b59c10dd7bab98746b74db035063e,Alexandre Ferreira,0.1,Horrível! Perda de tempo.
bdda35883689512456025d6074763ff9b6a2156abb38b72377a732fc805e2b5c,2d2214d89f3cf2efced13733b0175d9306a28ac8f117a624d25871805a1ae7b5,Natália Santos,3.5,"Ruim, não vale o tempo investido."
141b264dfb271e15c67e86af9d10a1958c32aaf386aeb0d88e7af7ccaa8869f8,0651764346b9ac81eb83252fbbb0d7bfcd94329149abb1d68f11f1d19003f7d2,Gabriela Dias,7.4,Muito bom! Vale a pena assistir.
8d766e054548d8e36d689a5fc723437634fdc034b4603d616ba8ff8e819e09f8,da1434a41ea5194f9c05a43c6be62158bc91a11fea75f07871c0a075bad6a0db,Felipe Souza,8.5,Excepcional! História envolvente e atuações impecáveis.
e0e831a3c5d07bb79411bf54ce6090b7940bd9ab23f192697a9a4c3bdf0e0350,db96727bc6e5607054ac4389d43025fd0af4c904a866d2fce0f0bed8626a2f75,Vanessa Mendes,2.7,"Que filme ruim, não assistam."
af30fe69e538a1b697775b660ccbc981023fffafe8873b9ea2b47bae8c523974,b5bb19f666e04c31fa0a8328f1d834c9d2da05c3407916d33e4266d3c353d999,Ana Rodrigues,0.1,Horrível! Perda de tempo.
f94648218f7c97b7f348a0cea085a171ed6e14c4818793e5d5c3c256d7dbfed1,a4e096b9ea7f976f97d7a00d63b9cd53ef0cb063a4eb79ecb806356b21c4cfde,Tatiana Nascimento,5.5,"Mediano, tem seus momentos mas nada demais."
df8e95af94383e5469ecc329664e1b61cd707f9cd5da58ade096b686b800cd59,0d67cd4413ac56a286072c3d3caa049cfcb60f0da3904cfb9df1f750e75f57df,Maria Pinto,2.4,Não recomendo de jeito nenhum.
b0a772a440f87994b03331514e8fa199a75bdea0f7c83bb7c2d92530fef8fdc0,8fdfe51d0089889ee3f99f848567b34d0eae6e48e52e2b8c980d727c00a9dd5d,Eduardo Gomes,8.0,"Ótimo entretenimento, não decepciona."
f324dd704511e2fac2350918e8e92e45fd35f7d12bbf31b9c78f0a2669cd361f,3cf3d9c7c2d36feba00dc2af89f39e1385b9408055884770c5430144bf233770,Carlos Pinto,1.8,"Que filme ruim, não assistam."
a54fece2af377fa0318b75f90b48dce8ee23e0a0a2deeded95190f6151e7ea56,1b089a412e4e85ddf539067e6bde320503e15f51b1d4634f21ff1cebf7680d37,Aline Teixeira,5.6,"Mediano, tem seus momentos mas nada demais."
a712163838d0bc9b22c22ee2e719622ab8d4d21b958f3fde6d7ec09b0ca5f9a8,39d407edcdb72ed0b280b7fe0dcb053c76086194c70570fd661421b0a7bb2526,Adriana Pinto,2.3,Horrível! Perda de tempo.
5470ec2fa626e7919dedb0cf4f4a97332e1a9e05dcc80a216e3dd2739ef8a66d,d5516903e7b6b2eb00e89aa0003a022e8621cc8cd1cc1132773badde9b0383bf,Aline Teixeira,3.3,"Decepcionante, esperava muito mais."
07bc296bdb0d64f621d56a8eddf648aa798c5dae260eaa9de375c59ed45d39c6,556a2a64b969a41fe46b003b2d455547402b444e523a92b740a9ef7b5b96b8d6,Carlos Ferreira,2.8,Péssimo em todos os sentidos.
0c9b888f04341252bf13e4bef98eb5186a1c2a49a8d881d482bb72e86573652a,2aec350d7d31d34d15d8ee640e8cf9a44a9a61aeb846e54c3fef2f0422524fc9,Letícia Pinto,6.7,"Poderia ser melhor, mas não é ruim."
aea1d2e1788cce9105c54eb2252e245644453c0da96429d1d0fb57102893c88a,774a00e038d366910055cc9e0daf6d4ef7249ac991ffc5f3afa28cf888c52fd1,Rodrigo Lima,0.9,"Que filme ruim, não assistam."
479624aba9dcd5024503cce175e64f32b9a6cfd732adc43c2937e47f5ad1ddd2,d12f13e58d9bbe586cd0d71dc27bf753013f235d00d9a052460de203736bf196,Ana Souza,5.4,"Filme ok, nada de especial."
e45c5f2a2adcd261a5a4daf073ce17efbf2a7f7131f234c990f7b45e5cc888fd,717ece06237ba6fc0ac4b61629285c6ed9f497c8d450d52fe5e57cbfc37ac602,Diego Mendes,4.3,Deixou a desejar em vários aspectos.
68f658cdc8b260e1d381fe7eab31be7206df2a1d945671857694a1ec16bf6ce6,84f7d8a01007537c2fa94a7d74c831c92e91bcbd3fe1de7b356febf9b76dc90f,Isabela Martins,1.1,"Que filme ruim, não assistam."
822a6d6b430a245b71e9f329fa9b50a1cdf3aadec614c78a9d90ee7cf7bcf88c,e2b5b4962068de5bc19308b9456d822a15302c06493670cdea27b3fb5adc060d,Luciana Barbosa,1.8,"Que filme ruim, não assistam."
dea84de0c927f613d1e00c5df9927fe68611fa31554e0ad4268b719870f0a08a,ebc9a5ddcb3620ee9c792053bbf8f1211b6ee96d0d6543be8069a20bcb48bfa6,Roberto Oliveira,1.9,Não recomendo de jeito nenhum.
99032e3dc4eb92e432a0e9eee78cf84741074bec21ab7ebda97d2750730d9870,f4de931fdccacd9f1ee08306bb2a102a2923ca96c357af3d7587c33aceea2ba5,Tatiana Freitas,0.4,"Terrível, um dos piores que já vi."
e7b1a0a25f27be04761cd64c3fced0a93eb3c39fd76df83a67399c98e95f657b,a4a556a8cc0aeea956666a335d429f0a5b8b9035f3a60c5d1234e6a37a67bfe6,Sandra Lima,4.2,"Ruim, não vale o tempo investido."
d47e36974ae3ffe7b5101aa4da2480bb02b982e1c7f3cf27d7870647d4d5e0ff,10d9c3a29528c2d99952a564563c299e3876e2bf04dd98e278bbc8ff2588a5be,Rafael Rodrigues,0.2,Não recomendo de jeito nenhum.
1405869d282c76aa34346cd64fa462a23ca58924a9a5e282cdbb871617f8dab0,2640f00e639ac9c4acdd6926df107c4b0f6d6f32645abf90f1617701e6edaaa0,Henrique Carvalho,7.1,Legal! Uma boa opção para o fim de semana.
35d12e37efef45e26d5da7c2fada96b9ef95c9643037a487743c0f9c7f87f5c8,36a69bf154b391991aa6e8e2be160a5635fc6742fa3f25a73d7bbf8c9680934a,Rafael Costa,6.6,"Aceitável, mas esperava mais."
493d67e76680dde96f15920c0ccd3235fe5f1a8e112ecc977855522bc09ab3eb,05059a82b1042082b7e62154ff2c70cd03ab09b322725f0994309dd5162d353b,Luciana Teixeira,3.1,Deixou a desejar em vários aspectos.
682bdb5ee5a0e1ea74193acbfe8e1a751e91c5bffe319636e513500e6c1cfc88,5af91edf17a69e1330ad9d13fdae227992d23d0bf07a39e1af864b1a3ff4ae78,Maria Cardoso,6.1,"Mediano, tem seus momentos mas nada demais."
341af6ae692ad0eee1aa98b78feb986c123394d3ddf03b051811c120ce17a63f,0bbe417162d5afc5fc223e35a9089d8331eceba9210db51a4aee024b6c234c88,Beatriz Pinto,1.3,Horrível! Perda de tempo.
a4231a503fc24f4a855bb0f12ae7c2c077d350828cf005a14c6d9799f7554834,03d98fc970734c6fde9bc2b2de30002ff15508099761370be37ccfcdfaad35b9,Roberto Dias,0.8,Péssimo em todos os sentidos.
ff38a6309b55e603c8b183e966055af8f273a26aad0e8898690e129ef4f438b5,a52c1485b2dd7ed267b0bc14ce94332ca1ad06a0dc912dd1d6cb7c8a31f5dc11,Leonardo Moreira,1.4,Horrível! Perda de tempo.
00be5463ff21be6216b915b453227997ff121c87081693e338edb6d887279e75,17f1c3a471aaebae5720d96c855c961c3735c2ac2d08ee4d2e262db7c8db72f6,Cristina Souza,9.8,Excepcional! História envolvente e atuações impecáveis.
0c4bf59fc17b592e67f5e1df6ee71c382ba29772dcb93d9ebb4e2023dde01660,caab016e0f0d1045758a19af62c318880741996ce2405cfd23fee576faadee14,Marcio Nascimento,8.1,Muito bom! Vale a pena assistir.
0f0d1fac88838c9b23d89c25d56f702ca06fcc2686f098f6be8dd71f73a4592d,14ec5c32df0b4c6ec69a484c8672404b15ec4565a05140a5f4f83a512277051a,Isabela Moreira,0.1,Não recomendo de jeito nenhum.
11f4c0be7f0611408fae08f09ee37caccd73c6beb0f9a4b80c3045d8617840dc,85894875f0f6765bb15c2e7b08961b28fc53b2f252aac19bb6afd688bb6cdbf3,Marcio Carvalho,3.2,Deixou a desejar em vários aspectos.
bd7fedaf41e45041ac3b0f0bc1d27c69de1eda1fbd4ff459c05a4043a3b3e000,4ecdd6572c2dfc2ddc5807ac11ceea2c0ea8693ff96736824dea097d3b0bffc9,Gabriel Silva,7.1,Filme interessante com boas atuações.
e943f82a0e971bf98eb2e8fbb36f7e2e23292b024da1aae31f074c8e77e7b6d0,f4de931fdccacd9f1ee08306bb2a102a2923ca96c357af3d7587c33aceea2ba5,Bianca Martins,5.9,Assisti até o final mas não me marcou.
c6eff5ba16af4cde953ae72dd3f7fd9cd2172457b061549ecc9386c2abeaaf42,f58ba40de764ba719ffc6834dae7d8259f34c8c349f8fd31bc97c85224e6fe9a,Larissa Reis,1.3,Horrível! Perda de tempo.
f2620c90aad3c602c3ad3a1f65b620f8f042bf77c23524661a5e6a57d5825e67,a5e0ebb8c02270c734acc85318128a55318c6419251178120207d6d1e906891d,Amanda Monteiro,6.3,"Mediano, tem seus momentos mas nada demais."
422de2fd487064c05c9fcfeaac9a3f19f334fdff9ad9a87644631a214ad9eb01,c4bd03aeb22a66020a05f299a2430b481485ae2c17909e3ce79cc665d6f21cae,Alexandre Lopes,0.2,Péssimo em todos os sentidos.
88a69e3a7e1d82364f025f569e295ed7ed795ddea8eac6e012b085cec7724468,b747857be406690c89de89a00d81f78f9c1d29ff93086a4316146c1febb87ac0,Fábio Almeida,0.5,Péssimo em todos os sentidos.
de36b5082bd362bcff912159ac9de555e6b388a139f05d85edfad3c3e123f498,ac9c33f501763c986036190ccfe6caf0d8b1f1602d8acd7586af5af2ae02825e,Tatiana Nascimento,0.9,"Terrível, um dos piores que já vi."
b37341b4172e5d6e55fb3e415344e47f97bbb9a57fb665d90e9ea0a968296f11,188d7bc75c4585cedf32177f14bfb4cb57bc33fe8c78d30d489279d88a02781b,Vinícius Cavalcanti,3.0,"Não gostei, história confusa."
6e1de9f41ec3028ebd8a2b3848201f7392c8b56a017c0987cecbedda7027b332,7004ea5f566a7c6020c13bf858296f041d7661da047b0f199af0d41ef2a626a0,Felipe Oliveira,7.6,Filme interessante com boas atuações.
ebb50b04cacbe1b3f8cc2f78ee424f80e845f83d8cc37ffb4b1f6c6961cca18a,be24fb67aeb8525cf6c46257c88215c256b6031f6ddd8446bd7ae55d75bd6892,Isabela Silva,7.6,"Gostei bastante, recomendo."
148c808c828e1074b44cc7bd90cdba03e67fab43da80b828e301f0a28ea6338b,c7a8f7c0140ac8bf23096bf812df6ffde634c34e2414a9bbbf73aaeecccd0764,Marcio Almeida,9.5,Perfeito! Um dos melhores filmes que já vi.
a2d735db2b008475f76af79bb40dc9439792275e35779cb81883ed2412060916,3d92b29ae855157a843db93dda7ff12f97e921860a766b778a41245ed52bd5e9,Lucas Gomes,1.1,"Que filme ruim, não assistam."
2f9b959cb5050bc4667266343bd1c5bcd6b10d0f0a88868e5561b02a39205316,5e45c6de0fb2c67d0b06d81f925e98ff6bb2b8a254b435506e9317cece3e3a7c,Amanda Freitas,0.3,"Que filme ruim, não assistam."
8c06908cc70d8d5e061b23c7416aada6276d9b7e79d3974b27b8cb92137d300c,8f1a457f9a8cf5029d7701246a2380794df7d545492c752b2fea9467a843ebfc,Lucas Silva,7.5,Filme interessante com boas atuações.
1862a4be8b94cfb26c723ea8dee56949eeca7f1056670a053df319a31f990829,f64da48dd526ce77f01c3ed06e9cc5d548e4bc8198572ecce1975ae024db983b,Gabriel Cavalcanti,2.2,Horrível! Perda de tempo.
43d51c5c62877a73bf1d68a1bb8d0710f66f9e22488725fb9a3c00a31ef47efc,fc51129cc5b3cfd213acde3f4dd82d9db4ef2864755c3a698a2b06dccf34da83,Renata Dias,8.0,Muito bom! Vale a pena assistir.
cf2e37750f377e5d23ff25168e1404a5db3cb2ff75a84b54a18fa07db092f9da,dd6034f86d3587cb394f53df48e700de753875ac310da8c858c718f70a9c703f,Pedro Reis,8.5,"Obra-prima do cinema, simplesmente espetacular."
c0cdf8293eb4802f0eec7f867841414f98586389cb4746ffc4407ef9142de34e,353c9d0e932c0d695719edb5ed3a507ec6ff50da4cc84d1f92a59f0620cc43c8,Lucas Gomes,0.8,Horrível! Perda de tempo.
cdcb6579f8d3849f5a68af25ce18355bb885ef3e09053cfa2d031791c8268d95,5c1fd0a20e6f576eec76b0f91dc0c93a4cf1f421277caefb40f881ac3afdc298,Camila Nascimento,0.4,"Terrível, um dos piores que já vi."
90dc1d91695612c979b5cda2e29068c0c184dc1fd68250d15641386598ee7b64,fcb17c206e7c28312f69734cecb1138747742b39661f451dc27df5df8fc3c2e6,Marcelo Castro,8.9,"Obra-prima do cinema, simplesmente espetacular."
50cdd8248262619664d17cf2a044e65e6356e7ebe4dca9699e658f52660923fc,fac228b2b758ed10acd8bc3be4992be0868baeb15ec8b236709ccf30d86351d8,Fernanda Lima,3.3,Deixou a desejar em vários aspectos.
3296f20998e8dce7f73b14d7e032bb2ca5eabd0c512ac9e86c109117eacf95ca,ed61f3551b4cb16d8ab6ddee9efae50738121dc49f92a0d8d90a49cf3e3a3e13,Renata Ferreira,8.3,Legal! Uma boa opção para o fim de semana.
98e10ad45881ee7e68b8e09500b5bb00e6dc1e12898c018a40e8fc3b66097359,66de2cb9040fc02db32060051de3a9b8359eae4bf69ae64f39b100377e28a48b,João Castro,3.9,"Decepcionante, esperava muito mais."
fe4985bba8e1735df0ef2a44f751c824ffea92bea136cc1cc52dd0c408db5c74,a7370ab49612c216c71694e559834e0fa34bd515ee17c9cde5d514efdd5bbe77,João Araújo,1.6,Horrível! Perda de tempo.
78a4ceb7fcc09e44581ae5ec47673bd782a089d648f93d27679acbd4552d4616,104776c120de998a1477fb1971dec73803e8a7edcb2f2f406ed0abfdc1f482f3,Bianca Barbosa,2.5,"Terrível, um dos piores que já vi."
9dffa6d6553fe5102a3ad17016f80fb8a35ea88a70f3d90bf60598b4cdf5792d,40e3ff8d0f762bf08cd014ce3cf1bfb678fc5849ea80cc8da7c28dc9a7d96b13,Claudia Nascimento,6.3,"Filme ok, nada de especial."
a3a5e5241c9e812d8a3686e61611216fe71075e8ddd36ea5db8b8599ae5332c9,42929523e2920f7f05338349943b27480a3c34a22858a8144f498faea0f3881a,Leandro Teixeira,3.7,Deixou a desejar em vários aspectos.
e68813813b3a631b40c127ba5c8ceae1b2eb3b45ae3086a12698e6ecf85585d8,0ed49705aa40be7a78f25f1b6d749ce5834cb6d14b66681c8a2984c396567681,Bruno Castro,3.8,"Fraco, não recomendo."
17725a7ec7c22be52caeb6ee21fc15587a93544d87dbccb9cfdace9a7fa07270,ecc99bf640e88c18e5f3003002d4997c506a3fa733a3799f15db7e3324b3feed,Roberto Martins,8.8,"Obra-prima do cinema, simplesmente espetacular."
a27ab141568d4f6f760e68fd7928d23b2d5dc5790a9e6d86ac2a38b54423649a,5816d6c2ca8999d935ac47f68ba6543a894af394006a9428518f28c5bc93a099,Rafael Rodrigues,9.4,"Adorei cada minuto, uma experiência inesquecível."
a279ece630472e7b4dd2aa4a131b8c40b7058746afea21c065ce9cf7efc40318,3fec30a5979c79900ca79d387090921fe18bc76a4f53d3c42f9fa2f522b3cec4,Rafael Almeida,1.6,Péssimo em todos os sentidos.
e961cf6f3ef9828536969e02d5ceb1590671b7a7259797bac6a8c27db10d774b,ed28ea1aff29483d83fdf4cf8eb18d9b8cf3b024556c33456fcb0bf8ce1549d2,Marcio Carvalho,4.2,"Decepcionante, esperava muito mais."
306c2680477a40892ae7637fd664f3989512c0ba31d4a335b616fac762b04a94,9eecdeb3d55e8a9c676c557f5f0c2a5c2aaa9be6d40dde04061f94dbac28076c,Cristina Reis,7.2,Legal! Uma boa opção para o fim de semana.
30f5d2e19afa845c459253b89c1cfbe452c41ccd5a74a871761ec0d2257254ef,63b4a9661c2897c9470fb83b75fcb1d59f724ba8b8c95d80955464438b2b0221,Juliana Castro,0.1,Horrível! Perda de tempo.
edbf88da72640483058abec4eb292e019c08ea01687eef8dbb222b08c7408509,50a0149adca2cbe1c2e9ac0d5c11f7265b4bf1fb524605447b63881f8f39773a,Camila Cardoso,1.0,Horrível! Perda de tempo.
87e7f6ba162986280bcb77ef011db233fde1f0e7eb8779c3b53fead9125669aa,5b4510bd8641fa84f80d6bc8354b8e6f6d4961f2a67cd691de45a6548fe50b02,Roberto Dias,1.9,Não recomendo de jeito nenhum.
8adc4187256bcc28d8bd2ad4cad7ecea98a5e7d9e60c33b2f69346505946672c,5fefcfff2e500f52d4ca34b4838dcb8dcc7cb7e3877b3868c9036dcc9fb01b82,Daniel Alves,4.6,Deixou a desejar em vários aspectos.
9f060be92a000161e8a6946491e68243c0d262b0bda1c950ef2508cc947cd1bd,fb9bd4af012b6a78e5891910f48ceeca05dd4bf178e0f8e56a06f52b37dafca0,Renata Araújo,4.2,"Decepcionante, esperava muito mais."
08dde86c93559ba4ea68d6d2d34a76c59406419d5206da51c1e395641eb6ce01,862da342fda877e81f81570f316db45a0cbb5399c8758eeddc62aa05284d8b53,Gabriel Cavalcanti,8.5,Filme incrível! Recomendo muito!
ada27ce5a272ba7e5b413ff997ff0b417a139c879b546166519288a3672c69c3,4e384ad8da9a9a90fd148bed377d1af79464f22371ded0ca8bb6732f7c6593b2,Claudia Mendes,2.0,"Terrível, um dos piores que já vi."
555f43afb0eb65d7279439ccd869e152d16c7ff46d1c8f664d898b7b367cd2b4,7c4f8b2a86983cc09599d7ec329946a2caca973474ace3cf18eb1e6f6f598826,Adriana Alves,8.5,Filme incrível! Recomendo muito!
aed0760b49ef98d6eeeea2e01ae50cf1f7770236b34a42f9fd1e78747765da43,ba24dc3b66e6eb11befd8f8db696e77347518ecf0e79b50a52e887f2fcde58b3,Camila Fernandes,6.6,Assisti até o final mas não me marcou.
c5a6755604a500a62f7d3fd730eec6298aae7223f68640101b757ec5f5a25a58,7e04e3e653874ba561565f812f4b2b8e6ebdb71a6843346532e58d8a15e169b2,André Castro,7.5,"Ótimo entretenimento, não decepciona."
e4b08eaf33a4bc66395fdccfbdc889b5484752d958f3fa981881d88a956e5299,e9a2d38b92ba5e87b750a32556d84fa000cf97a3a25995ac3c11587b20a432b5,Eduardo Gomes,8.3,"Gostei bastante, recomendo."
5eb7a6e729b7c01b1911740cd210c0c5253a3daba501077d285080b544603695,9feeb6211355c64d507ba546734870e7ca328dacaccf01f3ad685426dfa12361,Henrique Lopes,2.7,"Que filme ruim, não assistam."
d1e3fe2781920960cb72a553e302cfe368ad555dd6a1ce38d21773b99460b317,a42c85abfa2481166cd4b67462b81b3af44b43606cbdce16032c302ea1f58938,Vanessa Mendes,5.5,"Filme ok, nada de especial."
330b1eca75288f1ba0c70c6af8b6e7b8619a7de1f8fd05c85c512f0cddf6a005,97256f16198e16996b148f34ba0f4b2393ab54a8a3bb931b9b903ae8e837cd72,Ricardo Teixeira,5.2,"Poderia ser melhor, mas não é ruim."
622e1a023ba5634fda9a1888ef43a20e3ffe3c8e8f5ed699cb117f10bc9f77f3,d6c6f389916774f7a7581de47fc057e242fc0cc87ad57fafc5cbc5bf926fa33b,Claudia Martins,8.8,"Adorei cada minuto, uma experiência inesquecível."
b3b82f77ec5ffcd2bd94b60db39ef79cc326c64a6299016b2feb85980120bf44,76224d66cc3593a73125b2eb3e3e4aa28baa7d35c65c6bdf62a1d2131ad2b20e,Leonardo Araújo,1.4,"Que filme ruim, não assistam."
575b277903c82e79f92ddad13f868b3f7707f85e88b1bb7966183c7b3a1b932f,77b5da65518ba442c860911190b31e63d3571c987048bfeacaef7509e86f9b8e,Vinícius Costa,4.8,"Ruim, não vale o tempo investido."
f675d9c39e30ad768a76bc8ad470d3323c790675830e25c0d963360df71a50a6,81a881d48a7a32bf7fea5f6e75ad0e01d3bd2bc4f19308dcef596cb381fbf84c,Henrique Ribeiro,2.1,"Terrível, um dos piores que já vi."
eff5a645c7a7421f2c69e1a8f23964ae51e0331a0f38de0521b6b4612a5cafcf,f008b6518bdbf12821ecf2cbb9664b777f64e59050175fc3a2905d87279b49c7,Carolina Monteiro,5.3,"Poderia ser melhor, mas não é ruim."
a9c6a717bc4d2f4cce35d3aa64ed8a875f1be0871c509644d08f6ee8c6c4c4a3,6c4b18b77c81961850640ce998ba395e44c9ce2f404d544121d50764f77b4c2f,Rodrigo Ribeiro,0.6,"Terrível, um dos piores que já vi."
95808ef7ba670a5d9140255fc712b2f196d35be219bd144244a9147b6dbc9875,1c64f43cf8f9d4b11b568ad5044a2e8d6882d2e5dcee022fff23c522c9fdb541,Roberto Oliveira,6.8,Assisti até o final mas não me marcou.
2a417edd78dad8e2628cf1a012a2c73abfd1ce6fb964422665d3c41a7141abaf,d69db18183a2839afb55bf836af986662968fbd93d3a28659326c4cd0b42b6f4,Claudia Dias,5.7,"Poderia ser melhor, mas não é ruim."
8ef203b1bfdaf0bc102fb92d1923404c0cde06df8286006c223aa9e4ef973437,1a05b7f22ba37c25e7c70303a5e4425cc777cd86234effa5501ef9375331bede,Priscila Oliveira,4.9,"Fraco, não recomendo."
083f37b5a3637f2c6b7781755cd6d719f7710d430abbb6b80dd371df60d2c140,3efdb60fdf5fd937110d2cfb2ee9fb6c8b9145982f7d1166cdf407719c4e0cd4,Gustavo Cardoso,6.2,"Aceitável, mas esperava mais."
7e8e5e5265552fb7e207685dac52592a0058bda77a084194f8371c3f5b1c9251,9df00f89389993611ba6e788e91075190e579e03007075607333abc9bbb79edc,Eduardo Martins,3.8,"Ruim, não vale o tempo investido."
b33806bee0a2ab9fc71a98293d035347b641ce90045c4dbd8fdfab3c91a2ae93,5e846aee2b8aeed5efb3597c4fdc1de11a8629f9431253b3e7952d7b99cf4b0f,Camila Souza,10.0,Excepcional! História envolvente e atuações impecáveis.
a59825d03e5002d7119f7aa01d626d063363bb26ff1d3d1b22176e54609d39a1,93f94facd94c2575ed8432af31759f1541cfd38bac23c51ff3765ebe51f06305,Daniel Santos,7.8,Legal! Uma boa opção para o fim de semana.
88425f0b46e122e0c9641afcd229a2693aea469c5d8423d41b1469c705429649,13ce7d2a8fcc0129d5b02584d16228ba2e6b392e0c48dc4518a76194317e30ee,Fábio Costa,6.2,"Aceitável, mas esperava mais."
aa45e47ae679cd01099a567f08cc8846ccdfa9393d7951ceb81fa0ff8e9f0334,92a9261ddb1493d342a8e9bb28505686883e0905406120cbfb4b8d85d72ac28f,Carlos Moreira,1.0,Não recomendo de jeito nenhum.
c7f18086f42d9b29a0794edcfde124111cdc42f635ce71bd4504443a518f45b5,7a5b13f551f1707f66947cd7573f31baff12430085efd7c3918572404015f587,Juliana Lima,7.9,Muito bom! Vale a pena assistir.
fa6bedece0c5e2d726f5ec39307bd8dbc302c1b91d44d3f06329fe385ea7d814,1e240234ee9a8151aedc2552743190422d91c62d384fb57f13c2bf2cbf5d7a45,Marcelo Nascimento,9.9,Filme incrível! Recomendo muito!
f2cc673e98420fb85b3b105e700c3dd5040448a0ab389a570beab28081f091ff,9268f15781bd79fa171a6488c26394715f02f69abf63a7bec9e4f0802a6ee9e1,Matheus Carvalho,9.0,"Obra-prima do cinema, simplesmente espetacular."
7b02465a54e20bb60e754e33ab09fc9611ea39c01f6784355ff5616dfa0c6966,6b4f2e92984e84bddd5e6370cd0e4fc4c4d1755c59139dd3d68ae1b944feaeea,Marcio Carvalho,9.5,"Obra-prima do cinema, simplesmente espetacular."
6ccd3460712d0098997c003d58b76e1a863622a9bbee72eede30c619bc7647a1,819444edabdabdcc4c8d47267a2db100646d9140651c29029558682cdb697b75,Daniel Santos,8.6,"Obra-prima do cinema, simplesmente espetacular."
bd14b9b87eead17e56a3279259cd9b5322e9a4de3cb6b19f857094baa56f9635,fa8928f5d0ea2bd982e758ebdbc766eebd26d7c499f1be71f55fa2d578d9c5f2,Letícia Carvalho,7.8,"Gostei bastante, recomendo."
3311c2b8655f90305316dd4d3a567524a2c9a58e914d2f5ad118175d71e468e5,72e138072ef5cc1c4f6a2eb5e6c271971c3bafbad613dcd6404aecfa814d763a,Henrique Costa,4.0,"Ruim, não vale o tempo investido."
255be6ac21ac3f53673342b808c284186b141fb2d32f83e6df2d1757b5ba9bd4,6608b000bd3de899d8faa03efbf23a5b8829629be6e5c6d3707917a68a32949c,Carolina Reis,5.2,"Mediano, tem seus momentos mas nada demais."
8f7018077a108d809360354dfa3cbe8ca4864d01cfb378021945a726f61daf0f,ef35ecb6d1a71b7ad5693fc7f53118c878797843398815305ba3ab65357e6c18,Daniela Gomes,1.0,"Que filme ruim, não assistam."
a79703c808875f92d32432482b719edc39bbb13636d6f56b142d6c385c095ed0,e9fb8603de9206ec05d84d8d3cbd25f49cf021f45b486011d731d5162618fe9e,Henrique Santos,6.3,"Filme ok, nada de especial."
41c1601842abf701354bd0da0e7e581aa4b5861e498a93a6268aa6f366e23dee,7af63e246f63a62cb21af6c676863a1f1d5e9831f9b896636e90f289fa44967a,Roberto Nascimento,6.8,"Poderia ser melhor, mas não é ruim."
6de00e58feea85c148fbc17c475fd8c7508a78cc34c2facfd345b9e0144decd3,1205488e5b6007022281788e329c46be094757d31c91078c01ef894d481c58a9,Carlos Cardoso,1.8,"Que filme ruim, não assistam."
c5a127dcf64c9a5903f0972aa307558d2b8eb965ddfc70f96d8dc1b6cd189ec4,9025e16725ff52dcff81f3d31cedf2f1c2f63b1e7a78994cf4fc9726124aab2a,Roberto Gomes,4.2,"Ruim, não vale o tempo investido."
ae4e9d1a389cbe57a960846c31fdbd3c5584a1586e9b9cfbec2922c17afd2f04,9b72046efce3bc8c6db14899973aca0aec26c122a3fc72de4921377dc2b86310,Isabela Martins,0.1,Péssimo em todos os sentidos.
ca5a2167f84fa3eefea07e78653e9115e00b3e680e35e73e588025758191dad5,8f1d64122f03ab882bb1ad25967e9d3a690dfaa2d0e4f4a1a6068f5072c67850,Henrique Santos,7.5,"Ótimo entretenimento, não decepciona."
11f30b00c86dab12db2ffb6e4764767332dc0311e52f32a9a82780a724f83f4a,87026dc7b3c40b662a11e46b196a7ae42fec574a8ee56959dc8b2e1a782125f2,Roberto Costa,9.4,"Adorei cada minuto, uma experiência inesquecível."
4c4ed0f025abddcb39da5b1d84599e0d0eb53cf3134a7069c236be4e0867b905,76c4264052f3ff5180846e9e1f6a76c66652e657efb0b76fa380cf0825f338d2,Leonardo Araújo,3.9,Deixou a desejar em vários aspectos.
c266acf009124d740b5ae79c4bb8cde492d9ff5c094a90605ab1d784d3d98b9f,4acbe5bb5d0ca83afe2dbb5fe5ebdbbd55043198b765a18ab2d5616f22509fc9,Carlos Martins,3.4,"Não gostei, história confusa."
1af8ce07563a0642ad0712e9d88d9ef638c5c1f7c657cd09cf9130a03e73c8c9,903faaa6087748a01cd738fe2c0c7d4453e1232e10a0f6d01ecf4d6a33728a88,Gustavo Rocha,2.6,Não recomendo de jeito nenhum.
4423147c2a4c9b48d6e0e3133d0edaed627944ac7f86fa4c8783680e5939b401,f3708472807aecfa55b5e47b1fd7d552ed373aec9ca65155c08e73d40cc32549,Fábio Ferreira,4.1,"Decepcionante, esperava muito mais."
caddac0bbf7e619fdd733c98b196058da16a68f22f942e4fdac815e17b4d9958,353c9d0e932c0d695719edb5ed3a507ec6ff50da4cc84d1f92a59f0620cc43c8,Camila Reis,7.3,"Gostei bastante, recomendo."
ab641ee6df0f82edd80cb23ff25a84c0c863dc5d69bfc4bdb01256e392c8ca1c,dc0f783f61c83f88ead609745cb4774c88cc36dfa1af60bff8e82576d030cd60,Fernanda Costa,9.0,Perfeito! Um dos melhores filmes que já vi.
2e55771470d40a4682166d7f610f6734083d41e276e6890e5330c3250cb21673,a2fef7ddbcf10e4da73a2ad5ec18cfa9c3cdf25f29fdd1e14b0cec81328b82e7,Larissa Mendes,2.3,"Que filme ruim, não assistam."
94c1809a0c0f43b83bc2dbb240915ab28a8bc51da9f9dae05439e83d5880c622,f1176fe7e39ab8f3698171536b7bb79efb54e091c0d54dd22d5732cdf3431a9d,Marcio Moreira,2.1,"Que filme ruim, não assistam."
9479d531fe2eb47df008f73e8cf8ed00715757ca6559e8cce56ba944da90cd83,2365eb3906f88766bca864cd6ddbbb6597ea06d134d1460718310c625fefc42e,Claudia Dias,7.3,"Ótimo entretenimento, não decepciona."
0442c480d55c10c28a4aaa0da07a33bc14ab7e1cf484e121739bd4086d7bcf32,9df24f08f24b5c4b4ca2aa7be108e5eda66a5694e31e073498b0add71fa8c174,Vanessa Silva,9.1,Filme incrível! Recomendo muito!
82630356d2022f83b6f4dfbd57f46827669ab6a5e9b7544efe577ed8ae7d4bda,9def9aafb06d94780c63d16b13a402f657a8fd6aa08ab1097dcd5d5021535fdc,Lucas Correia,2.8,Não recomendo de jeito nenhum.
f9c89c9cf4f4aff620b186c568dc21562d4556e9d79c646c1c7d17c97bbcb2bb,e9e01b992a18055065b08d36a90a08f5f605b0f5c643372a60b8e93ccaa5d94b,Ana Gomes,9.0,Excepcional! História envolvente e atuações impecáveis.
2861829722e17e6de0a1fcc3afa1caff094e73b6f9ff94609fa6fa73529e8126,3d2d44b8985ba8fa0a361ed7efb0d1e67b7b6c7b8694d7d3ff55be6934d95942,Aline Dias,2.0,Horrível! Perda de tempo.
d73209f9b9d953bd73ac8f108a14eb9cf3d6d2c15045a04874cf131fe370293c,876db10efe697c2f6dd0fdb3a849abc0cd89494242147c1ab6dea4c254d22be3,Henrique Carvalho,8.7,Excepcional! História envolvente e atuações impecáveis.
00c727598a547110dfb1134f8f9b2ee2055d8acb947e29da2dbda701c967cb4f,3c89c18df3cc9469f39e3fa85c9294b9f35a9d9202d6cdbef6ac578afb37a4c9,Juliana Castro,7.0,Legal! Uma boa opção para o fim de semana.
acded8c283804357f2e6756c241c8b9e13819ab33c31c0ecd3ff31734b88a52d,a033d7f4a083f6c936fb50a974fb16265bb81e01691934002b28c162b53e8832,Henrique Carvalho,1.7,Péssimo em todos os sentidos.
975663a136398271490c531f87166718b573d21280ceb0d542623971fe6030d9,961bc9aee4ae7b414dd653acc71e7ed205beaaab9dd06fe3827f8bf9f6aead96,Matheus Rodrigues,6.0,"Mediano, tem seus momentos mas nada demais."
acf17ce38a90dfa8b70fcf72ec968f186e27932858da2d147401180de7b949db,f4b1cbc6223aa69a0704ac2c9c3909b57e5568a09ef9df5899ebdeeab34daf68,Marcelo Fernandes,3.0,"Fraco, não recomendo."
b647ca705e7a3236f8b464a104deb2708188b6d576ca1ab7380a32a3b8fb7134,df302ef73e34b1c483f27f8d76fc06b1726a475054c67424dd4a7e1a8cba7cf5,Luciana Mendes,4.2,"Ruim, não vale o tempo investido."
e3c8c5422b0114e7c7bbcbe5e50c7b5918f3dc6d477e4fa7adea8f3096fb0c1f,7e58b24571b4e8149ac9563d3d7c7c5756a1123a9ee53c785a70395d0de2f8ab,Larissa Castro,1.3,Péssimo em todos os sentidos.
2f9439270ad6480f16de2c36f8523138a3e517d6ebce11eff11278c0415af0e2,7166fc01b29656784c70f9135b0984dd5f773fff2f6075c7dd4aad3118271f2a,André Castro,5.7,Assisti até o final mas não me marcou.
7b8a8b95adf33d6d83cb811417d8e957a4acaf4cf422016e9c3d4cba4acbe0ed,d0f5c2314f68b9514912b8702376d56969c244030cbc94f904de2f3a9d1225fd,Bianca Carvalho,1.2,"Terrível, um dos piores que já vi."
d31665ce5d63d25b18cef0d9cac31c04b5ecb68d11022651f6c49f75ddee9874,3dc6be57514f664252acbee70fa78b4980c0f3450bcfad5eea7e7cc2e5c3f5b5,Juliana Lima,9.0,Filme incrível! Recomendo muito!
aa3aaf9998e2262046fa36b4b51bf9662f7f8500f923953e2e400eaa94a669cf,7b6a6f91a66487370a29484ac9fb6b51443726ed31b78bd322c5d2e5ade27766,Thiago Silva,2.3,Péssimo em todos os sentidos.
30d0bb72df15f30f184ebe0a2811de366a7955e90e17fb0c786d9d0cfba28c4b,2f2c51834ccfd77ee45d587eb687f9f13475334fc8c8c26ce31f7110303fcc62,Priscila Alves,6.5,"Poderia ser melhor, mas não é ruim."
f654995142451b1f3a410f14c22d1a929a9d8f0491ed2a8262540a73c3b0a6ac,ec9ab651cee7433c0232eee02ad5f3bbcf2727f5d1f3124eae035154738ead1d,Marcelo Castro,9.4,"Adorei cada minuto, uma experiência inesquecível."
8f52628e4ab3a3180039c33d281c83c4f1ea7a4877ad7a5bcbd5cea0adc34b40,c9ff63299c4f087798ab1d40b7baa20dbb7b59c10dd7bab98746b74db035063e,Aline Souza,2.2,Não recomendo de jeito nenhum.
9bcf8f262d3d02f7790bf5874c392d6616837abc69c10e06f8d32f8384f9dc54,c67331bb07ab428cab12793b760a1794032f3b592ff15ba44c0e16973be44748,Roberto Lima,4.8,"Fraco, não recomendo."
831288ecab7b90626ab1c6ea274d2b7deb8a3841ec1a11ca34ec4fbefaacc542,bb24b3fd7215b30cca72336c7f932f2dc2552b59eb0da0f3163698805ea419ab,Cristina Martins,1.8,Péssimo em todos os sentidos.
609c1be269329d93ad1edd2c234aa1c4c97622098fda0e44352e23d63ee26373,0d196588f214b2e44bca99c764f19017ec1489ecdf19894591c0bb0121e1b598,Leandro Lima,0.7,Horrível! Perda de tempo.
566b9ee037eaeb186a96a126e3d042251348b9aa9da7cd68671fdafab6319e1b,a4a556a8cc0aeea956666a335d429f0a5b8b9035f3a60c5d1234e6a37a67bfe6,Mônica Pinto,9.0,"Adorei cada minuto, uma experiência inesquecível."
ee907a3d4c44190408226eedf99c8a129b231a1c8e3c16833054843a056efd49,9c28ead347d3d9ee723ca77d6979024ab5b2027b2cdbd79a7ff227b5d46c06df,Cristina Martins,7.7,"Ótimo entretenimento, não decepciona."
ca2a00d1cf3cebcf3c1de34384bba2fac700f7b6a947b14a65091046a59e3483,c7ed12f55bd09355af2d8dabf858eefa650f0db91928b81618a50bb7cf32677a,Patrícia Mendes,5.5,"Filme ok, nada de especial."
d16f5ed7f82214a4c08745deaa2fe8a93bb3cc9e0c587c9f68885cef95467de2,ea58307974ec2ff9d7c152b51c521abbc350c788c43c80bbc890aa9e16e36837,Luciana Costa,0.0,"Que filme ruim, não assistam."
9b8ebbbc2042d259c562be96ed8709c0d7f7c765f8f711e0f6198852ed782ab8,019fc7bd5cb361098d942f004ced265c4a89558927ec9781605e81f7f0307edb,Fernanda Dias,1.3,"Que filme ruim, não assistam."
cfeb8a13547292048d3ef5c7d2d0c1c753b1ed731afea5a1bdcc6e6b3030e7f4,4de8b002200aa71ba7ee0a6349d421d52352f7498b0e45c33ca69be5dd47762a,Cristina Reis,8.6,Excepcional! História envolvente e atuações impecáveis.
cf4824b9595fcd253758ac3eebfb3dc3de54889e61823a4e12c51d397e89694a,2a443ef8ed61ff95ab0c50c0df2a71292a6887e1fe19b4df0a6be7b06e596c9b,Felipe Fernandes,5.2,"Filme ok, nada de especial."
e85caa8250ea0b9fd1e5804b34a7614becff37571d6c49a1c65998878b341b7d,15b5c0336b4bc37ab9c11a62d28cc565dac99e5f62fafac91ccc9bd1018e7af6,Priscila Fernandes,1.6,Não recomendo de jeito nenhum.
5ff3609da784cc3e0475c54bfa7e87838464a5ac4e1b3d276c8347ba0314508a,8f5d67aff17443ce6e64c2623c31f70a4986798c74f5d4bfd35ecf814058fd83,Juliana Lima,3.7,Deixou a desejar em vários aspectos.
6b119383ed92f06be145379b76c3beabdf2ecc7b74c38df37739faa186ff4815,2a067a2b6e1196f0dde9a21bf074c176fd669ba48b005e308a6fad94d684a551,Maria Teixeira,7.7,"Gostei bastante, recomendo."
20954c407e6d3cdbebc540cbde80e6fa17376f4e227c8c126ecfa858d0d8527d,fc79a3d97eb64db4694886f05ebfcb41060dceab71c66adfe23ad6033a8c1385,Larissa Gomes,9.1,"Adorei cada minuto, uma experiência inesquecível."
25120ad7acf41d1536725d9c7f2b643742ec0051a5f60a6d4ddd3215dff005d6,89ddf274801ebec39855170466ac6c286b830e5ffbeef771b474d477e7ed10a1,Lucas Ribeiro,1.2,Não recomendo de jeito nenhum.
003f7bd21725ba69f98fe0884a9e7ad4576cfe67cd90872df43ccf9ff40bcb17,3d92b29ae855157a843db93dda7ff12f97e921860a766b778a41245ed52bd5e9,Tatiana Araújo,3.7,"Fraco, não recomendo."
d8b316a89a46f06dd585d98d64b7312698e9072d6378f86faa70e75a2a397c64,06f2bb96971e7d9ff0fbf41459bcd3c693f9c3fdb2de3f9b3b901f7d6a88357e,Letícia Lima,5.2,"Poderia ser melhor, mas não é ruim."
40dacfbafbb8cd978a575032202790fdc7022792252e4f9212c31b9542eeec41,9cea5e5540dd848a75cdda93e67166f17985757d2116f86ed105a7785e53379a,Camila Reis,8.5,Filme incrível! Recomendo muito!
5d95f838e770f9c72bbc9805439600d6dc2fc08c0ccd675a81d4e923b22529fa,ecc99bf640e88c18e5f3003002d4997c506a3fa733a3799f15db7e3324b3feed,Matheus Barbosa,0.0,Horrível! Perda de tempo.
5c915a0092ce3a456c69e4b9e98bdfa8beb3099aff1a368ab0c9ee6f6cbe758b,d4d1305003969ddbdbd8e112d5219986ed9421f66409f65c6e0cce954550dd54,Gabriela Rocha,4.7,Deixou a desejar em vários aspectos.
690f187b46c9ccfa618a7f0d6ca724f7f2d5521789728a12f3a524e8deb359f2,bbf0f8d21c5bcd283794218f82b78ce4eb2a1a030da6856ed818b759af211a14,Daniel Reis,8.2,Legal! Uma boa opção para o fim de semana.
9ec5030106c8f218632c8a78661d0c000dd491a6c98f2a04570efcab7ac45e6f,308dccff0a1769af0e0df704c99703036aa3c714f4c498eb5d00c81a44e41ba4,Claudia Gomes,7.7,Muito bom! Vale a pena assistir.
f2bf52af0a9fb7731651ecabfc860f94e3914b61fd3fc7abe6f817ce22b583f8,569dcc00da2775714ab6c5b90c8bc4181b1ed4096b99a568ca908d975bea523b,Marcio Carvalho,7.4,Muito bom! Vale a pena assistir.
61a5f48c23e2c0f8110f643ab9dff3ed8070d3f2d57419726d064a9d48e6e9fe,c588a318687db2ffc0e543a7d3caab074eb15e77982b4466f21e3482601ca31c,Ana Souza,7.1,Filme interessante com boas atuações.
815cf29fb42540d4ede5237ba248e4068425d1c7d23deec4ef2f244d0308d204,ddf968a768fd32daa168e82a96b1da3cc6d85ea61f47c7f04f2e62e030d1c610,Sandra Lima,9.8,"Adorei cada minuto, uma experiência inesquecível."
dfb3ea491db935cc777adc6bd0578ed3de419d3e1b3284c81bf3673f9498d92f,97bcc3aae811d08018dcc0de2abf59dc648cad0089473fefddbdc25d4712e225,Rodrigo Nascimento,8.8,Excepcional! História envolvente e atuações impecáveis.
9c2dec1514a2c1cd058e3d0e25b87501f548ab2091b73fb65f7a7ed98c409167,117e30c4614196438a20d9fb49952a515f9a5a27ad2779abe1e8eab356145620,Diego Gomes,4.3,"Não gostei, história confusa."
1317be6856f16ac1c887a207238cc03010c1d2466b8bcb20f9accd25fe34f1ea,8938db6a37619c35fbeb1205bc356abb4c9ba48e010dd9dd896a2e8e1686727e,Beatriz Costa,8.8,"Obra-prima do cinema, simplesmente espetacular."
f4be14cb9eb071b98309b5e5ed08544c418f5e20d5cd8e7ade7ba56d33e9d98e,464f27223d7dbf556fe86888be534c3a0cfe1fdcb777e4ed8b1d49db43a825ca,Vinícius Cavalcanti,10.0,"Obra-prima do cinema, simplesmente espetacular."
c32860ea942876b910bef6c52e0b0ac378be9379aff785aaffb57331e6fad9c3,e9bcdee433f789948d6fca9f84df444cab1b7629587ac56cc757fc3c4c93b165,Carolina Dias,6.3,"Mediano, tem seus momentos mas nada demais."
cf2454db33370d2109c36004c06ca0752dcde82e8ef31ce9565a5b41789d1a05,019001648f57923f2e4375f35af0f670782c2a57182f113d729a63575db4b73b,Marcelo Nascimento,5.3,Assisti até o final mas não me marcou.
cefc5f8160fdc8617da19bb91aead3165be2c8d7f88f3053297e3d58ce81ec05,5cff76d9e0c68d025857bcf49dd8941621137eb9047380d16e59b0dca43fcc34,Rodrigo Teixeira,1.8,Não recomendo de jeito nenhum.
a8f32dd2228f3970e344d1657b91b5ca60bbdf218b7a8045d6a1254a0de54ad0,a746200a64bb8cbc9a9c9bd94bf371fb6fd780e0e001508516a064e865e74112,Beatriz Barbosa,4.6,"Ruim, não vale o tempo investido."
de6f457277ee3a91b5f314c12caa8b63e1f2bcd1906c4d1e722559ab049266ae,feeb319ff6a3cf6de08792499de67d62712fa15579f1ce2687105f8f15778419,Claudia Martins,9.4,"Obra-prima do cinema, simplesmente espetacular."
9dd812490b9c3bb57f7da4690fa05b5f1b498b1ec68de2cd7ca6ac06ac57c434,d3aea58c28607326e1dfacf2beff0ab6b0cc24feb4f2cb87abe752864c312546,Gabriela Monteiro,6.7,Assisti até o final mas não me marcou.
213b084aa2119e61fe6ad95b231b2ade313a75d36dd0fad83058fcaf602fc0c5,4d62b0fcfa692f0886b0afb9af14bce544ea4e4242fe53f0b4a8039b15934233,Tatiana Araújo,0.6,"Que filme ruim, não assistam."
4f30515bb43c33e30c90b50d480810299eea1ba50b54ac6f1c4a6206ca871bdd,e3e342024dd9a1b6b587a353ad58a01d3735a55ca0dda3c77fa76d5020577998,Camila Rocha,9.8,"Adorei cada minuto, uma experiência inesquecível."
4d6b2925f3bbc6739cb67a61a3f62597f9d493ceb72e61b056077e0a79e491e0,9f393680b699136a561df6681b63f135fd79269bc4cbf54ad502981436da747b,Felipe Fernandes,1.7,"Terrível, um dos piores que já vi."
9c7ddc9dfae648346543c5624e77e34919feff87c9e450820eb309d7ef416fe5,5d8aa269ce30a2ca5c466ef198a393c23fe8be798db7bd4f3ce66368afe00364,Rafael Alves,8.7,Perfeito! Um dos melhores filmes que já vi.
d425525cd22905e4b4d63a7aae52866a55cfcfedd8331e4dea16d6631e822101,4f6dac480abf56682381f312d483288d2275d5a2085eef6cceb71a7968ad5ed9,Claudia Monteiro,7.1,"Gostei bastante, recomendo."
c95711e3575b9651351ec91c7ad07d45c48de417c2fb3df053c0f2ec7d378cb3,a6877dc4b66c6a32c81e23ee9c19e385105b80081eb8683d72639021ec78e2ac,Marcelo Lima,5.6,"Poderia ser melhor, mas não é ruim."
216cf2771b81293e018ad2af94afc7e7f80222535aed7f7a968700ae80981f4e,a80ae117c3fa744958f717cc2de5c90692f660de9b57e7890ac5f83d34785a7b,Juliana Freitas,2.9,Péssimo em todos os sentidos.
86caad5d6e0dd588034771135bb3746977a36c1baf576d879de77d815e28b17e,374f8a41ad3633e3e67a38bec5a830f4e9e5e1faeada76dfdbd4bd2326d9122b,Aline Dias,2.0,Péssimo em todos os sentidos.
141ee9f21a288c640f79c286cd274d391368176fd66bb0f7f241caf5755882e6,38b1ae512e4422333c5a8940edbd040f9aeefea0e02185a391997745ddd68620,Rafael Ribeiro,5.1,Assisti até o final mas não me marcou.
fb3b9f378339db2523654f243a9a85ea1c31efdd678cd133bc2222e9fb77537c,6654c7af187912487fe29ecf774f6e9daca76877475b3fcb7619938fb22de56f,Maria Pinto,0.5,"Que filme ruim, não assistam."
137fc21162cab10d14c16600f6c7b0b08fa17c83de836e7eb4250c8e18848789,9ec474cab8a14130845a50f492cf4192e006355d211540279cc18a9ea3605580,Natália Teixeira,2.9,Não recomendo de jeito nenhum.
64af1a4dbc25ab8838836892a380a4067b2d6ee80783ab5cfcda758e8f8ad3a4,14bfe8e355011b988d412c756698447a404f488ecfefa6c2627c435af149e3df,Ana Rodrigues,8.1,"Gostei bastante, recomendo."
ee641bdcd72ecd6eefc7aa849e742f428cf192fc8a69d166f921ed43c8b7e0bb,1625fad5abf1dce28f509efa909e3168ad2a46280996780c1080ef76102bcad3,Henrique Pinto,0.3,"Terrível, um dos piores que já vi."
f52451b5aced3d7e6c195a9e0630b6b7d5e2495c5e93450ba82f33a7f7f242ea,b1fdc404a03c9b6640b327b339e229b059e41ea5781eab01657f8b4cc4a84191,Marcio Moreira,4.6,"Decepcionante, esperava muito mais."
7ac25807993739a3d97f9dba5569c5d628dc9064027d79861268fc0b0cdc8920,5d772a96b85321f66223c0b9913cfad5522fd95782e3c91abddbd9adc466fae0,Daniel Ferreira,0.6,Péssimo em todos os sentidos.
6f9ac83d71ea299454d01fe9c893a4a6af9736be9342cdf9535772feea1b5047,3d38d7b1f2f4a5c73b57c03fc9d530f962192cf2b361bdcc00c53a880156bfa5,Tatiana Rodrigues,9.5,Filme incrível! Recomendo muito!
4ddc7eb1328ad14236b4c88204b49657f8886a227c50fdcce354030190d169da,27f183d550e49d48fddbd25b922ef481303428ce598b8ade8a66877a11f1e92e,Tatiana Ribeiro,7.2,"Gostei bastante, recomendo."
1e0d922aaee0d27d42ec0992344c3399fbc0c385355a4e1b8285d18984760816,9c8d9c6ffb8ca287c28538f88b8357967fec90dcd0d3e4fa6fc12e97cd966079,Rodrigo Teixeira,8.3,"Ótimo entretenimento, não decepciona."
c8018a338891617f90cccf2301e2d39a19ab7f61588a51063994b27fb1d3c8c5,287f7983e06f870aaf8342c61e8c08aa80df98ae69ad4c419ea5fb400513f57f,Camila Carvalho,5.3,Assisti até o final mas não me marcou.
fb011be5742a54721669d29f272a55870a384079835e88b88491f46d92bc3743,a58de93a2659a8b578aa34b1fe9240378b304e3ed6ed17bbeb9ecd308cf54c9e,Alexandre Pinto,8.6,Filme incrível! Recomendo muito!
66d33ad1256c9e4559a29cdab494ca8557596247f84ddbde1d29f6b67180d888,3eb6dd6f1e6d19f1c0ed2eb9dcb91e14a99d465107242fffc2ad0185284da37a,Henrique Silva,9.6,"Adorei cada minuto, uma experiência inesquecível."
99a46117c9fad97b5454019c8c0a89ebab5563bfb1c7cab15715cb724e79bef2,487ad379bfcb48c7be1aa5f37e1ca5ae85a2e117ea7b8e1528efc4e9404c258e,Claudia Barbosa,1.9,Horrível! Perda de tempo.
d152e19328ed395407a08939de744cddd2f32fea3a712f36cc664954af045f02,657fcc15f7f1bfd6ffbfd1cb20e004a266204bcfcf73b59e56dae1d47fb19987,Vanessa Oliveira,4.3,Deixou a desejar em vários aspectos.
eb35ac065155d8a1b7087de448de407f4ebcf02f9ed55880fff35d01770dd75e,a6f8844232d420a49be700da0e434085be59a052e55c21cdd0442dd6bb59a4e4,Lucas Mendes,2.8,Péssimo em todos os sentidos.
91fb5c640250e933791913cd5abdbca10c958620f74d03af7f2b696925465b50,0a867dc052750f16028ee57e7fecee2a450546d1ec8f692fd67777f61bb40f47,Gabriela Fernandes,6.3,"Mediano, tem seus momentos mas nada demais."
d4ee741533c514fdf13bc10abbf462a01ac08582bbc35be5c220c5b1132f9841,27f3e14b2039ea9108189267ebdee4b571d443544c054cec7251a3d27d04d6e4,Bruno Fernandes,0.4,Péssimo em todos os sentidos.
ace834a9e6a87a100662961d6eb5113ed48016ec56852a759b37150796490d69,07bc084a09f8d4bc761669b985d6ce6647c9283421e3172b7708a04ed9ed269b,Henrique Carvalho,4.0,Deixou a desejar em vários aspectos.
62033ebbac43311e4a09325be3fa003ea06a94951b3c18fc6600f2b4e8fa51b0,a2faca423047e8c1c31c1c5db5e895659b51e845144af5f36204f5ff3b8d8fde,Marcelo Pinto,0.6,"Terrível, um dos piores que já vi."
37d81be2732e6cc8082d9c6dfd76811edfa55aedf3e4eabe85217df717c08728,b8a1851f402b1e12930fa16d625da0df532178f4a3cc583c6aa78505ca160c2c,Tatiana Gomes,4.4,"Ruim, não vale o tempo investido."
6388f3de30675742d17907c7339dd0d0a4fdad2034dd24674a11b3b6fd8782b0,cbc5dce0bdabaaf6e4bfbeedcc72b2ddf2f0df61c5e02f96492da494cff2adc9,Adriana Carvalho,1.4,"Terrível, um dos piores que já vi."
a8ad269646bd88e23b0681a466a0844edfbad3c389b4f9a97ef49eced98248a1,af75e4aa0531f11a90e4cb9ff2a5ce4149ac17aa06b17e80ac02712977656cc9,Fábio Rocha,8.8,Excepcional! História envolvente e atuações impecáveis.
d298c7bde4d27b0932b838b1eeabb958124f376722106cb65532b1703866ab04,6b6046f45bcfc7aa212f5e36e5e210c81c5759f14dd586de9fcc002176045f16,Tatiana Nascimento,9.8,"Obra-prima do cinema, simplesmente espetacular."
4828207ec213f81e56b8845845934d746ad653dc193487bf1081058cd5b400a6,1ba7c1f61db3c8e25689e9a965c79b97fd4c205034ac0878f88d2c8155feca3b,Luciana Gomes,0.9,Não recomendo de jeito nenhum.
8c4585e73d8013fdbc5e9085bebd01dfc61078ef3d1926d8137b334be2e32ee4,253ebcd5838095155e900afd268e5b88292eb98770e6fae235af3c34ab103e58,Rafael Ribeiro,0.3,Péssimo em todos os sentidos.
1a54ab206b155f8200f3aeaeff161cb6cd2cb65813ae2374e0bab5d3d62b2b45,6abfad26e9e50f7671b6b97f8d3e5c5311c3d6271e051e555a447e6047112040,Marcelo Rodrigues,8.8,Perfeito! Um dos melhores filmes que já vi.
0d78d96cd1f92085a2c50a2a0a33a8c4c642d5181800998a1027f51cadefafaf,19b3918571e67e65f99246a9c2d909aa47d8eaa641355fa841fb641cbc53ee2d,Bianca Costa,9.8,Perfeito! Um dos melhores filmes que já vi.
78fcf97edd9f2673b9c6801cb16ef36f6b41c928b8d20501807d86261e3628d1,2bc87a867dd1a5c95ff84fc9f6cb45ee4dce91e2158b557cd2e6295b0b4c3ae7,Vanessa Alves,6.2,"Filme ok, nada de especial."
172b5aee972c2df79d1814be60386f35b60f3a736d355bb06b5b4aff292f4c85,a80ae117c3fa744958f717cc2de5c90692f660de9b57e7890ac5f83d34785a7b,Luciana Santos,1.3,Não recomendo de jeito nenhum.
7e7110e1ccbdfee44d08571a8019d1987cf06f3cb9e09e931f9a4005870645e5,bd1203241f75aef2079e1395c7cb1158d7eaf22246196b99557753b67356424f,Rafael Mendes,5.4,Assisti até o final mas não me marcou.
c79d16a8bef17bdb31c2013d88b8cd9a971f79fe528485f36835645fe109d735,7c9ff273a2fa2c2b4593e55c8d0f906e33aadcf1bb0cfe6606eee1f165945ba0,Larissa Martins,9.8,Excepcional! História envolvente e atuações impecáveis.
4e01f9c3018ebc328b809737e303b0174c90528ae1247e5999b870bfc840dc35,3123f5a2ed624571d34ba82448cd351b0412cb0fefebdcfaf2737a704dbec79a,Camila Reis,5.5,"Filme ok, nada de especial."
6806a85ed20b7850e3b9c1440096baa55ee03befd313aadd373185e4477028fc,623bfeb5e79a03a8579f9961eb9060d03bb4228926350d697bfda59664eb210a,André Alves,0.9,"Que filme ruim, não assistam."
d126c88ba31a3d9c2199beeade1e9402cf20823f467fcd15d5c7cb832fd6c94f,7df5b22edd33e20b42b8d4a64ee4fc017aa9978996376b18e005d42d2c79d4d1,Vanessa Correia,3.5,Deixou a desejar em vários aspectos.
1c037ddb7b14d5db6e1690f61190ad335e01bc09e9898dd2e81fdb70207354d6,265c804c8a0de8bd4b3e2194156823204aa081d4dcbd5314463c413dd3d9f6df,Diego Santos,5.6,Assisti até o final mas não me marcou.
d47ee6492440bff4d10da534b708b933b9e9e663999096225f042e4ad187499d,0d6a0e28d993520a387f2af257145ad72862be2d1ae34cc36fe9b95aa42b59dd,Natália Santos,2.0,"Terrível, um dos piores que já vi."
e4906c7f2660e4d61093ed78ad9738c43d8771df462fc4071e78fb96bca495cb,a8045d9ea16e2cf63730e5cedb8fa5d5c1e2b4894734902dbc210dc1531a2f4d,Lucas Dias,0.2,Não recomendo de jeito nenhum.
63a107a20098e24348a25dbee5039f4fe95517c20ce48f467b8841615f6716fd,8b9f43b24ec2b8739b85c3923247c1fd1cfdf2cd95d479c0f9a0450047a73cd2,Letícia Mendes,3.9,"Não gostei, história confusa."
f56645c2d4f3966a31db5cf24ca21c717b289061b34f158a92c1fb5784b96f58,3e59766404a55e65d2cea69450ac06bdbf902273a884c949d8af4af734ff7d49,Marcelo Fernandes,1.3,"Terrível, um dos piores que já vi."
93d83f61e9f86118ac668a5dd586122136058dc4d5f8a29bc80de6903c7b6477,5c2d8b159748c2d7e14e598d2aeeafa97ac7bf74681ff47bc0165c9b88cc5bba,Mariana Ribeiro,4.3,"Decepcionante, esperava muito mais."
c2601773a65a31b75c789570038e838f4ca991f0786e9a2e8a9c50e1cefd5767,e7b181d941388bac260ca207767bc24a83dc16820c1b10106e0e5a40d361ecd6,Aline Mendes,0.6,"Que filme ruim, não assistam."
178a6bbef876d2ab6538de4ae60fdb88dc2c2feb880308d26173864392132138,b527961ea6b98d6e2da526167520e0a0d1a5b46c35ce1eb59869b78b900e1d49,Paulo Ribeiro,8.7,"Obra-prima do cinema, simplesmente espetacular."
ee4cc4219362b978bba0b6a7c990db2ad2446d786403eeff4cded5705d99de91,ff9780fa7d1c3d5af545fcd1298a19a91bd87793af53fcc18bb77db4aa6b118b,Bianca Ferreira,5.3,"Filme ok, nada de especial."
bc5042a4fa446ef21f6f982d07aab9df0971a84849cc5caa5541a7112eabaa01,6325b3d89244c936a3922d281675fd42452bec1ec1ee91f9550d651967ab0cc0,Thiago Cardoso,2.6,Péssimo em todos os sentidos.
724fdabe3acf6058de0b5509c71d0ccaf23abff2fd114fde5b3cdf62a86fa760,805ebe4a85fad700b5732b50c8d6ac4e7a7c16a3da0f52e8bb1cb1fd649a94fa,Leonardo Nascimento,8.3,Filme interessante com boas atuações.
e1f09b6cced7b74e650b598a3fb2763959581a68d18c782c67464c34a24cf676,cd0bb7545e2de283b51dca04d4a4d9f7c4f46f6326904fc495893b3ec1b3ad6d,Matheus Rodrigues,6.9,"Poderia ser melhor, mas não é ruim."
349bfae7ab7c0065783ee074d9376a8682511c588b172dc8039da2ff0318d63c,a96f0a726e6ce0499cc4e5883dc672193d8fe063d882349aefa290ea5607b203,Leonardo Araújo,1.6,Péssimo em todos os sentidos.
9d2dcb4866710dd2f83c8c086d982c5310b606e68f96e5c81e44bdff02c5af0f,57c8fcf0e3a35591827ddebba72e5584368b776e8654e9c86cba8093b3bd3f19,Henrique Lopes,6.8,Assisti até o final mas não me marcou.
6068ab9804c1bd113040127f4d738441db0bd1cc712a1af22f579511a1d7a712,4e5583a14d17ce3ab688633b8f663ead0d70bf08e3296ead7a2426d035e85250,Isabela Lopes,5.8,"Mediano, tem seus momentos mas nada demais."
69fdb3b507c48d842e6a3fb7d4375441d55e6f5465f51ef42f9dcbc818d6d071,9d37eeca0ad6b83c82a76899e95a82a7ebe6c383f3587afd86d54e31386873b3,Alexandre Almeida,0.2,Horrível! Perda de tempo.
1340bb6c9cf4817d8411fb12e3fba46ee0fc965ac79c8347aebf545a671f4bfa,75a315b13242a45b7dc23f52727f0053996550fa78e4b0ed713cf08628b3af30,Pedro Souza,7.8,Muito bom! Vale a pena assistir.
6daee5684effdae8a9d7a8a8e465a685ded02c037a025ad1163f7f22f7392d21,85ff43eb9d3e7cab18436b6d01dac6883c869f5dcb1a55694dc8123f9b05d959,Marcelo Rodrigues,4.2,"Fraco, não recomendo."
f842be5ddfd10e3c278770546e6650b3a5d071fb1fc3644d54d373abfe11ec25,e935ac367c6275cf0d92492c7c54ad7c1ce3b7f07e743f90dcf22e3a82555e03,Camila Araújo,9.2,Perfeito! Um dos melhores filmes que já vi.
55819c9d5820e7706a278cad67de24a793a2f653499d9634428627cc70b83575,e100f075daccc290f4f0eef524c455dec61e59447dfd807810caca026cf10502,Matheus Fernandes,6.9,"Poderia ser melhor, mas não é ruim."
1b9c07114616cedd0cb5f6fb09f6c28c180dc169aa6b1badba0d2ecfcccf96ce,2a311e05678ef762bd6388542d7087f1cde2bc3c8044f9f1117a0c050cd0a886,Claudia Barbosa,3.8,"Não gostei, história confusa."
631f8dac631815169ea363102167fc99950d056534dd3331aae901f8dc5ba5b1,710b5a47ce7cd49782bf66e717b6f51895911a5c790eba4ebb3ab30286ffca63,Thiago Monteiro,3.2,Deixou a desejar em vários aspectos.
d10347b25b1cbb48a2c88d8491cfd764537886512904a88b7767395e1689a6af,185e6376479a50ea8c867167aa3e23bef7b4e6a310afa4f65d20a7814beeb958,Cristina Lopes,5.6,"Poderia ser melhor, mas não é ruim."
a0234450d70c02d657a79ed44f773ddb7476ed72feeb9119a04baec8c027e8f4,75c43f9e2c8dde68ee712335bf13535ac8a9dc16c7cd12cf52a0f883d7a393f5,Larissa Ribeiro,3.6,"Não gostei, história confusa."
8c47a7e56ffa14c2dbcd5674a91fa552608bba04c26a9fcfc7f666505d3da023,6e56b9ec1f38a79373a0409095dab0fefe5d75c4924e546e5c3cad025d843606,Patrícia Correia,8.3,"Gostei bastante, recomendo."
e64a0db8381825c00a928a0c1f20ce4108fb11178bd60171bde554bdcf920fe4,9cea5e5540dd848a75cdda93e67166f17985757d2116f86ed105a7785e53379a,Maria Carvalho,1.0,Não recomendo de jeito nenhum.
58c5102c877fb6caefebfcf9dc58dcb93bcbe0a0cbc144331d36e236bbf0116b,bcc83a24a50579afe15388bd1359a41a816003b533410ea91720c726278db70b,João Nascimento,7.2,"Ótimo entretenimento, não decepciona."
dafdb541e914064f71fe05060831fddecf821d5355e477e95f41783289779067,5ee0a7eb096487e66cd4296c1f77acc63ed5668b9232593c858ade015effc81e,Alexandre Ferreira,2.5,"Que filme ruim, não assistam."
44a73bf07de38b9b5e6e8460b97e46d3fa58c2b32d303980d1e6956216190b1d,6a55e418dc50922127eb101e0ba2150b3a6c8165095878f55a53ea80913d5119,Tatiana Rodrigues,7.1,Legal! Uma boa opção para o fim de semana.
9c7fe414a75e449f2fa46b1c9180130a2207a249480bdc42b3fed89b6f5c0cae,abcbab0459773df75cce79e0989c8f1b110520a0dac564f885ce7d1b1051c857,Patrícia Silva,6.4,"Filme ok, nada de especial."
5ff1c1b7603be9e150426a6a5ff0709b2b0c1ce0d09bf821b8d5085c462355f4,bbc800e8e4e78d146ebe99654e4aebaee2cea7f3dce64d7ca47601431fa4f59e,Carlos Cavalcanti,2.2,"Que filme ruim, não assistam."
d589d2efe9253bbabcea4ad8dada2e544063e03555a6f3ae60fea912a9e37788,c87f3322dc638ae3193ec5548af1823d07864aac09c342622cac98b8fcbb9575,Vinícius Cavalcanti,4.6,"Fraco, não recomendo."
862810e6df186506c35ff43c72e3d4cd0100f8c5f921e389f81b45cdf66122b3,c167de389afa48edca2ccefb920b1dfb39b8dd1f48b25b0e34f6c2006774c403,Beatriz Pinto,9.9,"Obra-prima do cinema, simplesmente espetacular."
3613b1757ab436bfef32b2a26874092a7e6014f347eb48adf411935139986c7c,4b656b6e3d3e7ee8cc9c57712bfdb65723a464948446f83bede21df3409cd12f,Alexandre Santos,8.7,"Adorei cada minuto, uma experiência inesquecível."
166725b7026454cbcebee27eb208af8580ad025cf93b1d35455fda389591e969,3fec30a5979c79900ca79d387090921fe18bc76a4f53d3c42f9fa2f522b3cec4,Roberto Oliveira,1.3,Péssimo em todos os sentidos.
fece5617bf0bf1f7842d9d1e94484a22cc918df6fcf94a95cfedf8292282edbb,d50c0248cbe2bd28ad6d1c9142c54709e524e9f0423051268cdbda4f927231fe,Diego Ferreira,3.4,"Ruim, não vale o tempo investido."
c354ebc61728253a66ca0b781cf91cd1d00bc800512ad72f2e7291157313d8c8,a7e3a869a7a17820901da730e4b69698c44ec92b7099103f43522ca9effe19d6,Ana Santos,7.7,"Ótimo entretenimento, não decepciona."
bc49a44554db1d926e79bb02e0a6b286076f08bd9b2daaeb89cf79519bd4914f,738b341f2eecdbe721aaa1537f45f111169165934b7541ea02aa1c3696aaedc4,Lucas Alves,2.1,"Que filme ruim, não assistam."
cbe08400b5950b48b3a238947c66d5c40a11f41f41799826c60936952c2f62ae,8bac785b07cbed9da5ee536389a788f207b28c4dc0531ae448e183ed77d0d04d,Rafael Almeida,5.4,"Filme ok, nada de especial."
369a2099a452ed26fa1cffd5e2484d192e72fc4b39aac1d88bde9c1d5e87b0e1,f0b23de1aafb6924de68597ca5c49869e43e9cd96a6285affa372b1777b7dafb,Daniel Ferreira,2.8,Horrível! Perda de tempo.
e379158958a0a71b0648a840b233b295ffcd399b19c51d219e12b3f88c7c8c1c,652a6d58bac7c68b6458faed6dc299fb10bac815188082cb34533e6fd297bab5,Fernanda Fernandes,8.6,"Adorei cada minuto, uma experiência inesquecível."
da3f560bfe3baa6e3c6773d0fff22c3efd119daeaa6afc7acbab02a36c673b5a,b8acdaafe15a62e1e28b227ca7f497a437d35a2853db454263105dbeab999cf4,Maria Ferreira,4.4,"Não gostei, história confusa."
83f3b398821ec561fa9672d30f8fa8e8e6378d4c82aa0f05d493bc76cec9f87a,d0f5c2314f68b9514912b8702376d56969c244030cbc94f904de2f3a9d1225fd,Eduardo Correia,1.7,"Terrível, um dos piores que já vi."
cd27b08d2bc7a878103c517a3144f073d90822cce67d925c1f9477433abf738a,f19d4ba18e645b5b1938c34d6225106b6ec7f1cb8564b2989244db9aef09b248,Marcelo Rocha,8.1,"Gostei bastante, recomendo."
9193ccdbc23ba4c91f859c7cee7828d3d2f94e2ba57debf28a89dc934a94a794,d25538eb698115183572abf608f9beba3ae4d5ef71983381c17af19448020d20,Patrícia Correia,7.1,Filme interessante com boas atuações.
1b9bcf7c27460aaaec961968a90ddc705dd0aa62097a9ced049cc3fab6e9e73a,0d1a62a7dd3ef610ee08bd5eef30d7b82afced47a0785c9fdad3e956a6e7205e,Ricardo Souza,9.7,"Obra-prima do cinema, simplesmente espetacular."
b498e70e328e50e817a071b4bba9ed8f36040118625d7ad8a11a13f9ed7da168,cd2141556b70cb7f2cfcd245a143192c35c4d6d3b810aabd80418f8b39ea00ca,Amanda Costa,2.8,Péssimo em todos os sentidos.
b487b2cb0cfb16e673ecd557677fa4577a87241d6c54dbe079e5f80be1eedbba,fae9bf7a8ca8a578c8c251eb0ae3d6d7a5c869e6f43dab30f1bb3d408f6e380b,Daniel Santos,1.6,"Que filme ruim, não assistam."
f6627acf530e8e1b2e54a383349eea5c6179d252a12e29c861f86d4ceedf1a54,582ebf50d2d4f0e3a99d6aad346fb2d3a4daa4be2a832c24581f3af138380be9,Gabriela Teixeira,3.2,Deixou a desejar em vários aspectos.
dec275d92896a20927c18b8f60bf70e6f9567964af525dee46fbee82c3ffd3ec,1b5d4e39a1e03d167ab2da7caac029ccc5d651c54a256026efd65bfae7a94b58,Sandra Gomes,7.2,Muito bom! Vale a pena assistir.
eefd50d6db683e08ff62bfc96a1c903b2047b0c545827e8d8bd453a48d18c573,e1d8a564b015b21f728c06ab18ef57dcdaddef4cf790b7d5946904166fffa1d2,Larissa Monteiro,0.4,Péssimo em todos os sentidos.
55e95463db77bce7e2fb16b6540a0a754269e93cb110f518c19491c6284c9890,dd231665e11b4a7d432b1c64f715bb408d4528b38364a29eebbca34897098ead,Aline Mendes,4.8,Deixou a desejar em vários aspectos.
d053412437636259e4ad1a8132a9203cc66e2199d9f304d024cc78c6d1c21415,034ce02a55dac39dad6af57fcf3aa818fb0f46e609510e845311398f59d4a20c,Lucas Mendes,1.4,Não recomendo de jeito nenhum.
9a9cbe9247728b12721cf5e3334f4871261a3205ef5a74db00fdcf1976835263,0cf38fbb84dbfdc225f90ba8825d00c992d91981c75cf2fabaebd7b20c2cf36e,João Gomes,8.2,Legal! Uma boa opção para o fim de semana.
a09c03478b13cc9f47c9e901670f68efda0247868f42ef6e8865452f8efa6d12,046b1bfe54ae8edc6715a9d9e76347c836abd7e3f074560870ce7e7946612994,Beatriz Rodrigues,6.6,"Poderia ser melhor, mas não é ruim."
adea2bf5bbb3f45984b1f4b96d5621f12abbb1ef40f2a4029dc1f60970d5f732,6809e739cdfa8c42ad501145ccadb8472f13c84dada82b72bdaa2fecf6f4b37b,Tatiana Freitas,7.3,Filme interessante com boas atuações.
b437b87a6cc1c5c6be240db1c1db727517a9faa831a52c8135d97bb5174058ea,9f29c447f695da21201cb842d21564ff4f484863c9ed471588422c48570d0f9c,Camila Correia,6.8,Assisti até o final mas não me marcou.
611bbc2643bc6aa75ab20f6eca5e13f43d565c7685ef4c72f48b5adcdf94c2d3,2a443ef8ed61ff95ab0c50c0df2a71292a6887e1fe19b4df0a6be7b06e596c9b,Camila Teixeira,5.2,"Poderia ser melhor, mas não é ruim."
1b9930cd11e3b236f503b5d716e84594890d711b42d8cb15d1dd849aca0ec56b,586779c3d1742ae5146b4c7a73b78eb4cf9a8f95df6d3bd776d5bf5cef6a140f,Claudia Barbosa,4.8,"Fraco, não recomendo."
505aa786e3bd98cbbfcc1096d49a5782eae75c245f8135b7e9b81c0c37d1b35e,96b2a1b167b76a5bd4de0541ba6342bff1a8f1e899596275e19a409cfb2030b6,Bianca Carvalho,4.0,Deixou a desejar em vários aspectos.
87e1ba96407981869add33d5972c6a50f15b891ded33341b68ed262d35968b4c,ca9d8f488f4f3ab4073e0c4834829680341df29b2afda1a5588e997c3cbbaa2b,Larissa Monteiro,8.4,Muito bom! Vale a pena assistir.
d915d05d3ce03d8045c82ad991bccf417c32b142135190671ae8c94a63bb31e0,81f55b12ea511759ca63f4b6a23e7642f39e9ff5e8112c7928329f04346058bf,Ana Souza,1.3,"Que filme ruim, não assistam."
93e2591d786ca6570eaa3074635736d47240e09f6eea469b0fb29f70d047c6aa,cce8275cb0866b713f47188313db9dd41db423a272063c7c85a62bbec1475a99,Bianca Teixeira,7.6,Legal! Uma boa opção para o fim de semana.
9a59962bfedc3ebb79bf38cf190048dc71a818a2585d4caeda130ad8e44e9e62,c65cbce3a845b156dc3cc1056876a31798e67ffcbe605310cd63e16c75ad7736,Juliana Freitas,4.7,"Fraco, não recomendo."
a71370efd194999f76bf0044b83b1eac04d1a5ead1a6719852895936a7eb6eed,09d4529f1b9fef4583a3283eb2a517379d558bd9090b73f4d8d3bd8787e30176,Vanessa Pinto,7.1,Filme interessante com boas atuações.
184d81e4caa17758ed6fa4f54f820db4ac4b36c00ff8a375cb7aa12234d5e210,7e54428abefabfd77c677a80df812d3c50bfc83ede11c728847ef196f6010a44,Bianca Costa,1.4,"Que filme ruim, não assistam."
a013845e52a2fd585d0255ae090ba75737caac64973d93a9365c803260dc3997,5130703011df2531c7f6f3880981ad3036e73d92748ff40f328ddf5512037f0e,Sandra Almeida,1.2,"Terrível, um dos piores que já vi."
810c7292f03ad8ce72de41e7ffeabc469401289425386588f7f985d0a9d84fc1,015d4533f1aae61947d692c29dd6fcc49d75504b91d271ea073481cf2cdd9f3c,Alexandre Mendes,0.4,"Que filme ruim, não assistam."
204a2ee22d770c1694872ec81c043556e7e0c2564d60adadefc69f90d0a52999,1c0a3d0c9f0d1be3796a4caaab26166f353d1487c56dc35dbd2d9227086acd86,Priscila Fernandes,6.1,"Filme ok, nada de especial."
2c93d7a2037a30d8385c3eaabd964ca208744c45699fb36f87d7d61d5bd75714,8b25bdd16473373aa4a3c95105f9d5a0ff4241a112c76424d1f8f839b74ca6ac,Natália Reis,9.8,Excepcional! História envolvente e atuações impecáveis.
20cdfc978aa0113db2d0c3757d72d8cd010c141658bf7c5f9c0175c6840901db,c2063f4318eedf471e3c1d13213fce5e7aa7610e3b1af4a795ce665316321f2c,Natália Reis,9.2,"Obra-prima do cinema, simplesmente espetacular."
c76174b3ed2b0cb08ac1c7c51f85cf1cb0abc6b0934580f8bf5344de359f8a57,5130703011df2531c7f6f3880981ad3036e73d92748ff40f328ddf5512037f0e,Tatiana Ferreira,2.9,Péssimo em todos os sentidos.
35f2619393a2bf2c002d3fffaa1386f7e1881b4e917ee1a94d241d5aeaeba8d4,0abec6eb64f5af62c8b3e4ed0382882e375b9aac88fef92364d77dab38745274,Juliana Souza,4.9,"Fraco, não recomendo."
3f0169be18cba041b90cd485a146fb70f872f148bfda561e62c454f4d2b86e91,365dfaf48a966b2048e88c194b3d1b007dda1b735f6417c4da126f775c12eb26,Priscila Correia,6.0,"Poderia ser melhor, mas não é ruim."
c8ba1c8d31c3f545e6cd3e4bc2a2046a2c313acfd42b9b188f0d5ce2a252b0f7,75c43f9e2c8dde68ee712335bf13535ac8a9dc16c7cd12cf52a0f883d7a393f5,Maria Cardoso,6.2,Assisti até o final mas não me marcou.
914273ce554abe87ebc8bf5431ac67cedf7181eb63eb1552793a6b6cbe2add4d,5bf6d5303df0c340d092ab86196b245a6f3edd5ca3c03c648b58d06a001c4cef,Thiago Ribeiro,6.6,Assisti até o final mas não me marcou.
be5a5a000c8d2df42441572396507e5e4b4a78eafe68fecf34a408b772d9062a,99bc30ce234a22c80b4c9bc36ec8ce89c6ebd05016f05872115be5a1768cb4d7,Letícia Teixeira,3.9,"Ruim, não vale o tempo investido."
1b2c72896e2d9f0b7b8ca689d0cffaf09adfe86fc791e0ffe6a2717e1957aebb,5cb2b505dd6fc3d7210ff5f190d17708536730173a8ece3aa849b0be6dea40a4,Claudia Gomes,2.7,Não recomendo de jeito nenhum.
d5e709ac216d86648650d4b6b49a6f3bb8160b7fc6821f122025197a21362777,26c37906ce1f4785971b9abfef7802c1c5bccc12e582242618bbb2ec1cc43bb1,Marcelo Pinto,9.9,Perfeito! Um dos melhores filmes que já vi.
63691b8f39b34d79d720ef6afd5eb9bfbb3f947f820daf64a3511aa8f596ca86,5c40fabf3c16ad4e27a8ee1d1323dfa59d65b52dc6b4b22befb34f2a6b8cd29b,Gabriel Monteiro,4.4,Deixou a desejar em vários aspectos.
ff17acdf00fc80312348ed3e769fdd1c4d992a99c48487d225167f403bf44625,d0f5c2314f68b9514912b8702376d56969c244030cbc94f904de2f3a9d1225fd,Vanessa Correia,8.3,"Ótimo entretenimento, não decepciona."
02110fa0b53a26554e423c41691464ebd39fff9111c876d7b919ff2e3f7aef3a,e935ac367c6275cf0d92492c7c54ad7c1ce3b7f07e743f90dcf22e3a82555e03,Maria Alves,1.0,"Terrível, um dos piores que já vi."
e276cd181a67a652ce07d8fd5e4cd939cf8f87a306bf20454f5c7004f1c78b45,43928f8d780cd956a8ebccbbb870c91f1d7e5608eae0caa4545cd10ab4b32250,Leonardo Ribeiro,5.3,"Poderia ser melhor, mas não é ruim."
a6b1eb2df83de6f6eb0c26c1ab7e2800feb085eade43fad9dcb5a8db56270723,8908b5be4d6372921b986a02b4528f2bca48c8cde59d614d65d7372dbd4dd213,Vanessa Correia,0.2,Horrível! Perda de tempo.
72b6452414810ff8fbb7250d6b88bd7f31f30353c583d104a47e7f4c261c0cba,8f0e0a432640d89ecabc985159f6636c81d63b03e6fa5889c1e3875c2dcb1118,Diego Martins,9.1,Perfeito! Um dos melhores filmes que já vi.
b71e0f5dc1f7d0859c8d6f47c2e726fb8b73bb04ccc5e5277c1a6f9b63bcde65,e8dc17171b8a8b242c5a23931ffb33ac51838d302f5f536675d4e90b17aab643,Vanessa Reis,7.7,Muito bom! Vale a pena assistir.
354aa3402895830812b5e99224a772dde1d55caa55be882f8ae26d2724a55b62,78158de07cd8aabea97c652da40b3edb0425d3a6caf23a7a724f040a29bf7496,Pedro Ferreira,7.6,Muito bom! Vale a pena assistir.
2eef4b002d3e66a1baabbdd0ff9f774670ad04e172e66bcaa8dfbce29a6843ae,cece1a5d9730ca0dc0c1558dc96951066f9adb0604ec60acd73994e7911ca0f8,Camila Castro,6.0,Assisti até o final mas não me marcou.
9721494c59a7bb1ebc3f66c4ba0de1a226258ed182cb2b07cbed0ecd72ba9aee,1dda9b1b17e84344ad438902d557004c64932f9ddfd64fcf4e55261643394fe7,Gustavo Alves,2.8,"Que filme ruim, não assistam."
c65604bf9a79edd193dced898cfa765d8b2b103552f0b933ed79625e0e304528,089a872e68a3c9e134495071cd57c2fe132add8af6a3b9032b821ff5fc435382,Alexandre Castro,6.7,"Mediano, tem seus momentos mas nada demais."
455ff6544e476205d9f3ea1e299ccdcdc5063e237c140d2f321595f440fcae13,6591d2e8e9e9738d66a33fbc064c7b4c86f606ad6317d63c25e8b551c4def9ff,Bianca Teixeira,6.1,"Mediano, tem seus momentos mas nada demais."
eda0f3ea11705f2df564230968cd90d619e412674f3dc03f83903c58b389e999,110aa5053aa3b77fa364d044720e2ac0c5caca3c23212972b8cd975b4873ced9,Priscila Alves,9.1,Perfeito! Um dos melhores filmes que já vi.
906bf4d6349a7c44ff34ff1635f03991cf5a275bcde1ea8106b9899fe0f220d7,464f27223d7dbf556fe86888be534c3a0cfe1fdcb777e4ed8b1d49db43a825ca,Gabriela Gomes,9.3,Perfeito! Um dos melhores filmes que já vi.
23f8c4ba8ea5189d3512b3cf2988cfedfe9dda54e9aa194e337e3d61edf80c89,51c3021a5eae0bf95a862b1859a79463d878f48a0a27d3cf0d1d38e275c054f2,Camila Freitas,2.5,"Terrível, um dos piores que já vi."
0283b8c744660241f43dbe514afa062df4a5b43d8437f357474f13d77b016ef2,ee05beb793a5893be5fdae45d55a00956b6ae569e5a2a8baeb442eaf7579e4b7,Amanda Costa,0.7,"Terrível, um dos piores que já vi."
83cad36823f2683980f7e788f76c961fc3fadaa88b5ad0350533e8aa9d135f15,6dd583480b44c75beec6e328b8d9a4638eb5a75fa4912d9e63fa02b856179682,Paulo Ribeiro,5.8,Assisti até o final mas não me marcou.
1572a9d95df3566678076f6243b876a9172538de4b9feb5e4bdc45a40f3b6816,a46e4ecaf52a8c7fcb2fb7fd9ca4c2cf1589d9044ee5d6f78fe0b389e8425b61,Mônica Lopes,3.0,"Não gostei, história confusa."
93c71da0ac330a67e893ce14a32914f4b660acd645583b6ce90cc7193ea2df25,32ee3ded7b76f99792353d9f1b61ae9cd7139bde8b36a82d2bac192e33b68a05,Aline Mendes,2.8,Péssimo em todos os sentidos.
f01774b86fe594803b5f10711c0f7c6c62a8cf6a967489ea912cb3423d7b0056,bad207aee6e760719bad0965b9a9257d33a3629296df139f5d9b23f03090ac31,Mônica Rocha,1.2,"Que filme ruim, não assistam."
a95783d223123a938d3bfbca41bd0192d6613b64d923ce1e8c8e4128c15bf02a,32553eb112e7e9c1e4a9ed1b50ae4e490eac6006c9697374718d35b35be19022,Rodrigo Carvalho,7.5,"Gostei bastante, recomendo."
850f9de530eea052a1243918ebd5c98b23f1c159d766b5effd49cbdeef695b09,a83c31e9088951a9349f4f3e9bb01d54c8920cf3107fd5331712ae0e7dd51196,Marcio Moreira,8.7,Perfeito! Um dos melhores filmes que já vi.
611cb80fb7d02239fbb35018d343350be0e56c25dad936e2a891775f2ce80dd5,dc8fceaad441c782bf1878d3ab5c3ce7809f3d46dea247ccdb7dfa591e456eff,Aline Lima,7.9,Filme interessante com boas atuações.
290d426cc1576080867e1bba624ad5e89657d7c5723d77e4c3c3d6f4ded34019,299fe0c9efa558e17f44a2743fc3ed80a0383bab0a1e92ea61fc8166a8d6f96f,Carlos Cavalcanti,6.0,"Mediano, tem seus momentos mas nada demais."
d250cd0b6c4cec315a0aa351e25a18a074b2069300a959842a8a3c97e8650ef6,6085d0bf9a668c13eef8eaf36952d1f24fb2f6dbc1c99aedd6ccc02622257281,Claudia Carvalho,7.7,Muito bom! Vale a pena assistir.
7c86cc755d85388b6ab90fe3a9dd3f5ed9cb60fb6c5d3ba82f90817167ab0cf8,ddf968a768fd32daa168e82a96b1da3cc6d85ea61f47c7f04f2e62e030d1c610,Gabriela Cardoso,7.3,Muito bom! Vale a pena assistir.
41abb78900365bb4c5b19387e5d755d544292b7e919646a99598994dccbb7f88,faa8e67af939fe79a85bf5af8784f1595dc20e5569280a2cd14149e08ad83a20,Carlos Castro,0.6,Horrível! Perda de tempo.
bbf1fcf756f215ced8ae393d6b408949baec596c4fd43d49df1e0796f1ace91f,af01be23176136386c73f7c1ad7b3b5a5d9de1cf95cb0477e1005693c318e738,Adriana Fernandes,5.8,"Filme ok, nada de especial."
bdff73e294c9ad89eeaf9637df868b3010c10a82e51f944acc620c33d3bff07e,ecc3d39a47f25a8b1df0c1e12dbf3e4720b844118a751b3576705448f62d8afd,Marcio Nascimento,7.5,"Ótimo entretenimento, não decepciona."
bd5a4e15e6f87c5488c6c857d4476610698b58a72b8dd38310ad8b9063e64b6c,0cab76ec1487e6304fd00ec83786b3c4b81073fcb361e27991fcadcd0b276de9,Fábio Pinto,0.6,Não recomendo de jeito nenhum.
6acf2737c52eb62680c816a0140a8c924cdcd740f2a0649d672c64289b0cc16b,da2b6142bfe39d0a60073970c5aeca41721660fa44ade7105755d1916595de60,Mariana Dias,4.3,"Não gostei, história confusa."
a2bb5ee6ae7ee9862b09a794cfa591cb119710f933af30625353e2104fa06376,be22ef28bcdce2c8ba1fa781cfb1d647304f6d145e6608c7b269d717afd8c1b5,Gustavo Ferreira,8.2,Legal! Uma boa opção para o fim de semana.
2f22850d96a3b1908ec0afc5b8c4640ae84da3f93d20b7e4d40b7822552883b3,9d36dddf995cf2020475d15437993afb527879d3cee1d826809501ac518faa4c,Eduardo Martins,6.8,"Mediano, tem seus momentos mas nada demais."
26c871d5857327df1dc1000b7bb204cf5617660154e12595443e1bda9b060e8f,bf362b0567995b866ecf1e9291b700ca7d3cd037b9cdfa5eefc04debb78150a9,Daniela Pinto,2.9,"Que filme ruim, não assistam."
9d89c68248cbf664581869c2e1abe28c229041c71186aa9c09af5692fc41081a,acedb98b55c2356876ecfcf6401518526f8b1b304f3be6f61a9e930551ebb3bc,Beatriz Freitas,3.8,"Não gostei, história confusa."
48af1dd8ccecfe88184a77f76dabaa4a2809f4387403c592107cc16d9a76dc10,6e56b9ec1f38a79373a0409095dab0fefe5d75c4924e546e5c3cad025d843606,Tatiana Freitas,5.1,Assisti até o final mas não me marcou.
baea0b819b051b19d6a534e62fed01cd5af0ce58bb64b0cb42b15ae9ffb82ed9,d0f5c2314f68b9514912b8702376d56969c244030cbc94f904de2f3a9d1225fd,Daniela Almeida,7.4,Legal! Uma boa opção para o fim de semana.
95fb54157866134c1d315367a5ec061a5597fc42b2f43a8d36c7bc72cbb6df4e,68651a5bdbb5cda9b5c759db99bbf103158f2337aaaea5485c14334a7b570810,Juliana Ribeiro,2.6,Horrível! Perda de tempo.
fa40bd8c7d058f9a14522d50279539959c0e94b4a3e70b3267f8c78553737aa4,5c8aa7c7edee51c8d08c97ff988858b6b56d2451ba97fe718f2ea6a36c8e12c2,Ricardo Lopes,3.5,"Não gostei, história confusa."
2bc94659b0bee54fcfcbafadc5d9d328e40998ed03c5ed3c49d73a492c49fa7a,731ab082894d4e457ff7cad41e4f1d591dfc1fe0a03cd6b99fca945a73e041a7,Mariana Lima,4.5,"Ruim, não vale o tempo investido."
c504e66d07736abb070971aebc11d40df01357e545cdd0af5a6a7dce3ed09082,12a8d300dca37540693126864979d2c597be4693a1077ed02e1d8d4ead8224be,Cristina Rodrigues,9.2,Excepcional! História envolvente e atuações impecáveis.
73fa418ce6ee405524a92e94c0b45fcc69056dfdc67532c894f2d77225d61ef5,60004762325e3353c483b579858ee36b16013f04ad1843cb9a067181772cc304,Matheus Barbosa,5.2,"Mediano, tem seus momentos mas nada demais."
f7721abe7cd6a578772540ff94798730914b202721c624b4f7ad7604a818e911,40e3ff8d0f762bf08cd014ce3cf1bfb678fc5849ea80cc8da7c28dc9a7d96b13,Fábio Pinto,8.2,Muito bom! Vale a pena assistir.
30198ff45a26ba8e91fc8abc27445cc03bd3feb46ed39074625151f243ebe9ed,761357254ab61c5bd6c955c471c3727f49de6504c53d55367b3a62dba0e2194c,Daniela Pinto,3.3,"Não gostei, história confusa."
bf1580271edf0d7ca3b12164032dec0bbf948187395592e02c2bff59128716cd,5958f9792f193f5da413c17a5903d3dbfb0a02ea2f7556c30890e961608d3280,Ricardo Lopes,9.7,Perfeito! Um dos melhores filmes que já vi.
b2111188a2e7d3e70e0586ec6907fe620111960687dbe952278e000e82a69516,35be9c0eb0201713d8a0e5d6a48af85d0720abbfd7ee64a62fb20ed4aa2def24,Renata Silva,3.1,"Ruim, não vale o tempo investido."
5afd5197da042cdee1995daaae484eb505f9867e795821d9301b4cbffdc7d5e3,5e2d7ea6844d22d35189a5d386cf52373d40c9a0be1967b3a5dce085b530dfd6,Juliana Castro,4.2,"Fraco, não recomendo."
7438d1e03523407a854efa4b04e86f27eb491cf14f21337648f71580b91164f5,bde594ba76ca33c034af0fd580969361995472893e8a7f056a2a9c1e5a6cda28,Lucas Almeida,3.5,"Fraco, não recomendo."
ea123a5fcad622c1955b68ac60bbd757436e58a46ec01370a9b0d6ecd1ba1577,2fe26b9b7548ea4395f07c709eca09439a57cce1b99427ae55753869471b3381,Gabriela Cardoso,9.7,Perfeito! Um dos melhores filmes que já vi.
05ccd464343daac34610a7583d4b30fdd6f9427b6e2a6ae41490f5728dcb2046,f8d2915c4069fcec8eac96d6493145f620cff850c2ebd49531f9ee84b5e610f8,André Martins,9.3,Perfeito! Um dos melhores filmes que já vi.
8b857d93a00601efc8a8420c2baa50fc98f12094c379609d55b80160c2119da7,1b5d4e39a1e03d167ab2da7caac029ccc5d651c54a256026efd65bfae7a94b58,Claudia Gomes,2.5,Não recomendo de jeito nenhum.
0b709cafc3c71786b7bfc3e6ae7f2ffb2447880e1bee9821509fd8a07da6fa12,177aecdd6dbdde6342ca6b868de4d1dc96182e1eb9278361334a632dff84e346,Gustavo Rocha,7.8,"Gostei bastante, recomendo."
70ad1aacc7b607f5b1abd897d747e7ba913190f4df1a1662f450cee1ed6ba0f2,38b6c9b2efc59ffd0bac6202eb078600b835e93b0d101488261f2e80f13584a0,Matheus Barbosa,5.6,"Aceitável, mas esperava mais."
d4048f990dcf127163aca645a7691ef7d769da7d8c67f0ec6aed1ec1b29917fd,256c675e7602d34d40942959c379b44d612fcad78a7b6042f67150f8dbd87138,João Mendes,8.8,"Obra-prima do cinema, simplesmente espetacular."
99a23d3f181c062cf144d4815b89748683d94ace2bb1c0f61aacf8cc4e9ae68f,5e58316d73d3b0f6e56955e675d515a3a2845a1da1f12ec818aead48154ffcbf,Vinícius Alves,3.3,"Fraco, não recomendo."
bca6f3c8759be3310d4cf3c5d5082dc5e7bdd46adee8cc66fddd953ddd3c30af,07248f9784b0221c8ed7352b56ea6f17e6fa626ca50ea6c195311577e602c010,Leandro Rocha,6.0,Assisti até o final mas não me marcou.
6615b73a7601584a1912da9d592128ba200cc98dac29db03ff93e55c24346723,a6efa00278a10700c01205f01cff67f899505cfbbec89f829188e1496b92ab16,Juliana Castro,7.5,Legal! Uma boa opção para o fim de semana.
6479bc09c062aa2985f56c898041998d548b62496fa471cb5d27b2048156a288,455b8771f9b3d612c0ba0a043ef33f0c0b1c44d5ca4950b6e0b6f8abeeb73e67,Matheus Barbosa,6.7,"Mediano, tem seus momentos mas nada demais."
c660f9ee9d60668da443bf9941ef3360986c3fe16e8130dd64442a3e9118eed5,e2b5b4962068de5bc19308b9456d822a15302c06493670cdea27b3fb5adc060d,Lucas Pinto,1.9,Horrível! Perda de tempo.
2193ee97bb18144cbfca5cabfbc476d1150a9b8e818b82f703a2375132c3f188,ae9c6f61f4e0ca7308210882ed4b5c787f25c581325e6960e50f1a8a979b11fa,Ana Santos,0.4,"Terrível, um dos piores que já vi."
d4dfc6994982ba52ccacbd61f934eef2ac8924ee6366975d74fd30b89883658f,a4d814ba2f918345f8d509072ff597661c23e7b61cee0d764eb88ba4358e5890,Vinícius Teixeira,8.9,"Obra-prima do cinema, simplesmente espetacular."
96750f158cdc10b1a13beeaa0a7607868d0d0063da5ba7eea65cf91e99d71094,8904bd95d5a6759d7e4e43d5e6c442fef1f37e978fb4696e8382951bbae639c6,Lucas Gomes,4.1,Deixou a desejar em vários aspectos.
d99e5f39f6249d3f27b1c11b19822e81a2715b9b457c07136fe7000cb29ad61a,c0c1982a85c62bc9377dda12e1a52cbf390511e2d512a3c6a160cf301d0b482f,Larissa Gomes,2.3,Péssimo em todos os sentidos.
7857f47ce951c96d43173aebf33c83a8f551ee6dc5a71ea234fcf2654f59ec05,150965650f92fc5c292e627c22e3aa476f51a2b41a9b8d838add8fbc3d6384dc,André Costa,7.9,"Gostei bastante, recomendo."
489c79ec81458cbf784c95e1f6162d75d4847c5f9ce5f0a0750b66b6c846482f,c32d6655b5a133130fbf645032ee8a709386d4add457235c4b6879b6db4d86ea,André Freitas,1.8,"Que filme ruim, não assistam."
26a3235cd0d7b4ba3a78910aad911be766a5af5495777f8c88cc9e90c6c11f83,82080ce81065a60895b65b2f993f8d6c207d97030e764af44af427d6dbdf506d,Gabriel Rodrigues,8.6,Excepcional! História envolvente e atuações impecáveis.
176f94a45e5618fbe6a566dad1083a580cd5734e426dbfda9274e5d32e3f8510,9b72046efce3bc8c6db14899973aca0aec26c122a3fc72de4921377dc2b86310,Vanessa Costa,6.7,Assisti até o final mas não me marcou.
69a0d7024685c6d96992401172256817fdc9215d5e30f9ec381cd2f0552180c7,77bee727183a4c0248f0dfff2abf814bf67bb877817927d1c1b90211c581c828,Felipe Almeida,5.9,Assisti até o final mas não me marcou.
3d0a52b5e035454d6e14e7ae9c53ae43d3f69b6b7a3c7507894ad7958316d3de,451f9daad710a7312d04306185330f699c88fec598bc7b73471605557c6c293b,Juliana Gomes,9.5,Perfeito! Um dos melhores filmes que já vi.
c81096e09e644cf450835a872e225f27e056f0713504f70c60dd695214133135,e1564865adae8759bf9cdde6f524121fdf6e1169dd47079daadebfdc969b7408,Ricardo Castro,3.8,"Não gostei, história confusa."
42711fff9671f55904ec61fdb42b608b5dc98748a89e34b8ea20858768203635,0d905cedde3e6865e4075eef8a71c5b39c14971e031d50b99e967aac970d6ab3,Fernanda Costa,7.2,Legal! Uma boa opção para o fim de semana.
05791c266aa30df65cdcc85098e5b8044f84e8cc06752c78336852d6be1753ca,ba24dc3b66e6eb11befd8f8db696e77347518ecf0e79b50a52e887f2fcde58b3,Gustavo Ferreira,3.4,Deixou a desejar em vários aspectos.
01c7e694ad8a2689a644e30ba532a52d6cf646d3d9dbbab91e3ac5ee75b906ca,7ac292999a59410ecfabe52701279879886222345127beeef51563cdc414f565,Eduardo Silva,5.8,"Aceitável, mas esperava mais."
5684ac04d4390afde62c2fe5bdb017678c3d1b935d896e5af8fbe4ae3dcdd014,6325b3d89244c936a3922d281675fd42452bec1ec1ee91f9550d651967ab0cc0,Letícia Mendes,2.9,"Terrível, um dos piores que já vi."
cf189f7615cd985cc9ded03e8844a6f3091445cf4599661198078ec4c50c1bcf,c3af7ee51930b1f50c2fef25d79bdade7328cc4c71d75909dc7b1e53c1572760,Ana Rodrigues,8.3,"Gostei bastante, recomendo."
ba877e1a6aafe37826471a346c43fbab2b4cac66102708dc3721899684da8bcf,53984ff39fdb3c0c38cffe9f228e663750e2e27eb490885fea79c493812f051f,Amanda Martins,2.5,Péssimo em todos os sentidos.
276f0ed91bb01a1ee533b9ef8fda2636d3a48b19375070f68ee39d2c5f5db16a,42fb35fb8fdcb7c9c7017b33ce3bf97adfacb59d367fb0262c35a1ab5282f69f,Letícia Lima,9.1,Filme incrível! Recomendo muito!
3e4a030602cc800167ef591f343ab263e44f64757510dd3e77f1b84679cee7e2,9d3630baf41c4986db61062cb75d7f4d15c25817211fb5b57e0fa6bfb4e1d603,Sandra Alves,0.5,"Que filme ruim, não assistam."
b56a0d208556149fdcbcbcb39bed1342adad4b9fbf9c09724407321caa85734c,0c9898ca78f957529d5fe1a33cde61d49b80e3a3c57f2d8f249552707007c69b,Maria Mendes,1.7,"Terrível, um dos piores que já vi."
c51f4724857bb92adc635ac5c5c99e5e93a7ef06e1cc71c3206a16fd11b331dc,b9c4e6f788bc9fbea063f40ba5f975f165cecc4843c3208273c355127df5f8d6,Beatriz Freitas,7.2,"Ótimo entretenimento, não decepciona."
49500ab8cf82b8dfab81865feb570767b8817e88248f7854660d33fb16d47126,5c658b7495f2e6d24c241db6c956050a6875e2ad175631a7ee8924bb3b5aba09,Vanessa Silva,7.5,"Ótimo entretenimento, não decepciona."
f4bf3fdac614e50229cfa67f3439587dc4d4329193cd41b1c4da9049975adca7,46175eae63de0af4c93599637ef1e6214f0f1c5290999dd08cafe2acb1b8460c,Carolina Rodrigues,2.0,Não recomendo de jeito nenhum.
e2e1acb9d246fff20804545379efffa3e0a35446e2d184a535840e188051d28e,1536c78f4d7f50f55371d89f767d21ee6cf2656e242ef748bbd7518090bb29f8,João Ribeiro,5.3,"Filme ok, nada de especial."
27641ddf629f1308120d67c821c8ae0e005708f14f737052b0a1513d6ae2ca91,ae0edfea6f24dc6c328d4e774a93ab8a3fec9569768edb98d9f391f7bc66722e,Fábio Pinto,1.6,Péssimo em todos os sentidos.
05480c991c76ac96e48a86ce30910000c642e53f527a5448a8c763a9da54aabf,bcd7cb79966a5f76e69b811f1efa4f83db023572c3196dd656e2bbe530191aad,Roberto Silva,3.2,"Decepcionante, esperava muito mais."
6273d1e8f4cad888482c92cf67e2686639866b4d1ff07afcd2383b8a5f7f8ae3,e2b5b4962068de5bc19308b9456d822a15302c06493670cdea27b3fb5adc060d,Cristina Ferreira,4.2,Deixou a desejar em vários aspectos.
d82ba5d0e2e60345554906d3f973c22f6811909863787b6295db7c89671bb355,990fa2cac3ae0cdaf01a0d4172fbe67e302e5a600bd4de2bc02b99c3f0d074c0,Eduardo Reis,3.1,"Ruim, não vale o tempo investido."
10bb638bb7e16986fb328cc7abf91751c466b294c84989b90630e1cd5dc54cac,fd1e73ca1a3287e072e83e33a3b3ba9e2d9b09f28c4f41d9ce7857e5cc977a30,Mônica Lopes,7.1,Muito bom! Vale a pena assistir.
da6aacb6bc846a8198ba6b1bd39aacbefe6f17026c39f61ff9fc5b737f233e71,8800d4b49446460bce4a05d68376f25345f23423a1768ad42fa45a223fbb381d,Marcelo Gomes,0.5,"Terrível, um dos piores que já vi."
69c70b0e572bb7855d2d1580e659cd67ec8ff91f3fa9ea6593b4c18669f7c700,85e0a8b6c44bc1fdaa7a8de01011b75a3d7275bac33eaddf96e00ab6318bdacb,Vanessa Oliveira,3.2,Deixou a desejar em vários aspectos.
24ef338273f3ed9c8e1e3e313c58a63a74b239e34ec28f9a59d8f21e538c1bb3,17fafa400b51c761b1829e5c28b77708b920a0d367a54c896e68109bd0b3a3f1,Juliana Castro,0.4,Não recomendo de jeito nenhum.
06f9c91db8e3e80395e9f9781237143b94004d198074ebc8a78cf3cd9d773cdf,caab016e0f0d1045758a19af62c318880741996ce2405cfd23fee576faadee14,Leandro Almeida,2.1,"Terrível, um dos piores que já vi."
ddd95b886d02c5f2478505cc46b02acc898b5c43124949e67fd20a86cd8c3b1b,9b72046efce3bc8c6db14899973aca0aec26c122a3fc72de4921377dc2b86310,André Cavalcanti,2.7,Não recomendo de jeito nenhum.
2f78027dc698965010f1d59db95051abeacefeee4d0fb5e56a8125fca9adb4df,616796edd9cb5a6bb5e55cc3ddd85493630ca22e32ff730c0bd7d2f528bcfd64,Roberto Santos,1.3,"Que filme ruim, não assistam."
097579495eecb02783e576bd2105b35417e1f54d197c82a40ae1dfad309764ce,1106bdc96ef8e5b08cdac15756a1e2d2af48da2b9118485464caa024048f19be,Rodrigo Alves,5.1,"Filme ok, nada de especial."
6d27c31015e4c15bfb69eb87b9dfb7336db0940472b92a43f03353a3586480ef,dd6034f86d3587cb394f53df48e700de753875ac310da8c858c718f70a9c703f,Claudia Barbosa,7.8,"Ótimo entretenimento, não decepciona."
a78f34cf903d4a26f3dda37e28c581c213a87b2c1b83a57a8f3ec279e477a981,a6f39aadbb4c2b48e3284814593eaeadaa0c1d62747282713cdcb3507460de52,Amanda Dias,1.3,"Que filme ruim, não assistam."
f63fd535748a599c25bfd43f473eb67095708522e30a899a4026285171a258dd,6325b3d89244c936a3922d281675fd42452bec1ec1ee91f9550d651967ab0cc0,Carlos Ferreira,5.5,"Filme ok, nada de especial."
873de53f371c28bb99c0eaff02c4ccc82dd18fbbfb34e1b589d3b2088535eac6,22ac6b0801fbf237549faedd2a325e141dba625013b3f815fb878a06d0e44fe6,Beatriz Monteiro,3.2,Deixou a desejar em vários aspectos.
b9f75ad7f5f74909c3c51d4537d7d2fef472dda88f78296901108975d5db2344,69a40b83d55a4aad2d1c637fdc37b306e83ba1324d03aba0ffa00726c6114fa5,Priscila Mendes,1.8,"Que filme ruim, não assistam."
d0e0fb71f5b0254285da6507933674f0e354d85df6902ffed7adc319544d8c8c,ba7633b34de54ddf6519fd5c6fc1d140f62683268495e7b1463b327a85f3132a,Vinícius Costa,7.0,"Gostei bastante, recomendo."
087b6ad54693dbe00caf04e733aa47fed5479904232656f7f146132c2dd57644,fe44e3dd8bcb86d61641509d6d6d4d4574bd49ab9cfbc71adb32a3ca88d1834c,Amanda Martins,7.6,"Ótimo entretenimento, não decepciona."
2ee3c6af6916340d6f631a97a0f8fd4886a29b22cd7b69a02e782ad15a9ef8bc,f6cfe8a97be2b18dd045d7051c075a1c3d78d51edcc1421aa3928d51237a18d0,Beatriz Barbosa,4.6,Deixou a desejar em vários aspectos.
56f4e76e85a5d82ca23b6b786ab79c2c5d58beee634bf2aaff76cd18ad84af73,536539751b28bb07b2f5bfd0ffe82003cf2fe94f771fc79a51e1e60204d1966a,Natália Martins,0.6,"Terrível, um dos piores que já vi."
7c4d57807eea8a18b1e66089603eaa73dd576f48829c933d09812f0ed55209d6,f284216b431294b129ed11c15a6017d057cfda9f7091a003afb9bb1c1df2dc56,Gabriel Araújo,6.1,"Mediano, tem seus momentos mas nada demais."
169ccce96c9fe4b970c9ebdcfcbcfd193a5dbad3b8bcf91bc4c8d995c8cfbe44,96a11aded81d5dc2c12cad33065b2d6f29571166babd325f3f65d072b97b0a94,André Cavalcanti,6.1,"Mediano, tem seus momentos mas nada demais."
95f8baf04f8adcc32d35f120494efe5343efefff31187f1cff8b08547fb0a49d,4dc0f8e2066554fe36cd8e8e347f41e342a25b111e3895109897841ec465fa6b,Luciana Gomes,3.1,"Ruim, não vale o tempo investido."
6fceb68930bdf0007d89c24984db0eca25be96ae0ba4cb5cbb1db991b6f9abe5,be2fd515d18e9110491b77ae3ba8e7e8761d8cf82b2fd413c57ca57c1c0b5ded,Patrícia Lima,5.3,"Aceitável, mas esperava mais."
5331408f7da1d53fe5ca586b1ca1c2abe335446b894321a0e4d09a17bca726df,9c417609301ef3eef138db8c706b0616923c8f20c02ff70e23346674dc8a20ff,Diego Ferreira,6.9,"Mediano, tem seus momentos mas nada demais."
b2b4d428e4907b4e1cada1194961fb5790b905998605135ac509ef74bd40ec94,cf5e4415eff86ac31da8c39a2911c23f214689ef62e6b900b7e4add944c19c13,Lucas Dias,3.1,"Fraco, não recomendo."
453b02f7c99bb8f670d6d3e705b981903b735f852d118ea118c29acc4f4879fc,194f1539ab22b4d97edf48e06423651cd309680df8195ac0f11ef1006a11918f,Mariana Ribeiro,8.9,Perfeito! Um dos melhores filmes que já vi.
5f7b83223affa4ddf4403f2f62c9ee77d1430939ade05594de273ab8a67d2476,65453451470a70a7da278b4a777101a0d4e5a0131ca053c04ed53228ad05ff27,Alexandre Lopes,9.6,"Obra-prima do cinema, simplesmente espetacular."
1b3cd5e21f6cfca249e45861f38fce26e72f0dfa05a806b968d479a56f058e6d,cde0500ec276ecc6186c153740fe9aaa9aae07a12f9629f810e01bd436fdfe6e,Thiago Ribeiro,3.1,Deixou a desejar em vários aspectos.
fa846de875a8ae931eeed2394fb96579182e1502b4174dd9f7079471c5eba6f8,41d30a6633f6299eed7b57f30cc17c5dd0df71479b79b2dba862efee081df7ec,Felipe Souza,6.7,Assisti até o final mas não me marcou.
9f94a49b2932916f9e640cad1dc5a8b9bf1e2af7ced5b547cf78e5cfcd144a04,d0f5c2314f68b9514912b8702376d56969c244030cbc94f904de2f3a9d1225fd,Ana Monteiro,0.2,Péssimo em todos os sentidos.
dd471a7020caf56d4e2a9fb308b8befb8baf3ef3e54acf809e2f4ec49aa1cbf2,bb0e8ca6296df5ed3a1c379d01ec19f92f557293c638dac1ca067fe28d309df8,Rafael Rodrigues,10.0,Perfeito! Um dos melhores filmes que já vi.
861d410e419ae7f0a2bd575ae2ea40707a4ce6b02a315ac29797880c5f3fdf74,043efe77fcce3926f7d9adfd0dfdbc57d74e3a03ff104897ae2cc6a2422022f3,Paulo Mendes,5.8,Assisti até o final mas não me marcou.
7081294dfcacbb2a95f4b9def11422cee7afd905ce10db36239869b5100648b2,019fc7bd5cb361098d942f004ced265c4a89558927ec9781605e81f7f0307edb,Beatriz Barbosa,0.0,"Que filme ruim, não assistam."
5876f3284fd4ee4fdfcaf54471c8eaea1480d5438268545f882731e46b4f7722,656989b7ae622e20079a0dff04cec1924b77fd39c5f07484059767b32078ed7b,Felipe Oliveira,10.0,Filme incrível! Recomendo muito!
6385edd2a7e1c24508a0f6e299411c77ae9d868d126a47103ebc7318c8a5fe63,02275441760c409c616de50fbe98a07fac61c4c28a556cc5636a635c2d7cd553,Letícia Nascimento,7.7,"Ótimo entretenimento, não decepciona."
640b29a1c70ca443f0331564b4e4256961e583f6bb12d751d5f985e2136bdec8,a14c98aeed0a6c684a498838a2d887e0cbc1f630ae21651e753aad3780e877b4,Mônica Pinto,7.6,"Ótimo entretenimento, não decepciona."
4de80078d0a212bb6e908d6f476e7e916dac90be140ba306e60f6ad7e20b09c6,6262390ca2daf7daf638d4cc00743e3f7daf1042f4098184f38817e1c5bd1e41,Larissa Mendes,7.6,"Ótimo entretenimento, não decepciona."
580f392f60d3ae6dcc207e2778bbc5493494c3b68dc6fd12a8fbbb22d298a0eb,7a9452b18ea02bf9a1a9ff4e84cb659e6570897ccb51005f99d932c950c3491a,Felipe Cardoso,8.6,"Obra-prima do cinema, simplesmente espetacular."
16c482d708a513b68999fed4dde0fd535fa409bc9f60d11eefd9869b5a2f2fce,83393615de55f5a0b9d2e1ce6bf801280ae991b410f24db1bf0d9df335a5d06f,Fernanda Dias,4.2,"Decepcionante, esperava muito mais."
e70af047fcf8064b678837804714e0dffa53fdebca8524a12eb3228057f30ec2,ff85072663e9b7b71a7bb566b3f3094cfddffaaffc5a3247cfb68397e31eec95,Thiago Monteiro,0.5,Horrível! Perda de tempo.
6e4014f84be7cf061108494a5ffe4beb98c64ffc35353261f8cc516b42c4100c,22929e155f32ffc2e3c6d7fa80b3f6041a82d344a71d97ec97b0b6488372690e,Marcelo Fernandes,5.7,Assisti até o final mas não me marcou.
0e68ef5b2c8326efdaf90c6ce0c9f3e2266eaa7a80a345411c197a2eea7997a4,f37e09f687bf35289a120277207ad682a001bf86132f6434fd86d43912f3aa4c,Sandra Santos,5.6,Assisti até o final mas não me marcou.
6463131c39e31b58530ec79cfda1f2ae89c0d8ebd7e69a1672a40fdb75315357,07a62829e4eefbce4290f8fd0ed2d5a118adc92435a595a6f89ebdec5d90e4d9,Gabriel Monteiro,1.9,Horrível! Perda de tempo.
31c3f4e69c4aa405c0c17478243774898b53f7bcd420ad170cd7dd06f4532cb1,e0b9305e46734513326c62f61e9bf53f38882daf9d342788a3267bab6b9551aa,Henrique Dias,4.8,Deixou a desejar em vários aspectos.
98d5afca19d3019a2a295c3ca834d40b32a0ad5b9006a1c509e8a6f562693545,297e41e4239b9468bc1d352c77507721fa07cfc0c5b9d2e5e4c805e775104898,Matheus Fernandes,0.0,"Terrível, um dos piores que já vi."
ff4e1124e4c7ac78e0e720953660b73b34f0583d00ff7c0704bf2c12a1f5aaff,ea669e0e980812146bf5c34059743244275ac3763046b86f11953c759cc1d81f,Camila Alves,1.4,Horrível! Perda de tempo.
f61fa931380abbf1e3ef7306c0207600f2fd0edd7e23ddd68c323b7d39e70776,7e11ff701da42eb2940d42f8c4d468db11d4dd3447ecbe1404be2a46814bdfdd,Lucas Silva,2.3,Horrível! Perda de tempo.
ee5704d72050b3efec38054a9caf948ee7f9f042e3e0ca87fc71034de378c619,beb395aa4ac532ddb34a89cf1d39cb8fafebca037c1a2c61d0ed891a6de1ca62,Gabriel Araújo,9.7,Perfeito! Um dos melhores filmes que já vi.
75231af8a5a0945314aac383e2418015c9f12a9c8720fae50bea50c44e0851ed,2b94cf52bef18b91cf1c976ad9a8af1460a1f0f05ddb54a93c7bf81f460f3254,Alexandre Moreira,7.6,"Ótimo entretenimento, não decepciona."
77cb08773570ffedd533cbb6179a1fc3a96bcc462ba213269cd3a5944f4524f1,7a78ccdb340c8d6212a000c72308d2720ba09b69cd4e2c9c24d46ea4734785bf,Ricardo Lopes,8.1,"Ótimo entretenimento, não decepciona."
4d535d386570ab85f7ccf13826c5115bda01a9f8b6c2a93d70b1d58a253a8a78,72892f1566fe256a1bf734bad5882ff95cbc403edd41fa3f6a32cfd95afa40ac,Leonardo Fernandes,6.2,"Poderia ser melhor, mas não é ruim."
78f5d92cdb1d276e3c62a2ca3768fbb88d5214c7576a5c1b28aaa353952fddfb,a7370ab49612c216c71694e559834e0fa34bd515ee17c9cde5d514efdd5bbe77,Eduardo Teixeira,8.2,Filme interessante com boas atuações.
87ca8cfe3f47f75417bb73d85ac256361c07d840bf3c9a636488c1ad2bc244c5,a46e4ecaf52a8c7fcb2fb7fd9ca4c2cf1589d9044ee5d6f78fe0b389e8425b61,Maria Gomes,7.8,Muito bom! Vale a pena assistir.
34f12c3ebb32c06b83f28586964697e9fd646692084018a252268681849a9aa3,4837ccb387f7515c3ab8fe90ff5c2394d345f8c3558e7398e12ff38b5328a501,Juliana Lima,8.9,"Adorei cada minuto, uma experiência inesquecível."
978df54440749fb03251f78a52653b5544879572e7de3fb1269caac64e2edd6b,54dbe2c13b8f100f64d6db146f54a603bb21502a84ff226a473863e47fe7a935,Natália Souza,4.1,"Decepcionante, esperava muito mais."
c42ab895d92aa624acb2f6b95e674d2f662da04727d42c0430273f41a2f61d1a,75c43f9e2c8dde68ee712335bf13535ac8a9dc16c7cd12cf52a0f883d7a393f5,Amanda Reis,9.7,Perfeito! Um dos melhores filmes que já vi.
2f2dd85ac934b7ef85c282389f2bb1b5cd0a846472e33ede95521519e918bc06,a24a1180d0c89928ebb2f14ce5be52a1cd366071f660debac7d05496a684bfb8,Luciana Fernandes,3.8,"Não gostei, história confusa."
5e47fe7f9dc17df1b8786345e42822804b4f849e28b972f377461981b3f5f2c0,85233d2d523123160b2149619bc5129649c266ecde338921b873b7096728383b,Tatiana Araújo,5.6,"Poderia ser melhor, mas não é ruim."
eef2723d4265438d98d70cec25dea3589f34926a11dd7f4546df34322c035d5c,9c729c8e65492a6e02f53d1a705aae821c5f1d2951f173b39552efd850e52bbe,Patrícia Mendes,7.1,"Gostei bastante, recomendo."
0db42c13c36f8c53e59a73ed57164d7100441baedf64d293e87ee47e2c29e0e8,a1b2fa985e78a0c87057bb73f3542e3c23099f1a640cf7433524105637359bad,Diego Nascimento,4.0,Deixou a desejar em vários aspectos.
ddcb5600ee22c8cfc8cf025808052a6c11aa696dc254291037744806544ef16b,00a00f9f6bf96200056472e8b6e8cd6c3c1ae19bcc5016797be2b962dbaf0d45,Leandro Freitas,3.6,"Ruim, não vale o tempo investido."
6aa6a329cfe105ccbc1fe74f0b8e78c34805192354eaade16b1301c433094dfb,e0ef2105a76f7bfd486729a238e08c492585ac9df4e10a567633090707f2eeae,Thiago Souza,9.3,"Adorei cada minuto, uma experiência inesquecível."
07c84b5549358958a70cb28b2489786c59b19cc3a138ef97872f0e5522680808,871a0d1bb54953e37acd305afb63efb40f29cb3830bb5a189e28003548f227de,Juliana Lima,5.8,"Mediano, tem seus momentos mas nada demais."
1ffbee44caaef4af50256dec032debe9df215e22407bae4dc639840e3c42f5f5,9b72046efce3bc8c6db14899973aca0aec26c122a3fc72de4921377dc2b86310,Priscila Pinto,0.3,"Que filme ruim, não assistam."
413a4f646f6ea5a522ef36b88ef482714efb0de55096c0428f64afacdf545653,2ceaf24f15e396d2305fabcf4aeb3b19a5de352c87b796c3eaa297ec56e13319,Diego Silva,4.7,Deixou a desejar em vários aspectos.
57fbdcd0ad7e9dad4eb27f437174c500f9af8c18215f17d85401fb31950d8709,05f9d5c61c83a42b4da57a01ef938c0a89bc2e4a8755dca5fbc03f5ee1517c67,Sandra Carvalho,4.2,"Decepcionante, esperava muito mais."
7d76657ef6c4a111a5502f450cf2864498bb659597687ce8769dbfc2496fdc72,81029da36a61c046786a8cda0cd793660a04a9ac6b80555664fd57cfef7fd6c4,Leandro Rodrigues,7.2,Filme interessante com boas atuações.
2de698367263d979ee8107412e2d407d86a1bf75256ff5b41f9b4f735d3bb6a1,353c9d0e932c0d695719edb5ed3a507ec6ff50da4cc84d1f92a59f0620cc43c8,Camila Teixeira,0.1,"Que filme ruim, não assistam."
2525f8438d5d1c9b2abf815f64affcada1e80f6997a8a45486e00937dc3e7f52,b08e317b87bba2d1eeb7d26cef76dd5a302e50b922753117a58a5d7f8091776c,Gabriela Souza,8.4,Legal! Uma boa opção para o fim de semana.
9109c7d28b780e5a21633adc0c2947d6b481a85fa92969f98356089a4499716c,4566baff60c25e6dda28a0563af3273822de5e049762c3bb0a7b3b6bfe7035eb,Gabriel Rodrigues,4.7,Deixou a desejar em vários aspectos.
a72201fdceae5a3c0b6fabcf9fd3d653d73600a187953401c4869944ac3fe1a3,d1f203e993cd7719f93ce0980338d1fde89ae03d2be3d830e155f2f704e22e72,Larissa Reis,3.0,"Ruim, não vale o tempo investido."
f495813ca17f18623059f7fdea6f835eb99ffa7e499370885dc0d811ac1a76bf,aae790d91036e689a2f5c90484395f14f1840b020243955005fc1a07c81e4029,Luciana Costa,2.7,"Que filme ruim, não assistam."
8e0f4abd7607de4e838636f08060f13e2ae9366c178ef0aed01630e2e5f9e688,aba9455151c61220d970e7cb606ea3ab133348690430e434f3a87b086172fe16,Maria Ferreira,5.0,"Mediano, tem seus momentos mas nada demais."
5b48997db54bd6fda61af3319e0caf0b21f0b79638fe5ebeffaae036efcef3fa,5bec24708a0062c4ee892906aace3b75f7ff642fc460bd99c8960657d480148f,Aline Alves,3.1,"Decepcionante, esperava muito mais."
67773f85a1afc60869428cc1e017e90db1ab69b59eb9693f8f3f3c9547e4d764,7ad5e4fd6c8524913d3a6bb9925f5743561936257ec7f432d1084d8be68fa581,Pedro Souza,3.5,"Não gostei, história confusa."
822f4e42ed6936978f08f8fa6b260f2c286461cb78824aa1210ed1d3027f245c,82b57fca517baa37129e197a65c2cf412890ef7626b697efba7eb63ae808c56d,Luciana Lima,1.5,Horrível! Perda de tempo.
3e4ce52fdd4b41979bd1437d174932217fb8e7e9cee4ef6f0cf2912bdcc0dbdf,6b0d46f0b51764eabca04812090a174172c657b670231ba5771833c79aa367df,Matheus Teixeira,6.5,"Poderia ser melhor, mas não é ruim."
94b794b0a7a38e0c2e5750e0b0903e5b1e9f37e6567e6a531c1c4b2643255e9c,520be131d1695695c6fbd9a1841432c81908dc92ffee9035fe08964508daa98a,Sandra Almeida,9.8,"Adorei cada minuto, uma experiência inesquecível."
2ad9beb0caea15c48281a0d6b05b51d6c37debe5e4d3de2fb9bd93282994908b,8266c1b804ef0437a619401c86e04f2d7477394a26f32b4aa1d83f05c1c77006,Diego Oliveira,1.1,"Terrível, um dos piores que já vi."
da1f53d8f27107c329119e4d275695018aeb25586df23a4953f0cf03ac470e67,7d16bc0fe59c4ac4f76876a818b617785e52f0a916de0a81d3260999186b6cfe,Fernanda Costa,2.6,"Terrível, um dos piores que já vi."
933ff52d95eab282227bb2a76123ab4a363c315fe74073c3a250ccf3f32f0f57,b2bd26d95967134ba8e5279bd55b174f2583600bf8c896f9ed37e3cf3e8b178b,Mariana Correia,9.0,Perfeito! Um dos melhores filmes que já vi.
4acfab148ac3833c3310174087813a1391ecc3acdbc830faad7f958624451f9c,378b566d6bf08352851c8b2ba10dbf11fe4a4195a4f00c88c3be92b6a80941af,Amanda Martins,9.3,"Obra-prima do cinema, simplesmente espetacular."
37c9414a1aa212e060639311abe60317e065353826ab70d748acc99d11532a40,eaf7d178ce4a8bade402a349c92de2d2d92aa59e6cbd8793a35a81124d3ca958,Carolina Rodrigues,2.0,Péssimo em todos os sentidos.
53d8729ec726ee80c20cd1e669939731958c61c2f21fc9a514fe2c2277cecfb0,9552763ca62b5ad6501472e828ce305f0275e006d83de5a0bb0ffb155019033d,Roberto Cavalcanti,9.5,Excepcional! História envolvente e atuações impecáveis.
4743373bd054b7d72053b4d00cde9b21545dd86962b83506c463090332506419,63cd9fc1dff215feeeb43b3b3dba4b1399b5d90ff960cde254c9d352c493e756,Rafael Lopes,7.5,"Ótimo entretenimento, não decepciona."
802633ebc8699b11808084f5229f6db43c61b0e2c9eaae222dbdda11089a5e34,1fbaee14d0f5a7ea510006d12df4a88062d3093cd3e5cdb74aa76320a522f052,Juliana Ribeiro,0.5,"Que filme ruim, não assistam."
b9188eb1629493dbc79ca338dde16789de5f7963d1a8d4b2e94298b9f36be950,cadc117619b052fcf6c2aaa6a73d68d3da6857b1e5eefecffade551d4fe5a6a0,Maria Fernandes,4.1,Deixou a desejar em vários aspectos.
7bf0ec0569ab4fca8f1a116f154aa3697f3d978096f41e974e097da70551ea38,e52c21f86d71e58019a75b46cd747f67f583dc2fa434af65420f1cc2f944d745,Eduardo Lopes,5.1,"Poderia ser melhor, mas não é ruim."
63c2ef46e9f302f0e71c20a8a78ae08c4402513f6b70286c42450706c27614f5,cf73c9d7565a839036bc67f172f6fdf8fe76323ff8f6a2139b1b3321df4c329b,Gabriela Teixeira,5.7,Assisti até o final mas não me marcou.
da8af9c013c8b481e53abb0baae8f524614290b0702f30b0cd253845fa8f8a6c,8167110434a0d706c9001315b2f2c3f70222a64cd16fb7131c083b6d0a033399,Daniela Cardoso,9.7,Excepcional! História envolvente e atuações impecáveis.
ec7976d42bad966c81e537228d8970ea27222ecf4fde216bda6b85b2a6105478,1a48c2ec28f97a2e1131e6dd81212e0411b9cb3ec80652d0c420b1b8a104743c,Juliana Ferreira,0.7,"Terrível, um dos piores que já vi."
dcec29d8966ead374d0f97e25ae749f6f4c83d10842006a11a70d785eaf6f946,9891ddfa991c0e8ecc96d25b6687a285a585b5b4cd02120e42d935299140e424,Marcio Moreira,5.5,"Filme ok, nada de especial."
d9ae561e616fafce39d1e25642483799259af224e3405f1e78736d5307620863,a6efa00278a10700c01205f01cff67f899505cfbbec89f829188e1496b92ab16,Felipe Dias,7.2,Muito bom! Vale a pena assistir.
753a64a9135152d351bf1a681fa0033c4acca10c5826f2a29056f6d288cea7a0,e6e980047c7da7a5cced38c2073a7003d5160ea917490a8cf1f2c8997cfc7e9d,Roberto Almeida,8.4,Legal! Uma boa opção para o fim de semana.
ef1a3af3617c3a7f2de0455a50119e97a6cefefd6abfbe14847bf0d0026a61e2,594e53e86a0af7cde0e3db3a43d4c759ded8332bb561e4063bea8ed6bdc8bca5,Leandro Almeida,3.0,"Fraco, não recomendo."
f39512eeb5d82a2fd652fa0ff0d9e2954ea01f1d2dc291d57a0f610892438e60,395886ede25b9cdb4a8c0a2c16008fd2cc945ac183484c40d3ea6ec128c45080,Larissa Martins,8.1,Muito bom! Vale a pena assistir.
743970f2ce6e62edd8b52eee6d8f24f0379fd38b08c1d61113eb823f4b1a22aa,8edfcac77ff5f89f7b2ebbfd3443ddc6226679f1a53c1492aa6d4fde161148aa,Vanessa Lopes,2.9,Péssimo em todos os sentidos.
bdff01783c02c7997b53800cf1a955575b317b713950cb0044cda1844b6a0dd9,47bcbf833024ad0b18e0d469be73a5552547baab32fa3395cd0ec16cdcc56728,Ricardo Cardoso,1.2,"Terrível, um dos piores que já vi."
31fa13f93e6a2a41f20b8b5457fc40280c1561770c6f8dfa0d85137a80bcd677,4e9d91ba6f55c2afe3f8b441bffd1d5cca7b382c1fe4592aab63dc420459910c,Natália Ribeiro,4.8,"Fraco, não recomendo."
d6d5a82da17a680abd6130abfafaacd7065c47700a51e7e7f221b4f6e59459e0,77f22793a5924392e0278093fdc46d021d5163a4d93218f9e4078a5500c1e31e,Adriana Fernandes,2.3,Péssimo em todos os sentidos.
9165df652b34e21f5a07cfcdb09b5fc79dc249100074817688a5b5bb03016569,e3aae58bf7f587e2d74a50bbfff093128c60e3db25bfc30a86562c67713e1a80,Fernanda Costa,5.0,"Poderia ser melhor, mas não é ruim."
57a5ed4fde3096ce74e0ccd3c9748fd4dbdf1e172112fdf8838f7e7c6c711781,1a9dbd8672e36b34f3315ce8e2fe580e2766b85716e86e658a98ce13fd2aa573,Maria Mendes,6.5,Assisti até o final mas não me marcou.
24fe395a856cf77a4cb34aaeeada90790a9228c36ff207fe0f53f97f1b15bd4c,ecd5d0c637faf2aa77ea2bd181aa8a5468ac35225b26471c3c8750cf6e8366de,Camila Santos,6.6,"Aceitável, mas esperava mais."
8666c36488b0c72d70a309b464a6826af02222c0888f5b5db35f2829ee778640,e81276ce9fc82770969ed0f4740037abb9af55bcbc18677d27565d53d0eaaa0c,Patrícia Correia,8.5,"Obra-prima do cinema, simplesmente espetacular."
da10caba47d52ec690ff0c3aa436debc6e1a8f60149bc6bb7b1a44b93d267694,75c43f9e2c8dde68ee712335bf13535ac8a9dc16c7cd12cf52a0f883d7a393f5,Juliana Ribeiro,3.3,"Decepcionante, esperava muito mais."
9e0fdb8ab8715afad9dc180c56c92933f7f65e0ebcd2322e6d6fa278e1b41e55,3fec30a5979c79900ca79d387090921fe18bc76a4f53d3c42f9fa2f522b3cec4,Rafael Cardoso,5.2,"Poderia ser melhor, mas não é ruim."
13e4474cc047fc7eb868b4341a129e5ad82346c0f7e2b8f69e1e3b379f21542d,fade9ff0153639fddbb7c6d62eeffbb38581349b2c991f147ac939589f3cccc2,Diego Lima,6.7,"Aceitável, mas esperava mais."
c7d6c4bbfa7c41bc16b9b277e8b7ef73f57018272534fc52424a3bedc061e0db,913729d5d1ca17373e981a0e3a483bc0bf9d2fe888a2871cd452f86937f8d9d5,Sérgio Fernandes,4.9,"Ruim, não vale o tempo investido."
9c1132848a8eaa41c91e931fccda20a7c9a942150c31c19ebc531755ecbf5966,f9378877cfb9cc8e69c21cc2c39d48839d9756d8ce7886b0cb22ff8d7b6f00d6,Pedro Castro,3.7,"Não gostei, história confusa."
aa17c355e2b529ef1c808f86ec42dd8cae92e868497e1a34d11e342f29d80abf,b2e1c0016678a2d2b57ac8404290004120526b64a42d2b842bfe90aa3b983595,Aline Lima,8.6,"Obra-prima do cinema, simplesmente espetacular."
56d65e50b4f975a0c513862f6413fa4632384c19602a31712489f9c2a971c9ba,855930dc6cce6ebc35365b9db09921f116c672958d69262c8fff8c5d9a84e997,Maria Barbosa,8.8,Excepcional! História envolvente e atuações impecáveis.
d24585ac7828c17909efc810c18d723630fe59e2e5072a23a2ced8c812342356,15fe27809be42a54b224d00682babcdaa3c0cb920d6494212a1f8eb296f16af3,Gustavo Freitas,7.5,Filme interessante com boas atuações.
031785c8e85d9c87bcd2b84de7570e5dea61b23cf4bf8d13c7c2f87d740e4935,07f0afe4dec0b90e5cbd24064c06959a1770ed28b8a25661e4eda074bf061c08,Fernanda Dias,1.8,"Que filme ruim, não assistam."
36a836d287be7c8fe57921070ebb9e27a6c0ae6c4c0f1ca4ac462fafb1986e54,564e1a09c46b25d2459b2bb26b63283ecf6bd6aa322c1ffca0390142a20da728,Vinícius Lopes,4.3,"Fraco, não recomendo."
8ed6330426a2556ada2b43032f3eb563a08c52dc7164c6c94f225f6d9c894e83,d356415d3b428ba6d61b6cc3d596725430187214eda69e025a77ae54fb6d2299,Luciana Freitas,9.5,"Obra-prima do cinema, simplesmente espetacular."
b4ba3ee94ccd2c332a621bbc6dce769f5b17ba89742a5a203a63a5fb0be1e9a0,009d5b0c923954e219e479f2dc51f6e3aefbabd990c2b11365d963a9378f84d1,Aline Reis,8.0,"Ótimo entretenimento, não decepciona."
7f60564380361051af1b1b880c59bbb5a1777d2e82f0c06b17e4c3431d47a570,c132c89fddf4c437735443b89d053555508b6acd69c8450a31298d6862e5a984,Gabriela Souza,5.2,"Poderia ser melhor, mas não é ruim."
1383fc380a4b194157afa75401d2f7d36863528602030b3399be0cd5381439b0,9f7f330e0433b9cad2f46d748ae6329935cecf720d5ee406beeb0602567bd69a,Claudia Dias,3.1,"Não gostei, história confusa."
990ec1dd1ff952dfecd3159adcf7ab40eeb3fe1b98b53ceb2d9dc2e569d06da2,d13c254a41a1c32171ecbec3b61a904fbd7adf3d1e0ab2e300050efd4b9c591d,Matheus Fernandes,3.7,"Ruim, não vale o tempo investido."
ab493ea8287e75678fd7d6ea36b8888c025025456cbfd0b9e9879ea6f3c556d4,490bb2a1191b60cd753e5eaf7e815f646aedc96e0e6e40073f3d0b41873dd376,Vanessa Costa,9.1,"Adorei cada minuto, uma experiência inesquecível."
ce00ee636b58a94b53be4e7f28123102a5505bd3450ac7f1f797217e55fda68d,23b7fab7f9c3510e928fcb51c9b273e22aaa924b770adeee94a962108810189f,Larissa Barbosa,7.8,"Gostei bastante, recomendo."
e20079d4858d3d3cec606cadfaddf1ffde07cc1afea6ad219c7f4fc830cb1553,75c43f9e2c8dde68ee712335bf13535ac8a9dc16c7cd12cf52a0f883d7a393f5,Henrique Fernandes,8.0,Legal! Uma boa opção para o fim de semana.
7ad34c58b67ebc8d7c02b1c521faed24fe42509bf196b56f9f48576936d9e262,d4a97f0394a26f3879ab52ccbccd68683f8311e5580f714d2700d07ac288080e,Roberto Costa,3.1,"Fraco, não recomendo."
be5aa4f2e83c41acfa606aea851d849db2f2bc3380f0699698816e798ddd2881,512185a38007d1b4e48f67fc3d5cbd6097c81f1f20890f3c688e5a6b67b5957d,Renata Gomes,5.3,"Aceitável, mas esperava mais."
1670d5eb41bfa362fc292f966d35ff9f63876383ec7348051bce88be1c22f055,a3233928fea9663986f824ea52a12a23663517d30a261d6cbc120b24d00ff96e,Beatriz Santos,2.6,Péssimo em todos os sentidos.
1fdb27760ee569443467f13fbfe17fe83ac6b9455db553560b67176425af0fee,52e18680c6c34bdd3fbee7e20d4f0ea08de603adfc828213099b12fa6b16e8db,Camila Correia,6.4,"Poderia ser melhor, mas não é ruim."
c2a02e20c0a7e0d13cacdcff11dc6ddab876e98f0685396da46faecfd0a4cf3b,9b9bef8b67f01cde703c318711d76799ac5e9ca17182ae5eebfeb923ce1a7f10,Gabriel Pinto,6.4,"Poderia ser melhor, mas não é ruim."
638f01cb98d0d3b6a4e6c99feac5ca752cde777a1663e810404b66a3d6237da6,ba0ef078b6e6b518a2b99fae90ca2c95a9c4ab206f8566db5225fef9ce2478b3,Patrícia Lima,6.2,"Poderia ser melhor, mas não é ruim."
ca3df998508a79b50b721338783967578bd3cb5e6ea9f6bd1583868e3a46f891,1544365948b349144daa5cbd37c07c74baf6a14280d647ecc458a75874101fbb,Letícia Mendes,7.1,Muito bom! Vale a pena assistir.
0841bfab6b07405d4d337c0d9b6e1332c68bffbff2d95713215ce82b16989f52,365dfaf48a966b2048e88c194b3d1b007dda1b735f6417c4da126f775c12eb26,João Araújo,4.9,"Ruim, não vale o tempo investido."
1bdaa6efc6421e4e11d6f86ba4e62d1c653ea8fd341cf74bdbf1895761f1286e,8839d022e7a2570cd65832dc95aab180a68d3e23bd75007d414c1f80dd1b488c,Letícia Carvalho,2.1,Não recomendo de jeito nenhum.
a5bf519af89ce44ce4cc75e6d1dcda2b3f516d7e4e4178e47b91ebceb65527ef,8ed35126ed5eb8803b667af913687b49c342362cda8ce232a6eb55468632e4a8,Roberto Oliveira,3.2,"Decepcionante, esperava muito mais."
25ec9f116b76bf3aa850e567c2e1b919d3702e08c9a2c90a41fbc3075285a1cc,a6e16c8294635fe09d5006bac5d6dc6e1b06464de3a4094415992b5fed298bf7,André Freitas,4.6,"Não gostei, história confusa."
fc005aac3abbcf1050cec7b84b822ab9da6092bf72cc5cd1142b4e7b7ccad4a3,fa74c0d3a785e3028f913468d5ff4b953bc6dbf9fb6e4c07fdee494e1ffccea8,Roberto Nascimento,4.5,Deixou a desejar em vários aspectos.
80b07eddc9ad156e570b524b9b7b6c079ac20827102691ce68c4918fb2d675d7,83393615de55f5a0b9d2e1ce6bf801280ae991b410f24db1bf0d9df335a5d06f,João Santos,9.0,Excepcional! História envolvente e atuações impecáveis.
d9d7ce96855b438be051748e5bad1870063266cee6347fc7c6752db2938974a2,da70f4119fa332dd999751481ac371fdba329ba27a7ab2b3c38c115a85d1d599,Vinícius Costa,9.0,"Obra-prima do cinema, simplesmente espetacular."
6d10ae5115360e137f51e75c1ce6c20e87ba02ca72e245b34990fcfb14b292f0,2ed777c54c8d3c51ba7b936115ef95d7287eee31346e65f39c1b46295733b80c,Alexandre Lopes,4.0,"Fraco, não recomendo."
e68f159b21496119506fc35649ecefb2b7f38d2d9066dd2aa1b245ce89160a2a,b2188a311fe1bae88d22928aefb076ffd47337d7b54d41ad602dcd55c5019c95,Vinícius Cavalcanti,5.5,"Filme ok, nada de especial."
dbd34d4f9c5c637d6d2b78951cd59efdc0ba063c52ca2451158d0bd12fb8660b,d9daa663b47c9be3bc19d29feca7be5c52bf3c58058d1466c1d6b3bbd0577a76,Leonardo Rodrigues,2.9,"Terrível, um dos piores que já vi."
d9418fcfbc35477fcc0bb45422e30ee6a14f88f5dce39e018862257ffeaf760a,e809a1cd3deabf9610fc0f18fe5736a2a5b3c8a1561e53507d83d5c428a3b051,Rafael Rodrigues,6.2,"Filme ok, nada de especial."
9708533b94976bfdaf98aa4df9c3f8bc8ffe4619265f9ec2ce2677b03767495e,7d931f5a985e2a0885f06cc3f854c829cd82b7e6d1388c62a591cc283dd54470,Patrícia Dias,3.7,"Não gostei, história confusa."
847aff00de8c81635b0affb91646438ba7c6be5d800cfed37ca3897e9f54b21a,cece1a5d9730ca0dc0c1558dc96951066f9adb0604ec60acd73994e7911ca0f8,Rafael Lima,5.5,"Filme ok, nada de especial."
3296ea0d8e2b583f5047feb7b8fa36294f63fd018591337f92576cdfcdb2e574,c1223d35e6eee9500aa1c092e075820f10ca289a38d75abfcfebab333a9321bd,Marcio Rodrigues,2.8,"Que filme ruim, não assistam."
6857f0b8dc1a9f4aa28939382a49181f0cfe8bc8d5fd80d955432c55ea5c96c0,cf099b2ccf5645aa1470916835a6dee7ee461ad66fdf027bd406f327336a80fa,Natália Barbosa,7.5,"Ótimo entretenimento, não decepciona."
089b72ace78e67e0c600a31c01c2eeee322a506986e47b2e45d5d3d9f51d4692,fbfc67d8a0e0d89028218a483503c22ad452b5f717b808d201da24ae6e99115b,Vanessa Souza,3.5,"Ruim, não vale o tempo investido."
1be16d937e4b62da0d7defbd3c8adf14b45efbb9be1d5ecf0f9dc5eee1683b8d,a33adc27296d7f54a1efdbb29eb60196f342cbc40db5f08cf910281cd63daba3,Bianca Rodrigues,5.6,"Filme ok, nada de especial."
9cb590e93c2c69141f0a49013dd909e9cc29a07ef43ac9f6d286927e6b95b2ce,2559848c05d2cde023917812c51c24ba68c18d9559d10d6423dcc7576d283877,Matheus Carvalho,7.8,"Gostei bastante, recomendo."
84cb81973ac75c1c800051ba6ac75c58e5d2d385b01c2986d7277eba372883e1,b8a1851f402b1e12930fa16d625da0df532178f4a3cc583c6aa78505ca160c2c,Lucas Gomes,1.3,"Terrível, um dos piores que já vi."
7f34ddf22b238cc251b167af5e0284a89446dac6f33fb6a984a97e64e885809a,6a543e4d5a4d8dbc362d8cc352bf8caad9ef1fff85b92c0bcdc584b07ed872be,Leonardo Nascimento,6.7,Assisti até o final mas não me marcou.
fbb46776af5f6161cffb9b43c75b735a7bbc713691ee0fab19a065843651c2b5,e9c28f5ff6f59f80967bf568b451df2e4514a8d0dec83d8955ce27c5b341d75d,Patrícia Rodrigues,8.3,"Gostei bastante, recomendo."
b84aa234eda9c776174ef4142ad84ee13d39bd22855003758111cf005dc500e3,84b30654c2ff7555779b3891463c442e090d7777e75f7bedae3236d46244a899,Claudia Gomes,6.1,"Aceitável, mas esperava mais."
f74f839c1472c50052cbc4efd868906eb5501db24f7558d5aea189aeade0be14,35ec97841aeae5dc38c30926aeccce2ba306268e802498471b0c828467549fd3,Daniel Santos,7.1,Filme interessante com boas atuações.
f13b4d1f58c529e4c221a93507fca70f5c7f2cdd9fa09ad489b7e836006556ef,646ff3795cb60ef2a6f6f341f9356b39640e97ebc3f37975af63908c048851ef,Leandro Lima,7.9,Filme interessante com boas atuações.
3e29888f6627f6ecc1470f4df193c339a40bfaabcf2b11dc1c05c662c0c72e31,29bb4f5ab280f5d9205c154ed1d105d4f806393b774e318deb7cec6062779d83,Carlos Ferreira,1.5,Horrível! Perda de tempo.
0d435f5ac15199332b878afc41d29c23a08317c2f6620404393e72d6104fd471,dc29c35f6bede633edc3e22e5b940dcaa1cbc065454ce735fd4e39bda62b157f,Amanda Carvalho,0.9,"Que filme ruim, não assistam."
9bc9c9300d1e8b206f283d4d94351c40eec3c91f2a8339c75caeb7b7c4709035,fe660c0133f116a07a1d39c7b3650d7a36b4e75bbe68ac7cddadcd3bb2104218,Gustavo Alves,8.4,Muito bom! Vale a pena assistir.
8bdf0aca437277de53b363c165d9453073e6106db4a492d6d6edd4b9b236713e,fa3296dc55874280b8e2f17b2598a97dcfa3ec651c52473f094b6ff93828e7aa,Isabela Lopes,7.8,Muito bom! Vale a pena assistir.
aaaee616eea746176d8d390f672b6ebbbe42c0663e964eb4d9c5c86273000375,59013d0977a95c758324f850482f08ce6c989b15774a89b67c88ef5532d5eac5,Amanda Dias,8.4,Muito bom! Vale a pena assistir.
b9eed657a3adcf14c16a74cbf53733e1742f911a29e3b3af5b4971f7083dead1,7a578e17b56781309393bd3a0891ba901ae0d012790bbbbf8cef27a745ef97fa,Daniela Carvalho,5.2,Assisti até o final mas não me marcou.
8d867a5049f212efc8f05a8d576db49284f5e876ca553bfe1cbde52dd588bdd8,85cac9a9e824a27b7e6cf6fb06aab0fb6b6d83a13b4106761290384d2096f641,Larissa Ribeiro,6.5,"Mediano, tem seus momentos mas nada demais."
ccaa436c11b15aec8a347372359230d9c621d9016585565b1835b8a295dfe1dd,4cf727e511945644472c3fe41c331822bf7a051febad28d0d8b3ddf3ca2c9f08,Tatiana Pinto,1.0,"Terrível, um dos piores que já vi."
cc4b632ad107c111af50136c8f5a172da6a07f9a8b09b89a2be12165662a2bab,c56070e5824fe673220faef99dc4ba5271ef6bad8af1d96e464b9e043c2fc555,Ana Gomes,0.3,Não recomendo de jeito nenhum.
f555a4418caf75d222af04c8756ae9ba321e0e006c76d51e6241e877a5c4ce4e,f172080a0022c1ec791778ab9388021ca61dc7eaeafa28f10151a332dd124f72,Felipe Fernandes,9.3,Perfeito! Um dos melhores filmes que já vi.
8e6b5e29a3e632fc3b27085538f7d60ebc19a73373022817db28625391e30216,0d7ae2a4bdbd3e5951467686c48b6e3dc68964720f96b5ecd1aa27d05af21db5,Lucas Oliveira,2.2,"Que filme ruim, não assistam."
f2a190667e6fe07dd37cee4fca8e271c302d2660a6256242ab8dc1178e4e0ee2,a760fbafcd3403e0188874ff6d39346274c4162e48cbe0b427914a31699fb652,Juliana Barbosa,2.7,"Que filme ruim, não assistam."
ca5de76702ba29cf08add675d9df396e7e1a69a03ec886237baecdde6538da08,50b038e728b2676fbb1d694288aaba486901e1d06eadb0059e61e3f882f40044,Beatriz Nascimento,9.3,Perfeito! Um dos melhores filmes que já vi.
70cb9b4b0f37fe8882fa1d7c07129fab0531dde2c2b267f781643bd1f6546a01,724e9a3b4520feec2db9ab752edc068f34592e4ccf26261fbc490889f9f2f332,Amanda Monteiro,7.9,Legal! Uma boa opção para o fim de semana.
402cc7090bfc79c116949774b2c9311e764c2242330a9ad55434eb4267d56540,229676e5e2895b23b7092c6758fcafbdc47e50f47ad80e2a5486f8de9c7565d6,Cristina Correia,2.7,"Terrível, um dos piores que já vi."
ce2cca5398ecf4d15ed94dd204be46c0533c387dac1fb5f39f44ac6deaa31139,616796edd9cb5a6bb5e55cc3ddd85493630ca22e32ff730c0bd7d2f528bcfd64,Eduardo Silva,8.3,Legal! Uma boa opção para o fim de semana.
bc0d15009a35c259af5702d3423580eb23f3c4b131ce19e6e57fe51072b19e46,83393615de55f5a0b9d2e1ce6bf801280ae991b410f24db1bf0d9df335a5d06f,Marcelo Gomes,5.2,"Poderia ser melhor, mas não é ruim."
9c7bfd4f3a68400e3f238d3967e57c582981102ad5e694df5fe0c4fa90db97ae,46175eae63de0af4c93599637ef1e6214f0f1c5290999dd08cafe2acb1b8460c,Letícia Almeida,2.7,Péssimo em todos os sentidos.
cef5784ec7c2f46ff955dd3c960169aac14e8908a2dc205c4482dd1d5eed7ce7,110113235435003172e3b8d456d5a5087e5a27f5c346caa36e23b69b739b6548,Gabriel Monteiro,2.7,"Que filme ruim, não assistam."
1fcb7277a98b60a66d2dff6eed1bb7b524f836f2ff13aa5f0a44769b2b32fc9f,aeb3c76d064c36494e7e3c316b18ede0a1dd8f05db075604b6444909d47b93cc,Gustavo Cardoso,8.1,Legal! Uma boa opção para o fim de semana.
6c20c9ad9ba2040c7411f9ceb9286052f0f10e2a65d2327b129a9f3e4256b864,7c9ff273a2fa2c2b4593e55c8d0f906e33aadcf1bb0cfe6606eee1f165945ba0,Leandro Rocha,8.6,Perfeito! Um dos melhores filmes que já vi.
cfc738a81786c2ed6c36d60d8e0c5276f3b79ea9b8f309750b99270269df6c10,711e0f8d72d7e0370442942324079740899d6a4b0b8fd7bbae00612b64855efd,Diego Martins,5.2,"Filme ok, nada de especial."
6488f7d1ff9e10b5f7b64ef95239f183d8d1c5d023032cf45eacd13de99199b0,00140d9f291d76d6dd64d7c3b4d5adc4d8939b2a19d481e8c8081a3b648d83a9,Marcio Rodrigues,8.9,"Obra-prima do cinema, simplesmente espetacular."
a428dbe25a62f4b43576ba843c3cbb75c6c59c235055d5351976fa7e3c15431b,7b9e544e336aaabb88e95b66baeb898f439ebc189d4a185c1b54067d92927fc8,Maria Alves,0.4,"Que filme ruim, não assistam."
7e8786718efd048eb78c529e6a6cf59fb6512c53788bb4b89cd78e3d78ec1943,b5d46c15b32523aa7643559358d894f172d71b84bfbe63178ef350b8938decf5,Vinícius Teixeira,9.6,Excepcional! História envolvente e atuações impecáveis.
faccbdd61418328b80ac5be59ed439884c809198500a55803b36a551f5010d6c,a07f7761d5cd2c5f55484c5c1dd5bf6930063f8cfd52c8166f43ec7ac826ed10,Vinícius Cardoso,2.2,Péssimo em todos os sentidos.
fe6ed5a2fbedb5b111aaad362aa454cd9b9c3be50bee4762b174f5cb430e2e24,f4b934051c775095a33920f878bcebf8c74efaf4c0a5e3309e3e0f5e94ea3115,Matheus Carvalho,1.5,"Que filme ruim, não assistam."
8633bdfcab8e0bd303210bc48e2a2bc11f934f77cc775efd9d58bc3796def446,fe5d7cd34fbf25d52b603a7304eb64147ef01cdad04ba93834a3c17674d30779,Leonardo Rodrigues,6.6,"Mediano, tem seus momentos mas nada demais."
9dd5f1d4f499b11f202b5eac52c85ebde27ceec4159525e381e935869a72292f,489473c05c230be6d18e71d59b1348bfe6ae2d8dfccd37f1098260d1259387b3,Alexandre Ferreira,7.9,Filme interessante com boas atuações.
c7b2f83b52718c2a1f5c4981dcf4db3f6e71f4e52b0f602b54b439cdc69c85ca,62319180405e8c1b10b1e41ff82bf1177e9d152366673f1a9f92ae6126247f20,Tatiana Ferreira,2.8,"Terrível, um dos piores que já vi."
9201247ba72f6d3c78f8f28617e4679a76c2fb0f339183cbec0de597ffdc2b19,0334157fa75a33f6e183ef7c07a99f01772a96e3cf991ffd9f0c673b3f0db2c4,Gabriel Cavalcanti,6.2,"Mediano, tem seus momentos mas nada demais."
8e3eabc1af050ab244f054504cddaea17a97a99a4fdd0a43b34864339886e565,2a7890f24c346e744f67a4d46a5e5f3af32d87df61eebe9fa5fbf1e6deb99a16,Roberto Gomes,1.5,"Terrível, um dos piores que já vi."
0bb68ff82ee53d4a387552e2b2cea68cfd450bc115b7c5ca2a772b393e6cc55e,23a1181b3eb2071939f774a09877c1ec92e6d1b66d262da9cd8f4d0cd6d82cc5,Leonardo Ferreira,7.0,Legal! Uma boa opção para o fim de semana.
54d33bdfbb81464f0a7b6331671a3b4e58eea4e87590492331fd08960e90831d,27bef54de1c09149275d9e33dcd2d7ec994392267a8e37fdcd9493fd23916eb5,Tatiana Ribeiro,9.2,"Obra-prima do cinema, simplesmente espetacular."
3c8aa369e3651d83211d035110aacaf81ba030d7dd39b85625f397cf23c0a041,93794ea5c626368da6cc42093012600d04942e4586e85d3c6a54aa52638a9c66,Carolina Carvalho,6.7,"Mediano, tem seus momentos mas nada demais."
db671b37a25c6b76b314f10d935169b102b7418e961d10e1c652492ea1c17ef0,4aa8a3004d5120c5fae5436301c18942eec5fb0f9327588929c0a50ee5fd7759,Bianca Teixeira,4.9,"Ruim, não vale o tempo investido."
e4ac49d7b927b8ce6309d64694fea1d7d9e1c225f0d92a763b47e8f6582519d2,e7342526113a5bbd5cf1a189964ab224d111ce7c796f05fb8d936a6ec1374b07,Vinícius Alves,5.3,"Poderia ser melhor, mas não é ruim."
016e13608d8ab4e111283ef9858b8f144607455b17c455715880d206f3c5891d,6d7f3d81b002c9f289952fc91e8b3b3af19fd75e97072b6558dbadde79567741,Bianca Teixeira,7.9,Legal! Uma boa opção para o fim de semana.
b90d46bfdccac6917f1e030cba525affcb6ceb3c965b9dca8f604bfd48760af8,b8b1553555dc57011865d9c5ef13335bc1302944691b3ae3b599bfda7bb4981a,João Santos,2.7,Horrível! Perda de tempo.
7e719223092e57cf02e1d46d91c18f2ebf44247ca2da6fb118b0fec63e53885e,82574487b0bc45edc59d0e1db06b4f7ff29906a2e2da3e1362ac19900bbb4c54,Thiago Monteiro,7.5,"Gostei bastante, recomendo."
8f9b0035f099fbc8680c1a41d2e0fae754dddcb7507088c5793f2c8b53042db3,58a4901246a465dc2a4833ec563f8576a6ad5cc383545362961825b18b648ac4,Juliana Lima,0.7,Péssimo em todos os sentidos.
5f32d8109d4a447628287fbb80bed0eb8ab20c12c637801e09ca033cf85c1437,7303dc19bb3cbc2995eb965d129fee7a1af6402bd7874639046a6d0b12909497,Luciana Mendes,0.6,"Que filme ruim, não assistam."
2d8c10defd8032b2a67f955eb80c5863f4fe92b4b1fe1eb662b3ab05c58837a9,c45dada9c5a8d30802836d87802ead5df17f2ca5af7f72eeb8a0662e59921185,Eduardo Silva,8.2,"Ótimo entretenimento, não decepciona."
3ad3d9d290aef5d6fe60b26ef13e1b0b29e038b046601b8dbe7986a41925790d,4e8ba78645f5415a83afdcb4f5f9e220500a55ceda165f637eaba48a12e62925,Daniela Dias,8.0,Muito bom! Vale a pena assistir.
8df772ab298e7e8df439b48f7ad3f0c5cb059978919b1e172337fa6be3c1a86c,7cc63e5434bcacd9ad9ea2164cee2a1db1edbebbb41e3251fadd0fb84a12aae2,Amanda Costa,0.8,Péssimo em todos os sentidos.
cc7eb9f49512c2634b3f223048abc3673cc0221231d59b8bdc88d8e09a5b96fc,9b6a01d23af9677d87f2de719d6ba4b91f6071ff39f23d728bc26ad4f3c15fe4,Cristina Cavalcanti,5.6,"Mediano, tem seus momentos mas nada demais."
e7a42eaf22f27ee8166ea182825e45db37215603bdc5d692eeb22675ba35afc3,abaa87f5d5c6d505cb562b773484ac3451500cb9cbe58ecf3ad7cb5ed2428e04,Claudia Barbosa,8.0,Muito bom! Vale a pena assistir.
fccde2f616362248cbb1992a0c38367a090c047282ca32162ee36ea42814f0b4,6c79325eab75fbcd7d371cadd0ac8ec404ac94acfe9925b96dd373df17985cb6,Gabriela Carvalho,3.5,"Decepcionante, esperava muito mais."
ad34460b02eda86a2ce7962d4419a15277f67c3dcf0fdc3d08dc908fc23dae6f,d0d02bb6b373a51237265973ca0249c311dbca144f6b526b6c419981fd6cabe9,Aline Almeida,1.4,Não recomendo de jeito nenhum.
a5e7e8d62a2311dce2a3fb44399028b4fc2cd90b25796ab36189349789ad1574,844bf17c2c3c1f45e22ca945d21968de89592f2a12b7313152e756680ebf4339,Pedro Gomes,8.5,"Obra-prima do cinema, simplesmente espetacular."
9311f34bab85be7a30c64fcc1416056575edfa4e41818b5b0623925db195eaad,1b59d7fc633a2c5a5511bb55117c0196b390877d9fdccaef2e45722f57b15cb5,Amanda Lima,7.3,Filme interessante com boas atuações.
a5d3a2f7ecebd1f9678efda06c0ea38c218f438627e9c7fac3e3cfa642914598,8484104caed624e6dc90d55916ac6f475597854deceafb446f9d894b2117d5e8,Fábio Rocha,5.4,"Poderia ser melhor, mas não é ruim."
455c6aa51c78551bdd9e3d2916ccee066cf84ef8f77706b921e03b6759279bba,75c43f9e2c8dde68ee712335bf13535ac8a9dc16c7cd12cf52a0f883d7a393f5,Mônica Rocha,6.8,"Mediano, tem seus momentos mas nada demais."
dd187a670868fb1f2dfad60764c03c2e34a10f6312750245c6f5c9ae6db8e56a,13ac0928a1e4a96638df5c2126da7beeb589d86cfd4e04bbe27a63b18427fc8f,Adriana Pinto,1.2,"Terrível, um dos piores que já vi."
006de651fc23fbff4367e152bbe5356269a16a307a3622cba81c6a25190d7e83,d5b16e36adb19abff76b91872534e8cd0118e25a289d29c1195504c909be9075,Diego Rocha,1.0,Não recomendo de jeito nenhum.
7c362e4d27b9794651821d16fcbf167664be7b9ec9b8b999dbd131eac75ed445,a5e0ebb8c02270c734acc85318128a55318c6419251178120207d6d1e906891d,Alexandre Santos,7.2,"Ótimo entretenimento, não decepciona."
4cd83969c1c41950c9012febb1acc28f34100a77c51e25ad62de7b53f612af5e,8db7db44c59f87852ca30631f1f50163b5ad78fa8cce60591cab0d816328e6df,Natália Ribeiro,8.2,Muito bom! Vale a pena assistir.
dfced5635d11b49ba78f8eeef631f20bc80d833529dd3b7dd369b37aa707aaf3,600033fbcc88ca67e8e39e1d6ba089b0d86d4b82217b600fdc7d8739e558562c,Fábio Rodrigues,1.2,Horrível! Perda de tempo.
864eaf5bb4a6a62b1f8412e86a178e188dbbdb3aa1a4213a8c34927330ae16ee,aac207b120b2e830d92cf4b4b2aa15c7ec8bde13a3af3f8c34730ddd2b77c715,Luciana Ferreira,7.2,Filme interessante com boas atuações.
061d7120f3cd7be7a3a4cf164c9809fe2f1f8a2bf41fabe031143bfbfc3a8898,330a241fa08dcb8ae0af8eaf03c690513ed66fda56e42e7711459bdbe12d6528,André Barbosa,0.0,Não recomendo de jeito nenhum.
a78a14e72efab8943bcdc7194586f888180d6b6003e1fdd8eedea1f8bcf21072,6cccced5850f56113adc57900013c2c5f0a2839f5f055bcb789874af55599d9f,Juliana Martins,5.7,"Mediano, tem seus momentos mas nada demais."
b9348571089d87d6474f63f3b805a9e25a1aaa7ef5c1e6da51acc08ea9de7ea7,9065818667c2e37494c483268e59119ccb6cf5bb2804ba88ac0c5949c3f93b13,Ana Souza,1.9,"Terrível, um dos piores que já vi."
c88ec279c6b10f6972c154991c2d9c483749fd4ba27736efb90d72cd92f17cc3,ec33ce2c85c22dee5e9789a97e4fb732a9f0612450d9787210033d3e58f17ce0,Letícia Ferreira,3.7,"Fraco, não recomendo."
a3f89e73a86eb1a0dcbdaebf6660bd50bf3c8456cd5f6f79105f71152626db5b,168ece52b832f7b6e3c62fc089e99dac77e71dfd51a2aba692b8cf120faa8fe5,Marcelo Gomes,1.5,Horrível! Perda de tempo.
5640790e61298726ffcd26436a7375b7de12f4fddbdfbe91b699f49fa7ed2a8e,d42bb38e710c034eb93c10877e6705b60709b173b4bd0d30f4bdad549b4d17a0,Cristina Santos,8.4,"Gostei bastante, recomendo."
6d09d399fa4201c4b04c97e2c1c14352b831b805e798e72cfd62728a61f4d93b,2416199e2c7bc909c4a2301a77ff9c9fbe7b5aa34a514833b1b48a7ef7a8e056,Gabriel Cavalcanti,3.5,Deixou a desejar em vários aspectos.
0f1efacb2d677759b5e5e73e5e32025a61f80bc9610543e36bae0bdb2c30c03a,1448c603ad658883d4ed6a3770f03a5c2e1fe8b42fd17a5862a267ec2ac2e9d1,André Costa,7.1,"Ótimo entretenimento, não decepciona."
772cf49b7c489492f2b6b027a51783089e87cd8ed64627e979fa68cc8f1876e4,db8218c72021069137d9b60ae3c0871628c4c743cbcf20b1f392aba4d29bc67b,Beatriz Costa,2.1,"Que filme ruim, não assistam."
f18e388e4c6fefe892353edd486e5e5fc4f084f91f96a0a928a65070f6ca446c,f24bc51ec4211d408127a487109b85fadaa77d86432b834e23a9ac8a48d384f2,Juliana Souza,7.0,Muito bom! Vale a pena assistir.
0644451a6fb035482d25d86400da45c85d289d878ff460dc81cfffcb8c0977e5,353c9d0e932c0d695719edb5ed3a507ec6ff50da4cc84d1f92a59f0620cc43c8,Renata Ferreira,4.9,"Não gostei, história confusa."
9988c1ecf38d507ad07f0c1b7e58f9491fa177581a025d174f799b5fc7052065,0cf08c3fb3849602056eae125a314ce3fc57e4f3c3176d73ea917818f4247112,Camila Cardoso,3.0,"Ruim, não vale o tempo investido."
d3210d28fa4a7f42d1beebd5d545b83b8b9709176291c851f25e7b52c5ad524b,aeb3c76d064c36494e7e3c316b18ede0a1dd8f05db075604b6444909d47b93cc,Larissa Gomes,8.6,"Adorei cada minuto, uma experiência inesquecível."
f2461116cabe0025490871e8aa4bdc6abbd9f8e603b9ad15676e44881aaccc36,bab98fc00a654c0841fad357c34d4ac2527ff26b8621a9feaa8b89c8bfe9948f,Felipe Cardoso,8.1,"Gostei bastante, recomendo."
b068b69da6391080ff9c67d3988c2d46c7e36a61609e0bc0ed18e28c1c56503b,5a742c2ad516b414d6f4f6464dc2627fa21f0186cbe7df09c32cb6a0164f5bf4,Amanda Reis,6.3,"Poderia ser melhor, mas não é ruim."
190b3fbce6d3b895e84c5cf89ccab741afddf88d4e98209bb0e4f19695751e6a,8b6fab2af1f7e5161e7c6ef77b8317ccf67fb64a9e2f1eb5e59ea15c8a1fe466,Eduardo Rodrigues,4.8,"Ruim, não vale o tempo investido."
c4b7d29342e9365c01e1c0e48b471c941a1fd0702371f8446dd9d7db7ea38bcf,e57a127ac92d555e7e4f38c9653cf6d35294743fe683402e196fc188c12e5ba4,João Mendes,1.0,"Terrível, um dos piores que já vi."
782fe600d6bb6aceecb684604bdf88dce4783ff03b11c8442f80eac1e1b10671,bb0e8ca6296df5ed3a1c379d01ec19f92f557293c638dac1ca067fe28d309df8,Carlos Cardoso,8.5,Perfeito! Um dos melhores filmes que já vi.
717d0ad34b39c75e66b1587d400128b9135a444b349fff5f8fbae4b6b7ae5b10,0d8c672f99caeb5db75ee41e32a8039393ac8167b40e99962b7b788c21edf260,Isabela Lopes,8.7,Filme incrível! Recomendo muito!
0f2032491a8baea883bf386dd35edb9cbfdf44e3f41cc2efe9769312db19e021,5e6e8d202b0738f8a083d915f83c315cec482a19462a8239600d33763d50afb8,Renata Ferreira,4.0,"Decepcionante, esperava muito mais."
fceb7a7ecb9fe393080a9a71b46f94d3f66df863e60f3b4008bedde1b773785c,69a40b83d55a4aad2d1c637fdc37b306e83ba1324d03aba0ffa00726c6114fa5,Sandra Carvalho,5.0,Assisti até o final mas não me marcou.
91216ea34c4be30b4ef16268182be750fc322ec5a994c315ad63b20c349f88b4,7c02e643490192828f18e2fcf803f015d86d3b7f7c7efeec7d60944e670c3f9e,Sandra Nascimento,4.5,"Decepcionante, esperava muito mais."
f5adaa17349fbdbc37b7cac48b34454c0d510a217bef9dc36f848ddc415e90d3,b001595a185a94640bfd90d442661b1bd0a7ed92b1480ec8063205ee1ee47b52,Vinícius Martins,0.6,"Terrível, um dos piores que já vi."
fd6427b3b58f73608af21336297881d95d92a686acf493fc6ac97d9985b7634c,501b5471ac260089ce6d952d50177bcc530dad5117e25759bcecf82c1b2d949b,Henrique Rodrigues,7.9,"Gostei bastante, recomendo."
1f92cbfa80b18bfc8c264d2d4724522e81fa5798337a0fe097b3b12a20886a30,7095d0e5a0fceaa93a2d8ebc068abb6815ac3ae85e60353f30da753eda95e54a,Ana Souza,9.9,Excepcional! História envolvente e atuações impecáveis.
b36dbff5435b8f63b7e69eaace6d41ea15fe5dc31e79ae848a4fec62b15b379c,9df76ef7abfeb205f9d01c58088e1b2d54c43702a21330c575784265cbef704f,Roberto Dias,3.1,"Ruim, não vale o tempo investido."
b8d3cb5cf8ee083c9089d6c6e84b25fce6f39492c0a836d547d11cb78b8e53d4,e7640fedd72d83bed160cb1d3f9f4ae0eba7ebc56115c587f3090f6172b66662,André Martins,3.5,Deixou a desejar em vários aspectos.
1a2dfca1597407857dfe2222ba7c73c595d44ba71701d8c135b8733f977e5e35,6325b3d89244c936a3922d281675fd42452bec1ec1ee91f9550d651967ab0cc0,Camila Freitas,4.5,Deixou a desejar em vários aspectos.
a979d44a67e3752bfa4ec193cedb3961c659baf1b3e43d310c635f9863e51bda,0de86ed1baf2264790451ca726d498ffa03350ffe7856ee2c9e1d571503bdb36,Juliana Gomes,4.7,"Decepcionante, esperava muito mais."
96fd1babf1d0c856db0ff1e34bd95ebd385d1511c7665829dcb43518f85e23ef,c65e3156dbd3c7b137939bfda9bd427aa5e3fcdc76d7f3a139b0695e8d7bfe47,Pedro Gomes,7.5,"Ótimo entretenimento, não decepciona."
59d62a6b69739856b7394d27b23a416fdf4c11003ddc2d1e36ae52960ab9ed44,f22ac9b919659e0d6ee3f1910cc4f632589f78b6b1dc7f45b96b2bf2cf71d5e4,Natália Martins,2.7,"Terrível, um dos piores que já vi."
fad5c168dddce8ac0880df343289154f6939c8bdf7c1e50e9bd89c1189fcb732,60e8712211aad6af8a40f397d489b1f19dc7ed72a37c60f6014837fec98e3481,Rafael Barbosa,2.4,Péssimo em todos os sentidos.
5c7ea789a5f3d77e354f3a2fa91e0689cadccd3b894df58d179df6fddb330c47,605be16f9b3faa8f0ae2553b676eb33add60480d7c03da169dc942efcbe5d397,Natália Ribeiro,4.9,Deixou a desejar em vários aspectos.
784c1fa4c4d2c9b0f9139883d3cb29a92acc05e1d9315eafa5f64c16819c7c7a,e03ac6864a1fdcbea521db7a1df66175ea757a266e13cc0cace65557082fffd9,Felipe Dias,1.2,Não recomendo de jeito nenhum.
f6129f35fad0496a405fc121d61403a9d92096c67bc146d091f01941b92e3e58,1e240234ee9a8151aedc2552743190422d91c62d384fb57f13c2bf2cbf5d7a45,Renata Ferreira,0.3,Não recomendo de jeito nenhum.
59db7cd85d407799f325d141ac87cab668990d90ec190bd0d7e2c1a149832512,73f1893b83fc064c0fa8664d9fdb5a54eec405728ecd2633c8e429cf2e749926,Carlos Cavalcanti,6.3,"Mediano, tem seus momentos mas nada demais."
2aa15063d35bb655055860cfcad809550ee0e20f40c8c09c554f8ce3bd8cc3e4,b1c3c5495f96b126758351b75e73fbeb84a1df986c559008c445927b25f2f128,Mariana Correia,6.8,"Mediano, tem seus momentos mas nada demais."
701e62c9c1e1df9def87e58ffcfbe0bbc55571b4c008be39714b103de996f7aa,278faf86bc734802fd178d1c7ba0ed460fcb53dd8498b5ebcaf69a4b53e9e0dc,Larissa Ribeiro,7.6,Legal! Uma boa opção para o fim de semana.
f10faa3039e0ab1d444daf3e3cbfb6368146323769149a9f8f998486d0d4f8b9,9c3abf737ca94702fbf122a7ebff8c275c7edc0c6f7cdb58e9a9c09a4db9c3b5,Marcelo Nascimento,4.4,"Ruim, não vale o tempo investido."
8e99d2c26b0bd94200286f58a823fcbedca105ee4c7f150d2037f156cd0fbff0,d0f5c2314f68b9514912b8702376d56969c244030cbc94f904de2f3a9d1225fd,Luciana Oliveira,1.4,"Terrível, um dos piores que já vi."
0feb6c775dac4e1eef165cdf5046c512779bb8f5e6deccb91e9196bd6ad208f8,7281b33df73374d4a22bd7e6a73963172b334a9ac529d9386f32903516f3a3ab,Thiago Costa,2.8,Péssimo em todos os sentidos.
8bec4a36cb36ec1505043e31657adc9332b19b870a1946c3ff1dcf323df27271,c38b7573aa858600710f6150718745d8429eaf0c9656c303fb088ab3cc7ff7fc,Mônica Rocha,5.6,"Aceitável, mas esperava mais."
cc0bf6b67c942e5c5d3f34e5215a67aeb7da8a3b78ce8f1eec01ae629f4955b5,61b6dac72ab6df93aa883703e3ae2e97e75a065a2bc057be248e4045934ea97c,Ana Monteiro,3.6,Deixou a desejar em vários aspectos.
9300d0c5781084471743c9a46f396851de15234271cefc8f3c6b4f5d8ee0ba89,22b6c181759922cba0d9757eb8db8dc8b6daf49917ffae4e7cbe65d83a20578f,Leandro Ferreira,4.3,Deixou a desejar em vários aspectos.
0fa02024cd391f21873460a3dd86352d74e698dc35e83142d9b27c7cea2a9bd5,8f8de26e32efec6736f71e1678d53df3112559e45add3412cd33f4d7083bfedd,Rafael Almeida,9.1,"Adorei cada minuto, uma experiência inesquecível."
fe7ee44b925216771abd0c293fc96ab291e0e661376797b4a81f248dff7c3e7f,d36aa9baa8d8bccb2e40a5c8c7f1a490a347714750bc5501fdb4c4142fbc1347,João Ribeiro,4.7,"Decepcionante, esperava muito mais."
ecb1b3587d303440438a8fc05ec05477b4e484e0a640a7ca816f1f1943ae25c4,47a76c0a20bcd0707d33696f7ce973f9c4896844f0d637d40ab762ff98b4fcdb,Aline Reis,3.8,"Ruim, não vale o tempo investido."
24f5fe00950f4cfe0bc7007f88e107ea8043972b6eb8446b2a429753e32afb62,c21cb4e51c32a16c3c03c8b1e2aae09e438f3dfdfbb7c39f9618a42d639689bd,Marcelo Rocha,4.9,Deixou a desejar em vários aspectos.
e9ee90d8f17ff4a0dd56cc469676d2a650d99ea99a8cfe52525f821aebd12949,788619894b9538c33624b29c215d9cf164ded370fe5ca51a03bce93acb9ca751,Adriana Pinto,3.3,"Decepcionante, esperava muito mais."
d33173765fc7bbd7a85da82186879e30ee50555e88c51077725ba7d672301725,3caadf704822b5726e3d69273fff7fa38d69c73a28463ffa97c014751765b81d,Sandra Martins,2.0,Péssimo em todos os sentidos.
33043eb0ca85a7e31c4c13abb978235c51b73c2a628f73a4a8c227a08657979d,08bb9da01ebb2d2a08fa91568dd8c421d85f2c0a93643108e9874c01f077dfdf,Gabriel Fernandes,3.3,"Fraco, não recomendo."
bc38257699888b9e0389c589fed7965c81b0119a4e9df4a000845bc0a61828f3,7154fe5d3048443c199f403f0788eb8c91d2f5b314fc39017a1df4aea48bd025,Vinícius Alves,4.7,Deixou a desejar em vários aspectos.
b8ecfc61a632ef48a4114e3f33ba01bb704f425e2586d465b3cda9596550aee0,79288809e7b1cd845a4711eb507b38bcd4eb5e8ce094b48f88bbb3c7df65354f,Ana Souza,4.8,"Ruim, não vale o tempo investido."
884d83c3ffb39a9bd8548ae27e561bbba46df781fe79422084f68ffca644fc11,cd1326327d9f28c41c350d9045745bb2bdaa7302910a5429098f99f3b4dfc99b,Isabela Silva,3.8,"Ruim, não vale o tempo investido."
743d4d3ec5710736d50946ed53b2bdfba1032301536a02a9ed5ab6d2357cc354,c45dada9c5a8d30802836d87802ead5df17f2ca5af7f72eeb8a0662e59921185,Priscila Mendes,5.9,"Mediano, tem seus momentos mas nada demais."
6f2c59c8b86b9bad7d39f8613f708e9ea4f0d26957b2a00730feaeca7f1a2270,2024a82d1f33e1f1e1688d629b1604850a487f02573427ba83dc143510a7296d,Lucas Silva,4.7,"Decepcionante, esperava muito mais."
73550e01edde0fce4e3391974dcd9182eca08d910e3a0d47001c5bb5016c9908,6cee0992a52e9057d2563e938d483a2896c1272cf737254a949dacaa90c43093,Bianca Oliveira,2.3,"Que filme ruim, não assistam."
fb541261b9b22a76ba72757e595b3c16042e831d7325fe49b11298b3c806eecf,1ce3b4f402ac753388fb5b811871efb64c6bd2b5041f9da14e897d8f9c0d2072,Aline Fernandes,2.2,"Que filme ruim, não assistam."
b3022ef0d6aa88b26c4985e4c3a6587f7caf03467f4758ca4efc7c54ccb2eb01,5e45c6de0fb2c67d0b06d81f925e98ff6bb2b8a254b435506e9317cece3e3a7c,Marcio Almeida,4.6,"Fraco, não recomendo."
102d9111a0f914165f18b49b12c4fbf703faf16d4547300620b1dfc6d273275b,006f7a263bb17d77eaffbb8672d837ee3fb708269daa45fa817a0101fb89e543,Thiago Cardoso,2.4,Péssimo em todos os sentidos.
cff646c59276ac2dd77e03e5209948fc73229204a443759350cc213c9edd6b61,685de0e3b7cbef86ac68864af66d54061640cb681df9220da28e9c2f3b02ba3f,Rafael Costa,3.9,"Decepcionante, esperava muito mais."
6bf249cb644050a84488912d4c4113e996286ddfaf071f3179bc9b196bc64a95,f5d150fda0ef5f9b85ff18ae5c9b604ec689ffda1ff3c1caee74f1e433703e6a,Maria Reis,1.3,Não recomendo de jeito nenhum.
8abcad113f5ada95a8d4fbe297e5d7f395015b32a692463e826daff8739911a6,9e3a85d162d5858ddf9964c556418c876e5a2b8d57f32638a59ab963fcd393b0,Beatriz Pinto,9.3,Excepcional! História envolvente e atuações impecáveis.
53751dfb0681f04d727402365b615618b0f1899ba4d98d91953c75fdb1f9f12b,a759a81a88ec344fd11bb091e8a48e04156ee25dfbd7a61c0929a4b52c9118f9,Roberto Gomes,9.8,Filme incrível! Recomendo muito!
77e3550f8f513dd4e60f08b1d5079e79254a9216a8bcb009d099ef7b02fefdfd,2f5764c635977736ebb0d7748fbba015f104f392c7ea657b72a1e9417c187a91,Marcelo Castro,0.5,Não recomendo de jeito nenhum.
cafcde95b1b8e255c6f221d5a7192aa66445ed956db6c261ec636ad425e867fd,e0ccf0e41c8d64ba33f5b75ff32790d0dfb43e1af6f0c6e0a993808e1def9c6f,Isabela Barbosa,9.6,Excepcional! História envolvente e atuações impecáveis.
0e264155f3f21ef9fdbb6fabd6aa4ef9171b420feb7436583de8b080dd19e60d,7aa70420c8ea41e33d1b8d4f0e814a8c92142c4d2affd373a9ae8229b9088484,Leandro Rocha,6.3,"Aceitável, mas esperava mais."
614a99c14e5dfe7c1aedf73ea3bab54b640dd3f623f16e271f4f72732de4a7cc,21f4f87a828f837848e9caaa75ef0609869498e2328cdca67dc7f2188a0ee165,Daniel Ferreira,2.3,Horrível! Perda de tempo.
d40904f2886edb5599daa79ded63478e09a982e20b18a20d6f65bda61fae1cab,97b8634a8137c5e8da68511248f29bef2003fd802e7681566877a6ec3558a2a2,Henrique Fernandes,5.1,"Filme ok, nada de especial."
506296f8c4988288ae352e0aeb74560617ad3a17f7c8dd2bb954d201d08379ef,33c9c6f423fd6c873fb651542a18b97e4ef9d3009e719895838e337e16fb2db9,Rafael Costa,7.6,Filme interessante com boas atuações.
f02ef93af41b3b8a5720b848adc2bfb332a2265ce82fed53f6529d1f038c3af8,91683a1d530e31e9a4ebd70e1f8c61c7a4889bd4eff750cd73cdbaab652d2c7d,Camila Nascimento,6.2,"Mediano, tem seus momentos mas nada demais."
d78f7e734efc19a96d82f80059c65e76e6fe6958f8c962f426b1da3a85f3b9ca,a8fbca1fe3179ec0a120f69b99b4c4f50a514c3218b574ccdf20d8e33a9f27fd,Larissa Carvalho,1.4,"Terrível, um dos piores que já vi."
97d0f2cc98553eb737a8d227e68b1c001581eeead6eb06d38e28bc2d5deee181,8b9f43b24ec2b8739b85c3923247c1fd1cfdf2cd95d479c0f9a0450047a73cd2,Thiago Mendes,6.7,"Filme ok, nada de especial."
18241045d3c3ee8834383aebedb90a09db411404f1793473966c1f22880f3c83,ce80c713d2c3cb894801df2e155aff55f7cb3913e76d849926d2ccd1d979d6db,Natália Santos,6.6,"Aceitável, mas esperava mais."
373d3de5adcef94f545f1a8dc8b5b7b05fda5586d562b64a8de2dc92cf2f684b,cb596f55198fbefae3e6f6b72c4f460723be4c0a7fc44d2dc988411847baaee9,Carolina Carvalho,8.3,Filme interessante com boas atuações.
56f6472834b61146455e531898e5967c307dde403c36a4c6f1767169b8087992,e93a2c51117bf8bb871d9ddd66262322f69e3180ab51765ad673118843f89f25,Paulo Cavalcanti,3.6,"Decepcionante, esperava muito mais."
59cc85835ec33b59012ecea156d2df3b1ac3aa8872a0fc7be60b51523f9e81cc,f5447704418d6815680db009c4377b78c627c2ea132078e60d0d3c7de70e99a9,Sandra Lima,8.6,"Obra-prima do cinema, simplesmente espetacular."
e525ad4eea22ea2de4b0e745760c0f3d38d4f0027e17cfa482ebdaf0ae6489d4,6175d67396450608cbac45c3f21ed41c467021771cd8b5d223fdf5617df62266,Claudia Dias,6.9,"Poderia ser melhor, mas não é ruim."
e7ee6c26821366c53a5977c7223f0363f7a301e731e5e41308f8ae4b36f1cae0,fcdd2a45fddda0dded363488f0305d92020a5884b80a24bbd5b1bd40e340db1a,Renata Martins,3.5,"Não gostei, história confusa."
f4e67788f6d3382ffe14ac31efd78783a6f9f426d2a0a758b8b6a1a369dd83da,850acad7e0bc467572dba78f30f924cce0ed6882a0a11d26cb8de161297cf5ab,Sérgio Alves,4.1,"Não gostei, história confusa."
a54812ecddb683269536efe875f5f19b1571073f83072972b2806ee189d4744b,1d8e06998f3da2031a9c8df8aa6312dd84279b00bf38224760b9cda075c8efab,Marcelo Rodrigues,7.4,"Gostei bastante, recomendo."
7d862328ce5ac2a90794dd5dd0c3a072134181e4c95b492427d3963f302efcdd,0417f30b46b861e07a3d0460ed0f90c0e6e8f407c5c0a8d7df1ba7650bb7cd9f,Beatriz Teixeira,5.6,"Poderia ser melhor, mas não é ruim."
1979f2b62e16c71ed2272a9204ad28bc37fa2bbd65e7f61327480faaeae08e1c,b1f28043de9628ba2d58bca5fab65b1c0e8230667399ecefab92a19e4ecfeb32,Lucas Ribeiro,9.2,Perfeito! Um dos melhores filmes que já vi.
571a39b53e81d8694144e3df668b5c5e514f8ebe8759da3c5c91063b21b97a51,9963f40b2e0167117df6b4980303753cd82c0fbfe27d58ea45e9832d7613655a,Camila Cardoso,6.4,"Aceitável, mas esperava mais."
6acfa68f7620f91f7fe555f4040fb44f0a23e4e050c76cf270d0a6ec7e055724,76c4264052f3ff5180846e9e1f6a76c66652e657efb0b76fa380cf0825f338d2,Matheus Lima,4.9,"Fraco, não recomendo."
5da03d6ff649c6bdc91532e6bf9e7881d95d0a7726d9beaf2c9a8a48b9246398,7d96b87c274220bdb6bc8cf40e2bacf9c9a35dc6a80e6a9fea8f6ab153e3ae75,Bruno Barbosa,1.0,Horrível! Perda de tempo.
4ee655dc42afb94b240f1ade1b562c15b7981eeba3e1c94c60358b15757687e5,e40c3c7345afce281a8899a58646d2c1cae1feaca58f3e92bc700609bb3c6df0,Aline Reis,6.7,"Aceitável, mas esperava mais."
78c56823da3e062c15b628aa773353cb9f7d8162b578bf52d579839153e1ec05,1a33d2b5d591d836c26823b2d95907c93e326b9e344b122745cb42fa255628d1,Pedro Souza,4.9,Deixou a desejar em vários aspectos.
17d52e5de4bba669e807c9b15e2cf47fd80e15532adc40ab0efb6b957e63751f,3c33f26b0d7c522a559db9ffed63db047a9643198deee1bc243fceaff215b469,Juliana Lima,0.8,Horrível! Perda de tempo.
1dcf56db72e46615cb47c7b898d701e06fb8b3a2abc2fe2eb4dba7148d17b841,426a051bc69e80e5780d38a700335dd157a116f22e8bfe75ea8e86e9b6a03fec,Ana Souza,1.1,"Que filme ruim, não assistam."
9aba46bd16132c0048ee24dc02b19e9db9881604df7995fe8835a033ff8d47c7,f7526bfc3e99c2b074726c2c47e48b7b729bdf9cc1e044d22223b016d99ab1e9,Cristina Lopes,8.6,"Obra-prima do cinema, simplesmente espetacular."
95e3591422c0ffc394d9774fbed31100cc65d329a6d2a6c51a31cea9584c2c38,bdaa4f7a9269d9596a394d91aa00bbe251bb12a68ac6702197278cc5e1426410,Renata Martins,2.8,Péssimo em todos os sentidos.
f595e57c39c952e7ef3320716810a58624bac1b8eeb9dd64d354656722abc9cc,f40d4a1c10041b69c8bf324f271dfcf2b74e1653226d9ad0c42cde8e3be19f10,Maria Correia,8.4,Filme interessante com boas atuações.
81380e40f6f3bbc5e4e5e75c0008c4010fac33c49d31e2ecbbc97baa62465e99,2c37d2fe4b15131e82d8832a455f9ff6b2ced3c01f953dacdf62d1c870ee1e2c,Rafael Costa,7.3,"Ótimo entretenimento, não decepciona."
8ae5b77ce42cad72ae87e87832d5988e39f93d2961f0c5e831b90abfea7fe0cd,cdd86fe680abbe214d3087debb4195bc886e8f86bdd41caea1395948eaba7d83,Bruno Reis,6.1,"Mediano, tem seus momentos mas nada demais."
72846bff25a517c9edcc42ad5e47c3f1bc2edfdf197c13d6b48dd598ba518858,2cf1708f760cb2c8de816195d2589c87015c95296742ec5f74510117fd28753b,Cristina Ferreira,2.0,Horrível! Perda de tempo.
9936bb6f0bb0369d6a1868b78608a1a87826c05a53ef51c2df7a426f1e847853,dcf69cd55780f75a37e1c4ce593a23a82b32b1b1cdb06e1648019eb0ff3c2aa2,Patrícia Lima,7.7,"Gostei bastante, recomendo."
d491f156ae1a4bbd2d82d80e55810add5a1cc3aa3faa613014ecfde1f91b31c7,00e02dc1f826258f454b2af49666c9fa32259ad47d465680dc189b403e7e9dcc,Juliana Ferreira,7.9,"Ótimo entretenimento, não decepciona."
5934bc7c5ca8ca5792f4b93e90d470f4ed0ffb47d4f79796046f73ec4996cc49,da143cc5fde6b16e71cda2f1f8519af7be4ddba4bb6529667405b6b692df9bfb,Leonardo Fernandes,4.9,"Não gostei, história confusa."
eee87dbcad91778a1fc04cb601311946bb12567c7bf9704a54c1c5c0e5f81632,d0dde6953506a9716109ec47630b93aa0ae286c711140877c1fdf90935b58f2f,Alexandre Almeida,9.6,Excepcional! História envolvente e atuações impecáveis.
9dcc436b51a7cf9c3df36dc401696e526286a067b569b1909c001cf41706ec17,5143f94cfccf3d3a68e6add91cc95f2c94493353c5fb492ec21b451d10dfeae3,Carolina Carvalho,4.3,Deixou a desejar em vários aspectos.
1923147b9c05ecafca61cc22c053d628eb77377638ec7db79d791648b478f99c,6325b3d89244c936a3922d281675fd42452bec1ec1ee91f9550d651967ab0cc0,Maria Teixeira,0.1,Não recomendo de jeito nenhum.
244053d0c8b269859f00d5d307f6927feb91375d0c6c741942d86b0cb702fb35,21ad1bd7b4067720987c2f4eaefd32e4cd15af784b9e7ac69ba3ba0c987d21d8,Diego Dias,1.7,"Terrível, um dos piores que já vi."
4eab77c65676728387d81eb53881ccfe22c98b109a4b8b59d187739cb3818f9e,6b33f73f4bea06362d0e25d3c02377001f254671e397c028ca6f2f13831ee65e,Matheus Fernandes,4.1,"Não gostei, história confusa."
2c8d9f0240bd7bfdc2afa2083be40224ec5312d569599f09578010e7c2ea1cd3,6f7a465b31bebc8f11c23b2441441ea874b2b59a926dc473a107113621160f03,Thiago Cardoso,5.3,"Poderia ser melhor, mas não é ruim."
944b18b93826223bc923c2f6e9dbbdc90fd7c8d19971f9ecd05a6947157098b9,96b2a1b167b76a5bd4de0541ba6342bff1a8f1e899596275e19a409cfb2030b6,Gabriel Silva,5.3,"Filme ok, nada de especial."
d09567117e0c7b5853852c842c7adefa0d9a05aaf0a51ad6bd07e276ca60c9b8,603f0b39e72be591ffe5e9821558039e4852025b37eb92439ea5dca39b51eb10,Diego Gomes,4.2,"Ruim, não vale o tempo investido."
e110f3771c879950f532e314afa2acc878655816d33b51beb46d1543d93e1596,d918bdb5588b80a37b3db49ed38ee15406ff677349408585c1a159add8e2004b,Thiago Cardoso,3.2,Deixou a desejar em vários aspectos.
f15e5ba18167fce902472a2530a3db3d5e49c1e73a00466c906ee3b4982ea29d,049d2d498aa7ec5d748845febdf64f79f3ed9110adfa1cfd0fa2a25b11bfdeec,Aline Teixeira,1.1,Horrível! Perda de tempo.
d28adaef80f0d496281a2e3e3380b8b435e4c85ea284af991c2df1b20d15bf8c,353c9d0e932c0d695719edb5ed3a507ec6ff50da4cc84d1f92a59f0620cc43c8,Leonardo Nascimento,1.8,Horrível! Perda de tempo.
210e2ccde75bbcae2393f76829bdbea698f4cc14ec90dcba9c35be81705df8d0,e9be305536b508a784be7447da7366aea41eb2750b5326564965e062ac395532,Mariana Teixeira,7.0,"Ótimo entretenimento, não decepciona."
c54dcc5664ace939605eb7a35cee49c931850ee6f86f23906fb3e896294f7490,23567e730702dae3c9ff9e90ae1564f84b7df487e60fa1ae3818334341e1c4d1,Leandro Almeida,4.0,"Decepcionante, esperava muito mais."
962b035d4e8eab6c8a86abdffde085814a54815f3cd505808c6f83f6e03ac270,9c6ecd6f619dd58938f6499c1117f89ff11b705d10ab5898ad7522e7e9cf483f,Diego Lima,2.2,Não recomendo de jeito nenhum.
adab9b001cdd2cb9f6d14a80b8e863b79501f2d32e3043e1e1e3334f8dfd124d,089f052e973c2aa7a3ca89e14c38b04b0726ae0e299ccdd1b93466236f56d83d,Felipe Oliveira,1.0,Péssimo em todos os sentidos.
ec71d16035c9882e86f18ec57817bcf13f1dafcb2ccb463574e6251e975262ac,e9a2d38b92ba5e87b750a32556d84fa000cf97a3a25995ac3c11587b20a432b5,Aline Dias,9.0,"Obra-prima do cinema, simplesmente espetacular."
ec7b39de5d2216bdcf60b3be91459a3e41a82076e9bf4b66b78018b685624c55,553044d36b0185977564b5ed682f8d3037f80ea02742f0539a54053be1949afd,Thiago Mendes,3.1,"Decepcionante, esperava muito mais."
6232168d1be1e0cfab2234ffdf0fa4ba13a1eb150372c85160c01231dc303932,60025dd72d0cdec659cd6c0919721e8d03943ec53d4c0953d4b0bcf567b2cd9f,Cristina Santos,6.1,"Filme ok, nada de especial."
951fdb780e043df5c148087f815faa24236cff154229ce8293e209e2bcad0890,f61568eec49aaf34eeeabb6f4b8a95d2e175d037b3f8f64440781ccfe40c5197,Pedro Castro,6.2,"Poderia ser melhor, mas não é ruim."
d0711bad581fc07b0cbc16d2adea9600556fd491640673e2e6209d28bc7566bf,9d3b540ae2b2502210c0e3281769f384e50907be79bccb1a5760f977e4101282,André Dias,3.1,"Não gostei, história confusa."
2d19b0f2d6f5225c1af8a85ea6cb6665f1103a0e7626d892ee565f40b827d3d9,98d9c02eab806107192414097a959339039457c5f0a3d96690e05238a5fcf788,Carolina Carvalho,6.0,"Poderia ser melhor, mas não é ruim."
47a2e5573fda4c08cb3c04d649a44015ab174d0ed2fe8469787abd9d8781ac33,a14c98aeed0a6c684a498838a2d887e0cbc1f630ae21651e753aad3780e877b4,Vanessa Moreira,4.3,Deixou a desejar em vários aspectos.
831f8fc7f6737dc22202050efb63b268d4c5fc07f131138f476731ceb28cfc2b,9b5dfb3755ffedc6b840af323688f397bc7b1657469b9adb0f3a9d142c35cf93,Sandra Nascimento,4.6,"Ruim, não vale o tempo investido."
0b94d08ee4da72797724564073f1f3023f5445b861115db01be5d7deddb0f5ca,3c35c85d3a3e66d544b86eff09b2c937166ab39ee9bf4137f77202b279e28dd8,Roberto Ferreira,4.0,Deixou a desejar em vários aspectos.
a4629413d7f0f0a70834075ed93459864edac0c4db16f162a92224493983c92c,b818efe09fe8bab858461a4e10ac1dcde8b7e029adcad086641da3417876839c,Patrícia Mendes,5.9,"Poderia ser melhor, mas não é ruim."
d3a79872740401525ffeda82a606eb44930b3506d63d962fb4eda5d5ab69e6e3,353c9d0e932c0d695719edb5ed3a507ec6ff50da4cc84d1f92a59f0620cc43c8,Diego Nascimento,4.2,"Decepcionante, esperava muito mais."
3866668848ca3d3d87b529df6c9316a886d500d10f3838a8159b13fb0a5f0947,ee9eecb39d32711e2c49ff085749733d58ac32a520aad122accaece5c1a19b4d,Roberto Silva,3.7,"Decepcionante, esperava muito mais."
dafde7f288febb445fc2d6dbebe9bb6495253ff9308c6d40d6b5511a22cb1595,d1e789c2f49e291328e19189692b034695b11f0bbb782585c8666d30da52b9c3,Natália Almeida,1.4,Péssimo em todos os sentidos.
aeea96f270cbdf6a4d0add45662149579ffdb0a0a763ca85a33f97de78401173,7ad5e4fd6c8524913d3a6bb9925f5743561936257ec7f432d1084d8be68fa581,Tatiana Pinto,6.9,"Filme ok, nada de especial."
f48decf2e54ea1b6194ef2b0530014b368e5d79a5b60e19676d5c2bd42e26c3f,273e3fd60a7adf3458facc025dfccb4d012990de7a2c394e23490c11910f3a1f,Ana Carvalho,3.3,"Fraco, não recomendo."
92be9e28b83e4e6720fd1ff4599fb5a1d67266bb5b49eeff7a5559bd3ec2a213,128a1fde92e77d987a13a617b1b61204a4bf00aea18aa4ff69b97b4d6c86c851,Mônica Araújo,9.0,Excepcional! História envolvente e atuações impecáveis.
d64b6d9312ea9278083baeb09b039ff3f6c17589c973603362be09d1f93ea1d9,a9f3b158c0ea702f581ff3ab5a812cb6f139f9c302127b97c86c4e47abe24adc,Renata Ferreira,2.1,"Terrível, um dos piores que já vi."
7eb01bb96385ad2c104dd5b09c956229049215b6f2c7971683d9e726d9d54d92,85164f19379732d1d51a8af920e749068202c6496ec47daad6aa5791c6e54f23,Roberto Almeida,5.7,"Mediano, tem seus momentos mas nada demais."
672b9a812385e71c6daae56559d94de4c4624cf2d46eb44bea36b067ed318a8d,9b99cd6b0b5647d8edf49c7df9150096d2bc62718b9d58da8eb15cc06028bac8,João Mendes,6.0,"Aceitável, mas esperava mais."
678c837afb6b25c7ef55e5f3ce01da26f5bf86c22db8e0bbfb162d24182490e8,9025e16725ff52dcff81f3d31cedf2f1c2f63b1e7a78994cf4fc9726124aab2a,Isabela Pinto,9.4,"Obra-prima do cinema, simplesmente espetacular."
5d57ed6aa1992b5572205baf12e526cca73c6c58056ad4b8fdea3682b340e4ce,0a540541620e6aabac8e7fd2c417747134d629c9df7637be9545d6abb6163267,Aline Teixeira,5.0,"Filme ok, nada de especial."
e9818afd09c644499e20deb51cd24ef41206448030f6f6cd7b8e29a9251e886f,3fec30a5979c79900ca79d387090921fe18bc76a4f53d3c42f9fa2f522b3cec4,Leonardo Barbosa,4.2,"Ruim, não vale o tempo investido."
efc3c21622740490733eccd8a970db860ba27a22e9d1eefa1d74e8d8f37a13d6,a832cf65558d1a457b60e076a013a14331cc8e59a89edfebd6b86b7195de69a4,Marcelo Rocha,5.5,"Aceitável, mas esperava mais."
3675b93e49dcde66b58436156543fdfcd8ba9e64e1ec7444a2efacdfc0ab2879,be6b345f7159a9397b575110165dd52aa6143d9d86a787cf869099b9f43f614c,Pedro Castro,1.5,"Terrível, um dos piores que já vi."
ccf2da6246530d326f47b6f731cdd8f71e2e28d302406fbe38971b313d05a2f4,eceb48ea560638cf35caacde44653bfa355a2d067462e576ca40759acdb499f5,Sandra Nascimento,7.6,Muito bom! Vale a pena assistir.
fb59f16ddbc7a6dab991f30150aaa7d9e791a063d6aee88e13ea839f3d34ae9f,464f27223d7dbf556fe86888be534c3a0cfe1fdcb777e4ed8b1d49db43a825ca,Juliana Lima,3.0,"Não gostei, história confusa."
5b63c96f7ad58d96eedd00561718e79174122ffbde6000a0124b3ea3470d7e9a,3321969a869010167e06b84736c7a598e61b571d4b447393b32547644452bbe3,Amanda Lima,2.9,Horrível! Perda de tempo.
615b5c4c72e71ec4f1e1ff122e0dd9580684487bf424f9eff04f72bb89ef969e,185e6376479a50ea8c867167aa3e23bef7b4e6a310afa4f65d20a7814beeb958,Isabela Fernandes,8.3,Filme interessante com boas atuações.
1cb975591872efe81f575588a92ed0c5136ebe5800776b2af2f5f04e7fdfb5e9,ebc9a5ddcb3620ee9c792053bbf8f1211b6ee96d0d6543be8069a20bcb48bfa6,Fábio Pinto,3.2,Deixou a desejar em vários aspectos.
774371c1d954f05efa540c904b8f7aadca5482529ada05d014698da9e92d42b7,c58e57bac3981918ce5435cbd4c222fc4091533b00b031642b62ab5e01d96ab0,Patrícia Rodrigues,3.4,"Não gostei, história confusa."
ba36dfce888e8d22d27ac5376413276b20730d5170086851b3499f07416ed125,742b65ee852ea8e4247c2f289db4949b024a3434a532933fde5b17c6aa6c1b44,Marcio Moreira,7.6,Legal! Uma boa opção para o fim de semana.
fcff3887ef56b4f998334a84aa08c9a5cac2e1b5269bcd80edfc096c8dcf8f46,3d147049b8e59f05dbee1ffde1fe2a7705ed42df2d32a2b7b4ae28dfdd5274c4,Tatiana Freitas,9.6,"Obra-prima do cinema, simplesmente espetacular."
7e24fbc12b5b1b0192f371f39da8fafa396788d8a8ea6203c05bcfe080cf9817,862f7427bfcab6ea7465e437cec0607e226362104211079249fd3c1f88238443,Lucas Gomes,7.8,"Ótimo entretenimento, não decepciona."
1b0b04f66969d63ded58bc522021a4da36ece8d6caac9d85f1703a715c53949f,0f8db69c5a809e8aaf368fc82ecd60714b065000095d721f0eff02e1f83bbcc5,Rodrigo Teixeira,5.4,"Aceitável, mas esperava mais."
79e10824ab949d72d3ec04dd2372fdfeae9dae2a61c5c39264421fca41d51a18,af75e4aa0531f11a90e4cb9ff2a5ce4149ac17aa06b17e80ac02712977656cc9,Gustavo Ferreira,8.9,Perfeito! Um dos melhores filmes que já vi.
374a9568bff60049571e6e074dae851935308da90fa45b13b6360711f203f724,2b93fb04670d4876ba7a4afdf37af0fd12b4dcdd04764dcff6027d4b47c15764,André Castro,9.0,Excepcional! História envolvente e atuações impecáveis.
92955c75f3299eeafb788879b8b76ad5abf7d70453b7877cab23b84aa2d1946d,708fe8d8e6ac3a42d5b70e11525ac67c0fb0ffa7ba9448c98de6efe000002ad1,Aline Almeida,3.9,"Decepcionante, esperava muito mais."
c7a7e88a1f3cf4e8f6aea1b9f7afb800344f98ff2efc1fb4398e63e4953f01e9,4c53a77e0090ef2a8b5c6b4ee3ab38cdbd9b0edfe74307685babdc093f541d3c,Marcelo Reis,8.1,Filme interessante com boas atuações.
4457896b7a963b4387d6c7db07e525a6f094b64a3c6eb008e3889478326a1faa,d22b4b1b286285715d0bcc57811bb7c8d961324e5c3c6c88f7f2716eed0b5da0,Claudia Martins,3.2,Deixou a desejar em vários aspectos.
08dc1d940163e77688704aeb6d8d71ecb22eca42015e6ad6bba85a6fd9205b5f,917c25a6cbb2f8e2e1728539fc3158926a2b520900adfc20d2c1339428da4a71,Natália Teixeira,1.3,"Que filme ruim, não assistam."
b57f36529c3a9d87cdaa4f74256105865259955639abf44bfd978d3b1dc79936,c38b7573aa858600710f6150718745d8429eaf0c9656c303fb088ab3cc7ff7fc,Lucas Silva,9.8,Excepcional! História envolvente e atuações impecáveis.
fa7bee3da3fe50ac4789aef3b850bbf2d1157e9de1468be4d691ff1cdcfdb036,f89f3e9651d6a7b38d5e7888f0ae4c98f8ae1bdf1ef2f17814cedd33d6768422,Roberto Santos,0.7,"Terrível, um dos piores que já vi."
2734184622fc706c299ef8d5fca78f95f9d64dde759a4795fd9d7430783d1b4a,dba5eaee1412aa893eb1c0b0bf775e84f6745d8db51492efcb401578e84b94e6,Rafael Rodrigues,4.8,"Fraco, não recomendo."
a26421326027fba41566bf6bc63b6aefdcb758eb6dd06024ba33f5846c1d78a5,b8a1851f402b1e12930fa16d625da0df532178f4a3cc583c6aa78505ca160c2c,Renata Silva,1.4,Não recomendo de jeito nenhum.
5ea7d91ef14f592331fc87cf6a1c8f722fd1b6b869e71e86794b96224b8f7a4d,78e92b80784bb79025794cbdcda3bdba0a14c184e3afd9de8256a8d5ef207118,Vanessa Correia,3.3,"Decepcionante, esperava muito mais."
c8395c8cbcd3bc95c918af4fa5f1f831b07a41d68b002ab2efe0eee5411c6678,660cf4b6b4c9efbd63a359c297cc639d65edd983ae91422d4c2d792a9421c889,Ricardo Lopes,1.2,Não recomendo de jeito nenhum.
3d68b5b969865f6faa4b2a02cc6e9702054fd9681922bc8934c2dd1d95c9e529,6bd53ba8143486b37dd200252eb10a179ae726ad9590bb46c1d374762684ac1d,Leonardo Ferreira,6.4,"Aceitável, mas esperava mais."
e4761854ecc7248951ff2197ba7aa5abe8fdd734e059a34df8418fbda7b26fb7,426a051bc69e80e5780d38a700335dd157a116f22e8bfe75ea8e86e9b6a03fec,Carlos Reis,2.0,"Que filme ruim, não assistam."
d9fddb5780dc90b79866f818a9d5490de4eb5e1e93fdbf01a9f4ce943a46799d,e854d77be577f439550bb5db04fd9d79c458755d7dd614d23be3da3e7fa6fd7a,Leandro Moreira,10.0,Filme incrível! Recomendo muito!
e7d3ec404d13ed0bfb9895f73ec793a3e7df68201664886c059c5194e1264c64,8363dc80642f95b8d71268c5fc75296d4cdd3b7f358aca1d5f6860734f59129a,Gabriela Souza,4.1,"Não gostei, história confusa."
07a14a011ec234a64d13054b6e4d0fddbdad634cdddb4fde41cb4098ee7bb1c2,68b0421d0ae477cfda6e36a625668728637dc014e70f5dae099d8ec0583bdef9,Daniela Carvalho,3.6,"Decepcionante, esperava muito mais."
6930818103161cc4a010b6f5c9d7d9d3fdbca5dd8ca87aa7630db05046014ddd,096c7a851725496e881b7a1e8cd94359fb8224f82add914f9e7e25fdab96db40,Thiago Costa,8.3,"Ótimo entretenimento, não decepciona."
bb4342ffb2bf3d601ab8058bdbb24f6d2e850b2d3d5f10e7207b874d93f0a1b5,ae2af765d276ea8cf68c7134bf19a2ae25a78c4e20b521ddec7342fa13e5221e,Roberto Ferreira,8.8,Excepcional! História envolvente e atuações impecáveis.
fdf9005ae9f0f7e927b1247c04475fd3473f40b556ef00d2a054676ff37c938a,e5d6e492b39f9ab47fe277df1ff122a2b39077a9458cd8d845bb32d9371ae98f,Lucas Dias,10.0,"Adorei cada minuto, uma experiência inesquecível."
0e6377f854b80cf519fb75fd87901670774231dceba222345dc24a55c6d61289,adc441e606a7b8ae66af4376b26a29492de77cbc8a7601180729862fbdc7e52b,Fernanda Pinto,2.6,Péssimo em todos os sentidos.
826a5619042fe12b04a9a975d12b22c00d5cd413edc2bf414f98348f96e0330e,d2e42ade071aed6b3571e3951c571b6047311d59e36bf2b33b8bcec808202047,Sandra Santos,1.3,Horrível! Perda de tempo.
3bc1d0e57e22d678cc8a5732a71abe2426343e23b918d22271363cf67e498dc4,524d75c4530f9f6d004677dfe9564f59d8e08793e476f33f77c2912c1c66f430,Henrique Dias,6.9,"Poderia ser melhor, mas não é ruim."
9511a3d1b83f9d2e8a88a7e8bbc0c9f1d61540e06609af9b303a2055481131bb,e2b5b4962068de5bc19308b9456d822a15302c06493670cdea27b3fb5adc060d,Camila Costa,8.3,"Gostei bastante, recomendo."
62bb5ae5155af089a5c38ecb2a03825ae6b5b84afded77bfe962a2148d2da324,d97bc7ef68297362a0e12db39d6cf313fd88d2ae96592219cb0bece424b3a463,Leonardo Rodrigues,5.5,"Aceitável, mas esperava mais."
bb11b68ba50fa3a89a0c62dc4546ffd985b7c12c27621ae83304c5d1039019cf,97aa579aeb9030fd643bf4198e6c8d32bfdf31a77f96bff15eaa2715d991cf24,Leandro Teixeira,0.4,"Que filme ruim, não assistam."
04046e9d917b22184d6aad8d2a35c571f6fee27087add3d4ea2276e858cd09a5,009d5b0c923954e219e479f2dc51f6e3aefbabd990c2b11365d963a9378f84d1,Roberto Pinto,3.2,Deixou a desejar em vários aspectos.
00abd2110caa067b2ec50c83231f1aaca05fa147790d6e0d234a296ad83b9436,2c7fbf0674f659a8f54fa9931f22be9a8ba5fe34f7e816a106b6bdb9849e9f1f,Claudia Teixeira,2.3,Não recomendo de jeito nenhum.
5dd1d70515d69ff4540919ca8ba51f7b69bbb0957e99da5bca73113df585bf73,23a1181b3eb2071939f774a09877c1ec92e6d1b66d262da9cd8f4d0cd6d82cc5,Vanessa Alves,6.7,"Poderia ser melhor, mas não é ruim."
faaf560963fbd8db782a26d3b186f1a43f67fbbb2145a27e8690ef0621aa168a,e6428c07bca1e5236e9d47d9b2a61a3b420f85fa1ba953703edcae2fb80d0325,Leonardo Fernandes,8.2,Muito bom! Vale a pena assistir.
b66d1e38b79e85854160ea573c007434d26d50dfbb8a3f61c327f7ff3c1c2538,21408ba80124f4d953ee353e43558ccf7607631e156c52178b1309ba6e66511f,Alexandre Lopes,7.6,Filme interessante com boas atuações.
bfaa82f1882dbd9e61ca63ffa6915d72587c8d1d47ed5503a8e12df2d7bde406,4028e0e1973ef31ebeb04ec60e22c8feb57f3403fd6db8bd4c5f85bfc5eba678,Daniela Dias,1.0,Péssimo em todos os sentidos.
242d265ab8333478b98641a9d175eb634d9b353f3e7cd7961b7027ae38456541,3ed37802ffc5f1d4d9e90b9c7ae9715295566d8907cea40de71ecdcd7cacf635,Leonardo Rodrigues,2.7,Não recomendo de jeito nenhum.
dc37f47b7b03318ecb835aebbd5b271cfaaaf953cb722e961db206c7a69d8293,2ddf66574b5fa80234a4ae58ffca8dd1a2fe4473bb61bc8baa47b7bbfd708744,Ricardo Teixeira,3.6,"Decepcionante, esperava muito mais."
b41807b21ac021fbb30a9c48ea9e2ec3afc8ba453611d6af98b9836cf7476838,265a8f1371438d232fc754c5402ada6e346b301f8c3d0f1e6f38ceabe63c5e94,Alexandre Santos,0.9,Horrível! Perda de tempo.
79b8d5a3e618360bb3cbbdeca44c2090208e0e85cd1fb3f74bcccc426a06a617,ff80a66b1ea54626a79a64dcd6b5f09c5b8b799bc9a7c9c9f7d026ed85ad5f57,Tatiana Ferreira,8.4,Muito bom! Vale a pena assistir.
1f597a857bd38389538b48caa9fb4c30faba4c8a15c8b9d93cd81527a84093a7,4d62b0fcfa692f0886b0afb9af14bce544ea4e4242fe53f0b4a8039b15934233,Ana Fernandes,0.9,Horrível! Perda de tempo.
e22cc103b6f73675a9d3a6d5656d68ad1cd9af56eb9afad7033e8351982292d4,7f65f4b6ce905e3b216224bbaa287d0de26cd7aff6cc6a0e2df8ddb96f2e17fc,Thiago Pinto,0.8,Horrível! Perda de tempo.
f020c785b5d9b84f91e575c78370fb3676db8ddb801f613f4a29b9eb427e111b,d3edfd4be3a61b78d950a2bc669ca0c7675cf646eb024d608a80ca3aeec4bd8f,Rafael Alves,3.2,"Não gostei, história confusa."
84a48f4480571b8da8e7c364dc7d9d33d6ed23902bed64ed09c939632a49d555,1fbf953f92bd9741c55956220e315450d59d82eb86dc00ff34f6f36a07cd6cff,Amanda Lima,10.0,"Adorei cada minuto, uma experiência inesquecível."
fb3125ad2a658182c3be25f53e723ea90e190b3e55a08277b92e971ac7031039,91078691aa065c10559eb169ccf5fe14e6890e0666c36c3ad6c37a72ee92673d,Mariana Lima,4.4,"Fraco, não recomendo."
73672887529a687dc5bf4d7e4f177d02b2d1c0a3556476ba6e7bc723d257e420,2b28a4094bba7ccc9e1e455635f618135b63de553600bad45e06cf569eb5f386,Ana Santos,6.4,Assisti até o final mas não me marcou.
9e2be70bf8831fe14f0c146c4735096bab8136a3c4f54933413f5ec1c577d856,8d07c05c9cf9ecc42be7a3b73131cbba78e074165ab7930926babacbb5f9df3c,Gustavo Rocha,1.4,"Que filme ruim, não assistam."
7bc44fdf887ab316fc1574170df40b3b36b5f119e161ce6fa748a0d2d304b503,697965c333cd80dd7f84f76923d36fc6d6ba246cb90e10bd6c1b683d565aa75e,Daniel Alves,3.9,"Ruim, não vale o tempo investido."
6270c2d132fe91200e469d91f938d7945e682cf127d9321b43be9223484693d8,be74c4544be0220c1329e270b85b4114539a1b2da03302fcc6d4e8a8ae9589c7,Marcio Cardoso,1.1,Péssimo em todos os sentidos.
613288116d5083a22089586094692de283685d94c32feffd8c6e44c3a0901972,13f07dbf735564f9b6420e2b03a45c2ca3db9780bdfb329308526e8a504ffb25,André Rodrigues,4.9,Deixou a desejar em vários aspectos.
6e34db6fcc267d33143adc9827916a2553f8ac9cac03b7efc3ea20fffc34aa18,2544ebc5a747fcf12c73e4e29f5ea8bf03e340e042137fd01e4f13be7d7cb156,Carlos Cavalcanti,7.2,Muito bom! Vale a pena assistir.
13050559e9d505b7d798e27404a80a94193ff9f656251e96df8f6f2a55a268d8,86c4a4c39bfedc164c7b263323c6b1d0945fd56200e786c15acbc60acf6de565,Gabriela Mendes,9.1,Excepcional! História envolvente e atuações impecáveis.
3b44df136e5aa0da4852a0665c653b243f58fb1288a70e5bf674628ebb6bdf2a,8ffd4eb58154d8ac4060fbc0e89092968c8c053c0f75081fc0144bf0e0a59139,Beatriz Teixeira,7.9,"Ótimo entretenimento, não decepciona."
de0f0a9c408b38b1ecf3988d6ab219f47e514e52683417bbed23b0700fe1e003,ebeaba7c1865bf0a398f2510082ad1a46c9f8ddef3aafa2b0a19e51ef03252a7,Natália Dias,6.6,"Aceitável, mas esperava mais."
4aabca86eba4b829749629dbeb78327d46e77df13e16c63cc65ce1e655c55236,3354d1396572a706ef55d32e3dc7284de47ecf5e9381d5d9aa3166e5d85a9ecb,Gabriela Araújo,5.1,"Poderia ser melhor, mas não é ruim."
3eb00ea7c1613cda7ab9d17f86ecc37ac524c8f2825baffc2c59df1da70b4902,4ac46bea29eb1f12cddf27a7cf8ea68b59d50cfff9cb046aeef3b6525bcf0edc,Bruno Fernandes,5.8,"Poderia ser melhor, mas não é ruim."
0e5e10781ebb7b4ec76f83fc3445770102faa226a222eb29999c94b59da4de22,c53e2b48913a8779fa847b8b9296f95d61db7c70b657b96830de58dcfeeae423,Carlos Cavalcanti,7.7,"Gostei bastante, recomendo."
7e9992ddf266a5502b2bee0dc25d0e831983702f8c51dbee12732f226ac6af3e,ad90f93dd59ed7e19b17345c94b354c7effd72dcd9639027d9b52cadf6fbbaaf,Vinícius Cardoso,7.2,Legal! Uma boa opção para o fim de semana.
a7d2c196486b77fc41c88fb878b1a2e6001a59a92e0eab39a27136fbe537f2ea,c8d7a9b9bbb7279649c6ef39967ef8625c0a25d067c78408b6ce6a5e5b690e54,Roberto Santos,2.2,Horrível! Perda de tempo.
3c0a965fc0d2cd28b95ca6bbd44a287c3edd9d69ac19d5ebe44fb6c7409a6272,6894051a175ec19877d688bef802663414f5afc085a671bdc3be8a9885b396af,Gustavo Alves,2.0,"Terrível, um dos piores que já vi."
457f563e3eacca935367e04d1472956c2498a7f3c5a4bc88d03e5a773571af8a,40e7f9359dea38dc2df0527d7276afe2867c7514548154c10d62ad21fdcdfd54,Carlos Pinto,4.5,"Não gostei, história confusa."
73a0aabbcce3fcdae6d20802c8ab16b491034dbd066307a0d1c100133a1601ea,d13c254a41a1c32171ecbec3b61a904fbd7adf3d1e0ab2e300050efd4b9c591d,Renata Ferreira,7.3,Muito bom! Vale a pena assistir.
28c7fbe0de050b2a13fa661d3d41d53cee66aff59c09fbf24eb322eb9f060391,88950b5cbcd974f7422318f40c9fc513524ccb957f65e61283eb21471d9b5b14,Paulo Santos Batista,9.8,Uma ótima experiência que me prendeu do início ao fim.
ab98c50824fd35c3e7d82281026d68d689d3ae9bad7930d9486de12aa8813c5c,836a2b5f7f0085954e4b21c05ef62c68be4084e55ddcd61fb85bba6d46f0ced5,Leandro Dias Campos,6.3,Gostei do filme e achei a sessão divertida.
60fbf539f2d3102ebe3cfcfe31b80e4def9205bf0d3959675633e0febf36a1ed,2fda28679c615366d3d16177b5d94bcc02e4d26fe24cf12a9d6e6b1065763c16,Tatiane Moreira Campos,8.8,Gostei muito da sessão e o filme superou minhas expectativas.
d971fd7885db57884b6f5450864dc009912e3515bbffb31786bee2d66c8633ed,29d0efb8dd7f69ffb711ffcff9edf03f85755004c07d66f8a1459163eda5ec59,Thiago Barbosa Carvalho,3.8,Achei irregular e pouco envolvente.
48aaad7db2fa6c5d74e432846a08e0fe15445778339acefed7eef1c81005f0d6,4762d8543e630ec5e6d542ca11cd750e5f08e6cf8e18423745f8187c4dc7520e,Helena Gomes Carvalho,7.0,Achei envolvente e aproveitei a maior parte da sessão.
69e31a2d5e6752c46c89083f4e1ed519877c022abe70ab18436be2bef71b9a18,c305eab58f997cff27e7cd707acd7c411718cf0990ec73d6abfac23dc2d65172,Henrique Ribeiro Carvalho,9.5,Uma ótima experiência que me prendeu do início ao fim.
b9290483d6df0c2eca37ab724b1ce9ad4d81e653f32c1473ed70312c2d3a8255,ea1b5e74d01b86d342ecdd6bf1f403f443cab753235abfb45866d2f14256f93b,Emília Santos Carvalho,6.4,O filme funciona bem e vale a pena assistir.
4249e13a26d9dd90fc627f21c31581ac42fdd1b7ff1cc763b01e59a2e9dc0867,9b013dc47b03561ad39eb58d34d20d133940e790766bd219ec83274fe184e290,Eduardo Machado Castro,3.0,A ideia tinha potencial mas a execução me deixou insatisfeito.
182778805c094894d83f574d824c35f707d163efe6057d1711306c8696ba4187,89701ace3363a1a8f698a0032627acf8f525f2dda12f4863d9c7e9a94aa63797,Bernardo Almeida Cunha,4.9,Tem qualidades e defeitos na mesma medida.
0e36ddd2086ddcf2808f02430ec7cc5c0c70ab7ea87fc800de898020697343ff,91ac04c7da354f0c9ee76eac173a16d77164501c6420b1dc7199cf567a0e018f,Otávio Cardoso Cunha,5.3,A experiência foi aceitável mas não me marcou.
65fbaf7897b1a696871c14a90561403641d2a250a5fb2a6db3a835f3f2f6789b,75344d0930b0a33ac9d5a56cb7cf2becc06be4031d02739d4b03949fca2ada15,Fábio Mendes Duarte,2.0,Quase nada funcionou para mim neste filme.
4dbbd93c522a59b2a33ae40d6e38c2a02b3c4b5678dce4401280bceaa219fa75,30cb47b90d2a9e55870d4be4cd085f60276ebf289eee750b138cf740efe279eb,Lucas Silva Farias,9.2,Saí impressionado e quero assistir novamente.
93c316cdbf9efc223cd531b53c6134155f1f7d9ed14627c633161f21aca2bbec,e29030913ade50c6cda78634d5fccfa83815d00a742a03afa1b5489c15431e6d,Nicolas Cardoso Lopes,5.9,Foi razoável. Gostei de algumas partes mas outras não funcionaram.
8fac58b99c3b6f70d2dd643849b5a094c61e8c200db99ff1777e591a7c25a349,5c5ed0451b8759970b7bb62b4f1e2de9db1994a0369c297500702382d94322a0,Gabriela Almeida Moura,6.1,Gostei do filme e achei a sessão divertida.
2c9d57e2dd2dd2e6b347d73a93c2b2570dc5197be64c712a3f609fa7d1a004c3,95d96a64f01ced50dbfb9bbcde6d48a167b5db76e652746506f7da8f2819f873,Giovana Moreira Pinto,6.5,Achei envolvente e aproveitei a maior parte da sessão.
a1ea5e28f210891e2af483bf260a42fdfaf56c1604a3977762de7faf509467eb,dd40f9142144ccb4df5f3db4b233e6be794f8f13b38752e28fb16233e16b846a,Sofia Rocha Pinto,0.1,Saí decepcionado e não assistiria de novo.
aa4236dac3932c3ba3950c80c7f73f63fc0ea3d8ab5095506135fc7b695ba453,c4822736b040e43050318d7626fdd93f8305770ed62a5caa2dc01199368227a0,Isabela Machado Ramos,2.0,Achei muito fraco e não consegui me envolver com a história.
d4b3f050df9fc95619322e7156a5dccadc03c50fffc18bec5744b2cb3d3c77c6,abb33e0650d46178774c3208617f0f0da63818bc8078c701bd13a1f62b48095e,Samuel Cardoso Reis,8.9,Adorei o filme e recomendaria sem hesitar.
e5d4f7c95b8b1e5b5905843d70649b2b0cd7c2db6f544e63a45533baf6229936,5136be06ae5c0fb54760ff09fb07e6240b19f079bfd2fc66b72e4a3366519618,Otávio Martins Teixeira,8.4,Adorei o filme e recomendaria sem hesitar.
c80dd9d65996a38a9eb4eed9f73c23a1a8017adf4fcfdd9603fb036fe18a58bf,d138521771b55c0b0f8742131a7a7afdbfa74955d0815507c390ef58ec217dc6,Ana Mendes Teixeira,8.9,Excelente filme. Aproveitei cada momento.
5882b45ccdefbce473e1c3f201fa7d00a5994c82a8123217f253a98b708adffb,71759979871ac233eced674fd42b22c3670a1e3f7626d9dbc6b30edf19148d38,Renata Moreira Vieira,8.6,Gostei muito da sessão e o filme superou minhas expectativas.
0901220e53a145b06b82ac4287d5e236eceff965bf3fa725cb6263be6441f7f7,a06071bd556319d17dfb24d572debb7ad200e6bc644033f041c53060b87e9127,Mariana Rodrigues Vieira,2.3,Não me prendeu e terminou abaixo das minhas expectativas.
6c449bb4972a5e915ba68ff726fc406baea737c71081027b0aa53033f2711641,9a278a53d40b54df4fa0a08994c77736243557fac398db09c8dda823b492027f,Henrique Nascimento Xavier,9.3,Saí impressionado e quero assistir novamente.
451f2070a0b5ed115cdbd48a5cbdd2375be5416f3bdf217ec20837ab49b0bbb1,89136d5eea529edd221d85197ae21ece0abd5f7269ebd4e83a0856853394fe0e,Mariana Nascimento Azevedo,5.8,A experiência foi aceitável mas não me marcou.
9d888ac78c606012d2f20230f6599107e87b3228204a5b11d810f9476bb7fbb9,c719eec56376247212e17bdb3225884042b757284e6dd7aeba7f3e1e436adfed,Beatriz Lima Batista,2.4,Achei irregular e pouco envolvente.
c8067544079d42263208e4bf155eaa84a35b8616e7a21e673cdfdd4c31c3eb3c,d2440537d40f501584370e35ffb0ff18e7a6759687e2a7d1ee50617ca9200b48,Igor Ferreira Cunha,6.9,Achei envolvente e aproveitei a maior parte da sessão.
a0145b2edbd958e3bf2e93456b7f5a94896ad3ee789555ff242cf9fea21cc261,1f5b488a026d2c0362f3e4cc4580632591a9344ae2393362cae5a55978266a53,Thiago Silva Cunha,9.6,Uma ótima experiência que me prendeu do início ao fim.
584c3ebb3689701928a05ee22bdd4359267219acc16eb1d78183f9c8e6b64d8e,2dd4f4000f1870ee5fa6ee2ec6955bb628c87ea3eabf160b9541f7f5d3fd3fda,Diego Almeida Duarte,6.75,Saí contente e recomendaria para quem gosta do gênero.
cd9f08297dc356915d22a49530ebe7bb64e619cab8864021f8ad41f1cb6e43d1,802c392930a46404ae684fc2525f7d82ebb5083edb0c13d86e1ff9e260793a89,Eduardo Gomes Farias,7.4,Gostei do filme e achei a sessão divertida.
800d45eabb11960af8215a28894a7122482a97e1085af8851f4498996208d676,f020077c12e237e1ca4750af941cf3b5426f15bf33e5bd54f7871784218428ac,Renata Machado Farias,1.5,Quase nada funcionou para mim neste filme.
040dfd81123fafcbbbe1ec02a124fcc6cec9949fdb98f4651ad828220f47abce,5521d5d2ad3063abfa9ce36ddfe7344a7bef76e19c01054894a880e317174b39,Bernardo Oliveira Lopes,3.2,Não me prendeu e terminou abaixo das minhas expectativas.
1384e22e88fb7b31d133516d8593061c8cdb971e92a696f22a170ae724c15210,f0de73ae88a89025bc37f77db02101e04ce39753b0c445b1495de4cc992d863b,Igor Monteiro Moura,7.5,Uma boa experiência que me manteve interessado.
a3eda093abe4a734bad76115ad7a967e9817593c5c2991bde86b3d63bf24f83e,0899a885e40c4af451b37efc9c83a63aab6ceeb575c3bd6525a47626aa90fef5,Nicolas Almeida Pinto,3.33,Achei irregular e pouco envolvente.
1e7d75527e9ef0c2c3616209afee2fa5ca87e2089775661900c52c940019ae10,955b9341ebe4e8b99b7308c85e44b48bc94e36670b3e42043c8fc21ccf343371,Bruno Machado Pinto,2.7,Há pontos positivos mas eles não compensam os problemas.
c1a90060022b81d2911f8d6cdc4c03d635bed2a41ab57dd9e82a02226fefc653,0d3f25f8b95c704514ee3a79b9a60c9903850b47443328999d62a58e0d631149,Pedro Mendes Pinto,6.2,Gostei do filme e achei a sessão divertida.
badaf2ad92268450c849699af4533aa6a0354442ad980ef69b1bef5658225171,719f756984b3327d0aae1aeb40a899aa997c6ffa030c6166fb9e2c6330f9379e,Juliana Cardoso Ramos,5.8,Tem qualidades e defeitos na mesma medida.
56107dc92aac3b467b204deaa4f49c1adab967fd41f62d4bd1e0f1f3d2bb01b4,139fc0bd48fae361785c57ed662baaa3bb21b840339bafa3f4f8beae05bd8edd,Fernanda Oliveira Vieira,7.9,O filme funciona bem e vale a pena assistir.
42f068e286b1d421cdedeafd12ab740a138e19084e63bdba8d16b4924b7e2da4,d88dec9e0affaeb393abf68edb615bba0afbd716340ce4994f0362e1119af22d,Marcelo Pereira Vieira,7.3,O filme funciona bem e vale a pena assistir.
7c752b63c426888f3f46fc74bc65a6d627b45a3787a56c260bf626ba64179aa9,e199edd7e05a9cd969f08e66fa6c07a5770e1c24e59db13df909996271338043,Renata Pereira Xavier,0.85,Quase nada funcionou para mim neste filme.
bcef1965323e6869928413b19d8bfbea90379534e32d4dabb74db23544a1c518,1bdc053be713c5b38b572f1f10b9361a9c0cd85bc3f91bc640cc95cf32b64e11,Fábio Silva Xavier,8.1,Saí impressionado e quero assistir novamente.
a40fe9d961fb270b54d2e67b941a271d69a634306a2cc0af968551286c28b221,5d8f6af64068053691dec5c5db911120eab5b1d08af40e0429a8ed421e3cbd42,Ingrid Nascimento Azevedo,9.5,Excelente filme. Aproveitei cada momento.
ab018a9a904f6acff2e3ba2cc569527363413ab8a8c45c992048435e4637d8b9,e534e489095006585991dc0b7d408dcddbaa56bfc4db9fc80978624d76732bd7,Diego Rodrigues Batista,0.3,Achei muito fraco e não consegui me envolver com a história.
0fd4c936f4c8cdb76e761da8b6d934a2b63001e48a70ff809b4781d69f7bdecb,c1fd7903719556c6f2ce92611876fe558113ed9d5e875c42c80960030d419802,Débora Lima Campos,4.8,A experiência foi aceitável mas não me marcou.
e9ff1973c592b1bdb788766350b2710a60b480c596ba3fc8098b06b48990047f,a512ad3e86acd0cfc798b533272cdeab07a58e3142d9da3554107e3bd6ee8dbb,Emília Oliveira Campos,0.6,Achei muito fraco e não consegui me envolver com a história.
4006a5be34db7b1559f5f8486a54c18fe37a039d777f39208ad371f7204990bc,34e3ba2d83474fe56945fbb28b4f966e133670e9e4fc26625e90be70b83007e5,Elisa Nascimento Carvalho,7.4,Saí contente e recomendaria para quem gosta do gênero.
a77390275850d559868c144fe0c7559017c409368725fe1bee74176444e5348d,334f416b65a2e78a53bd522dfc6c3ac642a9b4f3b07f9ac22af79ec181167e38,Vanessa Machado Castro,4.4,Um filme mediano que entretém em certos momentos.
960c8e35498ffe02dc66f1ab7209f54791c50849999cf2ab992956cf67d41269,cc0fed0ad496c53a034630f3a44b3d2f198ed2405ebf3a5f0fd6afd520f0537a,Felipe Martins Castro,8.7,Uma ótima experiência que me prendeu do início ao fim.
02e7d5b2f9923720c99cdc31fe3a8e35fe88e5fc1958b725220eca1698848006,7b7cc3cf747676a953195fd412d840cc05e38d1f8606039ce579dfef3d521f60,Diego Machado Cunha,1.3,Foi uma sessão frustrante que não recomendo.
7bec3face1f97204d1fc572a0144e2b79cc030151f192f2eb886e2335f317ff8,8aaecc90f5e933dfc0e9d037e14239dd43748a77a7bcb8dd63f8fcc444956f4c,Camila Monteiro Cunha,2.5,Achei irregular e pouco envolvente.
e6065d30daa50805ee19bb9328500e26c23bbe352b5f4a6b4e8b014af95dc292,2af3cea09a3c95660b16d24a286f83469e00823674e1a526669b24d7ade6f6fb,Vinícius Oliveira Cunha,8.0,Saí impressionado e quero assistir novamente.
fd246fb6775709ecaf151c502731696fc56c1902eb4934c62e5c79d158b81373,859cec915d62653714028326b2aac82f3378e578b40c0f415b31019b849165a5,Gustavo Monteiro Duarte,2.8,Achei irregular e pouco envolvente.
8859f7231c2a5cdffa7fc987bdddd13aa04e510df0b618d89dddf063cf3eb711,db1f56e685a5e83692801187b7bc2c319b77426f2d83e1c69f69986cf7aa221c,Caio Rocha Duarte,7.4,Uma boa experiência que me manteve interessado.
af3439dcae59df9831dfd00bd10cfe2c5052ed0ee1a5fe6c5cf85c288d2312ad,7ff3c338f6983fabf1e2e75694af2c78d5a74faf79989be0ce33c03acbcd565c,Fernanda Mendes Farias,0.3,Não gostei do filme. A experiência foi cansativa e decepcionante.
08c09f0611fd5dc84dd1def993e56e7c2c21f206778c73036e30b7415d39ccc2,86de3fc4fb55d2c13e6f992b2d9ea2381b8335f39d6490b438b40b7ff6eb3194,Débora Nascimento Farias,6.6,Saí contente e recomendaria para quem gosta do gênero.
a830a8fc3f50fa3bc110a0f34acb736aee860565b450825f68eea8452cfd17da,b8f815958584256f3f7ed4476a08a207529969ca67627b276670de2e87a2531f,Bruno Ferreira Freitas,6.1,Achei envolvente e aproveitei a maior parte da sessão.
509a412977a4c6b576b277101c2799ef4b69a93c3ae72043d3744743b02e901b,4f611742c4b47bdd99ebd8eb19d34da3078d057ee4e639756c68b2d566f8758e,Samuel Lima Lopes,3.3,Achei irregular e pouco envolvente.
d6f631ead9911c328506fad7f0065ef93183a3cb1b8964b0e0de99389217b2a9,3956f016ae0f1a5d3c96d44f786b69b5a02182cc09e4348facf7920d5c945263,Hugo Machado Moura,0.2,Quase nada funcionou para mim neste filme.
f994103ee27af888330b197b55f5402cbf62222f726ecc2e3eec48086ccd48b1,eb3a9ca83cba78ba6e5ae812df79acc25ec9c0b8c84e95f3c9c621dda923b08d,André Mendes Moura,5.9,A experiência foi aceitável mas não me marcou.
9419a7b46b35f4fd105a1c71bfcfc34c09b8c47bd582eeb7e7dae145a0a954df,f34113ba5dcd0630bf2cc39b5da2f06ff84fb2dd2cd4878824d1afa3bb89d0bf,Otávio Santos Moura,4.6,Um filme mediano que entretém em certos momentos.
38b0019ec30e7b488edd9355772113fbc3ba80428e379c6cbb08b13901118626,23fbf2f98cd779e0cbf0629135acff095aa76399c7ea0c5323d6cbf92921af85,Débora Costa Nogueira,5.5,Tem qualidades e defeitos na mesma medida.
ce8dd90c6b1a1a7b2a10db4b9de16f69d44ddd53e9a80a8271f13b285c83b276,a979556cbef3a3696a720fb3d1a75574d80a9032d549493ee81c6dedddcd3f2e,Mariana Lima Pinto,3.7,Não me prendeu e terminou abaixo das minhas expectativas.
5b2974741f0b30b468b3a5f64dc8a914ce124b585dab49cce19a0b7800155031,a5b0580bc37e99e02ec30ccb4e16136e608d95b3452cb289cd1a944d9f9c093f,Caio Rodrigues Ramos,9.0,Uma ótima experiência que me prendeu do início ao fim.
8c9c2e0d4031cc091e87802730a0fd9c40d21165dcc612fe3bbb18921a9ad439,03d4b3c99beb8f652848517b992c90b3f19dfcd743c44947569e0d34f93530e4,Gabriela Barbosa Reis,4.8,Valeu pela curiosidade mas não me empolgou.
3adc04434610dcdf1d73b8414b79d7385e15b728fbd667233b03997b16941027,6329e84ca8d582788c7373d5ac274dca07c47e85bddb0149d7883033d32a913c,Ingrid Mendes Soares,5.1,Foi razoável. Gostei de algumas partes mas outras não funcionaram.
f6fd8f854758031cdfd7fefdde5c3be3825b00198681614c5006bcb0ec317a7f,8b3c3ec2c8e27ea24f125cd478db3510d773c066c26aa265a49b183bbd84530d,Daniel Santos Soares,2.8,Há pontos positivos mas eles não compensam os problemas.
619b752a80c31eddefd2acda86090e03d81f189eefc9d6bbf5ee34a780b40ded,de38f47975306f3814669f657acd85dd6db588dd6476b45fde98ce7547aa9b7c,Larissa Gomes Teixeira,1.7,Saí decepcionado e não assistiria de novo.
a5aaf436f3b4ed60a445afbdaed3c1ee20e25c016667248dcc1d9b51c124f1f0,62c154ec76f30c39d4a5d2c65c85e4d3bd16c686163b811c4c398781e674cda0,Daniel Martins Azevedo,8.1,Gostei muito da sessão e o filme superou minhas expectativas.
b4772de6ce545ee300de3b64bc6e20854caf37b52222dfb2086bd42f5cf005d3,8cd23e28238fdd793d76f821453f54f825e9ce40a8f73e8abcae73f11eb45d17,Alice Moreira Azevedo,5.2,Um filme mediano que entretém em certos momentos.
6cdf3ac97dad1a2afa1196f69679e4804e1273d020af4c11a533b2a718adc13e,446a369ca26837da103a93756b121f45147262b82ca48bf62050952362b1022e,Henrique Santos Batista,4.7,A experiência foi aceitável mas não me marcou.
5c80f45792de72acc2e8a69e699db44d0bfeb0a51489ed178c42b10c35328707,220237080ec72c279b81b3a7d5ec96424e11f31750a339714b47c834b5ec1a0d,Emília Barbosa Campos,8.0,Saí impressionado e quero assistir novamente.
cdaf7a282771ce79646352bbf9d24ee6d6914e3341c5a89dbfeb667f72a6f3f6,546145a9f48e3531f55621de60ab78db963a335481e469de35514425344bd499,Isabela Mendes Castro,3.9,A ideia tinha potencial mas a execução me deixou insatisfeito.
ebeb6fb2c52117d077506280730e7fb865375acc87918877269c1daf393ea23f,ffd14a3f32ca63db83e836ef2b0662eaba08214441fee8128deb6b92ca300368,Fábio Nascimento Castro,2.9,Há pontos positivos mas eles não compensam os problemas.
ee6e46b57102561e17787547316508cada4701bd98e58085ab70ec8a7b81040f,312841b430bbf8b85ad90285e9aef2183b4cc6a171c678cfa71d4fd86fdae793,Rafael Rodrigues Castro,3.4,Há pontos positivos mas eles não compensam os problemas.
812d3491ebac2da9f269e9f756392fb72f7d9fc7a05f1db3d6d14cd464197cb9,2e64133146a03094a6fcfa8dc4f6f6870774ca15579b75896de98192792df27d,André Lima Duarte,8.5,Saí impressionado e quero assistir novamente.
bc17d25688a57c83e4a8d10e7b18d71cb2f25c7f7cdb9d4e22154c5286fef8da,6a9da1a007e612f9a752476f36cfafba6d3aa22f987795bd243566efdde2d77b,Ana Rocha Duarte,8.7,Saí impressionado e quero assistir novamente.
fdb4f70a8f7219d68bc63b28820db6a09a4b741cde7008bb65668a00284a499f,36eb694ba6a4e17e7060b43d88c898d5e2bb35ba779a27c90e20b98df036bce6,Vinícius Rocha Duarte,8.5,Saí impressionado e quero assistir novamente.
d4ef3b35d7f2c9ee3db10491197d3463c9dad155a50eb6fa1ba26146da136aae,bfb37f91700e0aa6364eaee85fa3e87a5d67764cb11a2b089147387b31e20d34,Renata Santos Farias,0.9,Foi uma sessão frustrante que não recomendo.
11f3eb752e0833fd0a1e23108ae88c363aac3ccf39b8259385597def03f377ae,2304bf17c1980a4582d82631ff7addf1c697fdc30de9fb36c569f51463ce5b8c,Débora Ribeiro Freitas,8.2,Gostei muito da sessão e o filme superou minhas expectativas.
c41cfbcb6ea6039f13755992867c7d6f083fa1c079eac48a294ac7b42ccea5ad,e71d13b3a272b428da16a41fbe05bb6c030c6ceb6dbc99b16ddd4c4ddc4657a1,Gustavo Martins Lopes,1.8,Não gostei do filme. A experiência foi cansativa e decepcionante.
f99ec5fb651bbde66fb854fcfdab5ba39c4c7fc4a9cb645946ddcc1fbc29576c,371e98d4e2811116aabb82ac62aeb13bc4ac0aa1941fe844dd6210910b6871e9,Renata Oliveira Lopes,6.1,Saí contente e recomendaria para quem gosta do gênero.
d47b5c2b919a61cd8f014cf006b8750d314dac0582ed70f25fe895cbc2794926,69c392bb664c1a2cbac48b5b437ac736626bb473fbed6aa9d7e1c4193bf6d122,Vinícius Rodrigues Ramos,1.4,Foi uma sessão frustrante que não recomendo.
884489e615db1b1503e1c14eb631c52691668027db59a0f8119fa1cd3bea94a3,d111af5ebbd6fe61a518324de516a43c811979319166e3462986240d05b48456,João Cardoso Reis,0.6,Não gostei do filme. A experiência foi cansativa e decepcionante.
bf359949b1a94c97e19c385f9c240ceb7d4834bb4101658d4b26c5025f52e640,79f65925f225e4fb85df921d9577f59d960d2073e05c584af9190a9a1543d036,Diego Lima Sampaio,9.6,Saí impressionado e quero assistir novamente.
0073e70efcfc63f2c896985ac05d9c821f21f13fad572830cd22b27a902ee6bf,238b2d2ed5d3738e2b0cebd20e4d5fb4b97ace7df09b099efa5ed02310042ed3,Camila Mendes Sampaio,0.0,Quase nada funcionou para mim neste filme.
9b67d21ae687f2afeceaa755ff37e9da406f83deeffe4fb1d1ae10962e4a06c6,4b8fe9dc8c9873f8de265e077690da4ae873584e027fd5075105971dcb390171,Débora Rocha Sampaio,7.5,Saí contente e recomendaria para quem gosta do gênero.
a0f873ef971e20c3e4a09199de9b00c63e5de76c4cd06813e4aa02e6697f846a,280ef4050849ffd96216911ad14a37d3ecf465adecfb575603672fdadb7cbbd3,Patrícia Machado Soares,1.2,Foi uma sessão frustrante que não recomendo.
d0d64727da6b63524b5b0f11d508784b0e92c38c8467d2d945799b809fc1ae19,ab2e5baf757590193de77095d378c138485810882d60f0395cf51b08653afde5,Hugo Rocha Soares,9.1,Excelente filme. Aproveitei cada momento.
8b9a4bf2f55c809ab4d63b9c53b713f0d2fa8e81e2b8555f73ba81f5fbf2bedd,5df1dda11be549314e599b2939d1b5bee58898b7e337974af9c202e629386c6c,Helena Gomes Teixeira,0.8,Saí decepcionado e não assistiria de novo.
06a0159ad410d08a9bcd16b818bd67777ed27c03ed5aa62235cfd1f4cd7f7466,41bac1e6fe7bda58e541ba48789704e1a89bb0925bf38064e6581a51658a09f2,Henrique Ribeiro Teixeira,9.6,Uma ótima experiência que me prendeu do início ao fim.
0013173968a749a62d49a202b5d85c2c534238772da637099bbc08ccd5a28128,6e56b0d65501fcbcf013940f58c9397628f42c6bc08b13f1c5183449a9b4283b,Daniel Barbosa Vieira,7.4,Achei envolvente e aproveitei a maior parte da sessão.
7e9e918ef526f7e14277f671d6752899134417bb958e95b95a75147ac3d2ab99,d3f3e2bd122594c2372dec62dbb817fb9bd6351dcb097cab6b3d82de5743465a,Bruno Dias Vieira,8.0,Uma ótima experiência que me prendeu do início ao fim.
2a99facc7020b45aecc080c7fcefd742df19a518f52487c8b9f9573914ec0487,de0da916187fda2630eeb380e6b5a468cf7db36238f5b5fb7e0c9cc178d3f617,Tatiane Lima Vieira,4.7,Um filme mediano que entretém em certos momentos.
89d8a032354a40c7e2b5cdcacb4e411efa8d4725540ef6c5376be9cd01663400,0efff5d0deced7e352ce4860ab8fb6b9ddb221cc404c527e942621e340a15200,Fábio Mendes Azevedo,8.0,Excelente filme. Aproveitei cada momento.
5a6f7531d108fc1946619808c68fb598efe882401c293f82d13661105b7a459d,5de1cdacead60f2f7e4da6df3452430e5400e11f71f21965510c0c58bbf62eeb,Vanessa Machado Batista,1.7,Foi uma sessão frustrante que não recomendo.
8a5f6cb1e5cbccf9a3fa499b5a5f1739223db53d25397aa439f34b8bc9d233ff,144bff0202b22c2f7c9d96bb5c57412feffd63f770c047a7210feeb0877df55a,Gustavo Ribeiro Batista,8.8,Saí impressionado e quero assistir novamente.
31e36dfc5e129b898a105be691fd11b875b72baf975458b735fb7e67dc1c12a4,1cd787ad1b1c8ee826d601be9627508623fc3cd815c9f5125e4a6b1f73516e1b,Hugo Cardoso Campos,7.8,Gostei do filme e achei a sessão divertida.
ba272508bc1bf306fc37deb395bdbd0b59023ea9952f09f50c012b01161f6643,0b0d6c298ebcbdba90d906f864daf476385483c087d5ad14d326bda0a46b5bc9,Lucas Pereira Carvalho,6.7,O filme funciona bem e vale a pena assistir.
b9fbb245759307cb37bd98aac2da91ec9703a66a58b3b773d05367cca625a386,242cb47cc0fc072e42856a59159f56a1ee5e13c18ae7e776d727fac48b4ed848,Alice Ferreira Cunha,6.4,Saí contente e recomendaria para quem gosta do gênero.
07aba9fd88c48faf542b612137b10a4f6d7c1eedf6c1ba7c142582ed7d9a95ef,63c63bc7b9e778403903ef5f4c3b91ae12b368edd2f43e4f78ff3ad2fb27693f,Helena Cardoso Duarte,7.3,Achei envolvente e aproveitei a maior parte da sessão.
eaac6b77cb89f7952d7bd1f086e8b7e9d63fe216d61d7ac0ebdec971e8a9ba0c,5dad70b6f9345f710c099aa298d976629328bb5ae12ecd0cfc4c9249aafeb5c3,Débora Machado Duarte,5.3,Valeu pela curiosidade mas não me empolgou.
4458e197c348ef5dbd7c9a67b148f31ecb0899d4fde456ec6151be3d488ba2be,7ba0c22895e3566ac85b1c4987d926be70f265621bdc185c0f7dbef5e75b2077,Diego Martins Lopes,4.1,Tem qualidades e defeitos na mesma medida.
e760b46b3f105183f8c5bcc3c65b5d24687f8cc9461ebe6f549bf14abe1a7957,4ea27d30fb568104e9c38c2431867c148d06f4b19c2a39ade5b41c0ec1075890,Vinícius Pereira Lopes,3.1,Há pontos positivos mas eles não compensam os problemas.
7a0276f076ca2192f893062e49c829e54e80b031b0aad89e6da5ef34443ffacd,deaf9a419d0e0ad988b674b395da23bca755a017af8f3d51c36e87ed29c08961,Beatriz Barbosa Moura,5.4,Um filme mediano que entretém em certos momentos.
72a6859b7ef54294ee436846fe07377a408b37f30adf180ffed05837ca5d5872,151d6964f24ddf9d78774499a3e323adaeb4fd5b6bfabc72ac9e3bd3726be58d,Bruno Monteiro Moura,0.4,Achei muito fraco e não consegui me envolver com a história.
609d40a3d9e289a0c462a690b23a0a930bd5dc1b183ee51ad059aa930f8b02b8,9c0d5e211e546c6a2aae0581b3531a46309f0c71f155f400844dc461a0df3a88,Thiago Costa Nogueira,5.2,Um filme mediano que entretém em certos momentos.
9aa2dfe235ef325e9abd0a1201c2a8d3c96c5473fb94f12f582cbe8bced3f28d,f68a5c8d5f4c313e914c8090b8143cdfbef3b1afebca288df7e8786324534772,Helena Machado Nogueira,3.0,Teve alguns momentos interessantes mas no geral achei fraco.
83dc94d2cd3d2ce627d952340c86b96d64af76220e4bb7565ada65a93a15b3f6,964a759719046f14dd6613f36c547cb7c2e0f7ce8ed98e5e1a0c7e4ee0d1c64a,Gustavo Lima Pinto,2.8,Há pontos positivos mas eles não compensam os problemas.
30c7c46056afdbd15b633118c206f5bfbcc55591f5b571422670d5e18b2fd640,3f98d3c2ac940387a700bc9b5f2ea688d2af48729b6f44f5838282779a55dc39,André Ribeiro Pinto,4.0,Valeu pela curiosidade mas não me empolgou.
7d958e13e30d11ba4704491d75bb95a86094bd20ca9516d3253fc97a2fe56b68,edfa2acc2ae2161c61473ac4a7cf06c010bfdf32422ebec989c2b1e12186a827,Thiago Santos Pinto,9.8,Adorei o filme e recomendaria sem hesitar.
bbc563514797cbfc6b72c6cacf91f0171cb4818d61e89faa621732f87125df77,6f21edc6dd461f48f2a624be50941f016ae6e13d5ce0d0910130ad29d459f014,Igor Silva Ramos,3.9,Não me prendeu e terminou abaixo das minhas expectativas.
a8acdf199a65b1813e4842d908c06eb8beb61aa57e1428e1d95cd90852c42ad2,87853e55b16140b82149917a1d9b342d0ffb48e1a3e26a51318add7776a37cc6,Caio Machado Reis,7.8,Achei envolvente e aproveitei a maior parte da sessão.
663e641a66973b6653db369cb3c22f5b93ba5b67d505d8b820f83d459dd63a97,64cf3647bbce7044b8b5c68f8c0725fef784e950b658623da751ff52621e478d,Helena Santos Reis,4.9,Valeu pela curiosidade mas não me empolgou.
2fb8cdc8b941939bbbc801baa9ece0d1e74e49ef15f5708e85a1805fb6d6f5ef,36bf1162ad7e4bb6c9718f8980234ef6d93fe8d1fcc87b955ec8dd04d302e612,Samuel Santos Soares,9.4,Excelente filme. Aproveitei cada momento.
61ab006b4ff3db879ab8c34958c4eab52e56cbe0ce5e6e2c23ed802fdd71593f,07d95cebb011e0f312d8e73662b1869184275619c620a70971a9dfa857aa91d9,Paulo Barbosa Teixeira,0.7,Foi uma sessão frustrante que não recomendo.
4611e8da8578638881ecf79f1cafa102e508e1ac51eec5965c71c16332605c1e,3519ea2acea9c249cf32ea38f39bc560cf9fdf77699bdd571be52627154c2a51,Henrique Costa Teixeira,4.3,A experiência foi aceitável mas não me marcou.
1ae574832c13cbad9c8bef85ce22f45c5a5858b3f31e0464aac097e9b18f43bc,ffcdf8c1c03e632b7fef291252eacc4caf1dbfe9b105d63404bc3655a12ca1fc,Fábio Cardoso Vieira,9.9,Saí impressionado e quero assistir novamente.
1e94e103ae5ff01a5cadd6f4454afc48f2a306c130749d83d28d201d1558e9e9,b5672269f39db388cb1a238d869fe4bbb10a646c6e168f7eebd8bb4b375f4fb4,Giovana Oliveira Azevedo,4.3,A experiência foi aceitável mas não me marcou.
b4a99d972c39867c1f71add6b27d5acf6d1bb75b109e7a498b35209d54eb48a6,f226f22bfff403e866c95ebd8f905d87b1333665bd6fa1c529b3dd065c267436,Hugo Mendes Batista,1.4,Foi uma sessão frustrante que não recomendo.
fd6ef62f42710e5d7b84ac9207f5a3b10cbe7a6e78603c0815328c06f44a847d,93db2d3f8fb58a45c0eb27276407b3d6ad442e1a73bad25ffe75e16d9927f1ea,André Moreira Batista,6.4,Achei envolvente e aproveitei a maior parte da sessão.
d4bbece3649265849083076a2a1d5e325a518eb5692a2830f82ef284047e3777,bbf3b1b758dd64e023387ce7f02391345bdcbdb595e65805c09f5b2d5b26ebfb,Natália Silva Campos,4.95,Foi razoável. Gostei de algumas partes mas outras não funcionaram.
664114a53934d818add213d1e63fff1248ac55a90a5c36efd51ecfeadd532880,16346454b0206275ff931cd736b3d95fd1748cb1956d7f1fa26f60ee8a1f60f6,Isabela Ferreira Carvalho,8.0,Uma ótima experiência que me prendeu do início ao fim.
37ca047b1156dea690dacc375645cd585e9f7c3cbaef057662cecd2ef9ea8c65,6b8128aa2b4eab7658f71d2a77a0331b367b8d51ccbc3cd25df71201d1e25d2d,Elisa Monteiro Carvalho,9.2,Uma ótima experiência que me prendeu do início ao fim.
b11ab5f347e45a3429a370a7a3504ea558c94023f66dfeacc8e8fc7ecd6e8bc4,ed0aa2f4f7703cb2722e8fa93b236e3375f3c0a2f8c9d09b01c811337366c654,Sofia Martins Castro,7.8,Achei envolvente e aproveitei a maior parte da sessão.
d65fc9e8f6bdbf4098e67607d9c5d4baec3ca3129bc57b0d7b0a025901683db3,9a6615f77199b731841bc043f4cea5397eb684600e57124cdd278b65465a711e,Clara Mendes Castro,0.6,Não gostei do filme. A experiência foi cansativa e decepcionante.
9f2d129e7e38779ea0b61f53ca68372b5b606226726a7bd867ac63391fc47267,e1abc15ae9d451cda1e5b95c103390bb2740a898838882a7a9f9b26269ce581c,Tatiane Ribeiro Castro,3.0,A ideia tinha potencial mas a execução me deixou insatisfeito.
55a0bb69a2d40380dacdcc51a1ff49b439009d18681934d1c14a235e2c2ee80e,acd83aa92b4f16fd187b39558c27c7a98ba9e79c1c6ed5dee9f9d8d15dcc76a8,Lucas Rodrigues Castro,5.95,Um filme mediano que entretém em certos momentos.
21b222c43fe35ed4a10698db3b4e178057028f7dce977e645b4bb0539e93e879,127493369bcbacc8648b79ccafb2928d12a1e56240d1c3cbe43e1e3a700e18e8,Renata Santos Castro,2.4,Há pontos positivos mas eles não compensam os problemas.
7a923b7a13deaf1c19b739499a1fe155f780407f21616b84518be55eac21634a,3ff2527fcd401813eaea03cbcbb00c409fe9f167795888b61d86cb4eda9515da,André Cardoso Cunha,1.1,Achei muito fraco e não consegui me envolver com a história.
9c160b0b9211d220d999911d30ba2b90b6bd7dc761ad492ac3cb33346e42808c,4397aeaf5cd683812e9cbe95ca1263ddf37b68254b573af0f4b13f569c649925,Leandro Costa Duarte,9.4,Uma ótima experiência que me prendeu do início ao fim.
a75a6e704678fb937f2e6da55accdbc9bc39cc76df8f511bfe64e9dc5f35ff55,8279f80cb560058caabeb71c8bfebe313cb259b8f1f6715ac16fc3f385c392e3,Bruno Machado Duarte,8.4,Adorei o filme e recomendaria sem hesitar.
f3564e3ea5183cd15d0f4e4ee198f807be40f1d89f03b75f35a439000e5bcb03,351e97d586c3ecad0280721a738fdf9d439732c1d8301ade3f49c1eb7f7c8d27,Alice Machado Duarte,8.5,Adorei o filme e recomendaria sem hesitar.
2bb3808bd68d664ad65e1baf51094fbcd936213f0554b78ad6013d695d6d434b,5e8e11283c68fa14f1648ab880a25223e586403aa71dbef1c2d68c472c5085cb,Renata Oliveira Duarte,5.2,Tem qualidades e defeitos na mesma medida.
163556d974460e93485bc2a9e3be5dac35a3e0048f10a2eb8f5c27426fa16e06,b47325c8f36d8c1b210225fb6b933198763e7fc7ea5fff870d4a7be7ebbc6bbe,Elisa Barbosa Farias,3.0,Teve alguns momentos interessantes mas no geral achei fraco.
2d2431d3d4e93602c4bd774f271c7385015a1a79df998e5f5aae09d40850dc59,db70e178c11e8a3cadd83f39486e010bebdefac9f03c6f4d9d1ce8236c09518d,Elisa Rocha Freitas,3.7,Há pontos positivos mas eles não compensam os problemas.
0a93e855856ef68d54eb560eb7b92891f3506d65034158baf592184ea999fa76,59f1017c9fda82077b10f590bbe8499d5b9fb25e6b29ff93911aaef078b83ec2,Tatiane Barbosa Moura,5.3,Foi razoável. Gostei de algumas partes mas outras não funcionaram.
d1c7dd2ebd3ef0a22475104746c3c3875e0dd763a99bf171dd47bc2fa1f541fe,87852bf35ccb8124b3c66057a3c488970ee8d7665f0f8900326ad341e7f88b34,Paulo Costa Nogueira,2.7,Achei irregular e pouco envolvente.
12e8bc3185ddd7a2cedb43c1b118331e5aa4ac4c1634a849d88c83ff0195e008,b6cba585cfffaf53c965f59d95abf27d50fe78445a26b4be6498208fb46f2311,Sofia Mendes Nogueira,2.4,Teve alguns momentos interessantes mas no geral achei fraco.
1b2c6abe132c2ed52652db9bcbe37550a1239ef3662b107b8b351662704435bd,8d37ac90942425e0095c77d4b6041b6ab6440dede2a9b04f633872a7d5543e37,Fábio Dias Pinto,6.4,Uma boa experiência que me manteve interessado.
7d4975b975282158f4629e7d0e9164eea8f072c6cce406b4a82df0a34d131a5b,b1b55fc3c119753a38636844cf06eda0016a915c65b56eb6a62699795dd5e05a,Giovana Almeida Ramos,4.2,Foi razoável. Gostei de algumas partes mas outras não funcionaram.
ad8bca3fe592d7eb557e4a4792df5ede75ec7dfb396454b083b50c06318f11b3,5641f0c8347858789db1538e1d5963385fbb012509779cc3320a0af6cdee7f98,André Santos Ramos,7.55,Achei envolvente e aproveitei a maior parte da sessão.
2888dd0b47a0451297f20d7193aeed87d6e5364104d01bdb350e1234b746e6f4,68f1259fe3ceb1c9f46c6fb4b728ad00f6a1b90c75975b6ac9571b20af0600ec,João Nascimento Reis,3.6,Achei irregular e pouco envolvente.
e68b5b3c142038a4880c64ceadc6ebdb1c7ae9632f5f642caec64a4384a71efb,2fc12a0b7ea619cec814effc3f06eaa14ed0ce5749245e990863b52f31cdd85d,Daniel Barbosa Sampaio,3.5,Teve alguns momentos interessantes mas no geral achei fraco.
517a9bc34cacdff8ac5b6cf5d7c4f7e2fb8d9c0ac51f090854c62759cfcc5b89,1cd4c1e61a0f1c02ed0421ef47f566b577905f71d63aac8686efd78b60425e9d,Igor Cardoso Sampaio,9.9,Saí impressionado e quero assistir novamente.
e26ab55fc0450a57334dc084ffca10e7c6cefec9d8ba6f5751ca08bcb89d7c82,98a2abd251d0148856deb746214283a58bf274aafd7895bb51cdde94586d1e8e,Caio Monteiro Sampaio,8.2,Gostei muito da sessão e o filme superou minhas expectativas.
b1f1d376b6e3c96e756d5a054bf2fddca866198c4b780563d8fde242f024220b,ba6e8fbd102b685e2bc4fddcc05e3be5c051800cbf87ef5cfab60f5563b2f509,Olívia Nascimento Sampaio,3.0,Há pontos positivos mas eles não compensam os problemas.
218dd85974a9dad4c323d557e6e543ea14b8b1150964d8955c878a7be39e03ed,17de80f63f138ec715613ec3aed0a09808879341e6172f743fff0a21ac0a5e21,Elisa Rodrigues Sampaio,2.5,Não me prendeu e terminou abaixo das minhas expectativas.
f9fd2c955dd4c6b48ab8b52c3f174683a694fde709335626c50a39e68360b635,26adef694c4736339fd2a80be1a8e6f63166433376d7f694efba9af48379725b,Otávio Cardoso Soares,8.0,Excelente filme. Aproveitei cada momento.
8f866156396c5fba68d876480bea42e3e085b0d9d6b8b3b653baa2424c79e3d6,ebd0afd8c1ebd14adaec2c00e21592e2c6dd69c82b9c9666f50db597e2963b81,Giovana Monteiro Soares,5.35,A experiência foi aceitável mas não me marcou.
b2b37f705f71f1ac0c1f5a178b164989035b9b1281fc94064e9c8eef71013622,c643a77899c21d7c2130fa3df685131ed7f87d4baa4d49a1b25746fb385926a8,Lucas Dias Teixeira,0.3,Não gostei do filme. A experiência foi cansativa e decepcionante.
cc589f5948c4d6a708973e36c5de7ead116c308af9896595a9c988d03c8992fd,36c928b78bfc079b207d3c6a8ae485b405a170dc5a0c8b4431f3276c9b75546a,Otávio Nascimento Xavier,9.3,Excelente filme. Aproveitei cada momento.
bf7e051ba853e032c24e59d2d52940a8829fb129e39b3da14a8fd55b1d45e5a8,aa2f98000e25897c285356aca0d6c073f8f269fe981ef1d455f01ab9cf14f253,Marcelo Ribeiro Xavier,3.3,Não me prendeu e terminou abaixo das minhas expectativas.
5b15f8494aed60366c2b2d7da35c11ee6168fdbb44fd8a9cb4dbc95bcb4f3f4b,0f8d9b7cc9c95e63ec7d58477e49505631f1693a46e9f2d806a6840c30e7eca4,Renata Ribeiro Azevedo,4.1,Foi razoável. Gostei de algumas partes mas outras não funcionaram.
f6e84d14c55e7b96036c86aed2e06b660188b843c93299cb6bc278cd2d286a26,2665bb7de609d3d26a8c02c1e154930047a96216852b7903749837c7f985949e,Fernanda Mendes Batista,9.8,Uma ótima experiência que me prendeu do início ao fim.
07f1d39b9ade35ff19d75c0000a18ac6f4e74ce65c0e3833586b3c02340b9601,eb0ceb39ff28dd6f054a40de7fe2b11f50f07ea6bc89ffedcf710d1c1537c446,Eduardo Martins Campos,2.0,Quase nada funcionou para mim neste filme.
1a2236d0aad6e5b36898d9f003f7cadba3feb799694b8e737dd5bd36fd783427,f5bd34383e0cfee33ec387a24e07fa9c6e4560beabb27e5737023b1ab6d31621,Giovana Moreira Carvalho,8.9,Uma ótima experiência que me prendeu do início ao fim.
f80149de87dec6b9e44ef666966e44315157332c2b1abe336c41414d583301e1,7420fa4167a4c0eca919c8eb0846f4e26e967933ee0ee56827ce498a42ed15ea,Renata Gomes Castro,6.1,Achei envolvente e aproveitei a maior parte da sessão.
5147eacc587eb8092e9d25e7b5c2f6b3eb6a82c0d6d06415a19af45c5626cf59,f60d76b8e83875e6d351093d6621e41e8ffe81347a838051bbb97ee06af256aa,Olívia Martins Castro,9.8,Saí impressionado e quero assistir novamente.
431487f7a5324be45f82d5de543f3b8e1a27437667943e32d42240d30063b9fe,2b2eb07b1c941ba05743f9d7557c529d18ec5fcafd5e696bac8f19da1f206c8e,João Dias Cunha,4.5,Valeu pela curiosidade mas não me empolgou.
14846130a8bb91c789e11176753343a0649f470e17cda69410f54553da92eb09,ab26376687bd4e00a9c50e14f0c6324ecc9025a88fa4f5d1ddf0dea41a485005,Ingrid Dias Cunha,6.6,Saí contente e recomendaria para quem gosta do gênero.
ba236344722529bdb160bd4c4ae464a0771063a4cbd63e7c5b17cd3ab32a5787,faf3d67a116b99360d0a6fec134a5f16731ee9d200a3dab506b41043c478d5be,Daniel Nascimento Cunha,6.6,Saí contente e recomendaria para quem gosta do gênero.
0f5fd9fe3fc804c692f20a83a8570dd5e6e8e5330c0725a540219e02c96ffc67,13a7f9cec86bb12889030010ccd486ea6c86976b6dd740e342a56d9ffb3c1db7,Gabriela Barbosa Freitas,2.8,A ideia tinha potencial mas a execução me deixou insatisfeito.
9ff3b80def25cfe580cb66a2cdc27938343aa513356023ebd69ef89beb1d949e,c3dd00b80929385447d32f4a2c6baf953c876b6a4ecc99d94ee469813d025104,Bruno Barbosa Nogueira,0.3,Não gostei do filme. A experiência foi cansativa e decepcionante.
b6ef2447e16934d4384185ba397de8d3195814c91ace4505f290edb7714eea0f,a271c02487b4ba8a2e6e269cae2daf8cf67323d676d56429495fa55a65423962,Elisa Pereira Nogueira,0.3,Quase nada funcionou para mim neste filme.
7b40c7299ac6d53b61e74d597165a99204ebdb0166d5f87c4434c95f39a38b41,912c674d998f0f134dd58c6df7d096bdeee118c53affaa36f7ddc3ca1bbd63b7,Fernanda Barbosa Pinto,4.9,Valeu pela curiosidade mas não me empolgou.
bc3302921b3ed99e37c61a7d49b923d8f3dafc4ae80c34260313806fa354db5e,c7a0f644c270d37906a059c7ffaaec2ce0c249e9b242a3b717c5cc99803b267f,Marcelo Cardoso Pinto,3.7,Achei irregular e pouco envolvente.
3b6fc11ea48799e75c4107285e1d05b6959ac19b852e458c35169b7d0aabab3f,ad062325689af4d6a2a7b41031643a0515eb5baadfea5c49f19cb148463c7e40,Camila Nascimento Ramos,6.7,Achei envolvente e aproveitei a maior parte da sessão.
ba104e249742be873ae3e1be0f430615143de19c0d706ccd69fdf5296ad5d7b5,4ab770fc9b88de049dfc16ffd4e290e8a78a602db36b1a64d95e188ed8dbfcef,Samuel Santos Ramos,7.1,Uma boa experiência que me manteve interessado.
414f6dcf11cc40c95b2c7b490d7bd4033310e6d6a8eb5bd7cfce2eac0b8c8912,c4f85c39f46538daa1c2373730aa65f3d7ce6036c3642e7b789c8588553e1ca9,Igor Mendes Reis,7.7,O filme funciona bem e vale a pena assistir.
d038115ca31dc1a1e98a99c6736a47f952f1f91b2c21edabcfc1f4ff7407bc3d,90867e01f48163e92e3b73406dfc6ed00fd9cc24c46a479a5e9cb015b31003c3,Bruno Moreira Reis,8.05,Adorei o filme e recomendaria sem hesitar.
64d45cb9ca8ec967b1255287260b06410493a458180e8ad0e2e66a9c4cc9b3a2,ad5e56062a69465d1b25bed21c398de426ac03edb9dfadca02fbc1f6ac1c18cb,Renata Nascimento Soares,1.3,Achei muito fraco e não consegui me envolver com a história.
a9fb034cab2e0a18aed793afbf71ec4004dd366781b9e2466f846828192d5f8d,881d85f0ff5dcaf964e34c02b92bd2ffb307031e1e1018117dd1695f7872f1ee,Otávio Ferreira Teixeira,7.1,Uma boa experiência que me manteve interessado.
366ee08c1b999206faa4b7fe32748c80da0c00d46b097faf882e0afddad735c7,36a5a028652dfd98a6c3bf3e4e6191316d11e744410e935bbc9b59741f83ae91,Henrique Oliveira Teixeira,7.4,Uma boa experiência que me manteve interessado.
b310283d82567d9fdd7b25354b8d5f8045762151fe3de1e5df92c33124c9a409,c969dd60d7d03c1af9722e300889fa6a7a8efe99581c5e2fe535808ab050884f,Renata Machado Vieira,3.55,Achei irregular e pouco envolvente.
9490f72e88d0513ce38358aa2513a22280f97f622f36367dc37a195e44b7692e,1e29d15f24c8ef6fd854be40b4833907d240be5e412590948d8b91b3a7bb489c,João Gomes Xavier,1.9,Quase nada funcionou para mim neste filme.
763362a328a01f2b234a7fa01a2ae6f81c4ed26af9ef11aa377c9c1425bc2392,7b166ce8de7beb4264d7102f85554cffef10e7ef8ae826a8a52d9833e125db1d,Daniel Pereira Xavier,8.2,Gostei muito da sessão e o filme superou minhas expectativas.
de76d9fb7bacb466eed8adafd49c97b671fd465e26620c6dcbb9ea92c5f05f6d,a9042d81b5a132b7500431cf6e342ef73a09c786bb43189c07974f1266e60f35,Clara Pereira Xavier,6.5,Gostei do filme e achei a sessão divertida.
1d2cf6d3709bf8736409e2ba496ae812d93d92b33126caee931f87dcbfc2ae68,5213e71489b4194ea1c94e22e807295e6ad888fac4dfe08862fd8b39eba93cf6,Gustavo Santos Xavier,6.7,Achei envolvente e aproveitei a maior parte da sessão.
5be932ce3074766b22ff283ef6ccd75a1ef301fe24da8db7cc1edc43ae325f4f,af16918a30e12e938971e1de573c98af6a6acdf76696b35f03e19a42705dc158,Thiago Mendes Azevedo,9.7,Saí impressionado e quero assistir novamente.
6aa1c2f0d1dea00ff6217e8afe7065ec60202c0c661825f846c6682c41c70a05,2f8845917995fe79de11264f9e389d5cf5236830a6b80cf88da53498a93c208d,Vinícius Rocha Azevedo,7.6,Saí contente e recomendaria para quem gosta do gênero.
a7692ecb3deb17574d177b5e471b2fb4c49d6db6b8a2ca9d9850f269f7bfa15f,fe5f60138407eccc68a6b084ded2382f505dd6e31511e655703891002c17b64f,Henrique Dias Batista,4.2,Um filme mediano que entretém em certos momentos.
beb4915dd6ea0a60d0cc05cdf9eea1522481839fc2b3eb84c09a062713fbbc6a,10631c73d2539600daa2268da5efeb4a321ebe13baa14fe475ec7226314a150a,Isabela Ribeiro Carvalho,4.0,Tem qualidades e defeitos na mesma medida.
52b1d047f441ec9ed070886a083a62454592d71a5051fbe4bd97da3db0f5757f,26048c83e90c6dc4c1a36e5d9b2e1e56d201cbcfb28973871a5652f1ed9c8e89,Hugo Ribeiro Carvalho,1.3,Quase nada funcionou para mim neste filme.
a3aba456008ce8c5dfa0e68e8c4c26b8155b6cc3e43e7ee054501b4ee6d16f12,98428d7c46526f56be656fa3930f589fb60d46ab95898bc21eb2b17342e6e3e9,Diego Barbosa Castro,5.15,Foi razoável. Gostei de algumas partes mas outras não funcionaram.
cc3cf9afe906405497b693579bff99c1acf5aad0d82ca5b46838acb900427027,92162831c907c84165e0b0101d92158ba208c3ab3f89e3408d4b1a72bba043a0,Ana Lima Castro,5.0,Um filme mediano que entretém em certos momentos.
e1b0ef597e02539c4cd1e26a303f5e32816877ab26249f6f79b359f54c599646,2d3be6d71336eb590d174b7e2526c96908113c85b1eca351a33b8710e7c53ce5,Alice Costa Cunha,8.5,Excelente filme. Aproveitei cada momento.
ba4d86aec23d0663be024c170376fff9a8fe1b5849855fac041c162e33297131,0708254af0bc352e7a7fb8737e2a9a9eccc9906d08b07f554087f5b641988648,Natália Ferreira Cunha,6.7,O filme funciona bem e vale a pena assistir.
93efb246c36fa263d33900282f5b3765412b574187ff5b71f81b35e54784bf25,1b3ef259b646862e462d909ec0b233101ef64c98a2cfea711fee1be10ab95215,Débora Gomes Duarte,9.8,Adorei o filme e recomendaria sem hesitar.
665c74009758e76f42d54e40c99d19a9ad58343e1da285a0140b6f6d982df2d5,054b1d1808c1398cfeed8c35015f20845b9779fbf243720150ddd74298adaacf,Caio Ferreira Farias,2.8,Há pontos positivos mas eles não compensam os problemas.
c39cb3ea20640c23f45ac15ccd57819eb59eabec05c2cfe21a455892fb073734,0a63368ed63ea1968b554bc4096c348195766ecd9135c66b939f92cbcc6a7114,Helena Ribeiro Farias,7.4,Uma boa experiência que me manteve interessado.
688df8308249e08bf0c6029eaceef8c51e6879d44d579089e9974be4d3ae0a8f,f0c7e40a229a48f6ef5f149b802ec95d0484e50ea543cec194eef33fc039b945,Marta Silva Farias,3.7,Há pontos positivos mas eles não compensam os problemas.
2c35c3163f9d81e2073fa2ba3b0cc0ea1f49c0f789fba80cee5cb26adac36905,cdf763c072d752b02dd2143b410fbbc1e9fb0d1d1dae5c065874b5067d5cab42,Samuel Almeida Freitas,7.4,Achei envolvente e aproveitei a maior parte da sessão.
f63c53b2b07e8411bc913e007c02f4b83641d7de22a6e2ce858358d4f581e80a,92c3f196942bc422801b82b55714bd8d717cdeafb31d8483ebbe8ba10c0fbc83,Débora Barbosa Freitas,2.2,Há pontos positivos mas eles não compensam os problemas.
8a32817b261f033302db79e19d5ede4c03446bd26a52bdcbaf8b04c45accae23,7b21be7b344e9c6938e5dd90b731a9cacf968fc5e27ae1dee3b4fa8aa92e9ff1,Ingrid Cardoso Freitas,3.5,Teve alguns momentos interessantes mas no geral achei fraco.
474660e8d76b7d2ef589675bd7fcdd34829beff7affb4e9d634b696beef28bfe,60eb285458cad473637552daa1f49f9a642bc7a36ea032e067f8d37b6a67bf7f,Clara Monteiro Freitas,4.35,Valeu pela curiosidade mas não me empolgou.
af6fdd13e09c260a5ab34e4be06c08b99046fae4c1a7704f9b237f5ef1ea6781,a3602b6a4be4c1baebeed47b8462330b0a446a44a11fc553330ce51d280a8c8e,Vanessa Cardoso Moura,0.5,Quase nada funcionou para mim neste filme.
00d42fbe292e0d4e21bbd31cc1f226f36b05d6b953eb5a4615b83f3eea25fae7,ae5ea8ae0d8524a154a9a8320506e1feecb9b4610792bc46aa156aa3c0a2648b,Henrique Ribeiro Nogueira,9.2,Gostei muito da sessão e o filme superou minhas expectativas.
96b3fe74f7d1b44a5502e815b06d00d332c59fbd1a570d7145973aa20a7f5ae5,bca22b15426cc4673592fa05f6b4a4dd10db998ca56dff17a165de99087390f3,Igor Cardoso Pinto,2.0,Quase nada funcionou para mim neste filme.
ce62ae4b4df88136b5d80dea65f99b387537eedd9bf72c51b3e080ced26a2dca,e04db1c968254c97fec83d403c936ace08f65637994bef88efd6d65678956302,Patrícia Costa Pinto,7.0,Uma boa experiência que me manteve interessado.
e7e03d2fedeb8a2a4920ac91f940689a0c9f5ce7209544f266455192a99e56b6,7d876bdabae380f9d0b61a75035e9363763f0e132dcdaf0e2c6ccb0ccc1b9d18,Helena Barbosa Ramos,6.9,Saí contente e recomendaria para quem gosta do gênero.
fd9a1a9659ce0b67a7c4d0a277f02306c2d7fda88dbd08bbcaabb95fb7028a95,019d906c8457e835665110ab30619443eb5857a511cf823a15236172b312a6ea,Isabela Lima Reis,5.9,Valeu pela curiosidade mas não me empolgou.
d9474eaed58bffe9269258177d89fe2c225f0fe2f4455109fd0fac16e0bcc311,834ff3156ca20a69feb2540cb185cd61a05ee1b71d33a02c7ee6bfa9705b13c5,Helena Rocha Reis,4.2,Um filme mediano que entretém em certos momentos.
5dca5939eb1fee369f876f40fd61a853546ce48b651c85bedb28e197627cb101,12a5ddf2a74876b3bfd4f069df46ce1a1ed74ab297c15d0ef76cd15a5d03eaf0,João Costa Sampaio,2.4,Achei irregular e pouco envolvente.
fd4f69b126ed4db2580d546c25cce86d112c96cc651d48ff0a4eeeea31ce2c9e,14ac85a5baa447feee0040afbd627653997997fd7bba735afbbc25c255ac3feb,Igor Nascimento Sampaio,4.9,Tem qualidades e defeitos na mesma medida.
4ba0ddb50b3f4551ad1f265035b625782105e1b9de4daea4b69ee8896746d107,d3101a67b3e38514124c271e63e7df14e031945ba2f6bfb5042d50b387449508,Olívia Costa Soares,1.8,Foi uma sessão frustrante que não recomendo.
2e1d28abbfb55786cbb3c966e53614e124015991efbc17129d09e2a1679b5f70,366d19ee4205caf629b07ef5cad3d8a9f84f2572bb5fe268ed9b7ac1f7b88a67,Mariana Gomes Soares,2.0,Saí decepcionado e não assistiria de novo.
fdf68374fd4b0eaabd9f0141a923f5b91032ae1c0b82e4b89d135c6bc668db4f,f1763a2f9e47071b002bd7606a5616519deb0b28b228e16662e0bdc578d47f5b,Camila Monteiro Soares,7.0,Gostei do filme e achei a sessão divertida.
ac7050c4bd089f5df46d43039827f028993273b540680157973592a2df356722,6d475c37d74081b5e5c1c240f06f0c93d2fcd72f07b0cb384d6b5814894cf6dc,Felipe Dias Teixeira,9.3,Adorei o filme e recomendaria sem hesitar.
c3fdf507b938d4629efe1817ff528d86c4d83e92e518891a5a01ecfb7bb62f1d,f2d1c98109ba324c693befb9759d920699a61ac922db3eb8e9a783b2a3884522,Diego Costa Vieira,4.5,A experiência foi aceitável mas não me marcou.
15c6fe4d1c72f5e6164467905a50a778952d8ce37e4ae5cfdc3258fd82ba1810,a2bc5a5743dbf9762c9fa67ef9285ea5207741390880cc66bec4c1b8123a4c52,Felipe Silva Vieira,6.9,Saí contente e recomendaria para quem gosta do gênero.
755f83b4f19ece6a8b3d9c5aaa505606c7ab049c0279d834b4bccfb4758e3412,c480fa1213a42ae5d42a45a4883a2c8919ba054a2e2c3a8749d57652034333d5,Patrícia Dias Xavier,2.6,Há pontos positivos mas eles não compensam os problemas.
1d23a5f926079b92ef161ec0182a15ff6ccee6720a34a4040b53f50c52b721c0,5b3e1f47ef803ac03ef38a0d02140c9fd9f66a1eea1e48d09d7794325f4ffa1b,Bruno Ferreira Xavier,7.9,Uma boa experiência que me manteve interessado.
37b250842754fa0c29a0c881c76ac943502978de25e3722dfe3c2c3ea9517b7b,99ce29462dc73977da95c10e51a3b80da5a2c9939c58aa2f81b327094c97c425,Alice Ferreira Xavier,4.0,Um filme mediano que entretém em certos momentos.
855ef35e491fceea5eb0666272e1f07d4a61f922c8246e1d1e2fcbe715bcefa6,66e4ce974633bb3e5e752e602b3d8841bc62c6b8dee1a3158bd26f4bbfa8927b,Lucas Mendes Xavier,5.2,Foi razoável. Gostei de algumas partes mas outras não funcionaram.
23d3985f226aebe7850006e49cfbe47fa746e8e913ee81f403a2294b3eb8f647,61f527c4799c7397c75960290e358f583ebfe49f894609a170f5bf4b07c18492,Renata Monteiro Xavier,7.0,Achei envolvente e aproveitei a maior parte da sessão.
aa77c0573b49ece0c44f8c7808b0c0107c56a4fe7d8ff91fdd97ed27e6588a44,0fb4d2bf92c9debb5c446d80cdecb888cc21a4b597ebf4c81c71cf19f67b6c6d,João Martins Azevedo,4.9,Tem qualidades e defeitos na mesma medida.
03c89318c7faded6252a1bd1060d2fd3fa1c8adcdd8849cc359c48d52fcae6e1,15ce2546dcd23da236c065192ded5d0d92abd507e5dd7a2f4c00d01470bce380,Emília Pereira Azevedo,8.8,Uma ótima experiência que me prendeu do início ao fim.
8b63113d3766fe9677477617e75a89a5d30bda82df00e6a2cbefa710acc5f796,1efb75d000cb1734b2afca9d55c1a2bc6de4b33b46b90dbe03a52eb87f7be2f5,Clara Rodrigues Azevedo,6.6,O filme funciona bem e vale a pena assistir.
80d7aa871fdf5897f199fe6baccf0d195008ede40f9504aa9a8ffea2093d94d2,115253c97fffa839756deef89c8d67061475cdfa2a98cc6064ac6b245271cc96,Patrícia Silva Azevedo,3.1,A ideia tinha potencial mas a execução me deixou insatisfeito.
e5922ba70e0bf52db65f97cdc5257fe342dcf8230f8f36a90a97d57119c7b020,16905a201a677f3ace89197252e9b1832a29067f219fb033742907038be53b7b,André Mendes Batista,4.7,Tem qualidades e defeitos na mesma medida.
eb181b4155eb1edf743c5f723c7389403f462b7585a9994545cd6c0c383c8985,63c242f206113320c927fa14b93f5a66ae51438de42cc9afccb9c2ab74beee93,Thiago Nascimento Batista,5.5,Valeu pela curiosidade mas não me empolgou.
142c41cca9f6c4a32c73fcb0b256d9f02962a5fc75cfd35c37dcaa4c9ff6b5b8,0e8c409668dcc57b7991b3440bc3ba9b8145b7dc31adac8f3bace642eeec28d1,Ana Silva Batista,1.3,Saí decepcionado e não assistiria de novo.
001fb61ea641d4c761d0586ccfe05371fdfaba4718a31d6984220d4ceb0d80f8,8f7f58c88b1fbc935089e722abb3655d9f9e42b56306462f2aeece40b4186337,Felipe Mendes Campos,3.0,Não me prendeu e terminou abaixo das minhas expectativas.
a3b58f01ee39e8ec55095ba2cb2a531f905b1b070835659860af431cf8911ad6,81396c4ecff73eda31aae3baae11f600a87f9d582dd183bf4cc7ac0e107eb10b,Patrícia Pereira Campos,9.3,Uma ótima experiência que me prendeu do início ao fim.
0c25a4180634ee17d33da1e1bfb82130c39491573286f81d096789d3445abdb1,2f4739d8db82402952538351d8ff33759f24f77724357871a66a43862219f2e0,Fernanda Ribeiro Carvalho,1.3,Saí decepcionado e não assistiria de novo.
993c95fd92467fda1b913050379523576bc40bed893b2a186e0447fd57318e18,4a8ab9f668d814ecd8e3ddc710800d49deeba32ecab71df767a17a06c61f62c6,Débora Santos Carvalho,6.45,Achei envolvente e aproveitei a maior parte da sessão.
f99b38016b76efed925866fe5763c5f0380ce8c0b427da6eacf17649fcab2d7f,83c72446d15a8e35c00ec8809bc65ca3a66150ec66da00603f398de204fde7da,João Silva Carvalho,2.5,A ideia tinha potencial mas a execução me deixou insatisfeito.
80556cbefd8cca2f2d962163b658dec2686cfb84de10e0804a01ecb37406a671,81a3e69140bc2e65e86b752cdbd9d64f595470e5601117efae2385cd6cc93ecd,Beatriz Barbosa Castro,1.6,Não gostei do filme. A experiência foi cansativa e decepcionante.
7d376fe69f0baaf32a7ba4ec0203f33fdb5ab80fa1b0adf42a8ad773b434e92e,2efd342873b57916ea4ccfd6eb57939dd427c72f6dfbe8d29851fb79a2283315,Caio Rodrigues Castro,7.7,O filme funciona bem e vale a pena assistir.
28c4b9bcf2fd84cbb74e2e04a33f5450b6febdc79b801de90680451f40272bd8,53629876268665f7f5b32f469dfec865bac097bfb72b408f9c535897bb89f9d3,Débora Oliveira Cunha,7.7,Achei envolvente e aproveitei a maior parte da sessão.
c190c85c17823a6043cbd403c730b12b1173d8f3902dae20dc8ba1cfd19290bb,6482db1b621c42a4325eaa26e03c379e237af662336a510100d91e479aace2d0,Clara Costa Duarte,4.1,Tem qualidades e defeitos na mesma medida.
fca1a0d8d56603036937bafea869f32820d53309ac48b9e39d326d9090a0da5c,bae091de9bdbff2d31b24cc7539e5043ddba035421949e06207c74bf7de13b98,Marcelo Lima Farias,8.4,Uma ótima experiência que me prendeu do início ao fim.
124ace7367af6b2cb4eb330337ee161ce457722ce24f11c4842dc95bbab9d1d3,979021e4f3144cbf6ff1ff4056ca713d938dd7688044d8d23e14f162a4e2786c,Paulo Monteiro Farias,9.9,Excelente filme. Aproveitei cada momento.
b1adbfc233b082089b394f38b8d67de690be13ce3f9ff54d139f66c06713f9c9,47e9c1bf12f622a3b5a7c1a7e45ee7f0eeeba9f0b07351cbdfb3b193db7de136,André Monteiro Freitas,1.0,Achei muito fraco e não consegui me envolver com a história.
9a11d0de52260dfea09cd709f55a3692de14e4878f4dc8c7922fb1b4cde49e19,a68bf564cc36623d6c5582eb3b74845f68d0261edf2b270b686063f3893b2c9b,Ana Almeida Lopes,0.6,Quase nada funcionou para mim neste filme.
f0d1729b29fa1b446f0d38efe59c1a86157eb65339f00305b5f60c62f0a6cf0a,ed7a1809f179ee7502ab67c4c542d4787d06780a4bd3c39bb94bb7573dd27f6b,Patrícia Ribeiro Lopes,1.1,Saí decepcionado e não assistiria de novo.
8ff5616028fa93eca3cc928edcb8d9ef6c037e1f6a7faea75eb14c1120a94966,010eb9a1510b8dc1fc1100adfc223e94c6bb41e3cf8166d8ab45b30bc7068b0b,Renata Cardoso Moura,5.1,A experiência foi aceitável mas não me marcou.
f774978d0f8d117c4240184865afe4dbc75a233a930fb405a0511c5994c3ef2e,349e847be9793d7831e2bdae5330387886b289f4dbec3bd6cdcdb5f406e9512b,Caio Costa Moura,6.5,O filme funciona bem e vale a pena assistir.
de5fe5837087610b5d21f47af8b0b9aaccd326b63df24dc102138cac259af96a,b1afa6d802442dc1374776fc7bcc0ce89b7963a6ab54045c1cda9fd1df16e570,Bernardo Machado Pinto,8.3,Adorei o filme e recomendaria sem hesitar.
4cfecb733d9b223fc5e73b181ea3d80f42a3776f69130d37bce239972ca2d294,bbfb3738cde36ce83773e16e98cf45ad946cea53e322db0915761d0f2922dc96,Lucas Moreira Ramos,8.1,Adorei o filme e recomendaria sem hesitar.
2731f38ff8e0201b16964f25bd4687fd92afff6934bfed60207831358222ab77,efa0a5eaaf5eca4c83b5eb38d840e0b3d60008307f7f2df72005f3dc6e139ddf,Camila Oliveira Teixeira,4.45,A experiência foi aceitável mas não me marcou.
71c954e7ace06f304edc7d45f64bc0814c39066596ca48d0641af043af71e4ff,0146fbf7edacd5b6afa3909fa400f472e16687f7b252cdf66b09eb8ba7b6d7d6,Nicolas Ferreira Vieira,9.5,Gostei muito da sessão e o filme superou minhas expectativas.
2bc7e40965f184873a9c990756528b64b249f5faaf5ba0718a81a3df5cbe588b,30e1a3f5305a71aed432f85a02f6b9bd8d074622c598a20f9b676e28bbc01343,Alice Nascimento Vieira,3.0,Não me prendeu e terminou abaixo das minhas expectativas.
27fcaccf1d1e08fb23f6698dbe33b706c7a2421a9df10e1fa11ae24081b8f8f0,bff64e5c545db6c7bbacf8794d26326239e85688214eeb26804ed1dbd744ad71,Tatiane Ribeiro Vieira,3.6,Há pontos positivos mas eles não compensam os problemas.
8092b781c2314e8d0ced82e8bc3d71af96532fc97c8618d0cde5afc04b16599e,c294d858d016365623d034c74a3a684abe7a9c973ebf46e97a2be9d723ba88b9,Otávio Gomes Batista,3.7,Não me prendeu e terminou abaixo das minhas expectativas.
ec4a3da820191ec5670ebed32d632020ced1acb288058911d7c43da6f3a64878,a8edc4dd1664ae19b6ca7834c3a69eac7fc6161e577146a001f68c1ea2fd1ea7,João Moreira Batista,5.05,Valeu pela curiosidade mas não me empolgou.
f3b61726f2128e0841bd81219818a508d4bd1d12292904041f6572e612d0ce53,6fd780da9eb0240efe145f5ee53592c04c36c2a3209da961b399f562b1c42b1f,Felipe Rodrigues Batista,7.6,Gostei do filme e achei a sessão divertida.
2c712345f241c0890742ac352bd38f6c95ebc782326b3e77e56123cc38df8e0f,c273e2660b302591835ae626834e6691f3715b23e4b5d906460781fcb3ec8640,Elisa Rocha Campos,5.25,Um filme mediano que entretém em certos momentos.
6ea126bc92bacf78cdb3716cae0b5c6cffc65efae416b1d889a6c2d593663dc0,528999f9ef8384fccd5216c738fda70b19ef2417e51e2d98daa11c914ecd3d1c,Alice Santos Carvalho,7.6,Saí contente e recomendaria para quem gosta do gênero.
431d132a2d510ff9f648ca39e0af44cf06f5eafcbef395b1ed24d5d7b62c0eee,99836e150fe529a16d24343abc19f83e09b4d923fae7a9209291baaf32ab2d6b,Vinícius Rodrigues Castro,6.1,Uma boa experiência que me manteve interessado.
110f73961d9148ee03bbbf08aa8beae25a7325268acb679536fe3e91cb36c92d,ab916d2f4d07d01ea34650ca38bf1a456522a46580095145f14c486286b06ca5,Ingrid Cardoso Cunha,5.9,Foi razoável. Gostei de algumas partes mas outras não funcionaram.
b993d8c72b5f07092750897dd0868cbce83c289b0af3638d052e4511dd31b3d0,7e540c82d189e61ce405f19e5cc3d97c0882e92e802469e0976acf640fdb0230,Emília Machado Cunha,3.2,Teve alguns momentos interessantes mas no geral achei fraco.
3278fb74dc7ee430fd3904949eefc59083b5a4d51d34492ab817dd303bc028ce,a83ed1aa57161e07bfc9fd05ccd977066867c1a445349d3d6c61ead0245566a1,Thiago Gomes Duarte,8.4,Adorei o filme e recomendaria sem hesitar.
3cb0e3f8ca93d9fad58a7bf0c27a3a4ea7f748f904c3ffe3eced8179dceb57c6,d5fc1c00b1814c6e6a621d241e3a46f8eb3c516b9b8e0ed5cb6c0dc3a0cedd74,Natália Monteiro Farias,1.5,Não gostei do filme. A experiência foi cansativa e decepcionante.
e43b9bbd96a3fb00e227437c437987996733ecbdd58f62bc66ac3298e033955d,0821b10093d3242a3432628d1bebe9feb40d4fdf6608ef2a81114db26b36de68,Daniel Rocha Moura,1.5,Não gostei do filme. A experiência foi cansativa e decepcionante.
4fc0cfbdd17476a2be6eafffb5dd841a9533da334fc1a5bf3d38f3043df54776,6cb58f2de97c0c8d60ba9b6cce6f7b0f2e053f45aff34277ea66d05960e4ae81,Bernardo Ribeiro Nogueira,8.2,Gostei muito da sessão e o filme superou minhas expectativas.
e1df726e52e648e92d394c94ef240622c0f823edc86e555c434bb606c1edf256,e117113dc3992abe0edef00919fe5099ef10e1274c56b07d7c7e13d34280fbf4,Alice Pereira Pinto,9.4,Uma ótima experiência que me prendeu do início ao fim.
b5f75a67585a337723437060dcec163ccc05fc76699b77241b519fe9599337b9,1cb722172d045f40ac61470f4c4d6f6c31ead6f08c4f1515be7b6b2a1d3aa71b,Igor Machado Reis,2.7,A ideia tinha potencial mas a execução me deixou insatisfeito.
d0881a7d76c558d85c5781a93afc852e90d9604659c017e337ca37b1565b7f70,e8d7718c69c2a0e4e735fd2d53f5359ec561101e6e0e823900375f04313570e5,Eduardo Oliveira Reis,3.4,Há pontos positivos mas eles não compensam os problemas.
4fcef4fdb45377bd7dc95fa062a4368f030114d8d3b74f9d822622c41f12200a,c5ecbe282153cf13c54a96f2ca99a0ab64c145f2b4175281119a44d30a6cf133,Sofia Barbosa Soares,0.2,Quase nada funcionou para mim neste filme.
18bb62f895edeaf0b552f12cf678da22dcc9938f85134b1828351ee6ba7b6063,5892bf588be4858d450f11b7239b3357b0be59b459798adc7439c07964cd6ce9,Alice Ferreira Soares,4.4,Tem qualidades e defeitos na mesma medida.
ce15cabb43083973d761c716a3808a8296a3f5146e35037732345615d84ab552,54d9bc1561728cdc0d85c37956abda86c739919ee08c2943d5f9f229f666f55f,Pedro Lima Soares,6.7,Achei envolvente e aproveitei a maior parte da sessão.
12c102926d5164e2d5f1d7113edc3c3f88ac79dc41c3f353154e2300de804dfc,ffffc9a0c08c76ad36c5d2fe3a4257c8722d6999ba9ba2405253e32767480982,Hugo Nascimento Soares,6.7,Uma boa experiência que me manteve interessado.
90501dacfecf76e4292c177341778af6ea9fe883ae22c3b9126b0851c4b55008,cec729899b32708b27c7e4923943c2253b0ce0c722910a2189f364f1a0940742,Rafael Almeida Teixeira,8.15,Adorei o filme e recomendaria sem hesitar.
99f450d711079ea4b3847ce0ab3bc8c3e7d555a5d17fd04cd09bac9872a7f7eb,98535ab34e2dbd96a00c445a76a45ec76f5b5bf9fbac05db5e18e5cfda6c6bdf,Nicolas Nascimento Teixeira,9.0,Excelente filme. Aproveitei cada momento.
4cb183722de60c212fa5c0abcf75c3a1ba47cb7db04b893569bea13153c28457,a4a23eccdd3f5c86a9e97f0907f3f70e3b050a59c1e032aeb6b0f8cb671705bc,Isabela Machado Vieira,1.8,Saí decepcionado e não assistiria de novo.
bf59ef5de9cf2d2a85b119dc19223fbb0a1b094c3af9bc114f60556c0ec94c49,03456645e2d97e1ed17c44bd1a1197cd85bc0bd5e20fc4656b8b39216e59f68b,Henrique Lima Xavier,4.75,Valeu pela curiosidade mas não me empolgou.
18433d5d577d6afaddf5f5e989e538792d0850934ceb0c7861efab10dd1d8fb4,aaede2145068e3dbaafaec7d7ee17e23ef9cc8b73cf599253609452da6060061,Giovana Lima Xavier,7.7,O filme funciona bem e vale a pena assistir.
301da1b8607c81cbe8484f7b305f0c2bd91829157a7da84affe814b4c0441b05,1e45e110e150a8ec63c054c43a162e07b9242512784a0d7fde5ddbe033b07453,Daniel Nascimento Xavier,8.3,Uma ótima experiência que me prendeu do início ao fim.
5118fac22b10b80cd4f6e96e7e0ceb67f73c35470a2af17444d1e48d5a72ad67,1bcb087a4e0f683a2aeac7721ca8a9cbc9f845ccc1b0a2abf17563da9163c60f,Lucas Almeida Azevedo,4.5,A experiência foi aceitável mas não me marcou.
92526e2a947fd2467b57ee2e4f19cca30d99501363a489543d8a554bdcc6b798,a478c5b687e94908a3e07e442100dc71760652a7f2f21365d0cc50fbc9117fa5,Renata Barbosa Azevedo,7.5,Uma boa experiência que me manteve interessado.
a68a13ceb5bb4d4d76b49a39f2bce8456959abfbe6f6afc4afb4419e7f6c6e34,47521ef32e87485170e1d1444d5ec2c74e4a5c9e35c692e4c99ea1293ce0e4af,Fábio Rocha Carvalho,8.2,Saí impressionado e quero assistir novamente.
78134f5b9a942ede868f91e24c169f0f29488524a47407812259faf2606bb88d,26865b801c047cc686d68f63975eef675804b880d814492ff0d3653be730d645,Felipe Ribeiro Castro,0.4,Foi uma sessão frustrante que não recomendo.
81ed46d552389bc9165d7635a84c59d172cce31e57d45c99070f33a6b2b930c4,882398ed07767628411aa330aab6b3f36e0f5a41b22e6a17475c87cc8d2a633f,Gustavo Cardoso Cunha,7.3,Uma boa experiência que me manteve interessado.
ee08fb2e176d4ede6c61126f31a9144b8296b10e1f84773f5bacbe83ddc642a0,259ae67455096ea5ba59fc8455957a87d2e020d4b7448198cdb24d23a6bdd2dc,Bernardo Rodrigues Cunha,6.2,Achei envolvente e aproveitei a maior parte da sessão.
bd352f1f1d2d678012e8eaea566c69c71d6d5230a5ea571d673e92852098f057,f6af7204aff5d40e127ffd7b1b519f755542d05c8657d19d5a555dd2e894eb74,Patrícia Ribeiro Duarte,4.2,A experiência foi aceitável mas não me marcou.
c9445565a86e448c7738f37c381a0d75675f90fc719fac63534141185c3f7714,ac3fae8f980011448b4a3c92ff16b0a88f3f37de557a04e406cdbbc595d0142c,Vinícius Ribeiro Farias,7.1,Saí contente e recomendaria para quem gosta do gênero.
7df3900a792a14f11fe868977c19b4dd0f36d25bf4293a466fae37f7fa883dd9,3e835b89411eecdaf077aee8d8a81098529691815b70e7daba1666854ba9a2b8,Débora Silva Farias,9.2,Adorei o filme e recomendaria sem hesitar.
6b10f67dde354a2c60fbfc8a8bd87137ee7ec1d99bda496f8313c3dd57138d39,6e106f1e8cda1d07ab083399ad34142d8eaf605ca33086d57f369bd77f9ac7c4,Débora Pereira Lopes,1.9,Foi uma sessão frustrante que não recomendo.
21a634e12a75080cba7bfcafde8c21e3aca5d5b61a795f703df178f33eb98765,3ea9bb74586116d079ff3f98beecd9373c903df814f9037e8aab884c62fb7a3b,Beatriz Rodrigues Lopes,7.8,Uma boa experiência que me manteve interessado.
c2cbae51909ad766951221f1b805ee58845b9f287a5547e439ad286b823b2cc2,43f6253bab7dd61e461474761f887e425a31f7141dda0149ddfc5c51025ba66e,Fernanda Lima Nogueira,6.15,O filme funciona bem e vale a pena assistir.
8cdd9f6901ce308c59da1d9b11189fe96fa9de6355adad86d16955077abda8f8,1c888e0cf0169b9421ee04f1c407858bfb9a88e7b84e7f75ff75c86beeb01cf3,Giovana Oliveira Nogueira,5.4,Um filme mediano que entretém em certos momentos.
a3b0bc45c3e6e464f11164f35c5a43eab0512c2f445c9583a0fab6a70cd4cd3f,86c98b7fffc04de5ae2a1499174d5c9b77d9482339b3cf932df59a57d1b0a598,Elisa Ribeiro Pinto,0.7,Foi uma sessão frustrante que não recomendo.
b6726bef26e16bb9e7a1e20220bac4867096713567a09f9a185934e3f04aed0a,68983c8547cc008a88d2ff09a2f119d8962eebb28a837faa843a2a723d81cc9a,Felipe Moreira Ramos,6.2,Saí contente e recomendaria para quem gosta do gênero.
f124d83d99bfe016358e549ff27a914f72fe1f5d3c121dd8ec67b230f9d35dcc,84a39769de9ae56506a21f78c24b24ff0a267e591d7701043759c305be5932d2,Rafael Nascimento Reis,5.4,Foi razoável. Gostei de algumas partes mas outras não funcionaram.
92363d588bf85a767b5c149bae234318f783c0f2d67f7f68d409caea77b2b7c5,282e640769249c52ad3ebbfde7820f079277cefdb2547d521ff39d176a4d451e,Ingrid Rocha Soares,1.1,Foi uma sessão frustrante que não recomendo.
bc27af9e3ba0da8dd7bbf136b2538785c29edfc61e8f03eaa2637597c96a5474,732a9267a17d3d24489398dc92153e584f41c1d493cd35979d82f4867d0db903,Daniel Ferreira Teixeira,6.6,Uma boa experiência que me manteve interessado.
c4066ab723f8cc77009605f47fac63332c25229fa12e541150d46cddce8fc0e3,a0553d15bc201554852fb016ed7e3bfef8770a7cfa439215aa7582fe36ad0eb1,Gabriela Santos Teixeira,8.3,Saí impressionado e quero assistir novamente.
ac2b00ead7c743467f65c54e2972a04221abd9e476b18020bda9dfcb4627618c,f7711b7db750fb297e4f731da74afdf06873a517dd0e01ea280f7791e2953de1,Fábio Santos Teixeira,9.2,Uma ótima experiência que me prendeu do início ao fim.
5b9512bad5275129ac4e074a65c83ea5843b4147778af115edce2689fe6013f2,97e01b4470bfefc38cd5390277724d947e60058a308cb43246b628ef4f9924ab,Daniel Almeida Xavier,3.5,Teve alguns momentos interessantes mas no geral achei fraco.
2b9685db6fa2cf0bd42643b76f86860c296c9545a29f96e594e68a76da49157c,0983194a0fc8905e80fc1e7dd8c61dcbeb380683a83e7930a75a7a63e563a251,Bruno Costa Xavier,4.8,Tem qualidades e defeitos na mesma medida.
ae68d6990f9c1fdc891f2100e3f902e34825e24e80a6e0ee722dbbdde7b2a83d,3ffb7fac32cb41e16c57bb5e52bc0a132916f28b47a6a59756894ad6701fd8c9,Isabela Monteiro Xavier,2.7,Há pontos positivos mas eles não compensam os problemas.
9c4201d32547c4b2a6726a6f203d857c2b4d4fed8ab00b3782db7329075d6286,790a1d3a4f800ffc1a5683a60dceec209ac3ca61e0400b1b3d36a994eeb5ab93,Diego Moreira Batista,8.2,Adorei o filme e recomendaria sem hesitar.
e2a2e962dcd2237f3e64609de295170f0836bdb224324f1f4d3710e00516590d,cb1cfb5e12b16d2413999a1282cd3713e3f95bf2003818399da034968e74590f,Vinícius Rodrigues Batista,4.1,Tem qualidades e defeitos na mesma medida.
fc8c71edd8817896db4cf3cc1cd9abaed0410298075ec5a1624a4a8d6650b153,9ba4e8b01626ca01c1835fde4fb9b96fcfcad627ca02f6288ee82965ad1aec48,Beatriz Dias Campos,8.5,Saí impressionado e quero assistir novamente.
35f5aa4df208138989ea1caf88ba118016f9e3b6dc2631cdf7f581bcb611e740,19a92cf74c10e158e6879b82e67236b5392630c6d9bbff292ba34f151cf16321,Eduardo Rodrigues Campos,6.55,Uma boa experiência que me manteve interessado.
dec94efa46f4bc3429a0621ee2231e7b2660769b7b9c7d3251f6fd4c254bd590,fff593162aa6848dcfa302b3dc1b503d3b5e59052573fca0952b084d2648ab15,André Costa Carvalho,3.2,Não me prendeu e terminou abaixo das minhas expectativas.
b5f0c72ecb0cd409c46a56828351af24c517794ec47c01b9fee354243cc453b4,a16cba2a7351cb852f49ff99cd4bc844a9d170f360af8c3f7f25726e283c1c56,Fábio Dias Carvalho,1.5,Saí decepcionado e não assistiria de novo.
340dfeb1f2d60a84f37b30329940409828a885745b0810eec0ebe069c9266c95,2c792f002a758cc2254086a1fdeddcb1cbec14cc37b4825823bdf959965e5ca9,Giovana Almeida Castro,2.1,Achei irregular e pouco envolvente.
a99e9559875a01a483d9b4788102cb5b84f0a190712e8eaea8744c6e1f4e3ebe,2d39e5202343247ac6f709973c36864d9d103beeb4fcede227baaf8330fb4d5f,Elisa Cardoso Cunha,9.8,Excelente filme. Aproveitei cada momento.
91b956a9d5d113630e7780e07851db03d3d4b956f879d26320eb2e914b9cd12d,a9c19fdf475481e1510b7493f88858a7be17ddf2d054ae57fca97aa379b00879,Otávio Lima Cunha,7.3,Uma boa experiência que me manteve interessado.
a25a6716b283bf34f3f500832aaf9ad8e471b4503628d88d8c2cbf0dc1c28149,8f4db1ab0b4140331f99283c2ca3c8be014c0db196caf86e212766f8ea60eaeb,Marta Mendes Cunha,2.6,Não me prendeu e terminou abaixo das minhas expectativas.
efebfe183110e7cef99d7aebbf8464654dfbd3ced592a48adc6823d4f1ec30e8,1c678e8b4a20b5bd77bf79bd7e69fab0c65ccb3fa7cbbae1a6d69b5ffc3a6bbe,Beatriz Pereira Cunha,1.7,Achei muito fraco e não consegui me envolver com a história.
f8ce260afe82ae15735e20706abcbbc15f380fca0f5b2590dc1484f3f1627144,bc210be589630dd2c1db766af68ea84a3838ee6e49755bede8e9a59f9359c7bf,Felipe Santos Cunha,8.4,Uma ótima experiência que me prendeu do início ao fim.
e90628650a47aad08640ae968b09be6d30accd6b0f9cc2500eae8fb7638e8aea,41a1f30208ee3b61b089dcf835eb8428f6dbe154ccf309d523daec0fa40d9845,Leandro Silva Cunha,2.2,Não me prendeu e terminou abaixo das minhas expectativas.
1ece3151ac6c16a73938134386c669f10c3a9f9d918a1b3172e364776e02667b,0a73ec837a95b889bf8cbdfb18650494d1dda468e61dc8ab28076ce80a64612a,Alice Dias Duarte,7.2,Achei envolvente e aproveitei a maior parte da sessão.
4ca9bc0f42c41fe2c50ef3923ef5707bc619ba2d8446756cb40ef9027d4f8609,9ccd4cd8fff3b251aca22a2167ddb2fff8b30e219a0e79c594385a97b9f05d71,Fernanda Dias Farias,2.6,Não me prendeu e terminou abaixo das minhas expectativas.
3a35addd137658fa8c7a7776cd20affd063b7ddf15cdaa3f14581046eebd719b,43d82ca90dcca28e1b21e955c42dc8bc8886825fd14a13418e155eb5d1d53e9f,João Machado Farias,8.6,Adorei o filme e recomendaria sem hesitar.
cd5bbe70457634d63c881e5dbcb142fa28bf01620aa425b54021c73f60554e2a,f16708e270a51123df2d684dd82084954b0a793825d0a0fc53470ab91da47eb3,Daniel Rocha Farias,3.2,Há pontos positivos mas eles não compensam os problemas.
aadd61d2d133bf2939e029f1b122666e7d3629b6ac045704412ac1f515a43fcc,02aff76621ed2b80a5229b2ae1fe1e123b7c664477f3c577606df44257b123fc,Igor Rodrigues Farias,4.2,Tem qualidades e defeitos na mesma medida.
88200bc92eb901fd20c2e7ce6844d13428cbd615ecb63ef80824cbb0528892d9,37ba00d7f4467e0c2742faf493ccaaf7da42a73f70f34be83186cc538abc75d0,Helena Rocha Freitas,3.6,Achei irregular e pouco envolvente.
36d353cb51612b58484af5aab05ceb12c715bfa1e26e471d5af5344f4fc5925c,eede5e08b108d09daf8a5e0a2bf6b49be8e73c2154b544b521416145bef671d8,Beatriz Ferreira Lopes,3.9,Achei irregular e pouco envolvente.
51c196462f2ba96964939c429453eb0eeebcc274bb5beef7f2c5211fc7701bb9,6dd8155c3c59f425d3684d1da9686ce71c9c66e9974e8aa735155163fc31dccc,Tatiane Rodrigues Lopes,6.85,Saí contente e recomendaria para quem gosta do gênero.
a03bdf4ab3407729252689907b041d9e41a0733d57ccc7a5a770c2b659ca0377,b917ee602c4feebb314343b62b2f2b333647b582d0529d64b2259be1e84098ed,Fábio Ferreira Moura,6.9,Saí contente e recomendaria para quem gosta do gênero.
1955a5f1b12b548bce6b7c07d06b2555eda9a4f6fae69845def33610923f09af,8b4fa3bef38cd3f103e638269d9929e3f9e597ff91d0e120cc53918bd99cfce6,Fernanda Pereira Moura,3.7,Teve alguns momentos interessantes mas no geral achei fraco.
7367a86f8dbc3f985cafc6b6edf1d052ff44b4d6f955945939da30e8ac479fa5,2b77abc766eb2442e04587b5502c0e4416c0ddb56ac8c56e34d35a360c11a6ab,Paulo Silva Moura,2.45,Achei irregular e pouco envolvente.
ac83b60895d2766bfb17cb9a153aa3fdf5e70a8cd9772cd9a77300a8f1b7cbe8,49b469fa422d98810638ab290475f93cc17e31f08be9ab4ebb36ce28f0db342f,Natália Moreira Nogueira,5.2,Foi razoável. Gostei de algumas partes mas outras não funcionaram.
b4d953df1e378c60b02ef9ae5b1f1cfd514067395ab1008ec3eac983f325ec70,c5b555c45d73d9112b0b7daa89689403e2afeab462121ec9ad96c4d3fb39df11,Caio Rocha Nogueira,4.9,Valeu pela curiosidade mas não me empolgou.
7e406985835794990b26b8228c67c013fa6f28439099dd7ed084fbbacd4c2f9c,b437da0c76a423f1eb4a2ac4d7d47babe53c3da26550267552f2a209f1a35684,Pedro Lima Ramos,5.0,Um filme mediano que entretém em certos momentos.
60bb0b6e689fef9f0a845556b8a57167d64cedebd33fe4b1627d3f34a92cfe5c,5d7c6ff74d1f637a936cf28b8a05717df7c58cfed958cc3f75318a5fea2c6200,Vinícius Dias Reis,0.4,Achei muito fraco e não consegui me envolver com a história.
e3501aa3120cd3ea32fd47a313cbc32da3afe63bb80eb8e1d6ea99f3750503f5,2459e63c405b6b4e00840672e4df131493b950df611550177cade8835354799b,Samuel Lima Reis,5.1,A experiência foi aceitável mas não me marcou.
28d0dbd13dfae4fe4ede35944a7ffbff235a015dc2340c47e7d7113cc7b93501,c3401608e80f37e41f5153d58f7360e7cdbb2901692c26789f548111ffc9b58a,André Mendes Sampaio,6.8,Gostei do filme e achei a sessão divertida.
5dac625d963309cd450a5e56ace30487f0fab9a00bf578401eef94d68a8ccf8b,ad6b78d323b75f5e4f841e5db7ef2e8b3ac53de5376cc43c98e387ba7705a7f2,Samuel Cardoso Soares,5.4,Foi razoável. Gostei de algumas partes mas outras não funcionaram.
9cf0409e7409f3cab17b8b84ede5dfe99701785e7faefdf642a1045504c96dff,8d8257690562aa3c0e3dbb235e5488635f010426c16421102959632ee75f03a0,Débora Costa Soares,5.2,Um filme mediano que entretém em certos momentos.
9fc5d2f8ff613c274b6d5e658f15bd6a44a28b83ded18ae828967bf5532959e8,6116023c82a7fd2ddbde8935f503968591a2b5f498131ed91f96e746ee3af869,Igor Oliveira Soares,7.1,O filme funciona bem e vale a pena assistir.
d940e658412072b7eb735c95e8e24f9d90b14992e639675ad0868ee712523e2e,ef59de9e96ea4951cb600880ce8e583ddf5db89add55556a4d7fc0d3f54dabb9,Bruno Ribeiro Soares,8.2,Excelente filme. Aproveitei cada momento.
50182bd4a8ee13d5a93ad50858c92d800ded3307feba5fd02d83160320406977,4438cb982246a9297365851ee9a985d47c86cde56cc19671ddc834c6c5ff8e67,Camila Moreira Teixeira,4.3,Foi razoável. Gostei de algumas partes mas outras não funcionaram.
9635d68adac3296365b94760ab9cc0a02a450c8cf023645d9e244326f0d11ada,8c000e030f06a0bf5d5b82241e5dac25c70bab9353e673929763c2a5ea2ecc16,Débora Santos Teixeira,0.6,Não gostei do filme. A experiência foi cansativa e decepcionante.
43b791cf2d4f47f7a99ae4479a50676cc2a220188950cf137a07cb14586402d7,70179dedc0dce29482a04d8c216add7b349225e4997977072e50976eab595090,Nicolas Costa Vieira,8.9,Saí impressionado e quero assistir novamente.
b46d12800932cc56aa3fbbfd8fb23ffb91bed2eaadb4615bdec8572275dd6c5c,738036b0c486ac1f7ed2e0290d1bf963479204e603e4e18b7526b15dffd1d881,Vanessa Dias Vieira,6.0,O filme funciona bem e vale a pena assistir.
d781cae7760c559c8251d3bbbb2d6c933d0342e798ee57d377d7b067384c28f6,61f36e936a85820a5ad1091c4f527600e3b3ce729f26d47a8b318c75c3124db1,Felipe Ferreira Vieira,3.6,A ideia tinha potencial mas a execução me deixou insatisfeito.
8f194cf42e773618cb4e025e5cb60c80ff1817374aadff56863f2048f1a30c9a,8b336f95f130aae107c37ed24752de29748129391c9469c9a22559c15eadaa41,Igor Martins Vieira,0.7,Não gostei do filme. A experiência foi cansativa e decepcionante.
5664a91699940ef52d8f8206c8da55d997c8b0679db2d63808cd7c736cc2ef94,46fbe7143af63e7dadb5859ec1ba816620210f6b8b2081fc1d02997caef493f4,Natália Machado Azevedo,3.8,Há pontos positivos mas eles não compensam os problemas.
bcbf042b2acec389c0b59568e05d3e1f5bc56d5f7f0871da11ac1999937f3e8a,0a8d7cab77a876941256d6450fecf5acfd5ffd603a0599c684b3524ca3e6613f,Lucas Monteiro Azevedo,5.2,Valeu pela curiosidade mas não me empolgou.
21a1c3e724309c4e44d5168777b1d7d882048bcd0556b763223b892ba359d0fa,604f58c1b95a76d9516a0048ad028d54f39347e33471dee29a95c2baec8672b9,Vinícius Ferreira Batista,1.3,Achei muito fraco e não consegui me envolver com a história.
4260f6809d361bd1859adce00b59654bd6c1bc30a139218772c63e26e2b00161,d3df5ec0ed710ccce58e11fa8e8f85b40e921bd336c000a02a9be18661b6cd80,Diego Pereira Campos,5.3,Valeu pela curiosidade mas não me empolgou.
159833e0ed68844193595f38707f2271db75e23c90a40a0b917208ebb9fb7558,cca864ce9d25cb43c0aeb20e83c55cbbc0d4a75ee1d5350cfba328fcc9742f76,André Gomes Castro,7.4,O filme funciona bem e vale a pena assistir.
813017909ccb85dbcfc94b3c196398552c145937a15512c3f15a218ade9f7a37,4144abcfcfe3af1afde33696ba878e7863cd0edc29392b4475db6c33012dd998,Renata Rodrigues Cunha,3.7,Não me prendeu e terminou abaixo das minhas expectativas.
69f349cb212271bdc96a1ac1daba3387d279fb7d7703431af0020f04b1a56880,bde3ae9c86e24d43d80bece8ae105f1a99f4d5778c14ea2d47d0991cdb304864,Thiago Dias Duarte,5.4,Foi razoável. Gostei de algumas partes mas outras não funcionaram.
3bdf3fe067a1eab9e74513f7a2598c4ee4166b91869d139a7fc6b90d521cfec7,1439b68ff77d1e76d16655917a0c593db8db082730e3133387a6e9ea2ec96f77,Henrique Oliveira Freitas,4.0,Tem qualidades e defeitos na mesma medida.
a74c38086ca9b8da25ae4edf6c5f78cd0855028bc29eb74985dc366b36db7f59,63c6468d02fa856694ed9eb49117d2c49dff5932257d5834005c8a9cd472dc2c,Olívia Gomes Nogueira,8.4,Gostei muito da sessão e o filme superou minhas expectativas.
9e77c52c7d10fb6300345f5c0cc652751ebfdd77d792549e3c2aa1bc481dc7d2,290f3c31909a58ec22f852addf7973994146c7a76c56b875e75f93e997526a57,Bernardo Oliveira Nogueira,6.1,Uma boa experiência que me manteve interessado.
cc13db409adead6c223dccd874a7c5ba7ca1958ff7cc885034112ab207fbc982,bd7538d765e70f3f91cb4f3588b65a446f7ade05490b006d8fa41d7b122770f2,Paulo Cardoso Pinto,8.8,Adorei o filme e recomendaria sem hesitar.
841f9ff5fe4ac92104019390fa92b4f9073a5b98c4296f1adb9a8e4cd8989389,0c8a88669a80ee097a92fd15d4207ea6a410f68a3816926df0245132749a9143,Mariana Dias Ramos,7.7,Uma boa experiência que me manteve interessado.
dbcfb59f81cf1a55208fe50d35d46155f3d9de6dd630293cc27b5f2dde6cb2c4,0524e7394eb76df1f29574d4ba57055eac2ed1c6669e318c552693a2d0d97ae9,Elisa Gomes Ramos,5.3,Foi razoável. Gostei de algumas partes mas outras não funcionaram.
d0108ebc590d6a7a682702a57db7d7219f73d5c84dc7aac943a40aaee13445d3,148c43e26e1e42820c7f994865247902e44bd7e4d2784bb1e1e866014a21ff44,André Rodrigues Reis,9.6,Gostei muito da sessão e o filme superou minhas expectativas.
a1eaf26bbec58ffc021947efeeaa6b12f3ec718dbd6b336221867f8210ee4616,5351ed6c15c1297e5c88a6d832e3de9a920be554793e3552714ecb99d11a5157,Elisa Barbosa Sampaio,0.8,Foi uma sessão frustrante que não recomendo.
48f2a51ce25b3f4a2d86115e350625f836774703d7ad7dffdc4d5e915428b36b,4e54a87437b744fa053422b28fd6e12819daebae3f5a9e413b9d8fdf32fcab13,Helena Ferreira Sampaio,2.5,A ideia tinha potencial mas a execução me deixou insatisfeito.
91619f2c4e82698cfce341eee40ba55e1b1f72b8b1c053cf6ed1bc47bc53abb9,fdac62d7284ed2e76d62d948fbd45208fefde87cd26553d413293b84ca15c77d,Henrique Pereira Sampaio,0.1,Saí decepcionado e não assistiria de novo.
2e25765bfe29c27eb22fdd0649d5cb05504944d1d89d70810b1cb75717a97e14,c94998601760c32a11e3a9e69919597770748e5b99215f52a6d0434d60b9792c,Vinícius Cardoso Teixeira,2.0,Quase nada funcionou para mim neste filme.
77b737d0c88f65768edc3d29bfb8460743013d9fb8fd6f61a16de427021d47e1,002dcac67e9b5cc4f67c9422287db77b6f73d48e0824827afb67b4f9a39a9c98,Marcelo Dias Teixeira,1.3,Não gostei do filme. A experiência foi cansativa e decepcionante.
2ee5170463efba2aec7b32787d9b19e8fb13c263cca7a9af6f7b195fd0e48f50,2af66db74dc4c6b2ed8b1ff7227527d3294dbe30aa31ce72e262ebd8d4601ad0,Ingrid Lima Teixeira,7.1,Uma boa experiência que me manteve interessado.
db0d0ade0421b6684f4978e52c9f59d6835a7577eafba4acdf022beca1f25565,fcbe2e9766f0fe40ff3708dd84fd32a02f0db7b01c00b04d49c5baa9307f8533,Bruno Santos Teixeira,2.2,Não me prendeu e terminou abaixo das minhas expectativas.
9b7b19cdf1c5d242eef71b9608ff18fca5d0551d7b9e05317654e0477808ea83,bdddfc7f0ff6be0eac21f138ac7124ddabb55cac2e2a29317b847dab1b0c6bb7,Clara Monteiro Xavier,2.9,Não me prendeu e terminou abaixo das minhas expectativas.
b91268b2918c321d0f26e43652de584c5ff0c47f5203693763c22cec54276b86,0e128822b069642e471c6f025d619408203a9869dbadbab8152555157edfe2a9,Larissa Santos Xavier,2.7,Não me prendeu e terminou abaixo das minhas expectativas.
e4ce7f1fb79211adb19e6680cb5fc79eab4e2aca5273ab3efa6a922e9d7e4581,45ff27d766a535835887208ba05790212041c1cca9c8016e27dc78d6465cde6b,Gabriela Silva Batista,3.1,A ideia tinha potencial mas a execução me deixou insatisfeito.
6305bc1100b27c5965394b92b075d7821e9ac8b32854da5dcad94dad0b886498,7afebc54c4f29003376e8107d7f4a40ce66ae825bc65e461ac0c65c9e084d584,Rafael Dias Campos,4.3,Valeu pela curiosidade mas não me empolgou.
a2b22bd204a3f737b2f9c526a437c42249f0920e54e46e1c8c3e6bebd9dd1d1c,f72b40dde9a3203d87bea8e518a83be3e50efaa7247443faa5ee2b2ad43c68c3,Vinícius Machado Campos,8.3,Adorei o filme e recomendaria sem hesitar.
8a7bad618bb9e120270d5f1e502c8a3873e2f1eeca958c1de0aaa5268cd8f23a,6beb73d2f73078141d615f8b3ba736de6c670a95c8d6732afe357af5c9f06367,Tatiane Lima Carvalho,2.5,Há pontos positivos mas eles não compensam os problemas.
c615f7aa808dd2340774807e998b7a1170a4c7c5a3eb0493e65d28e636d60472,5118da1111c4be8a779c10ee95cb29ac60ec475b77ecba3cc27ced6bd9c1de2b,Olívia Nascimento Carvalho,4.2,A experiência foi aceitável mas não me marcou.
e5d57dc01a62fcaefd153bb5c469b277637b7382db224d4d54649f4a5f6803bb,82e38b7f52d3cfc679cf1b1c51442e13c6b899f5c294cbb0cab9ff0e9bc066a7,Ana Costa Castro,5.5,Tem qualidades e defeitos na mesma medida.
62ee7c6ef261fc052f4a86c290cbfd3ec2192c2c71b2d83ee0c16cd72d3ff857,0aa5dc29512aee6424c2ae501d346e1599d4f6e83482e047d3a0e6f3be42e08a,Vanessa Nascimento Castro,5.4,Tem qualidades e defeitos na mesma medida.
ca7ff22213876199f88e187cf6aeb5c25a1f2c38f5e13a5a6adc714558c50ebf,f29201903f9c0222f02beb9e5402539f56cc93da573235c7f44af1b6be7b3d50,Igor Rodrigues Castro,0.3,Não gostei do filme. A experiência foi cansativa e decepcionante.
d23386d5652920198a0e488d33205b347154e8317b3fd540c849cee4229905d2,29828557d7c8d9a3702f079e217227fe9370d411cefdbb63daef4ba26a46e334,Patrícia Santos Castro,7.1,Saí contente e recomendaria para quem gosta do gênero.
958add6af0890688e97d369d36bc8790070caf78cc25595b41160ae64f3db669,6aa6089025e7645d0b9cbad6025f45d9a38cd3bf5ad1e6efde714bbd8f405830,Thiago Moreira Cunha,3.5,A ideia tinha potencial mas a execução me deixou insatisfeito.
281e168b70ab51403a64dc9256b8d0ca152b2ff821ef0ff02ef5a8730bcb64a7,db58176b04fe29170cb14a5251bdc6df9100837b628e1b1f9ed4282cd197401a,Diego Nascimento Cunha,0.3,Achei muito fraco e não consegui me envolver com a história.
2a51059a6724ec81e3dbc83285389c154dcbdfe31dd33c11d8edbedeb2c03b2a,f2a1eff1746cb8de240d8e6a98ac95e6bd288e07b121ea152216cf353a89d6ce,Alice Pereira Duarte,2.1,Teve alguns momentos interessantes mas no geral achei fraco.
7734851fee6f55975c6a86120c478bdb02418aaf46464547c47ed248cd500105,9e3c9498a7295795f6690ad05d48d5ad00ba155682bca8bc861dbe4f44c0a131,Marcelo Ribeiro Farias,2.1,Achei irregular e pouco envolvente.
38e9ad99955d01886965145c95b858e9ca0d422986866854b55d6ff9d0190822,47729e1c2040640d7439d634cef17a7549fa01e6500fadf0a6deec0d30060fbc,Felipe Dias Freitas,7.5,Uma boa experiência que me manteve interessado.
b3208a889ea0b1d3b8cda2207f2c5374cb358b63adc4d6d3059c511e099c9fd7,47ac413daa67784237112f89795cb742720efecb1fb504d7048806f6762a6c29,Eduardo Oliveira Freitas,1.9,Não gostei do filme. A experiência foi cansativa e decepcionante.
a95cc7151ac1561b0e993efef5cb2a4a5547f42b22807dd19458a505389241ff,cec8f530a12671931e9e6f55ad6945770d34dbd17ce6c402334aef4714e80214,Daniel Cardoso Moura,2.45,A ideia tinha potencial mas a execução me deixou insatisfeito.
6f143e88e75e4f0159424004ccc06411d28076f1ab263de679bd1519581e4e5e,d45d11686b788e49cc3214f5248e44cb015b3f3025b048c19be1a73824e9a293,Vanessa Oliveira Nogueira,0.3,Saí decepcionado e não assistiria de novo.
3d3effc0fc1245fbf20c6527d7266bfddaedea95f3aafd850b61f06284ba321a,dd99201151d56b7b1862e3a0032ce0bbd66b521b98357785cfef3f4293deca4e,Fernanda Almeida Ramos,6.0,Uma boa experiência que me manteve interessado.
4a06d7e12fd99d1611644d284af0bf761ae5fc610a1e15d24b87c74f81027f6e,4b1fcda3a211471910bf9facd1d88b3348d214b3982d59cc7af09a5d5394895a,Gustavo Rocha Ramos,8.3,Excelente filme. Aproveitei cada momento.
b0a79e9ff56eb696ab5b64bacdbd37038987699fddce64cf5098f5b575648c06,0c19e30cf78044c4d65525955ee68b1c25a6fcf649c255fa19c92b0501c38951,Isabela Costa Reis,5.5,Foi razoável. Gostei de algumas partes mas outras não funcionaram.
df836f6f82883a7f3a2cc2a0a2516ee061be33f0e5dd2eecf020ff61a87a7d15,8a1a93407bef729e22f5c23a1b6e077e627acff07a4bf989ccecc9df2da97289,Elisa Martins Reis,9.5,Saí impressionado e quero assistir novamente.
5d7c9354e1763ac1a93de35f9dd371a618a6a741a28b934a5e1129a9f60a655c,58c70e1065b58080461183412aabba656c9b0f5b01e882ecb4368cb8735bdd7f,Bruno Monteiro Sampaio,7.5,Achei envolvente e aproveitei a maior parte da sessão.
d5c22b4b38651586d4f3a878d7ab4358b960fa981d7d6f5f11fda8f82b4233bf,67fc33999aab323c22c708321c2b9216c583a95da8a504abb384b9b60caa677f,Igor Dias Teixeira,9.05,Adorei o filme e recomendaria sem hesitar.
a161a5d61e098e4b85dfbaf2516f13ec1d9979f12c135e1e80edcd7e7a789651,383a2b75adce73e721683178ed2828bd048897519d35776a175c39fe5602d064,Tatiane Martins Teixeira,0.7,Foi uma sessão frustrante que não recomendo.
6c6019ae6efd74b2499e73bdc1e563a95ff8fd7fa1dfb9c284d84fef08fa91e9,a45805af019f2c37819907b228cd6b9a568973f71203be218a931e25367d5ba7,André Ribeiro Teixeira,8.0,Gostei muito da sessão e o filme superou minhas expectativas.
b1dcd0a9478a5d9a7ef3ad21645fac4d45866edcc5337aaf76813d4736fa0c17,eb609a7e169f780c6ffaf06daaca7484d9aaeae98406d24f79c473424ecd4c0c,Ana Ferreira Vieira,8.3,Gostei muito da sessão e o filme superou minhas expectativas.
10cce9c482e6aaa8372b61c81b3bde4ee900619dd2716a6a9e6aa30d5a737ea4,445ac036ff45f180ec55480cea608901bdf66592682073fe6cc8ba8eb8659331,Marta Lima Vieira,2.3,A ideia tinha potencial mas a execução me deixou insatisfeito.
8e870ccbf7bab95ccfe7364123a59881ecfce040a7252378a87e93b8c815e8df,911a87e7c97e1dcf14bb56243fa89fc101f9d9bec62cae8d26c12f823e371415,Giovana Nascimento Vieira,0.0,Foi uma sessão frustrante que não recomendo.
7e8046c7d4810a47458fb10a9470a692f3f842d2bfeaac401d482d6ac867f5c2,3d0568d537a8a19f8e6e6ddb547dd292c6fb56e8c58de6fc86335318ab560403,Larissa Barbosa Batista,6.9,Achei envolvente e aproveitei a maior parte da sessão.
0e10e20f0c36173f2805fadd8c7af21ceb3cb8306bdae4871352614e0407b7c4,f0e7b1e57fc9c0036c0b6f7775a5d2b171468579f694338e51cd1fdccc07815f,Leandro Lima Campos,4.1,Tem qualidades e defeitos na mesma medida.
c0fed2a7577088b7553446570bd3e7442122b47cd6371911cf2aa59544e2b6dd,c8d763262095fb3717fe006cde7db0c09bfb74e5ffcb14708d0505f2288df633,Clara Martins Campos,9.1,Saí impressionado e quero assistir novamente.
772d620adf80c8ecad046f55a3540657bf79b8239f7f92f87bf86b3377c50abe,446f8c66d9f548e6aede984dda32b5f7a34943ed9922df6a11a6c922530a5571,Alice Moreira Campos,3.95,Achei irregular e pouco envolvente.
4e053c1fa16281ff9e9a25a63efd9e81183adbc72d4cff9b0a95ade9c35eff98,52ad602bb3c0de199eced739c2249d807c4d72d2d32f7262a74b4e9b4ff9c5fe,Elisa Ferreira Carvalho,7.1,O filme funciona bem e vale a pena assistir.
79a41d0c24ff8b866a99a7d913f4845f3b91c5acff91c6d9524926b75b68e68c,65859b279b80f6391a7ba668b66025332cab16307e87974c7db7fabee7e16f35,Diego Ferreira Carvalho,3.8,Teve alguns momentos interessantes mas no geral achei fraco.
48a3acd64220533f4315c51a822898f0b2d70bddab2e43a274289d1f209f2c71,3b10aaf37b98cde66d4a17585b92dde782464eb450a418ebbcced89e32595a8e,Bernardo Machado Carvalho,3.8,Achei irregular e pouco envolvente.
3d6aad8be823139f761d7157c43c98da40f36f1cb475a9cc1ba65f7d14b9fd58,0efd1be187bcb5a9901cf8945cb31cb3af3e853ecdb4c5a944d7f3a325e4c85c,Samuel Oliveira Carvalho,0.4,Achei muito fraco e não consegui me envolver com a história.
ef3bc590304687a377c32f6ae07bceb77efdadbe52d8e813724d9a45ecaf2148,2d3801f09c77575be9701c674db4883310eb88a7a69aa506526ea287b48544b3,Nicolas Pereira Cunha,5.0,A experiência foi aceitável mas não me marcou.
187986e26d07d039d105ddc69e4e3810821401305ed7f39cbab59e93c2b03bab,11eeacad4375826cb74f6c44e4e85c5e717687212e5dcae0cec09422e3defffc,Igor Almeida Duarte,8.7,Excelente filme. Aproveitei cada momento.
4682d30c60f2a191cd3e4f8f7ca974a3ae14ab87722e1b8ca7b4a8c7c09d2627,10b101f7c2e89c9cb58e362a5e3a693c9a1c349a44cb5b8912a77733a0234d60,Bruno Cardoso Duarte,0.6,Quase nada funcionou para mim neste filme.
12d386b4c51abe105f286b753d4e798cce1085604dc9fa40369fa2d35129623b,ef03298f7128d33130d86501b8962874280be2da2e029322285639aba280b825,André Moreira Duarte,7.4,Gostei do filme e achei a sessão divertida.
f59cbcdc4c38ac8b4bc39fe2c82892300b621261e6665acd1d4e1d86a0b5cd33,9361f717aa2e75df24bc084f600e3b621af703b105b72e8ba19271ddce9e79ca,Giovana Martins Farias,5.1,Valeu pela curiosidade mas não me empolgou.
1539cb394279e08f99cb6b4eaa366c52d13ff1808ffaa7ec849ad3a979cb097c,a48a8ced106a90c2c6ebaa1994ee7b479b7271a8ab180058f6c85624f100d0bb,Igor Monteiro Lopes,7.6,Uma boa experiência que me manteve interessado.
4b350e010d2f6107dd1f19d94d6b218f8e9043616db4baa0ce58b8ce994b8d24,d24c800715c11b318748839eabfd64676f64d2f59ffcd0e2c6ef72774cc12e35,Patrícia Moreira Lopes,3.0,Não me prendeu e terminou abaixo das minhas expectativas.
bda1d810b1a1e51bc5528bc14d5c659ccfef07cabdf3b9a27cb312f807cbcbdb,a7a63452206e817b4e44ac3401b551411ffbe72c602d6e94c46d0820f647409d,Rafael Machado Moura,8.2,Uma ótima experiência que me prendeu do início ao fim.
a3e6f3af21619cecf0466ddbc86fd5b2b5284a4569bf17a2cded878e19f35ccc,bd8e9c91300cfbd0cc14689358bcd8f20543c69cece36c8dcb2e3e6bb33220d6,Débora Ribeiro Moura,4.7,Valeu pela curiosidade mas não me empolgou.
a2400a2be41ec30ddf76670aba2af2afccdf25c0aef211229e9f6473acfee2be,3e66811a7dcddf9557ea9c46bbdada5b44ae78daa7e638e34226a536ac2dfbe1,João Rocha Moura,3.7,Há pontos positivos mas eles não compensam os problemas.
11a6c3dcd377843d789ffe53b767510c7b311ed3c14a6f95429fe58049615a48,7296b6a100cd85209d09add54c93405b84563d24a0f1bb364708d9ec30040990,Gabriela Santos Nogueira,2.2,Teve alguns momentos interessantes mas no geral achei fraco.
e043761e75bbe0aa4dd35f96156491cd9593166d72af879899d0a4c9e457b10f,c532c219a3a97be8e759503a40916d861aaac0ed209d8b64db0c7d44fa0f4581,Vinícius Lima Pinto,0.8,Não gostei do filme. A experiência foi cansativa e decepcionante.
88d3d60461e3d1692dc34f33d42d8c43f40b6c63f658168d81cc28d14f109353,39455ddfa73d5ef3efbc13ca8b328d492596a934fd1d4002f7fed0631b73c812,Samuel Mendes Pinto,8.8,Saí impressionado e quero assistir novamente.
fafe59fe847df13046a5858a0c7c717406bb9b869df09a2217bd826f208301d8,7b0e1c4fcd89cba37f935addb8bb310440132884260b35a0d35a5b77363ba81d,Débora Monteiro Pinto,4.5,Tem qualidades e defeitos na mesma medida.
7c31dd05e1fdf73dc26054de888b461770dea85fa594f112fe83aa1811eb46b7,9b39b662b34e66ce3c46424613ccf5f53725a12daee979a616f3f260908e729c,Emília Rodrigues Pinto,7.6,Gostei do filme e achei a sessão divertida.
e65669c86a17ffd278cf671ec82d4de607f44d28c23ab268ad9649c9dc693758,7afa7ee2d73d5bda4c7f14780582695672a473855a44348e711bfb4ffee6f446,Paulo Machado Reis,2.5,A ideia tinha potencial mas a execução me deixou insatisfeito.
3583d62c36a32f90fc0ffdaa099e74989e520977164ea1ce26603dc6c6a84c20,afaaeba05e3c6817a1dc3b6cf020223fe86066f11cffd726d6f1455453c8bbec,Henrique Mendes Reis,6.05,Gostei do filme e achei a sessão divertida.
7f8af5833f0a712885536ace01b0b757b169deb9dec2d6733f601d09dadea920,1487ebeac4b3444af604b61631344562c022efa921b984152c74d71ab18809dc,Igor Rocha Reis,0.3,Achei muito fraco e não consegui me envolver com a história.
9d64b0d6635c7224b3ae9615a1e271ff00d830115efed1197a35a93dbb2f2234,f9f553f4b81ffc7d1a45fed911ba103697a34ac31507d0394fc5e46654816fe0,Eduardo Cardoso Sampaio,0.4,Não gostei do filme. A experiência foi cansativa e decepcionante.
aa8aa3e171062cbf46ac27538640d3bf5bc97396d908f330d2fdc743363bb45b,eed7717f98e4216b367525e72e6b7930f1ff55726ea591da6e2a5e40556797b6,Felipe Machado Soares,2.8,Achei irregular e pouco envolvente.
a8e6bb15f6e3f219ddf386b9b85fd5e992fce6192ec99265c2e4c6f5090366f2,bef55a21c2222e7d1abb6aa4348d9ddcfb555bde443c0a0dd721717ce9f56da8,Felipe Costa Vieira,2.1,A ideia tinha potencial mas a execução me deixou insatisfeito.
e17081228aefbc211e53ebd87827c1558079512a7c233862975839fc3411537e,4ffc6460f0a5e38b90214206180d0a89f82ea674469738a88f03f23d2ab0495d,Gustavo Mendes Vieira,5.2,Um filme mediano que entretém em certos momentos.
a2eb320bc71d8e7e833676a433bc4c2074a1674f792e63375a8da9911e3c9343,24f2a0460d82f45593aaf7145bccb186fbf05aeff8c482ed5d17751cc83e4a99,Pedro Monteiro Vieira,6.0,Uma boa experiência que me manteve interessado.
4cca9b3239aba62d5debda148e5ca1943884d6543b796af578eb1db3581be4e4,641f6322778d2835efc56d2314dd31341000904c3c6512cf260587778d733eef,Caio Ribeiro Vieira,6.97,Gostei do filme e achei a sessão divertida.
c05cdf9c25a6d7863b1a6e3f4720c85cb61c1afb253c525066bbdd28ee7fa5f6,04a38905841abca014b6443e3902aa1df33ca3da4fcf3ee030bd3cd566874457,Mariana Almeida Xavier,3.3,A ideia tinha potencial mas a execução me deixou insatisfeito.
5038fdccd5290c3f1568eeaa9d6781aa22e52d2083964f82886d771e79814a4c,6a9d68cacc8047c5c777c30c00fa4b985f874d726f3b905d756c3f29eab62436,Juliana Costa Xavier,0.3,Quase nada funcionou para mim neste filme.
0a2ab3c614baf8db7360a33871cdea68602935ed4e48a89648a80a449ad1f059,9d53b93e08e71f9ba46a84a7a21567c41134e7d3b22814e422b97a1be5373038,Rafael Dias Xavier,0.2,Não gostei do filme. A experiência foi cansativa e decepcionante.
0fdf3093bab637aa8da8fcb8fcff686374d386257eddc14b207aa578d05cb452,993076fbd994a989eb3656c86017af58ae53b08e2dc282fcb632274bc7b82d1b,João Nascimento Xavier,2.7,Há pontos positivos mas eles não compensam os problemas.
74ef69a5f67c96ff14abaa3004ce929e25d1585fe717488859b5830d3202e561,9f9d798fbdf8061da7f158651520bf78a10bafcf7eb65cccca71ee0c554e9160,Tatiane Lima Azevedo,0.6,Foi uma sessão frustrante que não recomendo.
ba9e8645ae6ddeb45ecc02f41abea2637bd27f3bb3b38a49fcd60ae6480f9573,87e83aa995db55c89705b18812a0526c01486e815d3b223807822f1cda547302,Larissa Martins Azevedo,1.7,Foi uma sessão frustrante que não recomendo.
ca9fe9598202348d0983922eb580c2c0a950ba40ccdedc2267369746bb52cd5a,b07f4d03582c71556f0667e3885d7ed6846c1c2514633ea300c0ab1f4f521092,Elisa Rodrigues Azevedo,8.8,Saí impressionado e quero assistir novamente.
5502315862a53ae365dc2b8fb651a18918811c58c75b5a93ad824d882af56fbc,0917df312515921036628069ad728cd86f22ffd75935bbbb309b48040120cfd3,Rafael Silva Azevedo,4.2,Tem qualidades e defeitos na mesma medida.
e30bc9ad1ab6b56afc5e93d63ce11a310b4b1bf7b22d16ec58505a8db6fae843,7faf9ec36eb87278f957330ac855b56ec15380c4f1848a1f94f6a05f091a2e5d,Samuel Gomes Batista,8.25,Excelente filme. Aproveitei cada momento.
6995b68aa2983c39279b3f7017216f3293769545dfd56649230297ea3d9fe1a7,d0a29ec3ca13ba5822d0a48d3ffa9f92088911ee5e6e45cf5b0c69e58a804659,Juliana Oliveira Campos,6.2,Gostei do filme e achei a sessão divertida.
08749b1b539e75d3e8ea9a21d9bb349be52ebd43938ef9ed27276bbcb8e4ecff,4b92dcd0898e0120b67bb5e8a0c5ac131065391be40c4514f838869d3cfa3e65,Rafael Pereira Campos,6.5,Saí contente e recomendaria para quem gosta do gênero.
9c7bed0005a97539eca81a282706ccbe75f9d0302f211169c3d391269044fb5c,b61e6aed0991e219a4b59f7b72abd890d52ba4b2a37ad17dd467e10110fa3301,Pedro Moreira Cunha,4.7,Foi razoável. Gostei de algumas partes mas outras não funcionaram.
58907fd7b07d5b0139e792e06c8a334350f46664d163eb5b1e633e75130a7a6d,000f65a96c97d5e1723b46203d0802be76501d43476e4fbe32e46fa5bb1dbd16,Thiago Cardoso Duarte,9.4,Adorei o filme e recomendaria sem hesitar.
4f32368312f3f2a7a0427ded7091e4ca112a4a83644861fa87bae6d35fe4a39a,b5fe7da4cdbdb9fa1641d96beb37cd533c79fe4b9579d2f4f6b9e70e5d7c7032,Alice Ferreira Farias,8.3,Uma ótima experiência que me prendeu do início ao fim.
7da3f3adbb3cf0ff39c04aac19bbd6963f9183b1488c4dfcd0d64e897419bc87,d8dd93eb1d129a176f0ba0f1e95b0554f35e59e7a60e2c8166f52d01db3d6f30,Larissa Mendes Farias,3.1,Teve alguns momentos interessantes mas no geral achei fraco.
dac41b0aa98d2bd194c9a5a7af2872e0b426121ae735e32db607b04c122c4aff,01d67aa40786caa7f9dae32a19ef347f659a68ca9860801810b09916785a48a4,Lucas Mendes Farias,5.2,Valeu pela curiosidade mas não me empolgou.
2833817ce291a3251fe677e0232efb6e4e802022c78b62ef3e8b248e93b50ee4,3a5730ac121d74b4f219abfa0ab5815499021c9f698b5ae0405fb0bf57f91ab2,Isabela Nascimento Farias,6.5,Saí contente e recomendaria para quem gosta do gênero.
d1d7a74bb80023e4ae6f77aac90a971c5cb6152e8527496be11c8b1dbc89abc6,35d31b56cb27f5718dd15d143cc8ef49e5f785ea805ae574c58e33462c5ccfdc,Hugo Nascimento Farias,2.5,Há pontos positivos mas eles não compensam os problemas.
ec12cccd079b70dbe52bdbaf435eba7cf54b510f052be407c07813ed0b1686bc,12749fc0e961d4a30b334d0ad33ccc5a520682790ec736ef7cbfe9205e0be849,João Martins Freitas,4.9,Foi razoável. Gostei de algumas partes mas outras não funcionaram.
c3bbf050095af04917f48dd82eb8af0543d3a0b71ae52ce27885af9a541d6381,1196577a59e58888e1b0770a28ef1b89d54e56b1c67c455e4213eaea31ff4eab,Nicolas Nascimento Freitas,2.0,Não gostei do filme. A experiência foi cansativa e decepcionante.
f63da9349563962aebf690dab5883439532cb31ca4f21a2817d5afe700b73fb8,3d0986c4ed9059654b57a4a1d67b7c807c3ad2f13bfc04b661a16f6604566c27,Felipe Pereira Freitas,4.3,Um filme mediano que entretém em certos momentos.
5f778d32fa41b3792a0b537ef535e1146454d7d50c7c9b1238a943fe18f23142,72dcb1e819d973d34704a8104a1fd5c2cede4ed7f51908c56f36775e76c30b6a,Beatriz Gomes Moura,6.8,Achei envolvente e aproveitei a maior parte da sessão.
73bb9e85ee60ae6cc5091043db436dd22d99835efc47e3fcdf80bf1195060615,f2f515e1332e78ffa1d9ef780f5df1246b0d3861085eb8ff10d4d1542031ff77,Daniel Nascimento Moura,5.35,A experiência foi aceitável mas não me marcou.
ac6e5717394a6e13b4fdab4f020870980aa093d0de2ab65780362b4cc234fee4,2072f3a6709a00ceac1cb2b2063fe33a8bd7580971e1fa87083dddf12ff92271,Tatiane Santos Moura,7.6,Gostei do filme e achei a sessão divertida.
3a5f7b1ef70d865cb4c19510d82c4dbc51fe8e14d7590474e373bae60527e3c0,d4f5afc434f2699fc9ec2f7357c74b8ecd212952e605793ec54e5309a3968bf3,Fernanda Ribeiro Nogueira,3.5,Teve alguns momentos interessantes mas no geral achei fraco.
389fdca215a8d922c807a914ab5c9986f13fa22ed3683668d2655ebf8071047f,62b22423ae2aad6bb02627da5171e44a4f42b59dcbc37f5995e40f221a440072,Beatriz Barbosa Pinto,6.9,Saí contente e recomendaria para quem gosta do gênero.
18777b8f96d61fcccfda052e1ccef669e618dcc2a81fb526d83394c298dafb62,916d701d66bcee44c3949e5675b2460c97962270428da8bfc35b96d96c9eb850,Rafael Gomes Ramos,6.1,Uma boa experiência que me manteve interessado.
adf1059fa3843b6eb5ef9af5e4aa75b05dacb37acdb72ae7caca7da7539214bf,ed14c56eafa7f8be6a1448124cde8d77b9a358498a6c540331935f2482dff6df,Vinícius Mendes Ramos,1.4,Foi uma sessão frustrante que não recomendo.
4d557f648752b2f689b943d6833611bec1623c0c8b83447ab2efdd2ca45ceb21,ee00cbbc3ca599b0bc1de4025002ed09e8093d2d81f6008cfc29bab7f1d47b25,Bruno Gomes Reis,3.75,Há pontos positivos mas eles não compensam os problemas.
fd3921cb54d8b07c104757eabc39537270a12768db116a8e2e070dd39c4d051a,6fe4e8defe0348b778ecca1c32e269205c06f318910033749e7bc95b2996d8c5,Paulo Monteiro Sampaio,3.5,A ideia tinha potencial mas a execução me deixou insatisfeito.
dd42b6ff9ca2a1a9261479e58921fe9d6186a6401bddd19acb85286cb72afb6a,35083f1ce19bf8fa0780edcbef570f107b04fd162682b507b97d944ca6f4a32a,Felipe Ribeiro Sampaio,7.7,Achei envolvente e aproveitei a maior parte da sessão.
2898000b9e8f19d4cd90ae2ca017190362bc4cb032a7c0ea7fa844f722016c9f,a2711957d970f04faba9e001ecc47f0764fe30aab543b320ee014f79857993e2,Pedro Costa Soares,5.8,Foi razoável. Gostei de algumas partes mas outras não funcionaram.
212ed95c2910efab576b79582c22bdb933f4cc3a67c5df959d3f63707682ec46,9b99f7bb5fabf1101ad112f237d1add9aa8230153384e4f8910dea4ea876948d,Caio Machado Soares,6.1,Gostei do filme e achei a sessão divertida.
df9114cdad0f605455596f279b12146da56d58c353a0ed3b7154c89eab9fd0f2,15f1a84def13830d833b5c63452f81ac3bef6678b42948349d8acd2fc1c15be0,Vanessa Mendes Teixeira,5.95,Foi razoável. Gostei de algumas partes mas outras não funcionaram.
6307c8c31e6fd1ab86c8ef264595ec674dead2470986a1f6239209cc2f567550,4ef42a0b223e1572309b2cbac11001b5c1c9a8881ac657ca2f0d9a38a36121ef,Thiago Martins Vieira,3.4,Há pontos positivos mas eles não compensam os problemas.
857a3d21098a3c3ce968314086ab63317b31d3da390e5f23c46162493984d3b5,552faa4407556e1b44acc1e0b356a665692e34fb5b302eed4e4a824f167554ee,André Barbosa Azevedo,9.0,Uma ótima experiência que me prendeu do início ao fim.
ef8ced9787fb45c284ed19478ab620b941e2ead4fdc2c921da1eee35026a1ce3,44f9dbdd5b466b7ce861209488a16512902da166cb475e774cd9653178552025,Samuel Oliveira Azevedo,6.3,Achei envolvente e aproveitei a maior parte da sessão.
1992e5540eca793100a8e7371331acb78f8a73f294707367abab5bd3c5b6651f,f1dbf857dd33a33e31ea1ae32fa3a53eb090917f6092a6f8eafe6197c8e1fca9,Camila Costa Campos,2.3,Não me prendeu e terminou abaixo das minhas expectativas.
30e220364c1160d9fd348f614d4a43dd2ad6edf9a453e2f6a72aafba401e1dad,18ba806eb63819961a27e6dc9e3c1b9d4c7b082e7769c93ccd6540aea029faf5,Bernardo Costa Campos,8.1,Saí impressionado e quero assistir novamente.
9cf409ec22ad476eb351fb502f24c37c0bd560011ded942ec0acaae3cd386350,f936f2121dd7a958e2c121e284a3a27cd5e82f2fc57908c784a961c67b4de4e9,Clara Silva Campos,1.5,Quase nada funcionou para mim neste filme.
873cf308085c946a932373bc4a77b6abf5d7de2d1dcbd69c8d671f3fd0d557a3,4389f3fd97db3580a84bae48ba7ca67eca2e51f31c439f5f5f60387f1b673ee3,Camila Santos Carvalho,6.4,Saí contente e recomendaria para quem gosta do gênero.
58ea91956936246471a2e4f5c3edb2277788ce62c2add72a89929dc7aa0b580a,b64f7c671fdd4e863836675139febea5c97b90aca0ddb88980a354624e108b58,Samuel Dias Castro,0.5,Foi uma sessão frustrante que não recomendo.
d48c8302e9eca97fef2956e19633082ac31ab64418d465589385146cce0f4904,8035193c70202833399d99f6a8e698559ba11d2fef5923e53cdeb298b0364ea9,André Lima Cunha,0.4,Achei muito fraco e não consegui me envolver com a história.
3dd85d53d74b1b7322e666afc1a1ceb4606d22a8996a173f8a3e6731dd5c9515,a6dc3de2d8e1dcef69a7e04a07b6c9b58addde0f8c5575c737831ca1a087e8d7,Leandro Machado Duarte,0.7,Foi uma sessão frustrante que não recomendo.
fd952d54967c6dc558d26e8550c4e7cb46cfc002596b3e8b9bafc5a188229d54,196649df178ddeda122747e1e109eef0234de1d272297c408b10a5801d93b130,Igor Monteiro Duarte,0.0,Achei muito fraco e não consegui me envolver com a história.
0119702e973fcb08522d68101532b20cda5f27ee29e828f03e529a50424ac47c,faeddcbd6dec42c2c7595374e0e1ea983cb2211e67ed5e616d0d7e4deec1dbfb,Gustavo Oliveira Duarte,0.9,Achei muito fraco e não consegui me envolver com a história.
30035e9365d5b883950035c18139a932136121a9b1f550a55de0b1637f314f78,5980881c1df9059b501a6524000a6560bc265889fc8307c4b78cf815a367cf0d,Gustavo Martins Freitas,9.6,Adorei o filme e recomendaria sem hesitar.
7ee6d117eb3fbd125b627bad5762cdc5360c0f09c17effb3609a166310376e32,9beeea76e3e1c5c9e94b9b3d24a26b4dce0422fb2d50dde26370417340dddcd6,Fernanda Machado Lopes,9.6,Excelente filme. Aproveitei cada momento.
8d22206c899cadbbb1c757ffd05867a2b73a5ec408e1d8aeebb760690c63281e,814ed60abb498369f6fbbef682177e507c5f84a00c2ff857e87f9cd86efad025,Nicolas Ribeiro Lopes,6.3,Saí contente e recomendaria para quem gosta do gênero.
c6d0489e387af8dcb48a3f79ac735a866ae4aacb700a628ed2134a5386a381e5,1ce4df66b465fa25995ef75dd9e5761aa4c80e012989d44e7f4989a702cff4a1,Patrícia Cardoso Moura,6.0,Uma boa experiência que me manteve interessado.
013da663c208edd212c3a0cc2a2e805ccf20bcf0228b9a11ef9f8f61c25290e5,f82e95ac44c47a68bb0a7e73045792a9ff7e15360e9a6567e7b6c496f89f72ec,Mariana Pereira Moura,0.7,Foi uma sessão frustrante que não recomendo.
840d58a0e96842b518877236aa0c9ffce8a1dda0b2c53cd8c19166309c5521a7,52f9fcc8db4be52d256fc84915829260e1e31aa95c9f5a0bfdbe1b3c3c7c5cd9,Helena Almeida Nogueira,5.9,Tem qualidades e defeitos na mesma medida.
e1fb30a623315ca6c012a7ed0668bf0330f406b02dc59f276ba23b735d3a6038,56fe8e75985fee08ae0bbc34220642ac5166c8679fb65644b861b882a1641abb,Ana Cardoso Nogueira,0.3,Quase nada funcionou para mim neste filme.
7b0acc4514d44fcd3ba25ce9d98230a1c9c4479ab45af40a1cf0b5b3524adec3,f0674c94a664d9d41b51a95506e9a9ee97e8658ed63aa409004c2f1c5e394361,Nicolas Monteiro Nogueira,2.6,Não me prendeu e terminou abaixo das minhas expectativas.
ae1baff9e7b126e209c3c6844b306384df91bba00f2e746423247f799bb62c30,4b00ab5f7d776ba0e5e7115209e7f3378f0d7947546d2d43f7a4b5628048cd07,Vanessa Moreira Nogueira,2.9,A ideia tinha potencial mas a execução me deixou insatisfeito.
e7c7ca883c6fd48946f97741a12d42d3714c229ce85b8f10872005ee63a79a5f,49ace877d874c29002f0fe123d84ea1754ee09d5ad4d111d660986d404711195,Mariana Mendes Pinto,3.0,Não me prendeu e terminou abaixo das minhas expectativas.
2c54144a6a2fa023e4de86231a5c3751d94530a3777f1a9c94a0cace29999edc,e2f3251fd43db6661c770d723348fdf23f3017d08180d722c3933838e67ce8b7,Giovana Ferreira Ramos,8.3,Saí impressionado e quero assistir novamente.
97a7c01ff41bcedac896ee72d51d8066d1fb3b81e2afbe56061cdb600225a61b,3328634de9eccb595c8e129616aabddb2c6c92ca56c22e5aeea9cadd703ea60d,Pedro Monteiro Sampaio,3.67,Achei irregular e pouco envolvente.
94a06d01348283e748d665e69f7d9360c87076219f87e10c42eeca5c67943a7c,ce87b91d358fb923c8cffd62745f6171af4a6d07ba8f4b429e5d4d17271314cc,Nicolas Rocha Soares,9.0,Uma ótima experiência que me prendeu do início ao fim.
804ebf4bf3f99838798ab76e768350bc6ac9cafe46143532be790ef45d70f737,2e52059fa1d52ba98180dd99f64303ee0c9fb0d6a0534780546d06a6b3d36ad2,Marcelo Ferreira Vieira,1.1,Quase nada funcionou para mim neste filme.
9b8b16c68b28ed6885ce5b66cd57c5400874e068db904a7102c69450e2f1250e,8fe14122f3c27e2a23fa30414a5c5733ba8b791ef65bb850af6e72ee558aefe0,João Machado Vieira,0.7,Não gostei do filme. A experiência foi cansativa e decepcionante.
df68b58475ca05bde967e6b307a48ed77a33f15383b163a5828af3642fe1de73,23c7e4bd6b5532e7fdfb4a42ed3eff6331ad758b3b6ba397a5599d2bb90a038f,Vanessa Nascimento Vieira,6.7,O filme funciona bem e vale a pena assistir.
59f7b65227324e2853ad68f7f6e4ab65fc2bdacf60c49d0440b2a9bcbde6b2c0,5e1289ff8d64dae4ab6338307fe0ad94df1443ad458d168aa24f68c24fa8a86c,Sofia Ribeiro Vieira,5.7,Tem qualidades e defeitos na mesma medida.
c143f4c86414ffcece988944d7c2e19e94fd23c6cf5158dc09a06ffbde7ee07b,45207779d97d41950b125bd829414f19a819d6eba7615eba6443e33be95742bf,Larissa Dias Xavier,0.8,Foi uma sessão frustrante que não recomendo.
a313110bc117b2404db82156e53f1050137b14e1f989cfc15fbfa0a2c5649a67,e3233f29ad75e68fb951398e1ba3dcb3133015627b0122dd871f06c49ff8477c,Caio Gomes Xavier,1.6,Achei muito fraco e não consegui me envolver com a história.
fec0a1f40c8b1f912a51a7d23a8b6925186ec36ce23fbb18facc9f921d9eef88,ea93c588f6f55715fe26d0c9e5c4a9a6db63e7bd600728b40b88d88a71d171b2,Hugo Lima Xavier,4.3,Tem qualidades e defeitos na mesma medida.
3e99f3fefa6765dbc8d9b4f0dcae4ae4238826bcd8456994ed1c90043a0fa567,2e13f3848f169944864255eee116322252c47820ea87e4b2840b201891f6a9fc,Nicolas Lima Azevedo,7.0,O filme funciona bem e vale a pena assistir.
3eb61187c3e7d14dd3d35a0d61340f746609d348187a9f256e37330c38099dd4,d7d588866f8e53f1daf66e805b66efed7f43c5f00274b9dffa7c19dc8fce2657,Clara Moreira Azevedo,9.8,Gostei muito da sessão e o filme superou minhas expectativas.
bc2df31e55d5fe1ad6c027c0b324dd8748dda8ad16d94b342f0973d35b640557,7066a11f16a7482ee3ec605e5b54aad93fe8c7e0544877c57c7060d2d361057a,Caio Barbosa Batista,4.7,Tem qualidades e defeitos na mesma medida.
d8399bd0b94e2ce112da353ed23b7a48d720b02979c117bed091933954e6c4ea,71752b23b9b442c9437c3ad6e836fb8ebf0e493ed8385077895147ff7ad693b7,André Dias Batista,0.7,Quase nada funcionou para mim neste filme.
41ac8effd04ecbfc7dec2fa3dab531d507e43b0869b0230f9f60ee237caa494a,41b68e9a9e5345d1a0a5760fe8e4392444acaed2b1305b2f030d703efb669965,Fábio Ferreira Batista,4.4,Valeu pela curiosidade mas não me empolgou.
c8502e8e9ed47c1684d7f6d7560e5044de78a6a9c6d8578ac3118743ad8be0be,585324faa331a48b9cd79d663a4e15106eb8ff64d157f3e1e599509d37d4c6e1,Samuel Rocha Batista,6.9,Gostei do filme e achei a sessão divertida.
817a61b8811aebb19195fa750a2ee788345aa47bab1a33e9aceae159a179727a,8b1691b4db798dab15cf776aa252c698d63cec7320feb76b67abb863b2f71cf2,Ana Martins Carvalho,8.3,Uma ótima experiência que me prendeu do início ao fim.
c91c8b3003ee246b256a657b087cee2545c3112db12c5806fa31cf51f28c3689,7ea6849fff8533389da80858509333e2a7aa6a0598fcdca1f3fa6198ef282d1b,Felipe Silva Carvalho,1.9,Quase nada funcionou para mim neste filme.
2dc713062f44968659904e5571822b2dc6ef5143f281ce8082afd8ecc874877e,f541a83e7f6d6e6d4317b41d6e0453920450cb1b2dea68f1a40d676c905a11db,Sofia Rocha Cunha,5.47,Foi razoável. Gostei de algumas partes mas outras não funcionaram.
f09e2deac754919b02719bc1cdda9681c590fcb6da3177c041d9f3c5fdd481bb,64e7c4a44be32079e939c4fb01095e9015bceb5afe487b16c714eab139e78dda,Vinícius Silva Duarte,0.7,Foi uma sessão frustrante que não recomendo.
2230fe6119ccc3d5b3d3a0c892d9402063b97068c91c9900a2738ef2b9f0beb5,b30a4f742aedcbec5d39e537daa7a68678615a06c1e0bee490eb9cfb90827601,Giovana Lima Farias,8.3,Uma ótima experiência que me prendeu do início ao fim.
0e798050837028de11a501187ef237f24f719b68ff01720ffdb2564636692d1d,60860668fa1991502e048d6019d2f9d16976025b949a506dd6162cd17949b5cc,Eduardo Silva Farias,6.4,Uma boa experiência que me manteve interessado.
072d774619c83053f97f22d55f054e13d7a7650b5afbeda7583ebed2ab4eaa15,4f987a78100d0577c52009628b6656769339003ada0c42372ea0aeae5440e8fb,Gabriela Gomes Freitas,8.7,Saí impressionado e quero assistir novamente.
2f8db5e68494ffc4838d994cf76d9b2bdd9f88986dade7ed0064edfd613bb66d,4f45371f49ed1b21b1d4f1fa09a35252632057b9be035fe168971af949703f37,Camila Moreira Freitas,0.0,Foi uma sessão frustrante que não recomendo.
01a296f12efe29c518d12296114de2ba04ba5851a25506dd1af7302fbe3873cb,9e1a2033bdc1cde04e484ce466ff900d762a1efe13adc44419a483de4fcec36a,Marta Rocha Freitas,1.5,Achei muito fraco e não consegui me envolver com a história.
3426f24a12f3950a8b6e1931392365cd010393c3b54982ffaa5c445334a9ecb0,39e7588c834b1dbb52604884c6b577a70f5f1c914eed89ad410f68bbcc4fe43b,Tatiane Oliveira Lopes,9.0,Adorei o filme e recomendaria sem hesitar.
a5438a2d785e1c132ebea9f1587510629d3a0050fe342ce6374542306c5c63d4,9c593c1d4ef5fa45132270e7164a748e456624cf60ec1a143f60efb672b52a3b,Larissa Ribeiro Lopes,9.5,Gostei muito da sessão e o filme superou minhas expectativas.
9ccce0da768cba1c078953261c184b4d5956a9b7092c58515c0213df63ca2006,3d6971774a49fcb8378b16d506f6b0cdbc1a4936ae0c9b0aa5b523d98b43edff,Patrícia Ferreira Nogueira,8.5,Excelente filme. Aproveitei cada momento.
e35c7739889f133b61252125efb027e7e75cd11537b62fa0568ca4bb41248e1a,b6396380ad4e4eff6ac9498b4ac5b18cf090e2f312ecfc6c97d5d4b8ca1c1333,Caio Nascimento Nogueira,4.9,A experiência foi aceitável mas não me marcou.
32a88c20990c0c848ac8b82a226109340394c572c4941ae14241ef18f8a72a47,4ac2cdc791c3f7275e279a6b3d3bae3dad4b6090dc080d6542ac3c662bdfa9ae,Mariana Rodrigues Nogueira,6.7,Gostei do filme e achei a sessão divertida.
ed0af45934a549dcb064e6aad6f222ed1871f7045e81afce2548545ef4fbf0db,019975c189afb6b027eeb2cf6f5b9dc8178055cee9581920fa323f628dd8d3c6,Fábio Moreira Ramos,6.4,Saí contente e recomendaria para quem gosta do gênero.
73a1ff2fd7a5df4fcec921ec29418567e800002f506b9e56f9a48c76db8e550d,3c5e3c7962c9f7bfd9940e5eb34c7145c66ff255fee4c2aedbafc27ddf1cc509,Diego Pereira Ramos,5.7,Tem qualidades e defeitos na mesma medida.
911f0abb5f4557dd75ea3f2542e41935e9c09e113e5d4cada14fc1044cab809e,05af9c80ffa37ace9f0ee7c333a8233ac945a3400329761f968c36df7be005c5,Igor Pereira Reis,9.1,Adorei o filme e recomendaria sem hesitar.
dbfc7d06ac00f322d691c333b305f6657f4060d847ac6634556fff88987fe4c4,1e9ccad02733c8b4348f74418daf5713d2bc05d10b8e0fe2d3b2dc21adc344fb,Elisa Mendes Sampaio,9.0,Saí impressionado e quero assistir novamente.
93ba5e64dd9b5b8fcc36145ecfe6c0910685e11e6785485002c72afe8f6a37c1,35b4b33ec1b81662982bdea18c57751aebf2f2dad30e9c40d721f91fb6154889,Paulo Rocha Teixeira,2.8,Não me prendeu e terminou abaixo das minhas expectativas.
5ad7f4a5ea65e0089c909c57aabd90d90a5d5a82e1781217f76e1c28f2ef3198,08b3624d37ab364d672c7cda82f2f94f63927b1b14c10519ac09e5965ebb3a1d,Beatriz Rodrigues Teixeira,6.5,Saí contente e recomendaria para quem gosta do gênero.
11b89049d13cad21c4c10e576fe5a9bcf155c1bd6dcd60d1973b054fbf53d1b5,1cafbbc68057d43f2589ef5154d759bcf81edb85a540abf584d17a1a2939de02,Gustavo Machado Vieira,6.2,Saí contente e recomendaria para quem gosta do gênero.
554aea2ccdc94b6385e3114a3639be3869d26651e651c94d3fd895775409b7bc,b9038a6cd327ffff839ee406ebce7ac463f125f9da97133ad17485332c6d44c6,Diego Almeida Xavier,6.5,Achei envolvente e aproveitei a maior parte da sessão.
2c4d45c111fe6a8dcabd904af4898d17df299a51b4c21b89db97315e98526be2,d021b850f448068e1c59dde0a4ed257634418de582b787f0c49815e1da996863,Henrique Oliveira Xavier,0.6,Saí decepcionado e não assistiria de novo.
5349d1116db0be50a941fa86462fa6a58124202dc1ef2a50f4a26ac89a5f94de,6c4d2c5e7e89209507b6c144f07d2ab256fc6c1813a8d9f1fdbf8ca39b1f82f6,Daniel Silva Xavier,8.1,Gostei muito da sessão e o filme superou minhas expectativas.
9b4ca66b2467d7d2068a4bb3eb3fbee4599d92eb49cf6d5e36f4901f2cd72014,7a991eb747e431e9a95251e96260f3d63e01db543ce432b5cc55580ce61a85d4,André Moreira Azevedo,6.0,Gostei do filme e achei a sessão divertida.
6977834679de0abcbd755b46349e8a61435723b06d84bd9bd20b8829c3e7f819,6fa660a32839ba5304966c178481b2ec3f3dda1d79020afd53cc40861038cbab,Igor Ribeiro Batista,0.7,Achei muito fraco e não consegui me envolver com a história.
176d28b90d95bbd2b9f636719ea8d1a2530e93cee057a23455b02b6fa8ef2260,e2d61354550e630e73f16f77cb3134c5d158549af7e9a4d78963812fc00d4ab9,Juliana Moreira Campos,4.5,Um filme mediano que entretém em certos momentos.
f2afa959fa6b968f557b2aa367a38e256938e2378c06926c285251411d469af6,133135654f48174ce102b6e9daee4814e52447f098461d64fdff015d3c6fef0d,Camila Oliveira Campos,4.8,Valeu pela curiosidade mas não me empolgou.
0a5d451817add24eaac3e38265b0dda9971f8ee1ef23ec6c845db970ca08a3a0,08b5643c14f610e299b1358031c62978682de203d5ef97716a10a145a2218e79,Vinícius Rocha Campos,7.0,Achei envolvente e aproveitei a maior parte da sessão.
0dd4246803a75507d287fe313d31e3bab64ecf477d5a062a89363815f6afbcc2,5e75a078ae73e4b38f3f0b2614b20d876f089cf8db7b8f2a2002dbd314226cab,Samuel Silva Campos,6.1,Gostei do filme e achei a sessão divertida.
875dca7b59bd49ed767a30121708efd259ecd7b0174d7d39f1f448abf01b17f3,df7fa497b434b3bde1c19fdae6fae9087b8af12814b2a159ca4e37d89ba19091,Tatiane Ribeiro Carvalho,3.0,Não me prendeu e terminou abaixo das minhas expectativas.
8ead056dd47a406cba15ed66975b7a5c6917da4c3855f68a3d5e29851add3fbe,1a8fbfb1a17a97470f640c573ace30228cf1f6ffc15481cb8b6634d4e1eb8cda,Diego Gomes Castro,3.9,Há pontos positivos mas eles não compensam os problemas.
51f69b25783c7a516d5169803beb4b85e7fc144c7a7701cf716baa2cfd1c7077,afcdb99aa50d5764a59ed853d33fc7aae264f9a48a14449e6ea640ecfe17575b,Otávio Gomes Duarte,0.1,Achei muito fraco e não consegui me envolver com a história.
2ca31079b563240215fded1e2c5d459c9e21d4eac56e5352885ee0bc34565291,d4a95ccf17f00f70a2d4c8f64505d9815e5dfe8c5d2c2e048b2f78eed0f149d6,Vinícius Lima Duarte,2.8,Teve alguns momentos interessantes mas no geral achei fraco.
8c3fecbca773e9aff4f72279367f4c5e98e3851df02d8f6e072c515502ec5065,2961b5d805ab94a3110a53fad4a1be2c5ad3553ff42b502fb90d15e8f4e9d308,Giovana Pereira Duarte,2.8,Teve alguns momentos interessantes mas no geral achei fraco.
1464bb242bb63a17c6cd15c6b3c8185a65ec7f325fa1fcf729e142937351872f,6d9679fcaebbda64d343ace9a6542ac3c6a621e400e74951357e9aafc9f8d786,Felipe Rodrigues Duarte,1.2,Não gostei do filme. A experiência foi cansativa e decepcionante.
c6224d697858636482e9cc6b3a9c10c30b549a313b716b693f63395701cfbbeb,881b68f4cbe2bee8be3c9fff2845f05566bb22bb1cc72ac9b4a571bf9c5ed8f3,Sofia Silva Duarte,2.1,Teve alguns momentos interessantes mas no geral achei fraco.
6246171abc3293592c635fb9ebb4ae475e2952f1f2239dcc7339bcbe34a227dd,6bc160e109d8b6978dc64480921ec50f0602152cd92fc1c0ae1191aa16f972f2,Bruno Costa Farias,3.2,Achei irregular e pouco envolvente.
d426f8d7be97850d4c3a7444a5ecaca271866a1be59b0004722d510a719a4ab6,7be897e56fac7237af41a9d584e5109d88800e5e35ea0847f78b3007d8474a03,André Nascimento Farias,3.4,Não me prendeu e terminou abaixo das minhas expectativas.
71b599d79982a0dc2e2ddd8bb8ec76809271fafc9f6995383fc05c6460a3a785,bcd55a854a4e5863e26ca08a5e8672c71955623f842aa0b6b3bab6b4e7ad4c3a,Samuel Ferreira Freitas,6.6,Uma boa experiência que me manteve interessado.
5db557416f8caf7672e6203f2a1b17c1639561dc22f53ec7ee89a56e3d0caefc,7e968b309ad8b4f6587e009df41e6c0c7c1f9cc967390e1fd03dac2647d330d4,Nicolas Monteiro Freitas,2.5,Teve alguns momentos interessantes mas no geral achei fraco.
f6aa65a2b893fd481b5e1e1d0c160e48756e73693a4d0c98ed9a903382f8c8c9,ab4cffc0b35e4ecda734e5e689ae293462154d7ce6eb608e7dcd98539e3e6693,Sofia Pereira Freitas,9.2,Uma ótima experiência que me prendeu do início ao fim.
0fe8a0882809d04460ac5acb1a532a4acb89790b3a78955a1d3d577a71662137,8388f719f161a066455121732d399e92e891c3b6295e8438d9814d801403bbb3,Ana Rodrigues Lopes,3.8,A ideia tinha potencial mas a execução me deixou insatisfeito.
6768f4e17e3fc67f742bb4366a3872f4d7479ec38a8d388991ad9e347622b4b0,1b2361ba0963d890bc492a8325161f54cdfab9dc4037c1263cd18c692aadc08a,Beatriz Dias Moura,4.8,Valeu pela curiosidade mas não me empolgou.
d9c52e84e12cc4866208ba6499c70aee716be1d40bdc666d9173d4dc0fe72f08,52e9c3f7219de51f200ae2a2aaa0fd6144a477bee7e2f621e55488f948664057,Henrique Ferreira Moura,8.9,Uma ótima experiência que me prendeu do início ao fim.
4725a21f938d0e08229d394b07cc78195deae9922966f8fc8dde843241ed1b1b,b58bbbdd432ba8a89c47a71f99e10cd3f37776f3a0789149e6c013296c081eac,Daniel Monteiro Moura,3.4,Achei irregular e pouco envolvente.
7f2871ff98095d048f0531f9649499ae47e9544480c4dad449a182568418b079,1ddddd4ac2270e830ea0f6a9e520f572ea03f08678284bfdae054f000f63e8fd,Vanessa Cardoso Pinto,8.0,Uma ótima experiência que me prendeu do início ao fim.
0dba06f17ced06376b47cdb340ed24c94aafbab0631632ac110e291745b409fe,0201e4cfae2c11d0dc6449e3da1a6a339bebf7bd58e7bf17b3ea1146c2b12bb0,Larissa Oliveira Pinto,2.4,A ideia tinha potencial mas a execução me deixou insatisfeito.
c017a5db45167bac3ecb6c2172ee9682f7b79beae25f8136065e3d9e433ce3b6,415a4afaee153f6a51ec9d0a493a96331c71cddeae8a54e3f68074d87dd3d1d1,Isabela Moreira Reis,8.8,Excelente filme. Aproveitei cada momento.
9f3bd5da589b484176876adcb069b4d022a7fc6d5c4455c207cf37c0a05c2da6,a5fbd44ec029fb38e5aee1868d2839842e421b59bd6e350cd7320fa006aff854,Juliana Santos Reis,3.9,Teve alguns momentos interessantes mas no geral achei fraco.
3ea4e72766cdcd8262b313d65a06ccf3c068c29b3a95908cec1b5e98ec45161c,36515c4574832f948ec17dd2d16cab0f67b4b7bbbb94ea550958da36931eb664,Rafael Silva Reis,1.9,Não gostei do filme. A experiência foi cansativa e decepcionante.
67608579ae75c7006a94d3808e0fad6023ceec0fe5a381f76532e99285b4f6a9,97cdec8a0dddb69bf91eaa1f4cbee1b615b8f054695e1385904bfd0d05537c09,Caio Gomes Soares,9.6,Gostei muito da sessão e o filme superou minhas expectativas.
cc9498f141f658287ef550d234b1d8c7a5c5d6e0cc94c61b164031d45bdee46c,f02c66feb207d9b1597afa6bcb3da339a91208c42a3da5edc966245f0df52809,Emília Martins Teixeira,8.3,Saí impressionado e quero assistir novamente.
b4a5856f687c407babc0e23f1d19350a502f4463eb0f216cb510106593184333,4763470d4aa1ae4ca9548413181682c0a64896e09cf43966d3bf7b890b6747af,Gustavo Ribeiro Teixeira,9.1,Excelente filme. Aproveitei cada momento.
2015e245ca0c3093d57e493f1ec9fcfb1d37ea6774f87d1e944a35734381b6c8,4ce601ae503f4c1b24fb66867f972ae4ec20d0e46ea0918bb4e72a4bb73bc8bb,Camila Monteiro Vieira,5.3,Tem qualidades e defeitos na mesma medida.
c65cd62f862aef1c0b29b29596e8001369f338542b04b2aae6be85c176121615,0fc726452fd9aebe0a0bb296afdd72e3728a94eac63a18db7e91bda5dc36859c,Otávio Nascimento Vieira,5.9,Um filme mediano que entretém em certos momentos.
3e0efb568ca29a94e4b1f89f4439ed4cc232ffff98bf1d4b849c0e31f1fbaa55,a1740c40038d3b74cd86ea21d6c0091757c12544ae1e2f37fa951007f1d760a7,Vinícius Oliveira Vieira,8.6,Saí impressionado e quero assistir novamente.
a7c0e9c9478e5a1242c2022d09803d9a37d54888471effb0a4b98eb7397cfd7c,8818d3060fc14a661f7394dfd46c93b6fa1fdc5175785dd7dd784f1ffa7ca27a,Nicolas Cardoso Xavier,3.8,Não me prendeu e terminou abaixo das minhas expectativas.
682c9778f42f266b03ae798d04b0443cfac35ce5893d472c35db723d5c28ac04,aa994dfd4da265182ef268d8f105de19cbfea643608be6e7d5020cab63deb85e,Rafael Almeida Campos,5.9,Um filme mediano que entretém em certos momentos.
0eba29d68022f838fc2092912d4c5b73fa287fc30a5847aea57fde16b674e10d,ea8a38f2b549d88a3bb0cf4f1483109635b775b5a56424e6364804291c08dfff,Henrique Moreira Campos,6.7,Achei envolvente e aproveitei a maior parte da sessão.
30981ad4b0db320816907f8e5068b53a9087766381b4b619228817d7a4f2912b,d6620ecb93eb7394a1145c5bfc1bc033f7d5f15a6d1eba79f49bc6c5de517b04,Igor Santos Campos,1.9,Foi uma sessão frustrante que não recomendo.
774ca55085bab351745897d0ace1999f4d126f7359ed05247ec03271711221e2,dda972878e8fd4bfeecdea2884574108cd059bccee17b01ddd036d51078f1093,Mariana Moreira Carvalho,3.0,Não me prendeu e terminou abaixo das minhas expectativas.
a5e5ded1d9fe1ffbcfc117b1fd8bbfe0964aa0d1e4596937563eabd6b637918f,796ab1736d969fb940ebdf338c2f2886431a0e97397746fd03d5f26bee8c300d,Helena Rodrigues Carvalho,3.6,Há pontos positivos mas eles não compensam os problemas.
85a0d6110bccdbfb818a6ee78ed8d25be036cf5a5f68bd59f29788d87e236760,7a73824d3cf39c471fe8daa578d6245b9d644166761ea2dd15b803adc4250cc2,Vinícius Pereira Cunha,2.0,Saí decepcionado e não assistiria de novo.
6c3719d6c8675ebf3a815a1ae7538b9cceaf70b6291fcf2bf4b12d0f083f5673,38037a6936bda4ff52312643bdd62629d23926639bf1b74f0c5da5731d83bd10,Olívia Silva Duarte,9.6,Gostei muito da sessão e o filme superou minhas expectativas.
4e806c3fe1d02232126bffd9d8f41bc5d147aa4b0432d4333ba06e8b6d821724,d0d21733b2b4eb9251a6b09d4dd7b678bbbbb87a3e77c1894ee3401babc2461a,Fábio Barbosa Farias,4.8,Um filme mediano que entretém em certos momentos.
8059d978a5cc64105c7dc8aa5c88785c244ba065fe0fb3d5ed7c0e661cbdd49c,b8970b93e32c72875d29f0c985691e872ad0a3d2ce4e8f895c50d11721c951da,Diego Dias Farias,4.5,Foi razoável. Gostei de algumas partes mas outras não funcionaram.
988429dfef487666783adddcd37eff40a206c0aa1c66c5e38789852a7519d2dd,b355d9ae4dd1ad8d93daa14b4d6679d54b8c9f4a79ae4065151f510a3578b729,Bernardo Lima Farias,5.0,Um filme mediano que entretém em certos momentos.
c96da4e51a1eb5084b378c97789f05a53bdc3b44ef0d8d59394dc02aa0c8c8e0,8dc9e3aaf2121900e97ad9ac7bf84745dc24e9a7256282b0adfa1b447467899a,Lucas Monteiro Freitas,1.3,Não gostei do filme. A experiência foi cansativa e decepcionante.
bc4d9e743bef4adac30a66b0bd95b85040f7e9c720aaebd32cd5cedda15f4447,15f765a28ee7c8af6ffa722e2a77242e4fd726a56e3e1ba312a936af6888977d,André Ribeiro Freitas,5.2,Um filme mediano que entretém em certos momentos.
e5c5d93f5dc64023359a4380ed70255db4b2cfcde4480141368332f1b331ea0b,83e0f97255fde448df471234770736403bebd86b8798c0e2b2360f41ee0727f6,Marcelo Lima Lopes,4.65,Foi razoável. Gostei de algumas partes mas outras não funcionaram.
7447c218da4c76cb2d744ff5405ad09e9d3f6c25776629cf3df7ece4f87795a7,399c1404a2e5967a3fa3dcd445dd0b347f3e38d491dac3579855f6e76a931723,Renata Lima Moura,6.05,Achei envolvente e aproveitei a maior parte da sessão.
7632a6b31bd1238c6d19729a223d1320fe6303133514c6ecb2c7816eda8380a8,c62674c750d8ce1451c8f0d28ba17ba719975f1cd1217f4528374ee68a72c78a,Diego Pereira Moura,8.5,Adorei o filme e recomendaria sem hesitar.
f5205c06071c3760082d9e9160731346a2f2e2fc91c193427da75d3d1b1a4781,50c1eba92234a664189cfe4deb9ca874b8934cd7b601209aeb608d47234c882c,Daniel Oliveira Nogueira,5.5,Tem qualidades e defeitos na mesma medida.
3d24c7f07a54bd53201d8b5ca5d319f7a8076a6bad08bfc28b0ffc44a607bb72,5b46741c9c54efbc0d0a469141bb215f0b0fd18b0acb0dad4f78ae963b59d293,Patrícia Monteiro Ramos,3.3,Não me prendeu e terminou abaixo das minhas expectativas.
ac0ebfa6b24e2f00c9997c25330e924e8cd35b85c2283df5e7f810c5c4d125fb,e5c8cc0bd85d866136a7daa2735f7562650271b5caf1371214e969b3317b5a1b,Bruno Moreira Ramos,6.85,Gostei do filme e achei a sessão divertida.
b6028e14efa6c0b772b556066e3d0d18c0f9c5e4247ee963821b7665c2b6d0aa,8004680a1fd63b4eeef8bc6ded3a4d0a58f607497ea58d2b8b87cb98237eb63c,Helena Martins Reis,3.0,Não me prendeu e terminou abaixo das minhas expectativas.
733a3664b0be64886ebebcb7f18891cb9f1089488d37d732be5e56e07d2c7967,b31103d6e461c246409efb6d8e7a0354b045a134bb0e9ad4f5bbc03a21224f69,Marcelo Nascimento Reis,9.8,Saí impressionado e quero assistir novamente.
badd568697f5939c93367eb267bc5a8040e731bf9c198910ec23d6c609182951,27eb92284ea25b6fba66cc6a6615cc9823bfc3db98f146ab0ac019d9400b8406,Nicolas Silva Reis,9.3,Uma ótima experiência que me prendeu do início ao fim.
566e674cae5de45172a9b8d6d17205679fb6269a6da7f154713547c6b9ef95a5,f611fcc2c423e2ba2cd0d131c698ffac461a600ef00c4b1442e1a374b1c668d1,Leandro Rodrigues Soares,8.3,Gostei muito da sessão e o filme superou minhas expectativas.
584f040b9e947483118fc2a0ec89c8838a7e2487a1b615c4440c47925fd29d4f,7f75acc582452c87822cd1eec7d655e69a357c21b3ea63cbb07bdb5b1fa1c50d,Mariana Oliveira Teixeira,2.9,Há pontos positivos mas eles não compensam os problemas.
2db251096c6876e94dcb8d45d03ca64e329de978b13cae0a7bb4edc237ef21f9,f4bd9fa67d9f8e62f010ea93a93497b09cf85793ebd2659fda92bffa627c05ed,Thiago Pereira Teixeira,0.9,Saí decepcionado e não assistiria de novo.
8f7c37430c13028095774fe04c83181fcec2a731fa3efad23c0fca68d3fb865d,ad12bc842ed9f0a8f7f16718831c5e6da35a0fabaf9cbbb0ba19ce5aa6931edd,Camila Santos Teixeira,4.7,A experiência foi aceitável mas não me marcou.
5f1c5aa75a6aeb25455df88ef6b9019b887a22fa5120744e85cd8053a23bf6b7,243db9f81baec4500625a6144c8fe5e8b644ce846d7b79e2fad65028e6caddab,Otávio Almeida Vieira,9.1,Adorei o filme e recomendaria sem hesitar.
420d8da3e1a8e2e15a2c6d464bbd1bb1cd5d00312cf53e18ec04755700a102e0,798b2f783d8c847e9f27eea331701e558e816088b74520fc61cb8b80140b0444,Patrícia Rocha Vieira,1.4,Achei muito fraco e não consegui me envolver com a história.
955e11fddc3caeefcf736e8cd919a2ffa2de9575a795916a6cd7b551631c8390,611ff4d4a0666ef87f6c35bfa949badd0ab0ceb1491bad78a69032c09fddc037,Gabriela Machado Xavier,3.2,Achei irregular e pouco envolvente.
fe6e186294432d02284b0b6ec61165ae7543537dd5f2103fc2f7e177269627a8,db3ea15a87ce18b4ad8425ac181de4c3443265de109805733b37ad3e3eae4e29,Sofia Martins Azevedo,4.7,Um filme mediano que entretém em certos momentos.
366386542002d4e1ed67eb3cbf357b31baf2d300f26c913bde26e2a05b0cda6f,9b32c701dd885bc163391870f6b5c2f0d8daf1856529dac4fde29d737a3e0f7e,Marcelo Oliveira Batista,2.6,Achei irregular e pouco envolvente.
db4b8e2dc48beaa01b1799a578498531daaf537aa64538b18dcd09714a2ed9bb,0692f0e748da3b32b000d15cc3cd67cde7ea40a5401167fc213b6b138637c976,Daniel Ferreira Campos,6.9,O filme funciona bem e vale a pena assistir.
20e021f2a223fbb309e8939ac8a4e3fd7cbf1c4dba898a94b7a7590ee3e63d52,743be015489437e849981127fb26419d93959985a329a26d21bc7cd09e793e9b,Gabriela Santos Campos,5.1,A experiência foi aceitável mas não me marcou.
628d02e12e650f5aee0c032cfc44d0734cb4eb37052b6ca471a55193838aa579,467b773241d5f8fe4eb4c25c9f1eae47697273f35c5e72a6bda21af7cef11594,João Moreira Carvalho,6.2,O filme funciona bem e vale a pena assistir.
059be61f02b027b9b7da136ab5d493704a074d7be444c49dc1ce21d14e533038,79ca5d46393f316111e8bd185e36612eaae274d4b2fad11701d1c3177113a615,Leandro Santos Carvalho,4.9,Foi razoável. Gostei de algumas partes mas outras não funcionaram.
c34fe5e9f625c76a943ca95c6ee5711d90d612a89f74eb508f994593356cd742,c79d2ae26a92ec8e2ba6b882e76127ccf2509a4f3334925bb95babdd4cea724a,Diego Rocha Castro,1.05,Foi uma sessão frustrante que não recomendo.
0a29ef988cb8bf2e5921368895a3eb8a09b1decb8f46caea2279cc7963587369,be9ddfe8471bae18664d0913def106183957f175b55a9d4eda88f4a8f89c04da,Rafael Santos Castro,9.0,Excelente filme. Aproveitei cada momento.
e3c41fd5080e9a2c1eed4ed0a061604d51b5a47670c29c5f20c5b9e96ff4d600,9044b83efc400307ac936afc23522342a4308f560c8c7280c9a6b8564325c9b0,Henrique Mendes Cunha,4.7,Valeu pela curiosidade mas não me empolgou.
810c48760ccd30c935fb1dfc69c4b94fc40e4a381279de5b58c83938dea8e0f3,011c396c80ce5a7e6d93ce28a486f182f967c5028a65add30baa7e9282dec07e,Felipe Nascimento Cunha,5.7,Um filme mediano que entretém em certos momentos.
f897dac376e121616771f8467f16c6e761e1bbed8b2cfc84ab9e356b49af930c,f4ff08e3e20b4e418cb4e4d1ea94d9524bab6586f7eb20918671d88063c7c040,Camila Pereira Duarte,0.0,Foi uma sessão frustrante que não recomendo.
041b0a89db5ef9775d98bb678676ea71be70ec2f2db8365ff02a7a038b61123c,2899e6138505825e9c3c6c5c520fe8e4a1dc86dd201f3edd1e6d879c0e028b3e,Bruno Oliveira Farias,9.9,Saí impressionado e quero assistir novamente.
b0c728bf4a04e589309a3d9b398a20b5ede12b8219d40832e3b06e08195b2047,12868bb344ebb14fc48a5d7be2c9fcceb99ad19a9253ee801a75b81b170ab238,Natália Ribeiro Farias,4.7,Foi razoável. Gostei de algumas partes mas outras não funcionaram.
763411b7c70a378bafd2c4295b71f866159978a79c8c665261276751160a4aa6,f46a0ce4de5265e36950223af4bef8e3cc2df30142adccb0342e46272cf8290a,Patrícia Machado Lopes,8.6,Gostei muito da sessão e o filme superou minhas expectativas.
d66932696dc2b955b0336cbcfc2a940344e5192a65f35f90c1af670e51948680,4d1a3d2d3785c6370ee706ca269dd18518510bbe4479e5df7caf7fc64a76094a,Gabriela Silva Lopes,8.05,Saí impressionado e quero assistir novamente.
ffba54b4d21dd675d21e46ace69507b5b7a4f369da8f52399260142e2cd2bfaf,3b3ad93f48fc0657bea86dfcddb626f36def6ae5ce15dbcb83fb1967d1e7e8d6,Débora Moreira Moura,1.9,Quase nada funcionou para mim neste filme.
195cfabfc25b4f6102813965f4bc3a2043b9f7b69433ec25c28567d3d97ae4da,e8789739745ebe4254329f3c3eafa36c907c9ff92e927bb21c8820c7f1e11012,Thiago Rocha Nogueira,6.7,Gostei do filme e achei a sessão divertida.
0f4cd357c63970effd1d64478478706cbf3df34fa6675b1c09993a1682b2701e,37085f3ee8d14990ec612699d66df8333c7930c73f2a9c424e9f7aa50c34d713,Sofia Ribeiro Pinto,2.6,Não me prendeu e terminou abaixo das minhas expectativas.
b4436905824c7068563ae8d637b609aeae5d0ac0a6b0888f4bb8f81ffe177fc5,21df6a3f563668d2ca7b9713d79b6a8aae2498cebc5beaa027ee3a183c147af4,Alice Silva Pinto,0.5,Não gostei do filme. A experiência foi cansativa e decepcionante.
4bf708b8d98d5bd2dd11e7e00400de7c9f11d766edcdc995b9dd5cd5bac6c37a,3ed0cc467260d888945f3b7a23ef31407b92e36ce29c20ac895f8bc3a5f002bf,Giovana Gomes Reis,6.3,Uma boa experiência que me manteve interessado.
2ee11737c260fa06f34903eeb42ea498cd2e4840988d735fa47cb2fd809016ed,5401dc8957248f83e3dacab328b622d3d5ea8c895af113b448990eb2d818bc03,Fábio Ferreira Sampaio,4.9,Tem qualidades e defeitos na mesma medida.
dc8dca6b18b38688fc83e9e27bce4fa572054dd25dfff04f1b6235e47b4f9625,6fd08a96de8087309dd4a8b0c7c924fa8345bb9136b88ab6c102a69a7275ed80,Leandro Ferreira Soares,3.1,A ideia tinha potencial mas a execução me deixou insatisfeito.
7473ac495bd64b8785444efbca9097100e3a989cb85ee62a30dd1db7e1d561e7,bf0b2e4f0c693d98a63598491e33117341853390ac9d95b84a85090055815fcb,Bruno Mendes Soares,9.3,Uma ótima experiência que me prendeu do início ao fim.
9ab8f3e498bd60410138b064b00864779997ae3a142c2cd846bd91d0e20d3946,fe013050c7ea14c4d8674e82e8577468dfe9a8a0a9a31cf7e6ffd3166bed69c1,Thiago Cardoso Teixeira,3.9,Achei irregular e pouco envolvente.
d8a5a84e455fda24b89a071ac07d01df504f06bb46e1b5d3d95812a0856570d6,ea818d1051907a0a5e8bdb414c4765090dbbd81f80b008591716e0271c95354e,Giovana Rocha Teixeira,3.7,Não me prendeu e terminou abaixo das minhas expectativas.
bb4f154a6f19e9b3544a72b0413b76ef123bb29dec7290bbc88ceac701939990,8fa424d5d8de47102efda360129941009c9cb8a489e0d729f1337aa4ea54fcb9,Nicolas Rodrigues Teixeira,5.7,A experiência foi aceitável mas não me marcou.
a364903d8456e86fb0542e3cc6327b44bb8ab008f03c5ac149c6924c9d568187,192f477115c77a54c62eed78ac9f6bfd836f91bbfa4d1b4246f68caa951e917f,Patrícia Dias Vieira,4.1,Um filme mediano que entretém em certos momentos.
22b4ce7484f1ab603689b6562ab5084610c1f0fb887a5db4fcddf03cff809532,8942523c741fae1217c95ecc3af0600a3da95ef6b05fa5f4254920c91456381e,Alice Ferreira Vieira,2.9,Achei irregular e pouco envolvente.
2f6b427de77ab2f53f412038963a2588619496c78d0afe166633d1e50e6f02b6,90b2630391e03cb7b5aa6f9eecbd06348eceb91031c94af54ecc131f133b742d,Natália Lima Vieira,8.0,Saí impressionado e quero assistir novamente.
d13a2de3df59562a599daaf4667034a16a472a8286376d205bfe6bab52b628b0,74973f695e0538baa6c31d0ff353770ea361bb6cbc96ed0dcf1216c260f09788,Fábio Ribeiro Vieira,5.2,A experiência foi aceitável mas não me marcou.
fa6d52f300c106373d8270c855376ce99ca3de3092dd1803ab800e414edfda7c,8364b7929aec6ddec5cb3ee6e18254f31166e0f21c235949af5905ef03847e64,Larissa Almeida Campos,4.3,Valeu pela curiosidade mas não me empolgou.
0a3bf40aa3f3ed590e068bc02078ac3c8e61f55b01cc675b8559f38b128fe88a,50af7b882accdef758dbc479e3be11df39451d38c698219f385e80e833c0d12e,Débora Santos Campos,4.9,Um filme mediano que entretém em certos momentos.
05696e36f432c45541701e7c4af096a5207e94377f97a21b9f11e3e428c6efac,6a0d90449580f1d8a6846b150f3055d51b03d6f85e5b48e57f7d0491160d08ef,Alice Monteiro Carvalho,9.3,Adorei o filme e recomendaria sem hesitar.
b6fb0caf198c5018f34721ec74e00f222f2d28d5304140a7f6d78c0c273385fa,19cf4d11fc5552f30552ef0f9cf5a1e1629259cf472fa12658cabd981df1ac7c,Ana Mendes Castro,4.0,Valeu pela curiosidade mas não me empolgou.
40ecea0fd49c957965a617c9bd736ac023c179f27987250937877d93b85305b6,b4768eecee6faf6e40ef4ed78d9e7440989156af8de9b55118a6237688115d31,Fernanda Monteiro Castro,6.4,O filme funciona bem e vale a pena assistir.
6fefab29624d945576c0f8604f55a894dbd9a45f076ee784080a7bda1fd353c7,cf86825c636df84c6b2c1f46b2d18377434147cec6205f59497498cfd00f96e4,Tatiane Martins Cunha,2.0,Não gostei do filme. A experiência foi cansativa e decepcionante.
f3c50832c26b9acb6ea37fa8875a3c6df624a74dc1e47c7347b6668409513ad8,94fadc5bfe2a89d1339694d010769601f23f686d8d0976b73f593f6376a61778,Lucas Gomes Farias,6.4,Achei envolvente e aproveitei a maior parte da sessão.
5e5ed2ed4fbd33ce470a8d07a0e87d5e4569b541ffb1ddfb4767fc1d3beaf004,6be6b818f5013bd1b60cdb16398c38479ad932d4ec98613e56c82d61afdb5acf,André Monteiro Farias,6.6,Saí contente e recomendaria para quem gosta do gênero.
2adf6c7289741d956bdd89a4ca1211cfaed128a65d4951607a289ef6d89a9d69,c0bed3d0f1d23395ea3ad287246eca491fd7c61f33f5a12cf4db04c6052f3296,Ingrid Ferreira Freitas,4.0,Valeu pela curiosidade mas não me empolgou.
5ad7649ef3c04334afb208ba408bab946cd209eaf96420a41e80e1dc2f383eb1,42b652ef65f892332a6ff54626f8ce3ed7a71cc4ea80a373ce7a4f47879e6f2f,Beatriz Rodrigues Nogueira,3.4,Achei irregular e pouco envolvente.
f7593e748743e300ed643f1ba741da4744c1f9a22efd872bef83cc9ed6a26c1a,cb781186492d634cf461efd2853bf9850d26541650f312b06548f79bfb87f1a7,Tatiane Ferreira Reis,5.3,Tem qualidades e defeitos na mesma medida.
83e6cf5a3026612cd8317eaf382490add764a7406e3eaeb2ffbb262daf7c0a0c,ef1ba5173231e9755d7dd0d646baeefdd712bba218773e440d76d5292d9c0384,Mariana Oliveira Reis,5.7,Valeu pela curiosidade mas não me empolgou.
6714f85a998ae29582eacf40c75489839a7f8262667261d02a21a90425ab3024,80d514ac67e22fab68cd2b3c0b2af0ac8eb76da5a4e4edb61c4202677143ad71,Larissa Cardoso Soares,8.0,Gostei muito da sessão e o filme superou minhas expectativas.
390ffdf3e5f4a00c41b3d7314a16c5b6af1cabe0a2dcfd6fe75a8e34fc4f31f5,1135eecaed8dfa6f6b1a91c0895a8a6fc68e2e8b857a4820417855970ac70ea8,Caio Dias Soares,5.0,Um filme mediano que entretém em certos momentos.
18eeca8b4b9debe8ffc9ab4fb782354ca081320aa5394fe6039a2717bea43252,7267c76d0a733a17c69860a5748999c681c761e191b502ae500c4f6418a1e739,Olívia Gomes Soares,9.2,Uma ótima experiência que me prendeu do início ao fim.
050324f3b9e5e22e533bbbb07b468b2e6dbff19b815d2d897a6c5dd65edcd373,c117e610f0a606988e429bcd9fd9d0e9960cb76c58345d484277e63a96446651,Mariana Martins Soares,3.6,Achei irregular e pouco envolvente.
067ebad8cb9e811c4e791e2e93d92da0a98b2b7a5a33050264af0e43982c90c9,283ffcd1e0b4cfbfd6aee4d0ec651972ceb16898eb574c94b73315b2ceb37462,Tatiane Ribeiro Teixeira,3.6,A ideia tinha potencial mas a execução me deixou insatisfeito.
449c60df7ae8241b87962c297c0922d4594fc666720782a5df166e2b2603d758,cd805ca289addfb1df9e2f16a0fc0be184023f7e7e55bc5fcc2850d1330b90d0,Olívia Barbosa Vieira,5.0,Foi razoável. Gostei de algumas partes mas outras não funcionaram.
b94960fc46da6b00a3dc8962c65bffe3d6708f864b393a8c5915659b16af8bf9,951eaff42967a63a979bd781d3574c1d5ff0a219ae490e58a8243cd2403898d4,Camila Martins Vieira,8.3,Gostei muito da sessão e o filme superou minhas expectativas.
c3bab1fc619434bc1d7fb34390dad807eb20ba6583e47a2f28ff8eee61e5f796,4196ca4a6cd502114826a02d1523da1637443179ae3e905bef0b419ddb5b9102,Paulo Rodrigues Vieira,4.8,Um filme mediano que entretém em certos momentos.
0cf12aad2b4f187821207ee9f8b47f51344bc4a455125ffb9c5126e7f0b58bb7,5d4f37b7a6413401aa13f3d279f20f461f705bd4d6df131d5d306349f304e9ce,André Rodrigues Xavier,1.9,Quase nada funcionou para mim neste filme.
284e80a86148cb485ccec2dcb484f7b5d11ff71dedce4878bd7102b8f38780cc,752024a475b12e7980ecaf49c087c9bc3dc00c9700621abb4adeacf98be3fbd3,Marta Martins Azevedo,6.8,Uma boa experiência que me manteve interessado.
88f3075cbbc39b04fd4453cda95b9761ab404ec9e66d2a4598e97ba6c8a2758e,01f6a2ff698f1849ec7e63ff0cd911798fa6978a4433f7a513a36e1abc35bf21,Nicolas Ribeiro Azevedo,6.9,Gostei do filme e achei a sessão divertida.
eca9bf12f3dd0d01157f1061f45f84f885434c8bc6ec899494b5c5d76f993078,4a0701bc3c618027b6100b465caddd6060b87ab932a44267cbd64ae56cb77b71,Daniel Almeida Batista,4.2,Um filme mediano que entretém em certos momentos.
6fc3a48f5aafd21536a5f87c1965fc9efbe5fb53cbb55043fec5fde9bdfb17d4,1d2ef222b157320672eccb95d1a18f462eea055ff11aa9d443ef6300c7670615,Diego Rocha Batista,5.0,Valeu pela curiosidade mas não me empolgou.
a1588f3c8812d939c3bba612008431822b9e7ee3ae3613a336c127381eecc05c,227cfa334f593011a40df281cfe3b1ae7703d32791983912fcf1f7b11ababc4b,Rafael Santos Batista,4.8,Tem qualidades e defeitos na mesma medida.
78adb06afe93fa6a1b57e9e5621e57267381c3d80338d905c1bf1b7cd1494c00,1dfcfcaf2e12fbc61e03f570939bb0b1a26caa266c7adcee59d8239dd431a02f,Natália Almeida Carvalho,7.6,Gostei do filme e achei a sessão divertida.
65735053901c7b79a416cb171375a6bbd99b353262dc06418f00fcd4b3d1bdb3,0447053c971c21735740651fe0c0f81752ee0a5aac1ba4b2e3a2071ec04d96f5,Helena Ribeiro Carvalho,4.1,Foi razoável. Gostei de algumas partes mas outras não funcionaram.
7322a7e2d6c1ff3438f14610c18af84ca0b26adab929f9b5f6b329059426aed7,ed3c2d4d65abe25d5620971f58e5646cf3845df18249983241c1a50a564ade78,Clara Monteiro Castro,1.6,Quase nada funcionou para mim neste filme.
dd61fecd3689235d14f959a77225ad448fcf43f4f9fae60b428e1031c963e417,4ca6d8ea8c8f2723546aaccac1643d6a231461c3a3775614ad36d70ffd30856a,Bruno Oliveira Castro,9.8,Excelente filme. Aproveitei cada momento.
db31616473abb0dcde224400e3ef4789abca9c1604f737ed049b6967a3494b97,0f192966b076d53498ce0716477cb18cb2a04fddced28b06c1496e0d2ac3e476,André Costa Cunha,7.7,O filme funciona bem e vale a pena assistir.
271bb97a94cfcef5fe1bfefa4f72bc6e4dc2f60b3cac96f2254312cafe5e488f,bb80013a534f9e9fab3bc52d2cfb4e939457015742c8ad4355df352641986dd1,Camila Mendes Cunha,9.9,Uma ótima experiência que me prendeu do início ao fim.
072f0559a074515f4a0a93ed98de43b3097655c25aa65a3c01d06bd379104e3a,d79d443870188e868419214660a0f9a93e9c754067ece8150eb1e100b6c479ac,Clara Gomes Duarte,0.45,Quase nada funcionou para mim neste filme.
5a19cba4d40bcc514099be79c0792ebf81d699ef7d6f6e18d7affdcf56cf2c5c,ff07c34398648cd06e1f99f4f268acf71fbd02b6a4bac5cc28b54bf0d8ff8971,André Oliveira Freitas,4.4,Foi razoável. Gostei de algumas partes mas outras não funcionaram.
b9b69427312b5d277191d235db9d219a75bb6d9af71e00a1d2cf78ece8196393,90282026da8bff419181c5ccc96586c99764d604f4279f2f679c613cd4dd0d11,Beatriz Mendes Lopes,3.7,Teve alguns momentos interessantes mas no geral achei fraco.
902baf3edd06a9d6f6782d53863ac71b0b212fe007c4d827c79ad071078ae4c7,d7f0f05c599085c6ae30fe7325af936ea4bf5ce68c8474c8a5aafa3f5d0f4aa3,Caio Gomes Moura,8.4,Excelente filme. Aproveitei cada momento.
0375239a5d451f7e35275ef28bf48a41f976c1383b6842e39bb6aee9dcf103df,af532c18cc70115e42d84d0f6bc2d32ed983ef339d518740863cd398419b7140,Camila Ribeiro Moura,1.7,Foi uma sessão frustrante que não recomendo.
74041040fc20ecdceb6ffa3ff83615d9e3c5e483b0042c6d759b355b797adf4d,c2f02046ea22dc7c7bf8a618888f95baf1336ea2943bfd66906aafcb9721ac6b,Otávio Rodrigues Moura,6.4,Saí contente e recomendaria para quem gosta do gênero.
fcc2b98e93788174c4c266b2350edb84a746d031b742f1cee44eb5e05cc11a8e,14ddb3ebed6afbc242c18f5a3790e9b988ade28208f8e2cf18db78a22cb82b81,Larissa Silva Nogueira,4.1,Um filme mediano que entretém em certos momentos.
f07455717d3c357e1eed589f794c8f808c463fc0f8c10fb4c70d9215d203ef3d,42b0b6de0bd742827bb3520a826ceff8260fff9588a5d9f17579806bdc8bcecd,Gabriela Ferreira Pinto,4.75,Valeu pela curiosidade mas não me empolgou.
a25d9935108b7b69f6c28ac91b7502a197eb48492c472f571d4ee82c658a32ef,e19a614d36720ad36dbdd9ec25c7032d9e803cdc0f30f64ff24a5eeea8fdcb5e,Diego Machado Pinto,4.3,Um filme mediano que entretém em certos momentos.
dce9eb63432f19aa9b9b7d4ca7a751142ee4ae6f2695d0c66a78bd53cd96d72d,1c0bf2cc6a54e654e2998054de32880ba1d5aa013b033c56f22afd9ee08597e5,Pedro Moreira Ramos,4.6,Foi razoável. Gostei de algumas partes mas outras não funcionaram.
ca9224ff1be30b6dd2603366d53da3b0d2e5aca66e27f87b01f8c648b20b9e54,d8a14afff13d99f706383c1f2fca87ac5cb84b95359401dd42ad183b39987019,Gabriela Almeida Reis,3.3,Achei irregular e pouco envolvente.
1ac74e4550d9d6a5d852ad733cb8ea4b0f1ea74f5221c8690f894bb31545c96e,e4d00dfd7635238eaa9630c1cbbdb16d4cac255bc257b65bfdab53a2e304ab56,Bernardo Gomes Reis,2.3,A ideia tinha potencial mas a execução me deixou insatisfeito.
2b635e0c75d83bef3aba3a3dd9118733ff8c50f00d9afd1d8f3ad3c85a18c96d,7c2501de83f0cc139c3c99179033cb4cc7c364da992f852e7297ea20200dce1a,Felipe Silva Reis,5.8,Valeu pela curiosidade mas não me empolgou.
055d8d2d8c8d2f235c253b4a5f349257964fc87eaaf175a05828d4bf8909a424,8f6ea9e01579e3e83af3f3571ea151334b50bbad61978c77752649617f1a28e4,Sofia Barbosa Sampaio,7.5,Saí contente e recomendaria para quem gosta do gênero.
3233a42c9a9c90f4fce74d7c48dce14d0b61072f5bf41633a61958b5176dc7c0,e687cc6418a641c7c83a8e11486db9ff9e45fbe8a6823f2c57e1cff42d62c8cd,Bernardo Barbosa Soares,6.9,Saí contente e recomendaria para quem gosta do gênero.
f3b7021d4975b8411ff85e7d45632a50ef714c9b45e90e86b052b6ab608cac68,189ced0436f9dea5270d9e55d80427aa35cd560bceb5dfd86b983ca30559ceb2,Débora Machado Soares,7.7,O filme funciona bem e vale a pena assistir.
c0a8aad2dac6f1ef700a2eacab570ffb4ead23ee6b08ffa0f8edc41b0795efd9,ecf27c0a136431b0d219722599382f7a5bb1bcc6864a41100777e8d9a8b0257f,João Martins Soares,9.2,Excelente filme. Aproveitei cada momento.
8ffbb61fd6081b18d131ba9dad3504a31691156163c44591664af16fb3c8c9fb,4e6cf275b7f3c84aac52bf8dc1602651ccbae0aafdba9f6f9770145d700fd5b6,Marcelo Barbosa Vieira,5.7,A experiência foi aceitável mas não me marcou.
d781ba09838c77571d7bfd4c93fbc0074cc108c77f8bbec65b780cc0a4efc3d9,73c123b6ab7c8e3713ff33cb72bde95a770c42074c96c12c870dfcf8b8fe335a,Lucas Almeida Xavier,5.4,Foi razoável. Gostei de algumas partes mas outras não funcionaram.
01b86196c47111ed41add54e54f411aefbc089539bed982c50399e05b3929ba5,dfec2d104d2b622116d33c34ee1e2657dddcda8026a3a3655c46fa1355377803,Renata Barbosa Xavier,6.2,Achei envolvente e aproveitei a maior parte da sessão.
a866461efd117c8d738cf91c7bdec6a8d0d70dd9647a11f9556a1e5fe770a317,3595a4ed0d978f6cbfaf413c3e85e017d11e5c139bca5bc4a823cd1a91fe22aa,Bernardo Moreira Xavier,6.2,Uma boa experiência que me manteve interessado.
48f56ec442084605061fd68ddc3b945b50c0377a6c98bc56e87f9ebe9a054b11,5bd4662e0e479e26ec8903df4f90bc43f2dc03138f73b1ba51eb7128de169d37,Débora Santos Xavier,5.1,A experiência foi aceitável mas não me marcou.
bb6051a28c93efa8ffbd190f542fa663d035b0da06da39acb8159349ab743367,61b9085f7da7e8c3cf12405e7ac64b9f6eb665ce8a567ad667dda72806949a4e,Débora Oliveira Batista,1.3,Saí decepcionado e não assistiria de novo.
3b5054b554c6742b566b035b70d4381a579fc71c8c4d965d8bb8eca19a72da57,92d419a6968a962e793e88672b674dbd4bfb60c776b00488bc3639a26dd858fc,Vanessa Silva Batista,3.1,Achei irregular e pouco envolvente.
ac348f19f8f98131e4f07f968e1b8a1373962160ac598f9b94e868e962f92495,41bc220bc7bc1a328f2e1ab9d7ab9288a46f278ea5d9938f8ffab38bfe6af570,Felipe Almeida Campos,5.6,A experiência foi aceitável mas não me marcou.
d5f8758662f95fb518e0c71e6a22ecd3cb6debe79c1f24b54cf1ec4adedae55f,50bae8a1793f3627b67d56c9383c4a6ab5e7a20d599e1511b39804f3e9a7a769,Gustavo Lima Campos,5.8,Valeu pela curiosidade mas não me empolgou.
c1522c60f7540405898c6e882b0dcde9073ed5eccf68b6a2d401b554f29bff60,02a1a954c251e43ed7cbd3c0ee587a2d258c4bf93636138d348ce3ec42e8fed6,Tatiane Martins Campos,9.1,Adorei o filme e recomendaria sem hesitar.
f63c9770b9e52fb0bfec00eff62af46000a5133d99fdbac033626f4c73a56151,a16162e228e28444954a170011a77e4d01ff7dbe0039f6b618228bf0ecc1a4a2,Helena Costa Carvalho,3.8,Teve alguns momentos interessantes mas no geral achei fraco.
dbed6908fd338de0545f2da79fd46e3e230fb0307aed2601ae2379223f231c7d,079ada55f58e980a667980fe7859a6da49cd9e125546d1384052eb6678342647,Mariana Nascimento Castro,9.1,Adorei o filme e recomendaria sem hesitar.
cf1e63084fdaa10517c0c2e3e90c1838f15f4791327ac0dba6afe0ddcfec976e,08175ac34f94e5bfe16ff79363fadca50274b137ab1f84a3cb382670e9edcbe9,Elisa Pereira Castro,3.7,Teve alguns momentos interessantes mas no geral achei fraco.
2ed73ea8d87efea82e5337b51e1856571891e975e0018e8155a0253815706002,3439bfce680ade7470749855b66a01298e1546c9cd3f26507b6111225ca4573c,Caio Costa Duarte,9.0,Gostei muito da sessão e o filme superou minhas expectativas.
ebcef2127285966d315c304e0a436b703d522c66ebcf68978eaf5a0741a48c78,349f8392346f8625a20efd39b367aedb4562d671ecdc66c5e58ab477448572f4,Henrique Costa Farias,4.6,A experiência foi aceitável mas não me marcou.
5bd17705f6091e0d7b884b218b8ea1a2e862dcbb2b44ffcb85bfb46726a7a2c7,98bcb417c2abb4f8d41259e57ca1022d7cd2bfffe7c998ffa877873c32511faa,Emília Gomes Farias,8.9,Excelente filme. Aproveitei cada momento.
6e7a5efd1e9a8b681a0cf08578efcbb2259cd9148a920666bf58a234bda47599,a611f9ebe403e3e26d97e2698c73a27a36f9e73443cbab462d2caaa1c8ffa1cb,Nicolas Silva Freitas,1.9,Quase nada funcionou para mim neste filme.
c9e81ea2a62e4bfc3f40a1fc52a1929f98904eeb4cddc1fd2e5c45f07100df69,909de89051f9af4e4cbcd543bc1b2e0298b2ec3982e549aed350663bb180a767,Vanessa Almeida Lopes,2.6,Achei irregular e pouco envolvente.
c2976b90a3993405962eba96f67d6690427e465079433ed5dc9db1073bf5cbe9,e560536c888712cea0c39c5154c171ea484f43d1e31a26656ee5e442e101063c,Diego Almeida Moura,5.8,Valeu pela curiosidade mas não me empolgou.
a67c4cb93d3fc617fde8d110df321391fe807ab727292ae70d12adad5ce5a7d4,e7864e7d663d7c4145dacfe639a35bdd029b97e89d3393b4ad68d240c38f5077,Samuel Martins Moura,1.4,Saí decepcionado e não assistiria de novo.
f8d69afb58eb2c2949299f167754bdeb83f2bbbc1f083ef663dff64cb5441963,d6c5931fc9df4bc834f80fcad80dc9d941df8a8d9d014d6987a6cdf18dc8875d,Débora Ferreira Pinto,4.4,Tem qualidades e defeitos na mesma medida.
f26b9263bb1383ee2914e181f063f1324675ccb73438b1f56c96698230d0779e,db98b62680562acacb462690ea009a2cfe97a713430306d2fed5488e3c94bff7,Ingrid Barbosa Reis,2.4,Há pontos positivos mas eles não compensam os problemas.
7058766e73bee5897f73e1eebf524e740234898d47e6f0caec909673fbedf714,26a42ef86aeb5fa4bc2d10b6ff39daa0363b549a98d91eaa68eb19008d9a079d,Giovana Dias Reis,3.15,Teve alguns momentos interessantes mas no geral achei fraco.
f88af1a05ebc94f457591dfc6e8c3cb53d610426a518921c3fd898dc68805fd4,f5c4f234cd3d059d02f3509239f9869f416b29b344f3dd03ccbd6fabc94d0f40,Clara Mendes Reis,3.6,Achei irregular e pouco envolvente.
8d77b71f71ba191e79a33566c4ff63dd2b9a2362858b0a9975f067521a16cd2c,29cda9f6029eb697c5cba377c8c7311f8d95d67770b0257c22d1698ad517e82a,Bruno Nascimento Reis,7.2,Gostei do filme e achei a sessão divertida.
63214cf357becd64af4e7dc19878be2a509e1eeaf49898d78ad700bd0926d61a,9331e3eb36980d1fcffd4f5c198d6611ea78f51e160d392b407454381c30a962,Natália Pereira Reis,3.1,Há pontos positivos mas eles não compensam os problemas.
20ce36d41e59ebee2da7828b7cddc05069a313481942ecfe706dbfbc2c1e5642,b01c611e21cef445b83ee854c2affd4c29026d7de7adb97d7836a81facd1b4f3,Samuel Pereira Sampaio,3.7,Achei irregular e pouco envolvente.
be017d83222ff7923339269bffb384a4a42d326e67892a375a50c826e5aa9b73,db8610d746f51f5217bdfdcac18658f14891778e1b4418521d189adf3ddd4666,Paulo Rodrigues Sampaio,2.95,Não me prendeu e terminou abaixo das minhas expectativas.
d3937016b4a68bca7d04e5fc7ade23779bb9471b22515bea86d99222eac48603,1b07dd3072d6693c7ce0fdde6541ba7a59bc164a06a7584f70baf835b1c52f6b,Beatriz Santos Sampaio,3.35,Há pontos positivos mas eles não compensam os problemas.
03f5d8489f13540b6adf443375005dcbf7cc3745a6e5516d4836091adfacbe5d,578b5ab26ba0dac147e811afeddbd64406002f5f729a015b5a348fe1ff53bf71,Patrícia Lima Soares,8.0,Uma ótima experiência que me prendeu do início ao fim.
012ed718daba04d7a6412a89079ae31045ea66958053a9a7d60a080251f689bd,9a754cb8fbc53ebe0a59e3a177702d52c248782388d90d93ee74321690a51bbd,Camila Dias Teixeira,8.2,Gostei muito da sessão e o filme superou minhas expectativas.
5e4329b83b4772c878599a9546840658d787017497bb3981de3eba54d60fb1c7,6aac106b8d90d063185bc8a602d2268b55d38f8d7df346c6443a7ad981279fe5,Vanessa Rocha Teixeira,2.4,Achei irregular e pouco envolvente.
7dd03353562e54b8a04630460faf646d20be5376f0d713a48e4d91783795714f,7897761c28b08de9a0b008b24bc8851333ec1b84df016a95165d4810607792ac,Sofia Silva Teixeira,6.9,Achei envolvente e aproveitei a maior parte da sessão.
2df9453402d4269a0ed31b0f3c638ae899c953f4a7cccebaf1e48225c817b569,762e2443fa1921ad2d32e6105586f56e99b1f5bd857dedcf3d33c7189fb1f437,Natália Almeida Azevedo,1.1,Quase nada funcionou para mim neste filme.
c5367e485c482371cca7dcbc37621d43a05e0d90c2b76294fc2c5569cdf67b04,107dad237e326691a250715fbb216b6190f78d068988cfe92f1a16706708bcbb,Camila Pereira Azevedo,8.9,Saí impressionado e quero assistir novamente.
d4c13c4356c8c547c9d9dc8a37cc69c25c9ff05ac1c8d0adb210c24215844f85,1d7887fae6b9814c3bd576121855f9191625867443e19d93c8f0b95cab86fe83,Marcelo Silva Azevedo,5.3,Valeu pela curiosidade mas não me empolgou.
53baa6be1cf0b9ea187e466b54dd3d1ab0cb21f7205e8759b3c32e5fbf42864a,86aeef67fc162b085705007b1b1e95b129b897e09516c7b538345a4ebef37bab,Leandro Martins Batista,1.5,Foi uma sessão frustrante que não recomendo.
c632a8f966a882cd48a54aa2fd5c10a73ef71431eb378f7bb63fe45aa4eef46d,7dd9b4571da7075b6ce7c6bee818a8efc21c3a00e226e0eb0fac7f690205eb3c,Pedro Ribeiro Batista,10.0,Excelente filme. Aproveitei cada momento.
0fc41dfd7f29083b507aefeed461dbebc8b27e5cad702043787ff94b58fd359d,f1f9b1b0c42ae3209752cc102aa2fd703e7452da9f8d71c99b04caa50754ae5e,Juliana Oliveira Farias,2.3,A ideia tinha potencial mas a execução me deixou insatisfeito.
e35771080b29e7cb567671b05e5159fc2805f6c9eb7e4499ef82aaad9c7b2c4e,704908b5824c49b0a760b734256a3aca6d2a400e923cbb313b2cbd025fbe7459,André Dias Lopes,2.7,Teve alguns momentos interessantes mas no geral achei fraco.
d02979f4144af4c1787f5258781bdb4773090a53cc3395524f2d6155e9e09676,aa7016431555e48b0b27de51f195ea80687b99985cd17b2d1c1251d9917988d8,Gustavo Monteiro Moura,5.6,Tem qualidades e defeitos na mesma medida.
74f5220d536675a3620d3e6262e41eebaac333c7328b456cdeb7b964276a289f,57b74b1a3c02908f794b553e0966915e1d23c9ea2e9438598e62b6de38c6bd08,Mariana Barbosa Nogueira,2.3,Não me prendeu e terminou abaixo das minhas expectativas.
65fe024d28886e2f36549feb4a078878eaa34f6bc29d61dbc8b52efa1443db0e,ccc6b911dc86253e87bedb86ca42e5872e4592f3d367b03d12ccd1cf53d9aca7,André Pereira Pinto,9.6,Excelente filme. Aproveitei cada momento.
c4363e8f6f38603d4ea27a47553d3d1c9f55c42fb7106bcb791178fda95296bc,7377609d2a9f01699abd915c44de55986188786a39c184b5936b6eb4baafccbe,Fábio Ribeiro Pinto,2.7,Achei irregular e pouco envolvente.
450dfd8b02dd026b559eec6d414002296ad75c9ba55267220c0bcd344d1ceb44,9d8f7dd93b9c7202fb8af11e0fcf7918bf888310e5d4f8fba89aad4692886348,Giovana Moreira Ramos,6.3,Uma boa experiência que me manteve interessado.
3af5924ae61f5349d290f4d934b9a76130519573927b60835fab4602189c742c,b4f7469e3ab7f3dac60b79a4d5da2de9e793710d7c4fe831bcdd279e6fa349b8,Emília Pereira Ramos,2.1,A ideia tinha potencial mas a execução me deixou insatisfeito.
db2e657f4bec0af9fd801357a8dc8df93dca33305fd22e71e1279296362bd81d,d841468ad796107c872c522eacc09bb8319e4a7f08c6457e7d795f3081b86d7c,Sofia Rocha Ramos,5.4,Foi razoável. Gostei de algumas partes mas outras não funcionaram.
d1e0ebb06e62ff1be77efb88d91310d3b7b81574b95f1f093a2df536f8f1edb7,64d39cd0578ad3fc3be16e64b86a0fb3511ea29a878d348705d9742acbc99ccd,Alice Almeida Reis,7.3,O filme funciona bem e vale a pena assistir.
18a99c81d03467259357c0e47f2b7e5fc5cb378bc7e32298a646b482c3b90977,f279ec73bc44f3146f4349b8aaf74259d6c43656cbc21c13a0e73a4ec1260bfd,Isabela Machado Reis,2.6,Achei irregular e pouco envolvente.
d4e813b513a837d8cb3ce5ddc108ea22ee670f1558157300c33fdc03bd9b25cd,bc8f5eba6d350fca8d38771e054f52477af797a729fa0c920cfd168f02672a55,Giovana Lima Sampaio,3.4,Não me prendeu e terminou abaixo das minhas expectativas.
bddf767e4ac88e0d33d3b02292fb4bf3766eb16f4d405bb362a06d7232f1fd1b,038c4be49db8402a00bc77fb60cb3acfd686bd97954a1bd725c3b10c34eab650,Patrícia Pereira Sampaio,10.0,Excelente filme. Aproveitei cada momento.
03adef68fd0e55af9c117d243181dc52a38a0e8080f08f67abcbeec9c3be6f23,9963a8353eaa1cdb9d384fb8f62aeb2b6f9fabfd49cfb83ad416fe50e44b481a,Hugo Costa Soares,6.0,Achei envolvente e aproveitei a maior parte da sessão.
8ccf52ed6270b7c868b7da6c2c332658afe97283fc17493514b189c747a41414,e11d7dfbe3e51ed1b254ac3929cb32e0221463bd2f44c764f166fab3f948e660,Thiago Machado Soares,1.2,Saí decepcionado e não assistiria de novo.
51332ec740a270b2ddcafe7bccb430dc5fdfa135f723a159b4d1e6d3d759dc9f,8caa7cb25929bb6eb38e8af31396326fd27dba88143cd05a08a8b416900f9bc3,Fábio Barbosa Vieira,4.2,Tem qualidades e defeitos na mesma medida.
5ab75016964aab3d8e372d77a53d7d0098a2184d0a2ab6ccf16dfe042f12f85a,e3409872a1eda8de57af50693fb64997ff77f5864ca960b098dbf1bb0cfed28a,Camila Lima Vieira,2.3,Teve alguns momentos interessantes mas no geral achei fraco.
59d28f8ca8fb548352d836d9f5d8f61ff12d062a8621c7edb605d3f403279ca1,0fab9e448b93219de0a43322fa2cbbe75f4e3b9bf4d74f1dbd99e921d6aa463a,Bernardo Lima Vieira,4.2,A experiência foi aceitável mas não me marcou.
d904085b662c60ac860313e84f6e331dd0ec7738b77e4b5aaa0c6b310759e0da,b5b6d4f53544128acda4a86bbe71c76c67508359239966e470c8ef2640dc3e11,Nicolas Santos Vieira,5.9,Um filme mediano que entretém em certos momentos.
717e0636079d515cac28b8eae05a139fe8e279dc8c974a8668887d64db6b5566,c6bb38fe3debae78f813f40110dc59e61392adcbc12a9180905af38940b68aeb,Elisa Silva Xavier,9.4,Gostei muito da sessão e o filme superou minhas expectativas.
0dc06852c569d1b97db7a0dc317db8bf9efa0a98bbf8c2096fe67689b511b622,c1c594c488ffe995887e453420aec8c5bf2570a3db8a0e5cb0343314a36b4b84,Diego Silva Xavier,1.5,Quase nada funcionou para mim neste filme.
be2ba440ccfd412571648a470bec6a783dd91f65f0feea07e5d3f2952c57984d,22128432edf2bd4c0aeabc159bc930dfa9d2a1f1fba673eab0fd248c3bd96b5d,Vinícius Ferreira Azevedo,1.1,Achei muito fraco e não consegui me envolver com a história.
bb9b1dba4885a696376a0b7c2e6d5abdca14e0a51b0ef00d225814e1fa88c068,2f51d357da99f3b5b2fe2f8517086329083584c25e1c7a64dc578202c1a2267c,João Mendes Azevedo,3.85,Teve alguns momentos interessantes mas no geral achei fraco.
79f436075f2559eee2058ef4ff1e067f11802b87383b13104e01af64031ad4fa,0ae01eef9bfbdf6617b7b7054d2b6a77776efbf33e9be790c925ee827e3ad940,Beatriz Moreira Azevedo,4.7,A experiência foi aceitável mas não me marcou.
b2c07a91faf6e3167b10ed676df14c072d3f998601617b93a907d6e9ebe25d94,ca1f7c095a91ef864d18608d0cc496c72d53539bcbd79a9fa5fe720cf8284f3f,Alice Barbosa Batista,3.3,Teve alguns momentos interessantes mas no geral achei fraco.
1d4a0627fe6e5de44810a354fceff9f3035d640bfa7f43b86d5b886671eb04bd,955f2aed8327924221eea37418ad3d7001142dcc10f47edbbf23fa88b79a63cd,Caio Machado Batista,3.5,Achei irregular e pouco envolvente.
962b944444f163a8b9572df5ebbf5dbb9593990883ea0beea154de31bacab02a,1719ccce90779ee6fc9c2b7937df2da61fe1fce978b11655b9c7d17cd1816ffb,Bernardo Rodrigues Batista,4.2,A experiência foi aceitável mas não me marcou.
58affac1fc4151bc546671485e31f9763981d0d00db69da06e66d53e35f5ef4c,9e173c5b917883b8f8ca3316c3d404a366aa05e6e94207d4989a4998c842fa66,Emília Monteiro Campos,8.6,Uma ótima experiência que me prendeu do início ao fim.
72e9cae8178555905a271626d0c60f93c802baa70d3031d6701856567d434e19,eb1597037bb55dac9f2048f8203463da0f56a81beee7f7edbde0fd21c5321146,Isabela Dias Carvalho,3.7,Não me prendeu e terminou abaixo das minhas expectativas.
d70dcccdba44cb4e0a7c6a7574144c718e7ee6607d8f80d1aaa2fe1439aaf76d,6cd6c83510c30a5a9d3178cf4ba855c58d210fdbc928fd5ac2dd0858590cd26a,Fábio Lima Carvalho,3.5,Teve alguns momentos interessantes mas no geral achei fraco.
6ee7d149876b710327b081820c3d919dc73c49fa3d9ef28adf76bf1fd58ea020,af897c4962ed1bb51dc7729d1f01d2b085ad2aa4778e84af0e78c88c219f98bc,Igor Mendes Castro,1.5,Não gostei do filme. A experiência foi cansativa e decepcionante.
99da012446097c30de4d26379b217dbfca2cc95ea0ec38a9c5212fb79a9db08a,2c558e588705487055d26e26c856239e993934cfa9e7c6bc0557f49bfe1ad7d3,Patrícia Monteiro Castro,9.6,Adorei o filme e recomendaria sem hesitar.
ff54ad96de21736eb07c21a46706326e4bc6da9472f7a8879ec1be957a07079b,6b1a93d3616cb37ae073699638bb97f2689cd0614c9f3113f2af66594c71db5e,Clara Dias Duarte,3.9,Não me prendeu e terminou abaixo das minhas expectativas.
f01ebed980a840ca520357fdfd0b5f3239091cf7f39c88540c340d7c02aa3fc8,d4af9b1e9f523278d1bfcca65343ed2c493cb382ccbb2322fb500a9771408707,Fernanda Lima Farias,2.7,Achei irregular e pouco envolvente.
02df9ac9a5c167685577d37450830acc05b681b826c398302042c507395a3717,37e70662642f278e4d31945ccb6c1330be6b9bde2bc695959ab2df412fb661f0,Débora Ferreira Lopes,2.5,Há pontos positivos mas eles não compensam os problemas.
f7b40caa2aa52b8b5cf7b5befc2d4c550e92a2096cb34e9ed466c444c3e9f5d9,ec762bd47c54ab524cf1aed78e7b3c2d2966204010656555a0c744ad62bbbba5,Paulo Lima Lopes,0.7,Quase nada funcionou para mim neste filme.
d69b8b5c37cf4f6cdfa08aede1825bc81840ec91622d178908a9bd29d8a4f1cd,b62d781188e983af96175ac6b4d65986ec55208c04b34134d59652722266c67a,Emília Moreira Lopes,8.8,Gostei muito da sessão e o filme superou minhas expectativas.
e13c14adbb8148fd0dcdecc469ea34b0e78e1dbc46971456a49d391b088ade0f,66fcf5366ed98290bf683852e88fb67ad6934a151716b42cad44446892b05e62,Diego Monteiro Moura,3.6,Teve alguns momentos interessantes mas no geral achei fraco.
ebfe96bf2e2243243402684d8cb4df81bd65e169d6b9b8e7b00ea2639ec49a07,117d85a2445fec730925ce474c18f49fd78a1b9564f2d359ca98bc05db20c7b9,Felipe Cardoso Ramos,9.3,Uma ótima experiência que me prendeu do início ao fim.
0f47b4fe6af65c1ab8254e571ff1c07729da6e717bf613fa6638ef90575bdc71,632e831a529677c9c24d508bef58420896bd1eb6d58c4829ee70cbe6f3a80502,Sofia Dias Ramos,3.0,Achei irregular e pouco envolvente.
5ee79cde0c3f00755e07bb18bc6479fa87325a2fcfaef96da631bdad41f601a4,b08c42fe0a63ebfbf49b864c6c540d4f4f50c80ec17d17d9aaea241410a18125,Tatiane Monteiro Ramos,6.4,Gostei do filme e achei a sessão divertida.
5e75e3a5feb71548b25d0b81e4d04d4ecccb40a23e9206dcbf5bef3b4284a1a4,edc98b28d394db249e03cea0feaa68cccf3195f2a38b26cf04e2b4dcbb66f08b,Alice Costa Sampaio,7.8,Achei envolvente e aproveitei a maior parte da sessão.
0b6efb78e8249eec7ea6273a8341cca6a8e387830c3a4fd829af55bea69f0cff,210a740c90d316a9ed3d1c5536e0edefaff7e8f559f3f2f087da63d4f2290f2d,Tatiane Gomes Sampaio,5.6,Um filme mediano que entretém em certos momentos.
00efcd0d29283b17a9aee7e295e0a095b424b8f69ddb388b1156ed7cba652f03,013ececaca675f51734f4bd77e7dce8cfe6e3c2562a052ab3727affc90c26f09,Diego Rocha Sampaio,0.2,Não gostei do filme. A experiência foi cansativa e decepcionante.
5c64a27ff54445f9bbddf70429d2d3ce5800a127843a40ac34a682bf3562e9ce,ff94373dc3b67566fc42b16b973db15c03b7c4230c44942a40da8da7632390d2,Emília Nascimento Soares,9.1,Gostei muito da sessão e o filme superou minhas expectativas.
7cbc003a5323dd97b4cd454a20449506b405dbca18e3f62f38a5ac543e89bd38,684344ccc0d0f745f3edbfa32d1e9c28b4b3c792f03401872909e989fe5f39b4,Sofia Pereira Soares,8.3,Excelente filme. Aproveitei cada momento.
17e14cc612472917c3a3e3afa18b7a82796b60718da76e18cfefc362e84549fd,4f9b036d7a6b73dc3b34c4e06bb1cff5dd9fbaf3803b01e257bf15d6f22aeeaa,Beatriz Dias Vieira,4.6,Tem qualidades e defeitos na mesma medida.
a65f7b964731b461d7118938b2c3a5ab9ac502b2194e7ba6813c9dcdcb8046e6,7b8476d8ae397d5ddc5e672f857696d6f09a23512ad521a85f0cd14e527ad85c,Sofia Ferreira Azevedo,5.6,Tem qualidades e defeitos na mesma medida.
0c59d49705cf25da92765fdcd87433de0d08e1f94f36fccef27de2ac42d97ca4,3ce729ddbd3d134c0c095b57779580334289450b38f4d7cdcd705a086545f1c8,Patrícia Machado Azevedo,9.5,Uma ótima experiência que me prendeu do início ao fim.
2ea1540e3e551046183b23c237741485307ca5c9bf995efcd5d01a789b5c42e9,582127ac168d877440b65336a80afef309ac39e50a4cf8c9a0c260057048434c,Rafael Dias Batista,7.3,Uma boa experiência que me manteve interessado.
76c74b68f25e6a11f41da9f80334da57835d0972d140a5500d49bb0d032ed17e,975432bb0f7623ceb75d1c41acff320897a684cbab41d4449a9f3c6dd206dd96,Marcelo Mendes Batista,7.1,Saí contente e recomendaria para quem gosta do gênero.
ff7fba9425abc2ed7184dceec49d21d2e0ae2edbf005eb84deddd35d01c92268,b1a49f9fe524f9e51a786f1c69b8334635624df4dcba7c5383b2c9a26fbff3e0,Ingrid Nascimento Batista,5.8,Um filme mediano que entretém em certos momentos.
116398683b81c1c3e2a9e7dcc2a01c5d3df7e9731aaa844da83c131246146abf,33360c156dc9bee451b9f547a3560da16990b1440f2c13894e438747b92bd334,Juliana Santos Campos,8.8,Adorei o filme e recomendaria sem hesitar.
e98c0b44695f00802da47d83950f3673cbc697e62822627bc065e02dca094567,a24db52c148bceed6b8e35042495e91fa3dc0d1c064e04d1c54226723ead3dd5,Débora Lima Carvalho,4.0,Um filme mediano que entretém em certos momentos.
82fda96b80be047e467339b8ef51c766bfe4577ab82c2e612dd57009f98168dd,af9cedda69741d46418198ee4db7d7a014fd6943aac79a8f9ac043eae01b289c,Gustavo Almeida Castro,7.4,Saí contente e recomendaria para quem gosta do gênero.
a9591ab9e12a63e993b8068a82d5d4cc55865559a3928825e56c9688b9043def,40bfca98ad159060afd4e2722a0694274b93d7038642d0ce8852c751e6e77d85,Pedro Barbosa Castro,3.0,A ideia tinha potencial mas a execução me deixou insatisfeito.
f9167aeff8eaebea171b7bc072f1e8e39dc5f68ef772e583d4e5bac0b9fd453b,d71a5e65408290042b67e581e000819a344d0d9aa0896c5416e9b21462212870,Tatiane Cardoso Castro,4.8,A experiência foi aceitável mas não me marcou.
52ced9d27b3fcb214de1a51f5a2809aebbca9377bc621075957e28ace14a00df,60e8ac5b0f33b8e9fe1390344eb65700d9c1edfd5d086a001cae79622929b9da,Beatriz Ribeiro Freitas,8.8,Saí impressionado e quero assistir novamente.
24e27c64833aae0e9f9dfd74c721bb84058d976a0e6e5a7a78843d838c0781d6,90d6409bc9970e27bc896df473049cfba3ea388942a96115df7b9dd0aecb383d,Emília Pereira Moura,8.4,Gostei muito da sessão e o filme superou minhas expectativas.
64d52a5dfe7e3de5b0278599b66d7c4c6ae7effefdeda7bc92e9925d24b54372,f25782127c0674583c7a85b6798d1b44ff9b3bab2d78fcd0982892388bd3d2ec,Olívia Martins Nogueira,1.1,Quase nada funcionou para mim neste filme.
a49e5dcd651fc855f8153d7a946cf854a31979b9d33fe227b019fbc5710ffe1a,db18329faad1f9bb7513b219e0fde1f90f48e110f3861637af53169ba396c530,Gabriela Monteiro Nogueira,7.8,Uma boa experiência que me manteve interessado.
1e1e0986ff40cf62d127f81941447af1cb3a8f8d1fa7e2319749bf7a0258252c,12deb317cebf2f15dc49927f53ad9343d82a3a61bad754782ffa8e66bdaeb55c,Juliana Mendes Ramos,6.1,Saí contente e recomendaria para quem gosta do gênero.
75ab17fd526f3de42df93c4b0a0cdf9ec4a2456fce22b8ab2553c70125c2912b,3e5f58e06c03a943654d0318b1846dedd7a2404cfdd40eb3aca071fe109b52f3,Débora Oliveira Sampaio,6.4,Gostei do filme e achei a sessão divertida.
91ee024f2974f6dd77b2086b8c76195452fa6649a990c6452e9b41e702d79d7d,be7c5641db9242729a75ecec05382e37937da986b1c4a6e0c8e8f7b17d06dba0,Leandro Barbosa Soares,2.0,Saí decepcionado e não assistiria de novo.
1b496836794a96adfbd9acd232a461367e0a452e815f7142e4377d5baffa9e42,3f843825f993dd6fad0f6f179b282410b616ac66f1905831f6769a15f8e9ca33,Mariana Rodrigues Soares,3.55,A ideia tinha potencial mas a execução me deixou insatisfeito.
b90a4938b7b3450d27de5cf37d684be6e7c1b532b1ee61188d7ac57b497742ea,23c0d0f333d4e7a53f7182f7340d11cbb70581abe8484e2271dbb12282f8ea69,Ana Ferreira Teixeira,5.9,Um filme mediano que entretém em certos momentos.
14074825e8b4bea7455f30b01a494020836f733011b4c7d2e1ba27da1e6c8f8a,0119613a0646be3cdfd3bb2deca150558f585bef66f86e3f4cc34406d2d5b266,Emília Monteiro Xavier,1.6,Não gostei do filme. A experiência foi cansativa e decepcionante.
6bdc8c611c78d499966b0bf22e8c8222341a613eb85ec2f8403303ae8282a9a2,2e0b065c5b7ddb59138691f6d8432b76580508dbd4b5666ee61cf83eaa376614,Gustavo Rodrigues Xavier,1.4,Não gostei do filme. A experiência foi cansativa e decepcionante.
64e71cb54cc16256500bb1bee8a8ec909afb7a9bb3c1fc5898520ec51d38c7f5,fd0a0b5eead5b1fc498015d1be3eb06736ac24b51a775eb7eceddb79275e6369,Sofia Machado Batista,9.3,Saí impressionado e quero assistir novamente.
3f938d39b95dbd899a47eaf7e35b9e20ec0a7c2874f805651bb8231da13c1a64,f67efdc96612a282f771072ad6acf075ad889311d266562bd7c87ed08ade5c15,Igor Mendes Batista,9.3,Uma ótima experiência que me prendeu do início ao fim.
1e54e87fe28fcebb87ad15031ab9c3215abb407a8fce02391b369527deec252b,350e184c90319341481cb6de7c7725aa5d3ed487a7d956fd065a03c244ea2c51,Tatiane Pereira Batista,5.7,Valeu pela curiosidade mas não me empolgou.
e80dce296e7cf863734f5c0c384993b231f5d525303e7d39a69cdc0d3e3159a8,6288b42757c33a1dbf3ed911dee62c23a2abd29fcc1fb922212a700bbb7191d0,André Barbosa Campos,3.1,Há pontos positivos mas eles não compensam os problemas.
93e75b702cdb4f84cefc4a96ba564788739d28a3af8716bbf07691ba8335097c,4ce5a2f3b28b91d41580ab5435aae202076b65001514e16ec82383720c434038,Emília Barbosa Carvalho,0.6,Foi uma sessão frustrante que não recomendo.
7279cdb9a0e589a232663328368fe33ccf618d3278348198b310e8e8fddb3743,10a2c5e3b9565e9e8332bb443d992b08acd5fb2c8d5bfac3a43dc2f3d2ea702e,Ingrid Monteiro Castro,4.5,Foi razoável. Gostei de algumas partes mas outras não funcionaram.
32daa801716d110a43f77348bf0288150d242f55500c4401e722464d93a6869b,d119a17c2b0b0b50e6e0136fef1840f4c423a1e0b12050c5cdf72a15df6f4f24,Leandro Rodrigues Castro,3.0,Teve alguns momentos interessantes mas no geral achei fraco.
e6b593130e5c459ffeb6f17f7a3e205678264c9539138fa3709b17c2b19e40f7,b0caff459c8ddaaf11ebf470b75583d43a0f7cc57fd5f6c29fcbdaf1b0186192,Clara Silva Castro,1.9,Foi uma sessão frustrante que não recomendo.
0fc10a4553d061be03205a34e7be60be090ff8698cb8a03f68065e14cbf04979,6ec375ed9c84264f03ab9eaa11865a884592c5ef8a3262e88e617eea178e43d1,Helena Silva Cunha,0.4,Quase nada funcionou para mim neste filme.
11f328cec4b8a1e4b11528feaf420d182fb3b85401ff50a81c8d201c11a552e6,2dffa80ceb7049e2c1770f560eab8e8c36d6f249ad21b0d68ba39b711be516c7,Diego Monteiro Farias,0.2,Foi uma sessão frustrante que não recomendo.
50ed4d795384e4304421f0b558d62212225aaee003969d8848120b2fbd71b7d0,982a5f1dcfcb1a4b3ade8f3459911778d2a9cd86c170e9472e3184874d55fc58,Ingrid Barbosa Freitas,2.9,Achei irregular e pouco envolvente.
0ca131df3bd362c3e8fe39a17f38ac9cf8c2d2515384434423a4af36a9c9c751,7062cd829c976c41a999e91821dddc1130d40b62614f1e291ebdbf2ffca8fc46,Paulo Cardoso Freitas,5.7,Tem qualidades e defeitos na mesma medida.
3710cf865083993052b1b9a21990b4eb297c2b68b1cb087aeb24e578075883e9,e663e4f44bbcbbdea26186163222a89669169d96dfb9c23cefaa1d23fc883ad8,Giovana Dias Freitas,3.6,Não me prendeu e terminou abaixo das minhas expectativas.
17eb0793282f5e768241c174120737d0881838a179bb7c263f7abc12b12bc148,fac7be1fe3a57618c9328a21d6e6367087f76f6e4bd56432800321af528ee3f3,Marta Oliveira Lopes,3.8,Há pontos positivos mas eles não compensam os problemas.
f98f1be4ce4a908733410574d031eefda1327e28bfbce8d30c78915a89368271,11ba0986b75639496bc5c58dad366a16b4c803d4391eea209f1e9b41e0c0c8a7,Samuel Pereira Lopes,4.9,Um filme mediano que entretém em certos momentos.
866bfefde6e029241952f7255c7845dc62d528cd880ae025b98e187db2de742b,9de99580037118f3cb00730db29405f7603db526be2bcd2ee3b094825b62aea6,Natália Mendes Moura,5.7,Foi razoável. Gostei de algumas partes mas outras não funcionaram.
5639b8a0f3d3743119d7028e6c88c407f368e68136ba17bc2f714fcf86fa6954,d5f7a0e49675792916f3c88790012baa8055fbcbdfb425f30623dcd9d7e72728,Fábio Santos Moura,3.2,Há pontos positivos mas eles não compensam os problemas.
4ed266a98afc9b42daf39904f3de1880c7433c5b3838d423c4d4b8cceb8285a4,2e121f2e8ecf599032537b7b9bb093c0f329d808cd9cbf9d2701f99904139cd9,Bernardo Dias Nogueira,4.1,Um filme mediano que entretém em certos momentos.
3c038a3e7061142ca4a55330c8be70f2df4f7790d2b7c8f4ba7d634b251057be,5879a260d75f1bba0d2e96c7be4b14f1bd9673bdac52dadef64acef17d0b2124,Samuel Mendes Nogueira,1.9,Achei muito fraco e não consegui me envolver com a história.
84cf182919b7ca0e774b0b84fe4d47bd18e8d8af07ca6695fd58d72c8dc7c7ae,67593ccf6be18a025cd3ce1cfa4d16443a16535257d32e195fb6559b101842ff,Débora Monteiro Nogueira,6.6,O filme funciona bem e vale a pena assistir.
350af6fdce32fafbeb0ba8cca98dcb635c766b7b069046107e5bd0900dfcc1b3,75c7e03720ef47504754f629a657578b910a46d9c9c6b85df70369874ccaa3eb,Larissa Machado Pinto,5.45,Um filme mediano que entretém em certos momentos.
ae8c1bf4dadc9ca6f070b1dcdad15358ac8c4d420ebb84e6a3a024fc7b4aed1a,1ee932b40e3359999e5ea462f3e3160c73c407d5106c49247a299f7ce574c6d7,Daniel Ribeiro Ramos,2.5,Teve alguns momentos interessantes mas no geral achei fraco.
5fef674d840270a04b45779fe278687c6b0dc1eeb1117e953f94c556116e3c02,20b6604c5ebcca3d5694b4b6fe6fffc15b0e7640b66cc40aba1c1fdc7f972f4c,Lucas Costa Reis,1.9,Foi uma sessão frustrante que não recomendo.
f4edd0e830e75e455f4d3f37622a2af6bd6d39ef668ebe64f8747188c78e4a4f,276ef5462c1bf524e1ad81c35fb924832eeb81d78874cba6e7fd871cb56dfe53,Juliana Nascimento Reis,1.8,Foi uma sessão frustrante que não recomendo.
41ef4855723625781f2d13312a8238b492bed9f33c1ce96477ab1a6b28221f05,e0092cc7d9a0a5a386a80b28f7aa136308115d5cba72d452f15f79683ab9a877,Vinícius Rodrigues Reis,1.5,Achei muito fraco e não consegui me envolver com a história.
2dbd9e5fe0e3d39adf0b2252d92e261bce576d12822d7426f3312ef10d73b140,bb104d13eaaf83c63633d9655270aa57c6fe16afdbba40f293626e7145133b46,Débora Barbosa Sampaio,1.3,Achei muito fraco e não consegui me envolver com a história.
04d0f9f894d890d19a6c8373128307c1a9638e72eb92600d086fa804a62ebb2c,6f659b2cf3d04e8a9b6dead0b30f7737f0727951a3ea624cc9c2a6c80424afff,Camila Mendes Soares,5.7,Um filme mediano que entretém em certos momentos.
cb9980495e64d6383f2ee8921405c5185c27db48a44c185d21e714a12562d652,a18bfcb865aa5c007b19ff4dc0fbc1d185e1f155cc7d7fbede64aaaeea773d00,Helena Monteiro Soares,4.2,A experiência foi aceitável mas não me marcou.
45f1827ae79d851bb58a994024b81d119b88655266f3c4151d9a640c5e218287,0e3cbbeab873b931987b8a2b4b89b70c504f320e227293b5a7901af8d16487c6,Vanessa Cardoso Teixeira,5.1,Foi razoável. Gostei de algumas partes mas outras não funcionaram.
08461d2337b1f217f35d1b54148790bf3679615d27279962bae8e3baad769167,00bb8fd0584557d1cda8274bd5880be856e5b06e0d6867c38a21bc81d016e15c,Larissa Oliveira Teixeira,3.7,Achei irregular e pouco envolvente.
7b968fdc92d65366406f24bcf86358266d3efda534ab064041c57a85bdfeaa47,c9e7b598d294616ca314f27facc64b6491a23ec78cf8d07dec7a3e36d209026e,Gabriela Silva Teixeira,0.4,Foi uma sessão frustrante que não recomendo.
38a10d7384b22afef1a105554a68e72ff767f432198704f54760289f5c9dfc58,24528832d17fb118c0ac7eb4ff7340d748d04f050b4459b6d9ac59a5766ac84c,Paulo Oliveira Vieira,1.1,Quase nada funcionou para mim neste filme.
00be9e735bd324968655fa63faab455c1b44215b21631c38d0afb3c96676c961,8ee4c935452f2623e3650963f026bb9a20ae6e846bf93e289924ed36e8cf7f57,Helena Barbosa Azevedo,5.2,Valeu pela curiosidade mas não me empolgou.
68fa0d0ae4a31a71ad6026e2905535b65ad4c79c6053e65a2089ca381a238f12,8579ecc275998b4d6bee6d209d39b3ccc09e303c794405732c3ec5147aa2a1d5,Pedro Barbosa Batista,6.7,Achei envolvente e aproveitei a maior parte da sessão.
3543b6ccbe217d4b580eea301b78582be0dc33f189a735510af19a19985a0344,61be8724c3bf03d5947cabd0eebb29c3e72f9865614253b98d11031ee0283a52,Pedro Rocha Campos,9.9,Saí impressionado e quero assistir novamente.
f7186072c4dc4c13620b532a85470cce6bcef263db1e7f14d0b21136a0be1879,f0cec13fd54d2ea9aab8f921b73600439e61139a93631cbc5fed55621c54cccf,Olívia Costa Carvalho,0.1,Saí decepcionado e não assistiria de novo.
ff09626c62b9d189dfbae96de370503e465260a267d00bdf94013e18a007e3d0,24856d6e6f8b78bc72a66dbeb0cd61fe1771b8a4b34a4c1a03e7dd1e736ea514,Sofia Gomes Castro,2.3,Não me prendeu e terminou abaixo das minhas expectativas.
ffb5095fdaeb1c09d450ceedeb669e6756163f4db146cc09fd5ee7e099dc8bbc,14088e5c16cd891a291b2025f1bc61b875fb261147f6e2737e93a9b5e9f010e8,Nicolas Rodrigues Cunha,9.8,Excelente filme. Aproveitei cada momento.
7715e30725c26b7f3b359329fd5417c4191b31eecfa3653932f018813ce69ae8,7d8c9b6227fab257b925439232cb71e48d788ada97bb4c52f42ee20c6b5eb9b5,Larissa Mendes Duarte,7.6,Uma boa experiência que me manteve interessado.
c641d4ecd68a0a746039f082db7aa417fb9972808a30a6a23c86b1b0e8622b5f,53593161635d16fb7a2048e22c166b9c6ef7313be355250ce735bc32fed97391,Débora Machado Farias,5.0,A experiência foi aceitável mas não me marcou.
7aa4f1cce636073e919e34a86a83b096e12cc612b22b5b079c8d3af5967bad4f,08f1cade2f28b03eaa8e1641ff2d59eb2c3365e587304961c1c2a92316e28db6,Paulo Ferreira Lopes,5.4,Tem qualidades e defeitos na mesma medida.
8641e110444d568e989da58b184c8476154113aa4219633cfc30593b59fe801a,adcc822477d8f4e38b189a956256e63fd387de2f36f5a36ecf3585617ac08499,Felipe Mendes Lopes,9.15,Excelente filme. Aproveitei cada momento.
aeaf51d100d9d9e15e1d7a9b5c7162777ec86d1df7bab1b7118d93c1b7bcd0e6,7a36e5f5391e7c25f241ac0eaef8c4c2824db28c1b436e6a1b92dcf836ec65a7,Larissa Almeida Moura,5.4,Foi razoável. Gostei de algumas partes mas outras não funcionaram.
4e56a529e22305fc9d257fb21049e38726ace761cb6156c17f3c132ac5d7a9e3,57b21145dcdd8d9ff6b47c4ffa002ef03f10468e45f4fcc5834cd0f437442f14,Eduardo Pereira Nogueira,6.9,Uma boa experiência que me manteve interessado.
120dbfdfcd78610414cbd24f13857fab6095c4692730f2b0d8824fd279010dd2,10a27cbc0040f25037c3605ba165cb699c0b655e8f72884fb67a46a52d96c720,Isabela Santos Nogueira,8.6,Excelente filme. Aproveitei cada momento.
9fe722885517ae3a43c735b666f0bc68184584575db9f1ab4dc6ee680d107d17,9b1a48a4a2db871112efc2928aad42382b2dd2f5eb2449c2f2af1a8d15b56494,Thiago Costa Pinto,7.1,Saí contente e recomendaria para quem gosta do gênero.
c8bf3bcf2bb7ad98c9b5ce1d007e80e9f23833f33ed8fea5f87a1b7448bd4bf4,427b431b3a874287d7864a109b61a6017fd4e33ce420bf51b045e3970c7616c5,Helena Machado Pinto,8.0,Uma ótima experiência que me prendeu do início ao fim.
5c541247b0c24b3a2872be3487184fa375c3127e6cd3e63149f0cdd47e930e9b,02adbb16d2172b3b8542dea648dee09beeba5d694b9f9bdca8048b6084181e95,Larissa Monteiro Ramos,7.4,Achei envolvente e aproveitei a maior parte da sessão.
f4e6cd2c073827924ea29ab56c93c44e576b7bc47ef618ea2f8f87d645d8f598,c63fa6f5f4ae49377eb827e72e7bcc5232dad333b6060499896b99f4d235dfe9,Elisa Silva Ramos,8.7,Excelente filme. Aproveitei cada momento.
990d6225e65951a1dd950f611d2f0c1ddc44c93c5400939bdcfb140796283736,bf7e0628dba954dfee8d8f37a27470a79e54fa1dfa49d66a5781b33a4d83a11b,Gustavo Cardoso Sampaio,3.9,Teve alguns momentos interessantes mas no geral achei fraco.
5db8bc381424762cced087955a66ac45c23a8c6c9e0313ed3ff5e681daf6c806,f5cf3408e6307f04ce1b748725f3f644eb84de5f4999ba4856ad9985c490820a,Elisa Pereira Sampaio,4.9,Valeu pela curiosidade mas não me empolgou.
78e5738c871d58e005405ebd63c1b0bb94c7e24fc3a2104db39a8788d5b1c87b,491baf13a261b8d8e60649835eab755a1bd1eacdc18617bda8e01f994bb7c623,Gustavo Rodrigues Soares,3.7,A ideia tinha potencial mas a execução me deixou insatisfeito.
3c5f04a37d048450dc8261fe22baa6097d5c726185fb5ef3933ffd667e5de27e,875dcd1d06fc1b0af4c89abd846da1b15225fd724a2f3f2f8856d2f29411e5cd,Natália Oliveira Vieira,2.2,Há pontos positivos mas eles não compensam os problemas.
58fc7fc9a9d4b11d528dfa043b66ea4164540a1431818bb21bcceddcf7c1f924,7421f80d9cc2bc88313d39ccdf7fa5090819c728f087b95b773b05b4f8632caf,Bruno Lima Azevedo,2.8,Teve alguns momentos interessantes mas no geral achei fraco.
85966e813b759d2939b9a13cb56f6ab6c4220096dc18a04976a2502d6698743f,ad257ca85303ab315ab3da1247d5aeb8c3d21277779dbc7fc325ab92a9d81a91,Isabela Pereira Azevedo,5.1,Foi razoável. Gostei de algumas partes mas outras não funcionaram.
a45c300144c35bb8880d76ff2975db59f7a765ce6695be0c4dcd1e6f2c9e2394,d6a69e6e88db512f5a9e1cba35dd4672ec90e6488f7ee434c46fe8eb65f008aa,Juliana Barbosa Batista,1.3,Foi uma sessão frustrante que não recomendo.
9667479bb4b1b984fe777cb5cd972e79c22076fe6a615234d29e08f5304b7a14,3445cafa926339e616a5c275a1775b325f6f7668c7bb9cf76132482c9de07082,Marcelo Machado Batista,9.5,Uma ótima experiência que me prendeu do início ao fim.
3d837e3fd63669ad042cd9fd263e4a86b5e10dfd5cccc1cfbbfc399a8faa6203,abf213f544813abbb93dbfc3d270b900d8261aaa18ec23cad3c7f597754ad6d2,Clara Pereira Carvalho,5.4,Tem qualidades e defeitos na mesma medida.
df150727321ad98bd22144f3c631f57ee8ad664e5eced09dfe1208189221e589,26fc85d1526691e15e80642dd49aa9c68b4fa0be2ef1fac2604145e9ec7fd077,Ana Rocha Castro,6.9,Uma boa experiência que me manteve interessado.
966aea29435b47b8b11c483e7d5f61df7f8eddfd8c5199206ad38b228a894d8e,0a5a04596b28eabd9cb7ecfd9f6a5b588e3c73c565d3afb82e07922bb15f0354,Ingrid Rocha Duarte,1.8,Quase nada funcionou para mim neste filme.
d34d0bcb08d099d1868276bbc97ef4c3bc724c79af74d0dac0abe1ff2cad657a,30c1620ab95ce85bd98d818ad8ca8c45442754e8f7ef5ee166d06a225bc10a23,Sofia Dias Farias,7.8,Gostei do filme e achei a sessão divertida.
0584029b1dd2df88c83c6a867d6f5cb82cae3630461d39b640259d0def4c8057,a70fcd34fe6f99956291b1d7feb86c30a40bcf77cf400598942e363a34eef9d8,Olívia Rocha Farias,4.3,A experiência foi aceitável mas não me marcou.
ee6a847e8c16ee41c4ef1ee1c60368818ca0fb99784359d51e278560de6ddfcc,0d36f23c0584af92cd164bd39b42b29c48743d4ba4bb5cc3ff0c39da2513e823,Fábio Santos Farias,9.2,Uma ótima experiência que me prendeu do início ao fim.
314e4d25a98b77e78031192f4026caa6bf87c95b51a54181fe74688bf19dfb53,f9dc96c6244286b1272727c983753e5b12af83aed81551b6b4c500cec1fabe97,Nicolas Ribeiro Freitas,3.0,Há pontos positivos mas eles não compensam os problemas.
1d05ab4c21d0f5af7ad9b8e003dd21c200e1c2b2e2554f8eacf867b4e7e8bb1a,9ce1f60b4e480e77e582f24c178cfdb45310305fd2de1dd1c3fe80be05d11517,Emília Rodrigues Freitas,6.6,Saí contente e recomendaria para quem gosta do gênero.
d2038fbb22fab1f64e57e64c443f396a735d8e12a61ea57619e31a7225eee989,75760475fadf9bf381013cb880f5d21c279645897f73d879fdb932c88199e2e0,Pedro Ferreira Lopes,8.85,Adorei o filme e recomendaria sem hesitar.
0e4669e13e239edde64df68302001f34dee3832418823f5da7b233e342fed4ec,f2b2db78deb10977206240f3649346068d3e5cc1032c327215d269f1aed5196a,Caio Mendes Lopes,4.7,Tem qualidades e defeitos na mesma medida.
dd5a040b0beccaf35ffe3f7f9a5e4d0e0344401b6cdcffd572355aa988101fc7,472f3f08d30d95ffaaf3b20c4b1c9e2a20e160a13702f2ef6b4a2bc25a0fbe48,Renata Dias Nogueira,8.3,Excelente filme. Aproveitei cada momento.
301ccf555015da801c8f664a54c3065a911df75864dbd87d395f8559c12c9ec8,93f2f0ddc9db0bd74108bfc8761abbcafdca21b3dcdd703daa663c21d2705c73,Gabriela Martins Nogueira,5.2,Foi razoável. Gostei de algumas partes mas outras não funcionaram.
26d6926f20dd4f447ed7e07f7d4fde8a81dc03d23c946c6ddfb54988e184998f,38c96f5e62ac37f9f17328f0aa1645a8a1543c5af74338f15c9e7d0ad6051897,Marcelo Silva Nogueira,1.2,Saí decepcionado e não assistiria de novo.
5bb53d552dccba1b2f1dae339fc364b4aac01b595821b8fac925b0653c4d299d,ed72d2622c4ef62f2c0411697d343d453c72b83da14c6e3759707cdfd758c5d2,Fábio Dias Ramos,9.7,Uma ótima experiência que me prendeu do início ao fim.
16f8593a445fe805fe7cdfc547ec980b17af5ae38145f58f0352ff8035fece53,a520ce51a62a6c67183ce160e9d695cd5295c3f15a906d1a92728f807562be04,Alice Martins Reis,2.9,Não me prendeu e terminou abaixo das minhas expectativas.
a7e22aec2db7865388d97db47e98b4d31510a52155787d9d963d1237c56ecb1c,de8d909cd036525a0ebe3c1ce7c5c0d972322594593e0467acfb579ed3fd891d,Elisa Cardoso Sampaio,6.9,O filme funciona bem e vale a pena assistir.
18b2679dd53af013b58c9898da86e847543760781edb3f3f81269e098c821394,f5444bfece72db700c97832f68a6e0f212b9a969054cddb71bb4634d848eed67,Giovana Ribeiro Sampaio,3.4,Há pontos positivos mas eles não compensam os problemas.
144a6b42eb3f58a65fe47948be8ab5f4058929fb8e496cf72c713a49a8d228cf,f85910b739f7d545bb12ec81440836eedcda1d8d2495ba68caab2985b454c1b9,Emília Santos Sampaio,6.3,Saí contente e recomendaria para quem gosta do gênero.
0d5b040651e89384b1ed692c73139ca63598af10a41cb035cacbb1402aefc9de,cc300edb97b85cc12ad18c1b1ea8b1ac45f016f4d6a5c4d811eb1e7ee6a79887,Daniel Barbosa Soares,0.6,Achei muito fraco e não consegui me envolver com a história.
46cd78af1d3cfb50d65c44434fd3db6a86260c67a3f4ad4eae0043a76285e578,6573851aec75657382cb879cd7bf854146e121d95716aed578b58c89df70e5d9,Bruno Dias Soares,8.0,Saí impressionado e quero assistir novamente.
60f32b0fc416423850af0d71eff5fc87f3d53b415b3f6af323fbd6a572ba0cb6,c7cac25c425a7cfad18bd8b430f346808fb51464af1c8f0d8379b90cf430f476,Tatiane Lima Soares,3.6,Achei irregular e pouco envolvente.
70144bd3c1e37af6ee3bb15e7d60b089eec27ca7b2487804c70de4b0da31eacd,8d65ce31f8a17d5defaba71c5560592537888fae50d708c63c001045464e9eab,Lucas Martins Soares,1.1,Achei muito fraco e não consegui me envolver com a história.
02925ea649779dc2aa9af4785198b54d3897dcb21c55e88805e8de53d62d3054,bf1f1dcad3ae451d8f16558c9afdbd8310a7289a681ee6a2708305a8fd20c0c7,Mariana Ribeiro Soares,0.9,Achei muito fraco e não consegui me envolver com a história.
e365bf51f3bbb47dbd7389d3806845d7fa3aa1ac7edb011be695e08e9ce27f70,0d0f62149936909516aeb3fdbcd280b03b095d5e7b5e2b2d3cebd290376ec9e4,Camila Almeida Teixeira,5.9,Foi razoável. Gostei de algumas partes mas outras não funcionaram.
db0bf04a9aa70fada129fc1c1b14764947558fe10ad3104722d5ad3d8c677cb3,3a05a1e7bd53e61fb6c9eb7ea9f765827c2b3d632ef29faa584ef5012234e936,Ana Costa Teixeira,4.5,Um filme mediano que entretém em certos momentos.
b32baacbac9d85023e66a932073a9c75aa0937a3aa5febdfc5c47a3727c61e1c,4390c59b48ca548b7475f1079b7f5feff576de0bd49e01b02bb6ee71dc7a5ad3,Nicolas Moreira Teixeira,9.3,Uma ótima experiência que me prendeu do início ao fim.
823c5eacb8486ac73bff63c12573136a0faa343257052a78910147d1540982f5,cdf57c6c63a82a1cb1df241b62651fd9820299fd70689874607b544bf3ce1847,Natália Barbosa Vieira,9.8,Adorei o filme e recomendaria sem hesitar.
cc0cd5c4b74f48e0b5960e9a4fa4f5546c3e3018c90f84760f4eae9b465298ec,e3407cf6c73f0dcaa84102c41eae6f7232d5f60523cb77805ae861f7ab359056,Diego Nascimento Vieira,0.7,Achei muito fraco e não consegui me envolver com a história.
b70f1e61b93b884118421eaa32b9ebeba83a53290e8833d9d2c4c8995e3ab21c,93e275a4a2ee3789ba8e72572f45dcb8e8c95744c95a7f070f6f3ac903a9d06b,Fernanda Silva Vieira,7.5,O filme funciona bem e vale a pena assistir.
7dccd26c2486db4e11325dbf14d108de201fbe2c1a6fe3582809efcaf99a15a9,d978f6644dbea249bc13f1bf5415f7364d277889f5e49d7154695b323a0a8f3d,Pedro Rocha Xavier,9.1,Excelente filme. Aproveitei cada momento.
089cb77ea631ab34452d3a68d13d51ebea9e1f94f48ee53f42e8c6e5cae931a5,8d44ab46591bdedcb6bdfdb4380490310a8800fbcd267a5167eb45444719847a,Lucas Silva Xavier,4.0,Um filme mediano que entretém em certos momentos.
74fd1c07818f3ff1481a6e893d8d43f2238e9796fcd483ad83d55bc4a5497c81,e29cb75ad471b89470e962517e8eeeeb594f6f113faed72ebd0dc72185d56c9b,Gabriela Almeida Campos,1.3,Achei muito fraco e não consegui me envolver com a história.
8caac8801517041e7bb120556eb6e5d036a9d66df1aa378bfb32f7bce5c6b6cf,8b184e1024e36e41d22028099ab1f35506cf1a2d32ebf7b5c7414627d7856ab9,Diego Costa Campos,6.1,O filme funciona bem e vale a pena assistir.
2fcb86190a682d9b0c4295d4c60896ed73c288efad353e3e9e990eb30f2915d1,9c405a4f9ec590342ebd9e1189f8f2b4b9dc12ed9d0e4ebf4ff6e03da1742202,Juliana Dias Campos,0.2,Saí decepcionado e não assistiria de novo.
bd6ae102dca4838281d49f17143e1740f5727791fc816367feaaa5d0e5999893,cac09bc0cec4e4a8446c952516f40071892ef3f8e703a145bc2800b348e05aa7,Gabriela Monteiro Cunha,1.8,Foi uma sessão frustrante que não recomendo.
2a9ce589ddf9d91ef5dbce69489395a4c0d6f188ce9782eea8076bfeec12bd37,5c925eab0d0ab6c4254b59fbfd70b3f5403544f51ce1efa000e8f04db22ef53d,Camila Rocha Cunha,2.45,Achei irregular e pouco envolvente.
6aa78f662afac498b517f41dd3e7534e806d66a77a3ae5b7e286cb2c6400657b,f2bffe9efc96ff98b1936ae23935015ab41bf4cc65208fb931b210f1511d623d,Samuel Cardoso Duarte,2.0,Achei muito fraco e não consegui me envolver com a história.
d3cacb31bd2d5c30eafe46b074be10f95ca51fc7ea75c5f2dd96a9d92583259c,a6b9612064a467c1eb8a5ccf441247a06fd32f93b191c71d63be119767245095,Mariana Lima Farias,3.8,Há pontos positivos mas eles não compensam os problemas.
3103c9d7b482ece431ef5a36e1f87fa56c98e7b7640c73a8c2e0ef047cff83e5,17594ef210b05728193b842f35ce82dad8c79081a11cd7940831e53edda1da75,Samuel Rodrigues Farias,8.9,Uma ótima experiência que me prendeu do início ao fim.
899b07c5da418cc8dbcacf5bbb6c3444a1b2260cf5f1f076fcdcb08743735fa2,ed2119211bc375dbe7a4118ca8ebf77a03053a0d42763e7268ffbe734d2a0b55,Nicolas Costa Freitas,8.15,Excelente filme. Aproveitei cada momento.
cafea3f598fe4831f92577f182a2255640db3aabb81c6e575a59afa641db3aea,bd6c8e0e6b155701656b4022510f688ca247f904eb47ab95a8af4f5e2638cfb7,Leandro Gomes Freitas,3.8,Não me prendeu e terminou abaixo das minhas expectativas.
eef8fd5b74d1fc50a18a8279d581850d4d575cf80d42feca4033ccde15a48ef0,9cc0f2d7298e86344fdc1d1f1f9233414f253b4ca692db7aa4cea355c0adb79e,Renata Rocha Freitas,1.9,Não gostei do filme. A experiência foi cansativa e decepcionante.
4637c4c034af1d91769131416dbc1098fe5a975b790c188de7c708df1c6481c6,be5e20728179cd5759882062975fd9af1dc9d1948684ba1c3006f986bfcce21f,Pedro Machado Moura,5.9,Tem qualidades e defeitos na mesma medida.
7dc429751caf55130d8fe756122f5745d7270b516c500550a215f9461fbbe82b,35a19d928c387b82e0055209ea6c4ae0d9c558942c5249436de74087c5d7fdda,Camila Rodrigues Pinto,4.1,Tem qualidades e defeitos na mesma medida.
e683bbdee752b47c019e832a748b766f536e31396b1028cfc48f646fbb29c169,8b8f633e35315dec07d82a9c1971f23e543454486bd51766ba9ad02727cbfb7a,Giovana Costa Sampaio,6.2,Saí contente e recomendaria para quem gosta do gênero.
ddf865ebd2b0760a4ee3949fc4515c256854863ea3cdec8aeaa43ad6409a9a1c,f85764f5f6e63dbd9adbac25ebc1ee057a3f528f67745701228277a79fc39bf1,Felipe Gomes Sampaio,3.6,Há pontos positivos mas eles não compensam os problemas.
5789bfa6df183860be1cf3a57234801f1164a0867c7a598ba8f000da52a8de73,e2e16085a39474adc6be65c6cd946e8d428e8671044268b61597cb96ab84ee46,Sofia Machado Sampaio,0.1,Saí decepcionado e não assistiria de novo.
eae961458297cc11d6d4b5b30cf8c323eab8ce3de46bcf89a3865269e4ab85d3,04d6d8daf99bf9712485d27e1b15b853245d99d706345edf4fc65dedfe9cbb86,Daniel Martins Sampaio,5.2,Tem qualidades e defeitos na mesma medida.
f000ecd5837da871f9d92f92de7c3b223f68cb8b82755d512745ebc368d7092f,14c475a84ebe495effb0a77cf5761cd14075e8c73ee8f261baca9006e0d7b5fe,Henrique Santos Soares,3.5,Não me prendeu e terminou abaixo das minhas expectativas.
307a5a27f3461bf33fe5117afa736b523eb166aadb8baaceae56521297e21f6a,0daaa8c91ed7803bb42c0d64f3a8509b4ddae731c2dd46da22bad2c6192a6d07,Daniel Dias Teixeira,0.9,Foi uma sessão frustrante que não recomendo.
f7032f1d3ee8b46a2d3af5b0fc2920c253c3d6686ce059832e01adef0df9764b,eb410f61a54b02a556e9146d8c27c18c9bb144a465e05ea8f364316c0dd6513a,Tatiane Mendes Teixeira,7.6,Uma boa experiência que me manteve interessado.
9cb21e2abe321fc13484b77dd698d68200f090274698dc4a29a920352b76bb75,b0277662adaf00ac0de07c3945464d0a5ad2a65db26cf48b789ecef327996a0d,Rafael Cardoso Vieira,3.74,A ideia tinha potencial mas a execução me deixou insatisfeito.
5a4c2b4c62066978b6342d705d050e3b33f06243758424ed3deb8e2e2933e2fb,d124a1106eaa5403374ef4cf7945656d1791ebc8cd2b23278853ccd00b7bc2c9,Helena Dias Vieira,9.3,Uma ótima experiência que me prendeu do início ao fim.
a5dec189005e7b35a6fe94ad94b75a6d21dd0f543fb8342e32a02cc0d9fc6669,eff25be77a063a3ce26a37ad26c1c5c58e8f15dca1317c1a9136f6fb3e0f61a2,Rafael Rodrigues Xavier,2.0,Achei muito fraco e não consegui me envolver com a história.
0c0714fdaf5d17ae3079efe7c0b46bbb1a61d55178ff1cf4e663229e6e8c5d05,711e2796d71d43fdb0b2d04eadceb7b64b90096c9b6a4fbdaf2d29ecc77490f0,Sofia Oliveira Azevedo,2.1,A ideia tinha potencial mas a execução me deixou insatisfeito.
9068af174c401680cfde8642b536cdbbbf5fd70959561c9065e2e875d7176a30,66dd751838b0e94944aeab0cc00a8a43f118296053227646ea1da4543a2aff18,Lucas Cardoso Batista,0.8,Achei muito fraco e não consegui me envolver com a história.
254fa63db8220b6578f79c73641f0ed722a6a85a5feddbaa8e6975768ba43e70,508870340f792102a353b74d5f4444f029536f3edc31ac92338a9a607481acf6,Vinícius Rocha Batista,9.2,Adorei o filme e recomendaria sem hesitar.
38a73ebfbf5a232d7de110a69aca01fd8b8f395626e25b7b8fd861d86c811cb7,3004d74d5d14e5dfe6af9f307e98941dcf1a09beb5c8c57282229d1caefcd067,Paulo Cardoso Campos,9.5,Gostei muito da sessão e o filme superou minhas expectativas.
b67fd14cae23909c42be6fde0cb4ae7b925ca0b05c04b2d096905f6109dd9855,4a3ab543044a345cddd1aabde2304b3c6eea33a96318d3b251159d721b8aa7b0,Emília Cardoso Castro,5.4,Um filme mediano que entretém em certos momentos.
867d5ed8fdafb8c4c66a792a6c0f9a460a3599c3d0421ea6ca3c27a44de2c4db,525a5ef66d6aca0dc448e77b44b2618f2b7f6889deed8344d9a1968734420dfb,Alice Machado Castro,4.6,Um filme mediano que entretém em certos momentos.
50d6df963206cf2de8b33eb5d5cfaa999d85c0249479f030f1e4e9c22c6bf37f,f1dbbb7bc88b3c090c74f8d390b5b497d1ecc4132341a5fec1730a13e4869c8b,Tatiane Monteiro Castro,2.6,A ideia tinha potencial mas a execução me deixou insatisfeito.
c50bb164d1fccd41683a943b218ae6cd97e9980ac033c3ffc150cce4a60826aa,81799c788d408b441cc41fe5ac13737b31e5d11e0ea7fdafbd4b1a183370067f,Elisa Barbosa Cunha,3.7,Achei irregular e pouco envolvente.
f1dcbed483d45ee6482737a5f232d30f7a5fd92883e08dc7e70a7c4960a5a0fe,ea1294b96f54ce502c420a0ed2148783d36eac71ab5e7581adb6984cc39687b3,Giovana Pereira Cunha,8.9,Uma ótima experiência que me prendeu do início ao fim.
73cc5944b74e7d29acf4a5dd530e873b092c4c5f1ad4aa25767e662017ae8279,ef9f562633b8d5bcad59cbdf022f434cebefb441109d7296d77ff35b4f471f77,Alice Costa Duarte,2.4,Achei irregular e pouco envolvente.
716f78ed8940900bc1fe5e05cae2acda6b0b5e0792fa457363da480aa123f8ed,595ee5b2040fb75b46c7113a94ceaaf68f797745405e4c9c919da9f3430bdfff,Gustavo Dias Duarte,5.7,A experiência foi aceitável mas não me marcou.
f4605b11b1e86febb81ce15471b7c17327ed20e67a5f4fc6003cf6dff1cf0ffb,d69db822e43e413bb3947f923e2a73a5fca216405b1cd15c2fb4ae97d038d514,Larissa Machado Duarte,2.2,Teve alguns momentos interessantes mas no geral achei fraco.
c593e2f2414d5098c129f3ccda079712f63e7d5dc90971d30c8a3ba465456732,eec4052ed117680d89f03400a3b6c8c319b9e75126c8d015ef2ab3fee036fdc7,Fábio Oliveira Duarte,9.3,Uma ótima experiência que me prendeu do início ao fim.
8fad39cc117eca6728d954aab1c869f90d0e78eaa368c7268d62d25fc90fc70a,ec4709a1eabd7d6e3ae6b82d7bbf65fcf21fe9a45b1e5cd22d0f5731cd8a2e22,Daniel Ribeiro Farias,6.6,Gostei do filme e achei a sessão divertida.
87873404c429d65446c75399f31015632c0ce6f832e75e22462e941cbd62e107,456849a3f21ce549943ecefc841384926117cc1b598498ae6b9032a2e1cb439e,Olívia Cardoso Moura,9.9,Saí impressionado e quero assistir novamente.
8e8eb6b9960aa713602991a45f93c753c3ee8475cf625f48f644268b98f8e874,accbd211f04a70235ed738eb3ed10d8e0e501ada9e0ff6198d4814c00527ad33,Marcelo Pereira Moura,4.3,Um filme mediano que entretém em certos momentos.
eb6b8fd21df98c946fbea0982bac8696e782305d58d55f6916ad5a17a98a20d2,897f3f5d86e017e9567f5e29e9c121877d72572eaba582b915afed84c3d203c2,Ana Machado Pinto,5.3,Foi razoável. Gostei de algumas partes mas outras não funcionaram.
430abfc08a888a4ddc4d5a3f6279b26c55d178584f930bd69b087ad82092a718,0e9c6bdfa04406afb51b694c0338efab8b84a8f423761e672bce28039adb73ab,Beatriz Pereira Pinto,7.6,Saí contente e recomendaria para quem gosta do gênero.
a7b91a7198623b706ff7f708359b80b82aeaf0a7e89282994eacd3af4223eb53,3a40b105a2c080353a6e0d7737fe31b5ab4dbc446ddfac5c3aced84090e28556,Natália Gomes Ramos,2.1,Há pontos positivos mas eles não compensam os problemas.
fac871ebe177174b081c93ce400fb578ece5ecf70b2c8cda58a6467c7a025207,e0909865fe4f9a9170ebdf3c711dc54e9d653342f689c100e5037e94236be13d,Fernanda Dias Reis,6.25,O filme funciona bem e vale a pena assistir.
95f3030dd1bc91a5c34f296327ce9a34a6ea1a1a16a4af6102c998a59cdf9232,cf0b7fb5155b913c4984651a38945cbfd6b14f66db17b8a0e19883b7e8734982,Débora Lima Reis,1.5,Saí decepcionado e não assistiria de novo.
a042419f6cd678032dd58501548b602a00ac7b87b4dc0f88c7563f8d76a0c1b8,2006167946d9ec01f169e8023b2bfe95231e1a229c4282921c57456b498ae37d,Emília Oliveira Reis,8.5,Adorei o filme e recomendaria sem hesitar.
d787d38b3987fad359c4441ecd54b6c09007fe2c92a3874e0fa93b867c5a711d,e9ea8305dee03814d0b2c4e2ff004e36dcf1a89ab5a219152b4a7f57aaa3587f,Lucas Dias Sampaio,9.7,Uma ótima experiência que me prendeu do início ao fim.
5c1d7116f6c26a85f3714cb6ed774b1828ce545108ea05238cd1791dee412292,3b8343a1d72dda67be0ba3165cc524d38c0ae6d3cba4cae361d995d31bd52b21,Ingrid Costa Soares,4.2,Um filme mediano que entretém em certos momentos.
440ec43025862dfff63c6b8dc52526cbfaf53dc6ad239a4e68b02d36af1d122c,3dad6e7e835c3b35f34ad3da4bc06cee9ad6c3b2cd72dfe04ba253afd1df19f4,Beatriz Ferreira Soares,6.7,Gostei do filme e achei a sessão divertida.
93ab294bf85d6e0595f72daa554fd0542a28ceab485d1ea929801b3d709db7d7,e81193957c20d59d556f9abc6dd0f1fa0f5471c17fb37feb30b4316d5a568745,Eduardo Santos Soares,7.1,Saí contente e recomendaria para quem gosta do gênero.
c7dc1e0e9e7b23a04308fa0dabbf5867f05fab8fb14270225458aefa6cd72790,5438fcb48e51ee69d681872a989dd68ad488db7a639b693892d405a00cf9b0da,Marcelo Ribeiro Teixeira,6.6,O filme funciona bem e vale a pena assistir.
aef99f99e0acd9ab5ac5d69f5ff62cd24d41d71fd736d0533314bdbe4be33b55,a4c3c4ab6b9e0ae27bdb10e6a692c00e0b69231edbc3412d13555cd05897aa29,Ingrid Santos Teixeira,5.4,Tem qualidades e defeitos na mesma medida.
405ba2096af897dc584ee122d5a934751e3dc74360ff02a450a9065b374e27e8,273c851e70883a62bf7c55cf5553132466994a91c5a3f4f3469a92df5fa73c14,Vanessa Costa Vieira,2.5,Não me prendeu e terminou abaixo das minhas expectativas.
cbad90cb99399dac5bad1c85b5315b0a7b9b2751dc6ee4c06966cf1bd6ff5e15,2da450168c44d4d6c3a312030882e9b225711605c68d505dd9c198b6a95bd2fb,Sofia Gomes Vieira,9.9,Adorei o filme e recomendaria sem hesitar.
a91d61ff10fa0ea6b87eaa03fd07e24819956fdf97004bda8d5ce3a07a2c128e,261a0d54095bee35216b26e8d0653623668a0fb7c881e44faf553c05369f70c9,Daniel Lima Vieira,9.9,Uma ótima experiência que me prendeu do início ao fim.
eb9853b993811de1302f7b8ac6aea1912ea4458152c48b250fa950d4c910c174,c04d4f6792556a44220c0929736b2334bbd3f8d8d51d2c0bb2da0723c12f8fba,Clara Lima Vieira,6.0,Saí contente e recomendaria para quem gosta do gênero.
d102fdb24f7fdd252071945d28c1ef405a28d007fdd052facb64162126d71489,bd57121e9dcc502b733679368416c2bbd8f6aa8183f027252daf2c5b9fe11308,Alice Mendes Vieira,7.7,Saí contente e recomendaria para quem gosta do gênero.
079afd60085f5723abed54044c07eeed85f922af2b206f8c938017691a434812,99d0b6e9a3ef1b544d061b8778d22b48b244a9a9f76f974bf26bde9d5853d1d8,Samuel Moreira Xavier,9.8,Adorei o filme e recomendaria sem hesitar.
196cd59845bbec39bde13368f15afe6dbc47ea50dfdb8d5694eaa73135049b34,1a194e9469824f5804bff9be9b5f466a0881213bea2c58d2aeabe2d2c0d4a391,Paulo Pereira Xavier,3.7,Não me prendeu e terminou abaixo das minhas expectativas.
a51ac01e050a6395a044d5f8659a642c6dc275d82b75aebe5e7570ad09748d55,aea8a5f60a61cd655ccce402ffc287c22c1458078042326b65833d9a1789644c,Thiago Nascimento Campos,4.0,Um filme mediano que entretém em certos momentos.
4cabb0aa78c895e6c6af38a75785743a307fe3a997e06d7ac0dd87469840dbc4,afd3bf1ebc0b1b461756f32be53f08c3b9c600d5f7ec966591603cc6887eadd5,André Ferreira Castro,5.5,Valeu pela curiosidade mas não me empolgou.
5e329d9c66f0768c54912468fa41735f023c393796eab760f22d6f9dcd815c0b,29b50665eaf85eb6bcca1045f36f34e273752a3db70aac2c21c713c15ebe1333,Juliana Mendes Castro,7.1,Gostei do filme e achei a sessão divertida.
c45b71ffcb6480b0dd4f10c9a7906f9843915960de6cdf1d94d632e9215f735c,ed37bbf7d5047823b16831a41ad1fdf7507615ee47560d88925bb57a840a06bc,Samuel Rodrigues Castro,4.5,Tem qualidades e defeitos na mesma medida.
fb4f4da40dae8f7914d2b4fa5495a52b834ee9c9d21392236f263c7f1afe2847,2de8fcc7a77034dabd066a341a259138bec41ea63225fccaf0ebcd9b9b649821,Renata Rocha Cunha,7.97,Uma boa experiência que me manteve interessado.
e243204c6f590671f37fb25e75e887bde2df3f3bb1489795bd6fc7bcbd9eb268,71930f434df0d59ee1d45aa3be25a28f283f94fb3437c832c47d3831abc1076e,Elisa Dias Duarte,2.1,Há pontos positivos mas eles não compensam os problemas.
3789101b9a7d2a6d7898a509120d12e173808361acce61d4b883d9ce71d0cfd0,469cf70a07674a42398b3bf2a89773a4a7ee8877ca1ad2a843211472a985c7f0,Vinícius Mendes Duarte,4.7,Um filme mediano que entretém em certos momentos.
9c4de5c59c9668f1412cce05ab43f7944b31fe6abe24ed8c4574fdb1ad7eec4d,1532c2dabf35dcfc6416e47af73c60aa6a18714dc4dd74d2dac37e7704299158,Gustavo Lima Farias,7.0,Achei envolvente e aproveitei a maior parte da sessão.
420b5e98f6a88e4989475c2c9d87ce511db7f9009249865d44bc117d7d2136d4,fe413cee042df6d1ae630e46de567693bef832d166cc097e12644e9c8324cc2c,Débora Martins Freitas,1.7,Não gostei do filme. A experiência foi cansativa e decepcionante.
c8e695b251abc0c7464d4f3a48afc873ae257c48e79c86efbccb3ad56d5a99aa,58d51b98df169f24101d0fde355019c9bc295e09f2f36b3caab187e39ce7bd8e,João Ferreira Moura,8.2,Gostei muito da sessão e o filme superou minhas expectativas.
7d9f5cf3426cf9ea62cf4e228f79d2c44add5a5c52d0513abcd24ae27c894372,91a5eec5b04b07a8368fe218ff71f0e82761c95c9a78eab0c9e54cb0837467a5,Vanessa Mendes Moura,7.1,Achei envolvente e aproveitei a maior parte da sessão.
3afa298385d42fc9ce4c73bffa20ecb57833e788e6b5af5d346cff3166ae538d,f5490d582148be65f7444df807ed065436f799aefe160dbd92dd52d9cf5dd829,Bruno Rocha Moura,3.05,Teve alguns momentos interessantes mas no geral achei fraco.
dd0086be2eb39103e6d3e32daecf74441c933dd84ea22a9a411d396cf903f02e,c63d699d3bd69485493a10235e136ef5babee08b480924db1a08da5f658a0b74,Alice Rocha Moura,1.8,Não gostei do filme. A experiência foi cansativa e decepcionante.
eb7de1f8718852853b327026993e007a13ccfd67d189d7c1382707934880f468,25d1a4dd899f98b9e4ee5e47f9af65acc8780be3415515578cb77147f0026c50,Eduardo Almeida Nogueira,0.5,Não gostei do filme. A experiência foi cansativa e decepcionante.
5d174412189d2d7108b71df8d4927fb70e26cb9f19fb30c5b68aa2890beb1a78,1bc35087f95e2896deec129eaec5b8a28c65cf9a0eeab2e1b7dd98264be785cb,Helena Oliveira Nogueira,9.2,Saí impressionado e quero assistir novamente.
83e99b96acd3fd2beeb3772d321432b398a8c03b5e32146893cdd72076ac289a,247943cf3173e5ee4ab62a8e58f5d1de3d210a7d3c5d8322a178ab7b67c706bb,Beatriz Cardoso Pinto,1.2,Foi uma sessão frustrante que não recomendo.
14745bec90a268e34c5bd33425a68aeb2abf83da3e569d70e05f87c8024fc84d,61f0ac76f5d21b8a839ca5d48ee8e37c6b1abe8a90acdb060e70d2cfc8b6edbb,Juliana Gomes Ramos,9.6,Excelente filme. Aproveitei cada momento.
700f47ec4ff207ae41cec425fe36b57e98de1e64573f293fb607375989411a4b,234a7ccbec2d79ec38e9f0d39d14edb694d819eb626ea9659ecf5d5ad10d6055,Sofia Costa Reis,3.0,A ideia tinha potencial mas a execução me deixou insatisfeito.
c5cc5703f159722e3a9dcbd62e407d1288524be54665fa356e51e8d174e6e972,76a32cf18fb7704c7b3cdc952759f669dd5eea1c076ac3f0c5c3b253055b56cc,Daniel Dias Reis,0.5,Foi uma sessão frustrante que não recomendo.
b7ceb8fe72905fa30fe63e26a7a4a568bf2614cdcd277bbcc5be3f1b80c8c4d7,075ecd341cec10fdee945bc0ebc139dab8e5084935634db2268800b98e147354,Diego Almeida Sampaio,8.6,Adorei o filme e recomendaria sem hesitar.
97bde3857d15ba0d767c678b9212cd2083eb813deef56c3af1457329e6ca6e17,fe4d0d0a37bd825072551b27a559d16069a629778ebf42d96a40830c4926023e,Marta Machado Sampaio,9.4,Saí impressionado e quero assistir novamente.
0bbec1027e86d431c85ea5d8a25d987ae6d98c4cf8e702b96310664eefc07dbe,c7ef16a2003698fb2840f9b797bfb4116ad27630d7ee58d1839113bc04e8b2c5,Beatriz Nascimento Sampaio,5.2,Foi razoável. Gostei de algumas partes mas outras não funcionaram.
668471c741f8aed72799600608bf82fe3fa7ae5ad6d5e20a6c6348d1f5c75591,f2cef9f65da92230733cb2abbb85911fb25be194e1ebb9c0b30cb23cf1a3c1cb,Larissa Lima Soares,7.0,Uma boa experiência que me manteve interessado.
caa00419f588522fc5f85ae6db4ecc718c5c62c9474c5fccba35cccc2e1fa937,6427536c9b0348612a39c664bd0c5aca58d8e0f0eb7909680aee2f85b49cbb7b,Eduardo Barbosa Vieira,2.0,Saí decepcionado e não assistiria de novo.
b8c1257583eb5c2cd84cfc64fea470e18c2f106c5eff5fb33a5ce12faa3dcd39,d50a74781590470093bf625156a4f20f23890053dd74286a926e206bc95727d5,Fernanda Rodrigues Vieira,1.2,Achei muito fraco e não consegui me envolver com a história.
9f5f172b6dee1f4e652e9e5e8d13997798f9b8a854b07da93b0ad57b19033ebd,50b299d52fa3505bc8390bfbd485133811b06f4f3ab7879c0c77b3ffa35e0786,Vinícius Moreira Azevedo,9.6,Excelente filme. Aproveitei cada momento.
e6b95f029f0faf2a5c6294efd8b1c5c62e0d239255be020318aa24780e4e7620,8416f77b5707ebe93852d78b355ef19bfb6e3e484d732f2317c538f662c08173,Vinícius Lima Campos,8.3,Excelente filme. Aproveitei cada momento.
b77c811e049bb1890f4cc382cc00fbaf65d42045028ecab01d932532d72cf603,0019ddcd5a49dc7c49799e4e264ac3957bfeb4d5a8db48731f366603da9d0366,João Lima Castro,4.1,Foi razoável. Gostei de algumas partes mas outras não funcionaram.
d7105efc835880c71ca15750b3a560141bcbf07cb045b5c0ef4f665270c98b4b,f823e05688e99cf02162ea4ab02990248eb7e773b46fed7da715f5372c46d8b5,Daniel Ribeiro Castro,5.75,Valeu pela curiosidade mas não me empolgou.
dc639284cc36cfec1945dd0534c46ff134ad50890948796d7be1199738582371,dac49906bb5538a321b7dc7c2f3904155cb5c4b07f1ca3c35b80d320a352e367,Lucas Costa Cunha,6.1,Saí contente e recomendaria para quem gosta do gênero.
1b95518e5aaaab239c7caf4894afa287c1f1a66fe351cd154b30bee553e04bab,b6916540fa74fc753cae3e78133d5a07f0cb4fba7073f5b0d4e908f21f1b34d7,Caio Ferreira Cunha,5.8,Foi razoável. Gostei de algumas partes mas outras não funcionaram.
4e16a326e217fd0967262cd9a614eca4beaedc6727c7fa793c75f0300ae82e00,cff079c10bf953f637a46112cf39ef67487fc8155aecbb76ee399885f272d396,Rafael Oliveira Cunha,4.2,Tem qualidades e defeitos na mesma medida.
ae2c3ce42c9384d06739a764ce1fa23a41aac4956cfa18f2d8506dc999c7d422,ebce745d690c4cb65cd26854b109d2a4de86b91fcf6d6b6ed4cb4ebc90e4dc89,Sofia Mendes Duarte,6.1,Uma boa experiência que me manteve interessado.
8bbeae6d710601c670223ba1ead1bc3bdfc6c07dee755c34ba50010372b4accb,237d85fd808ef484a24c94a1203471112f24c0d2d2d688f1426fcdf566cb1d7c,Tatiane Moreira Freitas,4.3,Foi razoável. Gostei de algumas partes mas outras não funcionaram.
c38ec39b23f1baa9f7bd8e02608a1a5127511ce95794a0d7ec10ecd1b36e7ff9,672fb5ef18bcb8b793a60fe4947d83b34f08fb91a2ab95661431f55e782664eb,Olívia Rodrigues Freitas,0.4,Achei muito fraco e não consegui me envolver com a história.
3a606ed986b613bfb4f685366831adbb10276530f591077cf987736d82d120c8,afb1f089751ec781536606afdba568d18ba07f0d230363430865e4181e7e9c15,Helena Gomes Lopes,7.9,O filme funciona bem e vale a pena assistir.
176428a7d354715659e3f6fffbe0a9fe4d5631ff65fd6a9b2d0fef4480c58b7d,0c4ec960156b7f082473289875178c0e5b2662657afc6160b83f4c9796dd1825,Thiago Moreira Pinto,8.5,Saí impressionado e quero assistir novamente.
3867f40a1951895dac959c656d818a4640fd35bb8e4640a7f85e9d22556136c8,e80821390e98fd974a3fca59261ea4313289621fcc3329a31adfcb9931f86060,Paulo Dias Ramos,1.6,Não gostei do filme. A experiência foi cansativa e decepcionante.
112eec13cb2cfbac8d9a9525cec4bf2313aff10af507588ad0ac887fbee85b6e,196ed87ffa7912a895998a102e3a877802af88f6fdbcd94c5bf95ee3e777b0cb,Alice Mendes Sampaio,5.5,Tem qualidades e defeitos na mesma medida.
ddabd11050af32cd22a6a0fb528cc55ccde0b2924dedee8c7a5a87c6b545aa12,c62762aff7e15c28a46af033a445b2acb7e9bc16e6d7d6a1a33cee7a5d4caab4,André Mendes Xavier,3.8,Achei irregular e pouco envolvente.
4417bda2e3efa8e154ce13760003392d8de36e51d3e244f89ce3b7ebd9b39e82,e877fb85381db0adfde6219ba4f0b69362bc709a04020ecc1a8a0bcf53b14541,Nicolas Machado Azevedo,6.6,Uma boa experiência que me manteve interessado.
799658c8d5a3d0fc8ba0eb015e4601e92e947657fa4a2199dbb774a2937dca54,13f7cc902ef8c1198c8ac12a45475a1c68ce6321f01cec70fb9ae33ae17fd4cb,Pedro Rodrigues Azevedo,5.4,Valeu pela curiosidade mas não me empolgou.
721b13fdc718a6a44e7bd7a6a7fd58c04ac1802f2670538ac01c406d4a3bd0b0,e5d5719b9de824cabae50152f9b48a0c5c08df0b4d4688e421e6bc93d11dc88d,Sofia Lima Campos,7.35,Gostei do filme e achei a sessão divertida.
67a55b9ec7c148958c4f79dfae59cb4ecc2bd683c476a3ef755df736e6fed91e,4166ad0861361006b27d8ab1dd8a3a1a539a4fa2f557c6d67c2d005aebdc8a73,Patrícia Mendes Campos,5.5,Um filme mediano que entretém em certos momentos.
fd85ec476dab9112ee162a62e1dbd13533372bfc51e97aebf3c1599a292773a1,b5c2b6deb59cf9eac39365b1faf5d38def6508d8c37d0fbf035484d6ce4778a3,Tatiane Oliveira Campos,1.3,Achei muito fraco e não consegui me envolver com a história.
f4ac44f3f7607f684eb248ebbd6df1016dce4f2b1a7d3515d316c93facb7c9f2,965fec3095f28869765fdc7b0940310d9aac4121b99062c472636329ba3ae30e,Nicolas Santos Carvalho,2.3,Teve alguns momentos interessantes mas no geral achei fraco.
87eeefb9510b5153b4e2323dfef54b78426aefad87d704ca2c1c8613b502f3a7,7de1e1b3ecfa57ed9def7c13ecc9c1688bf06f4d509c88aecc9ac26755297885,Emília Almeida Castro,5.3,Valeu pela curiosidade mas não me empolgou.
838835e1758a1dc24e8fa739dbaf8f1617bfcf25baf935ef5dc9c89f8a51d4fc,7eef344e1c2f049d96ef2f01be9e26e2b7726a174f6e4c3923a538b14044f4ac,Renata Moreira Castro,8.9,Gostei muito da sessão e o filme superou minhas expectativas.
b03dd90b38a4cb53e7dc89dfcbe4c1792cd77c42c5cb5116dfe66b1f78c01a12,cec0d9476f2c948ec879d13c547c3f0f77eeb0a14f628063de3c430f814f08c7,Lucas Gomes Duarte,0.3,Foi uma sessão frustrante que não recomendo.
6b7df661dd788dcfc1b41c3c1a55be31dd6c12d2ef2ee6e9b4faad1e034447da,b0f8e4b075a71449107816cc73fc3c4936f93fdfbaa99eb281f212644c4883d1,Olívia Mendes Duarte,0.0,Quase nada funcionou para mim neste filme.
c641dedf87148c78ee0c21c84251982821ac6252d966ae2eefd9c8848394401f,4017f0045f90cb90ea2f25f6ccdeb1c7e4b386045f89739f4eb4da57813ea362,Rafael Rocha Duarte,6.5,O filme funciona bem e vale a pena assistir.
6fce96f4f668cd6d60ac39cae1fe6603a8991add6c0886c91792d62097ea28b6,f9f67c0912da8851e4898a9e05154114ec18e323c32a27640cb443aaf584427a,Clara Oliveira Farias,1.2,Saí decepcionado e não assistiria de novo.
49a4a646bd98c9393b5c75f83625e4b87440cb999893bec16bbaddb17128cfeb,7853da9f97e2127ee248d1db8111fbf9f99291eaebe79a9c5dc33acf4dc40257,Hugo Dias Freitas,5.4,Tem qualidades e defeitos na mesma medida.
02be5eaa736c157002a517b6133436fd5e9e59e7d4c46af213529d10aa7f06e2,72c3e1950d35b7fdcce689431460155f7b9bd7f57868a676fdf7f49759febdd0,Thiago Martins Freitas,5.6,Tem qualidades e defeitos na mesma medida.
b10a5645a37a87b703a16d8362aca095ed08b0a269603fa632a42265f5327bee,15c2e0e28014434bec78a0c4b5d0437e03c5a7f531e9abb23a8e5db74940b377,Elisa Mendes Freitas,4.4,Tem qualidades e defeitos na mesma medida.
c33dcfb2897b0e1697cc4aae49438ea90ac28c2289c927e39840dee350a1cec8,9b076195028ed5ef7da856a706ed73de222c08790fc896860263a60e07b2e709,Paulo Rocha Moura,5.2,Tem qualidades e defeitos na mesma medida.
a2245e79f97c9e8885315834d2dd2c617fdd7df395ebfc77a4260f35d46673c1,beb7590cfddd9a0f2846a0d9aba01cbd9480a7e29a6195c7f11ca58bca16c415,Diego Almeida Pinto,5.0,Tem qualidades e defeitos na mesma medida.
f78f1e1db97e1761678aafca1ebaa51c48775567b7ca85977321bc0fbbb83508,f32ae8661c0174a47dc059c40c912a8a359db09c09993cfb1d8ce525d86695be,Isabela Mendes Ramos,0.8,Quase nada funcionou para mim neste filme.
1838024f9eac868cd0bba0a11ffbd7f4142a2607da990a19c3b2ecb8af15f508,29cc9af681d85bedc304026121c5212b922978e0e60409dbab48ee8f60c27227,Hugo Mendes Ramos,6.4,Gostei do filme e achei a sessão divertida.
a26f5fa028da0fae47db6d85314139fffa94ef0c646399153cc29c541f114863,73f42457720fc6bf5bc8ddeabdccbafb5a7f3d306a36f96857f9ca721d2d7eeb,Otávio Ribeiro Sampaio,9.1,Uma ótima experiência que me prendeu do início ao fim.
1682a6ea792fb9cea3f342301e41e9d8041fa48ffbd545858c2bba2fbcef2a35,6a4a78e161a051dc1c137a14a2f894f9b73f2811b3c3facb564e0b7852be7a0b,Juliana Lima Teixeira,8.1,Uma ótima experiência que me prendeu do início ao fim.
e987f4fb1c81e1b524ec109b87c8eedf7b1720a65b038e9b2c079cd2d3f445bc,080cb1e2ef35059f76a83857c6750348100f64f7069b893ff776267d03fb522e,Fernanda Nascimento Teixeira,4.4,Tem qualidades e defeitos na mesma medida.
6469f6cdb867b18aa008f6ebd4c5b6c1056b3d2acfd539ba5757d25b0124f308,3d00f96119f16c0541bc9275ef1fe596a1e146ea8d9a2969c31ea06a8fcbf3f5,Sofia Dias Vieira,8.9,Excelente filme. Aproveitei cada momento.
e659dbcf33fd210572031cf53822dcc59db33998d39cfed2f468e222d409b490,5f98af01b5eb724b8ce4f26c12cac4cc4bcbe82cdcb26ede5bed8c59adc9e153,Rafael Costa Xavier,4.6,A experiência foi aceitável mas não me marcou.
d9ecc9fd3025e9103a4e811242192f0de5fed3c2fd4190759285db6d8a64c0d9,442156933068f72019dcabd3bcf5931db2fdc5189db2b9349d6f0a6206153bff,Fernanda Machado Xavier,6.5,Achei envolvente e aproveitei a maior parte da sessão.
d2a332ff9fcfaecfa0de06bc5349a69f5f8228c07985e486c407f58c9b0cac7a,5a31dd9e96509950568863d9c7fb89b279f75ef6d5287b27356d07c59819c82a,João Moreira Xavier,0.6,Achei muito fraco e não consegui me envolver com a história.
03053a88d332fdbf7cae8703b0ca65021cbe10525d1144b2e42096a8ce9a8805,d98fcf7d879dcc49c86828f31927d01cb93a05b336d4513301dc63a7211b22b4,André Nascimento Azevedo,4.4,Um filme mediano que entretém em certos momentos.
c5eee94f298421d91dd37e364f79f6834d5ab9fafab388a360097452626c1b2a,2c4fc1fbb3d615ec9a1ebf6d789bc9778b479386119cd18ded22eb4f30617b51,Vinícius Cardoso Batista,1.0,Foi uma sessão frustrante que não recomendo.
b4919b294fce038fd4ccac5d7689fd1273300cb0bb659ad5dfe3910857caa1c2,2639111d74378088ab9246290e3ea93d67a1ed5e97d10cc9ea55851f9f267f0e,Débora Gomes Batista,4.1,Tem qualidades e defeitos na mesma medida.
057f3b8a96db4b7f566ff08d7ebe955c682735d8ccf1e1b86584aaa0eb2b8b68,dfebab7ed3b1a1c40ca35f73fed8a0b3fd4f171beac5c5a343e98cb845e2c813,Vanessa Moreira Batista,4.2,Tem qualidades e defeitos na mesma medida.
0b907a37fb0be16ca63f36fdcac5edaa551dd86cba510fcd36b39e0108086f14,b9a44a7bf089f9fea33cc865cfd673f30f9cae97ff54e6e2e36e749c7a67470a,Clara Ribeiro Batista,4.1,Foi razoável. Gostei de algumas partes mas outras não funcionaram.
8a9c0eab83798d27583a8ac29d9346b8b9febfaa4baab43015cd326ca0187b96,9a2e397cdfad61c8e5064734d323340c1151ec4760b63d0f4168545bfb67bd43,Hugo Gomes Campos,5.3,Valeu pela curiosidade mas não me empolgou.
69531ba966e683c86368ea84afc48a0681ba3b364726f8f97fde8c4abd646c66,4ff5445297ea30d5e715cf2c7312bbc4553e36aac44c6f5e9ade8274399ba8ee,Olívia Lima Campos,7.6,Uma boa experiência que me manteve interessado.
40b6f1d3a61fd3aae62845f3ede4328db56e106b9dc6f906dc54b9b1fb236998,b585fe1befec36cb8dac92da2d82a9e5c16c9bef6e4a8be888e9f3feb2da3412,Rafael Oliveira Campos,3.6,Teve alguns momentos interessantes mas no geral achei fraco.
2b8bbec5a228d413f460f611b0337bb1b65d0459da7990e4865b3a212f83d75d,5e410dc3b25a2d6ea0e2df8263cf8af6722826daf8f3683234529a2c4bbcb9de,Olívia Cardoso Castro,6.0,Saí contente e recomendaria para quem gosta do gênero.
